encoder_class_id,reference_kind,role_name,semantic_term,slot,slot_index,support_F_and_A_V1_train,support_F_train
89201,constant,,iri:https://www.mos.ru/,add_subject,0,0,0
74625,constant,,"lit:""0""^^<http://www.w3.org/2001/XMLSchema#decimal>",add_subject,0,0,0
77355,constant,,"lit:""0100-01-01T00:00:00Z""^^<http://www.w3.org/2001/XMLSchema#dateTime>",add_subject,0,0,0
79172,constant,,"lit:""0800-00-00T00:00:00Z""^^<http://www.w3.org/2001/XMLSchema#dateTime>",add_subject,0,0,0
74250,constant,,"lit:""1""^^<http://www.w3.org/2001/XMLSchema#decimal>",add_subject,0,0,0
93263,constant,,"lit:""1.1.1.-""",add_subject,0,0,0
91459,constant,,"lit:""1.3.1.-""",add_subject,0,0,0
76313,constant,,"lit:""10""^^<http://www.w3.org/2001/XMLSchema#decimal>",add_subject,0,0,0
75498,constant,,"lit:""100""^^<http://www.w3.org/2001/XMLSchema#decimal>",add_subject,0,0,0
93609,constant,,"lit:""100.000.767""",add_subject,0,0,0
93505,constant,,"lit:""100.010.656""",add_subject,0,0,0
92677,constant,,"lit:""100.011.482""",add_subject,0,0,0
92113,constant,,"lit:""100.058.440""",add_subject,0,0,0
76489,constant,,"lit:""101""^^<http://www.w3.org/2001/XMLSchema#decimal>",add_subject,0,0,0
75311,constant,,"lit:""102""^^<http://www.w3.org/2001/XMLSchema#decimal>",add_subject,0,0,0
76782,constant,,"lit:""108""^^<http://www.w3.org/2001/XMLSchema#decimal>",add_subject,0,0,0
75438,constant,,"lit:""11""^^<http://www.w3.org/2001/XMLSchema#decimal>",add_subject,0,0,0
77050,constant,,"lit:""110""^^<http://www.w3.org/2001/XMLSchema#decimal>",add_subject,0,0,0
76278,constant,,"lit:""111""^^<http://www.w3.org/2001/XMLSchema#decimal>",add_subject,0,0,0
77214,constant,,"lit:""114""^^<http://www.w3.org/2001/XMLSchema#decimal>",add_subject,0,0,0
75018,constant,,"lit:""115""^^<http://www.w3.org/2001/XMLSchema#decimal>",add_subject,0,0,0
79985,constant,,"lit:""116""^^<http://www.w3.org/2001/XMLSchema#decimal>",add_subject,0,0,0
75775,constant,,"lit:""117""^^<http://www.w3.org/2001/XMLSchema#decimal>",add_subject,0,0,0
76563,constant,,"lit:""12""^^<http://www.w3.org/2001/XMLSchema#decimal>",add_subject,0,0,0
75054,constant,,"lit:""120""^^<http://www.w3.org/2001/XMLSchema#decimal>",add_subject,0,0,0
87500,constant,,"lit:""1200-01-01T00:00:00Z""^^<http://www.w3.org/2001/XMLSchema#dateTime>",add_subject,0,0,0
81605,constant,,"lit:""124""^^<http://www.w3.org/2001/XMLSchema#decimal>",add_subject,0,0,0
82964,constant,,"lit:""126""^^<http://www.w3.org/2001/XMLSchema#decimal>",add_subject,0,0,0
74486,constant,,"lit:""127""^^<http://www.w3.org/2001/XMLSchema#decimal>",add_subject,0,0,0
74627,constant,,"lit:""13""^^<http://www.w3.org/2001/XMLSchema#decimal>",add_subject,0,0,0
76457,constant,,"lit:""130""^^<http://www.w3.org/2001/XMLSchema#decimal>",add_subject,0,0,0
78145,constant,,"lit:""131""^^<http://www.w3.org/2001/XMLSchema#decimal>",add_subject,0,0,0
79403,constant,,"lit:""134""^^<http://www.w3.org/2001/XMLSchema#decimal>",add_subject,0,0,0
81297,constant,,"lit:""135""^^<http://www.w3.org/2001/XMLSchema#decimal>",add_subject,0,0,0
76780,constant,,"lit:""138""^^<http://www.w3.org/2001/XMLSchema#decimal>",add_subject,0,0,0
75256,constant,,"lit:""139""^^<http://www.w3.org/2001/XMLSchema#decimal>",add_subject,0,0,0
77755,constant,,"lit:""14""^^<http://www.w3.org/2001/XMLSchema#decimal>",add_subject,0,0,0
75260,constant,,"lit:""145""^^<http://www.w3.org/2001/XMLSchema#decimal>",add_subject,0,0,0
77550,constant,,"lit:""15""^^<http://www.w3.org/2001/XMLSchema#decimal>",add_subject,0,0,0
81308,constant,,"lit:""150""^^<http://www.w3.org/2001/XMLSchema#decimal>",add_subject,0,0,0
80689,constant,,"lit:""1500-00-00T00:00:00Z""^^<http://www.w3.org/2001/XMLSchema#dateTime>",add_subject,0,0,0
81868,constant,,"lit:""1500-01-01T00:00:00Z""^^<http://www.w3.org/2001/XMLSchema#dateTime>",add_subject,0,0,0
80800,constant,,"lit:""155""^^<http://www.w3.org/2001/XMLSchema#decimal>",add_subject,0,0,0
74692,constant,,"lit:""16""^^<http://www.w3.org/2001/XMLSchema#decimal>",add_subject,0,0,0
84321,constant,,"lit:""1600-00-00T00:00:00Z""^^<http://www.w3.org/2001/XMLSchema#dateTime>",add_subject,0,0,0
76270,constant,,"lit:""162""^^<http://www.w3.org/2001/XMLSchema#decimal>",add_subject,0,0,0
86309,constant,,"lit:""1620-01-01T00:00:00Z""^^<http://www.w3.org/2001/XMLSchema#dateTime>",add_subject,0,0,0
84559,constant,,"lit:""1626-01-01T00:00:00Z""^^<http://www.w3.org/2001/XMLSchema#dateTime>",add_subject,0,0,0
87903,constant,,"lit:""1650-01-01T00:00:00Z""^^<http://www.w3.org/2001/XMLSchema#dateTime>",add_subject,0,0,0
74505,constant,,"lit:""167""^^<http://www.w3.org/2001/XMLSchema#decimal>",add_subject,0,0,0
83455,constant,,"lit:""17""",add_subject,0,0,0
76506,constant,,"lit:""17""^^<http://www.w3.org/2001/XMLSchema#decimal>",add_subject,0,0,0
76289,constant,,"lit:""170""^^<http://www.w3.org/2001/XMLSchema#decimal>",add_subject,0,0,0
84417,constant,,"lit:""1700-00-00T00:00:00Z""^^<http://www.w3.org/2001/XMLSchema#dateTime>",add_subject,0,0,0
76492,constant,,"lit:""174""^^<http://www.w3.org/2001/XMLSchema#decimal>",add_subject,0,0,0
88873,constant,,"lit:""1750-01-01T00:00:00Z""^^<http://www.w3.org/2001/XMLSchema#dateTime>",add_subject,0,0,0
84035,constant,,"lit:""1754-01-01T00:00:00Z""^^<http://www.w3.org/2001/XMLSchema#dateTime>",add_subject,0,0,0
79646,constant,,"lit:""176""^^<http://www.w3.org/2001/XMLSchema#decimal>",add_subject,0,0,0
84991,constant,,"lit:""1761-01-01T00:00:00Z""^^<http://www.w3.org/2001/XMLSchema#dateTime>",add_subject,0,0,0
79438,constant,,"lit:""1763""",add_subject,0,0,0
83843,constant,,"lit:""1763-01-01T00:00:00Z""^^<http://www.w3.org/2001/XMLSchema#dateTime>",add_subject,0,0,0
77485,constant,,"lit:""1766-01-01T00:00:00Z""^^<http://www.w3.org/2001/XMLSchema#dateTime>",add_subject,0,0,0
85825,constant,,"lit:""1769-01-01T00:00:00Z""^^<http://www.w3.org/2001/XMLSchema#dateTime>",add_subject,0,0,0
75405,constant,,"lit:""177""^^<http://www.w3.org/2001/XMLSchema#decimal>",add_subject,0,0,0
85922,constant,,"lit:""1770-01-01T00:00:00Z""^^<http://www.w3.org/2001/XMLSchema#dateTime>",add_subject,0,0,0
81890,constant,,"lit:""1777-01-01T00:00:00Z""^^<http://www.w3.org/2001/XMLSchema#dateTime>",add_subject,0,0,0
82123,constant,,"lit:""1780-01-01T00:00:00Z""^^<http://www.w3.org/2001/XMLSchema#dateTime>",add_subject,0,0,0
85585,constant,,"lit:""1785-01-01T00:00:00Z""^^<http://www.w3.org/2001/XMLSchema#dateTime>",add_subject,0,0,0
83863,constant,,"lit:""1789-01-01T00:00:00Z""^^<http://www.w3.org/2001/XMLSchema#dateTime>",add_subject,0,0,0
87248,constant,,"lit:""1790-01-01T00:00:00Z""^^<http://www.w3.org/2001/XMLSchema#dateTime>",add_subject,0,0,0
86017,constant,,"lit:""1793-01-01T00:00:00Z""^^<http://www.w3.org/2001/XMLSchema#dateTime>",add_subject,0,0,0
85133,constant,,"lit:""1795-01-01T00:00:00Z""^^<http://www.w3.org/2001/XMLSchema#dateTime>",add_subject,0,0,0
88726,constant,,"lit:""1797-01-01T00:00:00Z""^^<http://www.w3.org/2001/XMLSchema#dateTime>",add_subject,0,0,0
74621,constant,,"lit:""18""^^<http://www.w3.org/2001/XMLSchema#decimal>",add_subject,0,0,0
75758,constant,,"lit:""180""^^<http://www.w3.org/2001/XMLSchema#decimal>",add_subject,0,0,0
84639,constant,,"lit:""1800-01-01T00:00:00Z""^^<http://www.w3.org/2001/XMLSchema#dateTime>",add_subject,0,0,0
79151,constant,,"lit:""1802-01-01T00:00:00Z""^^<http://www.w3.org/2001/XMLSchema#dateTime>",add_subject,0,0,0
83842,constant,,"lit:""1805-01-01T00:00:00Z""^^<http://www.w3.org/2001/XMLSchema#dateTime>",add_subject,0,0,0
86871,constant,,"lit:""1806-01-01T00:00:00Z""^^<http://www.w3.org/2001/XMLSchema#dateTime>",add_subject,0,0,0
77655,constant,,"lit:""1809-01-01T00:00:00Z""^^<http://www.w3.org/2001/XMLSchema#dateTime>",add_subject,0,0,0
82892,constant,,"lit:""1810-01-01T00:00:00Z""^^<http://www.w3.org/2001/XMLSchema#dateTime>",add_subject,0,0,0
85153,constant,,"lit:""1813-01-01T00:00:00Z""^^<http://www.w3.org/2001/XMLSchema#dateTime>",add_subject,0,0,0
76467,constant,,"lit:""1814-01-01T00:00:00Z""^^<http://www.w3.org/2001/XMLSchema#dateTime>",add_subject,0,0,0
84602,constant,,"lit:""1815-01-01T00:00:00Z""^^<http://www.w3.org/2001/XMLSchema#dateTime>",add_subject,0,0,0
81682,constant,,"lit:""1816-01-01T00:00:00Z""^^<http://www.w3.org/2001/XMLSchema#dateTime>",add_subject,0,0,0
76963,constant,,"lit:""1819-01-01T00:00:00Z""^^<http://www.w3.org/2001/XMLSchema#dateTime>",add_subject,0,0,0
78914,constant,,"lit:""182""^^<http://www.w3.org/2001/XMLSchema#decimal>",add_subject,0,0,0
78521,constant,,"lit:""1821-01-01T00:00:00Z""^^<http://www.w3.org/2001/XMLSchema#dateTime>",add_subject,0,0,0
82798,constant,,"lit:""1822-01-01T00:00:00Z""^^<http://www.w3.org/2001/XMLSchema#dateTime>",add_subject,0,0,0
79425,constant,,"lit:""1824-01-01T00:00:00Z""^^<http://www.w3.org/2001/XMLSchema#dateTime>",add_subject,0,0,0
84621,constant,,"lit:""1825-01-01T00:00:00Z""^^<http://www.w3.org/2001/XMLSchema#dateTime>",add_subject,0,0,0
85573,constant,,"lit:""1826-01-01T00:00:00Z""^^<http://www.w3.org/2001/XMLSchema#dateTime>",add_subject,0,0,0
80966,constant,,"lit:""1830-00-00T00:00:00Z""^^<http://www.w3.org/2001/XMLSchema#dateTime>",add_subject,0,0,0
78786,constant,,"lit:""1831-01-01T00:00:00Z""^^<http://www.w3.org/2001/XMLSchema#dateTime>",add_subject,0,0,0
82336,constant,,"lit:""1832-01-01T00:00:00Z""^^<http://www.w3.org/2001/XMLSchema#dateTime>",add_subject,0,0,0
82969,constant,,"lit:""1836-01-01T00:00:00Z""^^<http://www.w3.org/2001/XMLSchema#dateTime>",add_subject,0,0,0
79430,constant,,"lit:""1837-01-01T00:00:00Z""^^<http://www.w3.org/2001/XMLSchema#dateTime>",add_subject,0,0,0
82690,constant,,"lit:""1840-00-00T00:00:00Z""^^<http://www.w3.org/2001/XMLSchema#dateTime>",add_subject,0,0,0
80049,constant,,"lit:""1840-01-01T00:00:00Z""^^<http://www.w3.org/2001/XMLSchema#dateTime>",add_subject,0,0,0
84605,constant,,"lit:""1841-01-01T00:00:00Z""^^<http://www.w3.org/2001/XMLSchema#dateTime>",add_subject,0,0,0
74720,constant,,"lit:""1842-01-01T00:00:00Z""^^<http://www.w3.org/2001/XMLSchema#dateTime>",add_subject,0,0,0
85117,constant,,"lit:""1845-00-00T00:00:00Z""^^<http://www.w3.org/2001/XMLSchema#dateTime>",add_subject,0,0,0
82615,constant,,"lit:""1845-01-01T00:00:00Z""^^<http://www.w3.org/2001/XMLSchema#dateTime>",add_subject,0,0,0
85752,constant,,"lit:""1846-00-00T00:00:00Z""^^<http://www.w3.org/2001/XMLSchema#dateTime>",add_subject,0,0,0
84433,constant,,"lit:""1847-01-01T00:00:00Z""^^<http://www.w3.org/2001/XMLSchema#dateTime>",add_subject,0,0,0
87312,constant,,"lit:""1849-00-00T00:00:00Z""^^<http://www.w3.org/2001/XMLSchema#dateTime>",add_subject,0,0,0
80746,constant,,"lit:""1849-01-01T00:00:00Z""^^<http://www.w3.org/2001/XMLSchema#dateTime>",add_subject,0,0,0
84301,constant,,"lit:""1850-00-00T00:00:00Z""^^<http://www.w3.org/2001/XMLSchema#dateTime>",add_subject,0,0,0
80112,constant,,"lit:""1850-01-01T00:00:00Z""^^<http://www.w3.org/2001/XMLSchema#dateTime>",add_subject,0,0,0
85376,constant,,"lit:""1851-00-00T00:00:00Z""^^<http://www.w3.org/2001/XMLSchema#dateTime>",add_subject,0,0,0
78547,constant,,"lit:""1853-01-01T00:00:00Z""^^<http://www.w3.org/2001/XMLSchema#dateTime>",add_subject,0,0,0
76863,constant,,"lit:""1854-00-00T00:00:00Z""^^<http://www.w3.org/2001/XMLSchema#dateTime>",add_subject,0,0,0
75411,constant,,"lit:""1854-01-01T00:00:00Z""^^<http://www.w3.org/2001/XMLSchema#dateTime>",add_subject,0,0,0
86968,constant,,"lit:""1857-00-00T00:00:00Z""^^<http://www.w3.org/2001/XMLSchema#dateTime>",add_subject,0,0,0
80762,constant,,"lit:""1857-01-01T00:00:00Z""^^<http://www.w3.org/2001/XMLSchema#dateTime>",add_subject,0,0,0
74349,constant,,"lit:""1858-01-01T00:00:00Z""^^<http://www.w3.org/2001/XMLSchema#dateTime>",add_subject,0,0,0
83081,constant,,"lit:""186""^^<http://www.w3.org/2001/XMLSchema#decimal>",add_subject,0,0,0
79384,constant,,"lit:""1860-01-01T00:00:00Z""^^<http://www.w3.org/2001/XMLSchema#dateTime>",add_subject,0,0,0
82155,constant,,"lit:""1860-01-17T00:00:00Z""^^<http://www.w3.org/2001/XMLSchema#dateTime>",add_subject,0,0,0
86675,constant,,"lit:""1861-00-00T00:00:00Z""^^<http://www.w3.org/2001/XMLSchema#dateTime>",add_subject,0,0,0
80181,constant,,"lit:""1861-01-01T00:00:00Z""^^<http://www.w3.org/2001/XMLSchema#dateTime>",add_subject,0,0,0
77359,constant,,"lit:""1865-01-01T00:00:00Z""^^<http://www.w3.org/2001/XMLSchema#dateTime>",add_subject,0,0,0
76561,constant,,"lit:""1867-01-01T00:00:00Z""^^<http://www.w3.org/2001/XMLSchema#dateTime>",add_subject,0,0,0
76664,constant,,"lit:""1868-01-01T00:00:00Z""^^<http://www.w3.org/2001/XMLSchema#dateTime>",add_subject,0,0,0
85361,constant,,"lit:""1870-00-00T00:00:00Z""^^<http://www.w3.org/2001/XMLSchema#dateTime>",add_subject,0,0,0
75693,constant,,"lit:""1871-01-01T00:00:00Z""^^<http://www.w3.org/2001/XMLSchema#dateTime>",add_subject,0,0,0
78798,constant,,"lit:""1872-00-00T00:00:00Z""^^<http://www.w3.org/2001/XMLSchema#dateTime>",add_subject,0,0,0
80491,constant,,"lit:""1872-01-01T00:00:00Z""^^<http://www.w3.org/2001/XMLSchema#dateTime>",add_subject,0,0,0
79388,constant,,"lit:""1873-01-01T00:00:00Z""^^<http://www.w3.org/2001/XMLSchema#dateTime>",add_subject,0,0,0
82103,constant,,"lit:""1874-00-00T00:00:00Z""^^<http://www.w3.org/2001/XMLSchema#dateTime>",add_subject,0,0,0
80212,constant,,"lit:""1874-01-01T00:00:00Z""^^<http://www.w3.org/2001/XMLSchema#dateTime>",add_subject,0,0,0
85398,constant,,"lit:""1875-00-00T00:00:00Z""^^<http://www.w3.org/2001/XMLSchema#dateTime>",add_subject,0,0,0
82897,constant,,"lit:""1875-01-01T00:00:00Z""^^<http://www.w3.org/2001/XMLSchema#dateTime>",add_subject,0,0,0
83531,constant,,"lit:""1876-00-00T00:00:00Z""^^<http://www.w3.org/2001/XMLSchema#dateTime>",add_subject,0,0,0
83601,constant,,"lit:""1877-00-00T00:00:00Z""^^<http://www.w3.org/2001/XMLSchema#dateTime>",add_subject,0,0,0
82403,constant,,"lit:""1877-01-01T00:00:00Z""^^<http://www.w3.org/2001/XMLSchema#dateTime>",add_subject,0,0,0
79108,constant,,"lit:""1880-00-00T00:00:00Z""^^<http://www.w3.org/2001/XMLSchema#dateTime>",add_subject,0,0,0
78823,constant,,"lit:""1881-00-00T00:00:00Z""^^<http://www.w3.org/2001/XMLSchema#dateTime>",add_subject,0,0,0
77486,constant,,"lit:""1883-01-01T00:00:00Z""^^<http://www.w3.org/2001/XMLSchema#dateTime>",add_subject,0,0,0
74986,constant,,"lit:""1885-00-00T00:00:00Z""^^<http://www.w3.org/2001/XMLSchema#dateTime>",add_subject,0,0,0
80157,constant,,"lit:""1886-01-01T00:00:00Z""^^<http://www.w3.org/2001/XMLSchema#dateTime>",add_subject,0,0,0
76850,constant,,"lit:""1887-00-00T00:00:00Z""^^<http://www.w3.org/2001/XMLSchema#dateTime>",add_subject,0,0,0
80163,constant,,"lit:""1887-01-01T00:00:00Z""^^<http://www.w3.org/2001/XMLSchema#dateTime>",add_subject,0,0,0
78827,constant,,"lit:""1888-01-01T00:00:00Z""^^<http://www.w3.org/2001/XMLSchema#dateTime>",add_subject,0,0,0
76888,constant,,"lit:""1889-00-00T00:00:00Z""^^<http://www.w3.org/2001/XMLSchema#dateTime>",add_subject,0,0,0
79004,constant,,"lit:""1891-01-01T00:00:00Z""^^<http://www.w3.org/2001/XMLSchema#dateTime>",add_subject,0,0,0
79343,constant,,"lit:""1892-00-00T00:00:00Z""^^<http://www.w3.org/2001/XMLSchema#dateTime>",add_subject,0,0,0
84320,constant,,"lit:""1892-01-01T00:00:00Z""^^<http://www.w3.org/2001/XMLSchema#dateTime>",add_subject,0,0,0
75402,constant,,"lit:""1893-01-01T00:00:00Z""^^<http://www.w3.org/2001/XMLSchema#dateTime>",add_subject,0,0,0
76950,constant,,"lit:""1894-01-01T00:00:00Z""^^<http://www.w3.org/2001/XMLSchema#dateTime>",add_subject,0,0,0
83452,constant,,"lit:""1895-01-01T00:00:00Z""^^<http://www.w3.org/2001/XMLSchema#dateTime>",add_subject,0,0,0
79599,constant,,"lit:""1896-01-01T00:00:00Z""^^<http://www.w3.org/2001/XMLSchema#dateTime>",add_subject,0,0,0
83442,constant,,"lit:""1897-00-00T00:00:00Z""^^<http://www.w3.org/2001/XMLSchema#dateTime>",add_subject,0,0,0
75346,constant,,"lit:""1897-01-01T00:00:00Z""^^<http://www.w3.org/2001/XMLSchema#dateTime>",add_subject,0,0,0
75399,constant,,"lit:""1898-01-01T00:00:00Z""^^<http://www.w3.org/2001/XMLSchema#dateTime>",add_subject,0,0,0
77414,constant,,"lit:""19""^^<http://www.w3.org/2001/XMLSchema#decimal>",add_subject,0,0,0
78537,constant,,"lit:""1900-01-01T00:00:00Z""^^<http://www.w3.org/2001/XMLSchema#dateTime>",add_subject,0,0,0
88002,constant,,"lit:""1902-00-00T00:00:00Z""^^<http://www.w3.org/2001/XMLSchema#dateTime>",add_subject,0,0,0
74784,constant,,"lit:""1902-01-01T00:00:00Z""^^<http://www.w3.org/2001/XMLSchema#dateTime>",add_subject,0,0,0
82860,constant,,"lit:""1903-01-01T00:00:00Z""^^<http://www.w3.org/2001/XMLSchema#dateTime>",add_subject,0,0,0
81809,constant,,"lit:""1904-01-01T00:00:00Z""^^<http://www.w3.org/2001/XMLSchema#dateTime>",add_subject,0,0,0
77433,constant,,"lit:""1905-01-01T00:00:00Z""^^<http://www.w3.org/2001/XMLSchema#dateTime>",add_subject,0,0,0
80187,constant,,"lit:""1906-00-00T00:00:00Z""^^<http://www.w3.org/2001/XMLSchema#dateTime>",add_subject,0,0,0
78797,constant,,"lit:""1906-01-01T00:00:00Z""^^<http://www.w3.org/2001/XMLSchema#dateTime>",add_subject,0,0,0
81832,constant,,"lit:""1907-00-00T00:00:00Z""^^<http://www.w3.org/2001/XMLSchema#dateTime>",add_subject,0,0,0
75697,constant,,"lit:""1909-00-00T00:00:00Z""^^<http://www.w3.org/2001/XMLSchema#dateTime>",add_subject,0,0,0
81582,constant,,"lit:""1909-01-01T00:00:00Z""^^<http://www.w3.org/2001/XMLSchema#dateTime>",add_subject,0,0,0
85908,constant,,"lit:""191""^^<http://www.w3.org/2001/XMLSchema#decimal>",add_subject,0,0,0
74238,constant,,"lit:""1910-01-01T00:00:00Z""^^<http://www.w3.org/2001/XMLSchema#dateTime>",add_subject,0,0,0
74346,constant,,"lit:""1911-01-01T00:00:00Z""^^<http://www.w3.org/2001/XMLSchema#dateTime>",add_subject,0,0,0
76554,constant,,"lit:""1912-01-01T00:00:00Z""^^<http://www.w3.org/2001/XMLSchema#dateTime>",add_subject,0,0,0
77543,constant,,"lit:""1913-01-01T00:00:00Z""^^<http://www.w3.org/2001/XMLSchema#dateTime>",add_subject,0,0,0
76271,constant,,"lit:""1914-01-01T00:00:00Z""^^<http://www.w3.org/2001/XMLSchema#dateTime>",add_subject,0,0,0
83044,constant,,"lit:""1915-00-00T00:00:00Z""^^<http://www.w3.org/2001/XMLSchema#dateTime>",add_subject,0,0,0
78835,constant,,"lit:""1915-01-01T00:00:00Z""^^<http://www.w3.org/2001/XMLSchema#dateTime>",add_subject,0,0,0
81301,constant,,"lit:""1916-00-00T00:00:00Z""^^<http://www.w3.org/2001/XMLSchema#dateTime>",add_subject,0,0,0
77009,constant,,"lit:""1917-00-00T00:00:00Z""^^<http://www.w3.org/2001/XMLSchema#dateTime>",add_subject,0,0,0
78918,constant,,"lit:""1917-01-01T00:00:00Z""^^<http://www.w3.org/2001/XMLSchema#dateTime>",add_subject,0,0,0
75695,constant,,"lit:""1918-00-00T00:00:00Z""^^<http://www.w3.org/2001/XMLSchema#dateTime>",add_subject,0,0,0
76326,constant,,"lit:""1919-00-00T00:00:00Z""^^<http://www.w3.org/2001/XMLSchema#dateTime>",add_subject,0,0,0
74950,constant,,"lit:""1919-01-01T00:00:00Z""^^<http://www.w3.org/2001/XMLSchema#dateTime>",add_subject,0,0,0
77490,constant,,"lit:""1920-01-01T00:00:00Z""^^<http://www.w3.org/2001/XMLSchema#dateTime>",add_subject,0,0,0
80087,constant,,"lit:""1921-00-00T00:00:00Z""^^<http://www.w3.org/2001/XMLSchema#dateTime>",add_subject,0,0,0
79171,constant,,"lit:""1921-01-01T00:00:00Z""^^<http://www.w3.org/2001/XMLSchema#dateTime>",add_subject,0,0,0
83354,constant,,"lit:""1922-00-00T00:00:00Z""^^<http://www.w3.org/2001/XMLSchema#dateTime>",add_subject,0,0,0
79915,constant,,"lit:""1923-00-00T00:00:00Z""^^<http://www.w3.org/2001/XMLSchema#dateTime>",add_subject,0,0,0
79509,constant,,"lit:""1923-01-01T00:00:00Z""^^<http://www.w3.org/2001/XMLSchema#dateTime>",add_subject,0,0,0
75397,constant,,"lit:""1924-00-00T00:00:00Z""^^<http://www.w3.org/2001/XMLSchema#dateTime>",add_subject,0,0,0
75571,constant,,"lit:""1924-01-01T00:00:00Z""^^<http://www.w3.org/2001/XMLSchema#dateTime>",add_subject,0,0,0
76773,constant,,"lit:""1926-00-00T00:00:00Z""^^<http://www.w3.org/2001/XMLSchema#dateTime>",add_subject,0,0,0
79583,constant,,"lit:""1926-01-01T00:00:00Z""^^<http://www.w3.org/2001/XMLSchema#dateTime>",add_subject,0,0,0
79092,constant,,"lit:""1927-01-01T00:00:00Z""^^<http://www.w3.org/2001/XMLSchema#dateTime>",add_subject,0,0,0
74310,constant,,"lit:""1928-01-01T00:00:00Z""^^<http://www.w3.org/2001/XMLSchema#dateTime>",add_subject,0,0,0
78512,constant,,"lit:""1929-00-00T00:00:00Z""^^<http://www.w3.org/2001/XMLSchema#dateTime>",add_subject,0,0,0
76783,constant,,"lit:""1929-01-01T00:00:00Z""^^<http://www.w3.org/2001/XMLSchema#dateTime>",add_subject,0,0,0
84164,constant,,"lit:""1932-00-00T00:00:00Z""^^<http://www.w3.org/2001/XMLSchema#dateTime>",add_subject,0,0,0
76952,constant,,"lit:""1933-00-00T00:00:00Z""^^<http://www.w3.org/2001/XMLSchema#dateTime>",add_subject,0,0,0
76858,constant,,"lit:""1933-01-01T00:00:00Z""^^<http://www.w3.org/2001/XMLSchema#dateTime>",add_subject,0,0,0
79002,constant,,"lit:""1934-00-00T00:00:00Z""^^<http://www.w3.org/2001/XMLSchema#dateTime>",add_subject,0,0,0
77369,constant,,"lit:""1935-00-00T00:00:00Z""^^<http://www.w3.org/2001/XMLSchema#dateTime>",add_subject,0,0,0
76560,constant,,"lit:""1935-01-01T00:00:00Z""^^<http://www.w3.org/2001/XMLSchema#dateTime>",add_subject,0,0,0
77347,constant,,"lit:""1936-01-01T00:00:00Z""^^<http://www.w3.org/2001/XMLSchema#dateTime>",add_subject,0,0,0
75500,constant,,"lit:""1937-01-01T00:00:00Z""^^<http://www.w3.org/2001/XMLSchema#dateTime>",add_subject,0,0,0
79023,constant,,"lit:""1938-00-00T00:00:00Z""^^<http://www.w3.org/2001/XMLSchema#dateTime>",add_subject,0,0,0
82681,constant,,"lit:""1938-01-01T00:00:00Z""^^<http://www.w3.org/2001/XMLSchema#dateTime>",add_subject,0,0,0
76862,constant,,"lit:""1939-01-01T00:00:00Z""^^<http://www.w3.org/2001/XMLSchema#dateTime>",add_subject,0,0,0
78779,constant,,"lit:""1940-00-00T00:00:00Z""^^<http://www.w3.org/2001/XMLSchema#dateTime>",add_subject,0,0,0
79566,constant,,"lit:""1940-01-01T00:00:00Z""^^<http://www.w3.org/2001/XMLSchema#dateTime>",add_subject,0,0,0
79456,constant,,"lit:""1941-00-00T00:00:00Z""^^<http://www.w3.org/2001/XMLSchema#dateTime>",add_subject,0,0,0
74727,constant,,"lit:""1941-01-01T00:00:00Z""^^<http://www.w3.org/2001/XMLSchema#dateTime>",add_subject,0,0,0
77047,constant,,"lit:""1942-00-00T00:00:00Z""^^<http://www.w3.org/2001/XMLSchema#dateTime>",add_subject,0,0,0
76316,constant,,"lit:""1942-01-01T00:00:00Z""^^<http://www.w3.org/2001/XMLSchema#dateTime>",add_subject,0,0,0
75387,constant,,"lit:""1943-01-01T00:00:00Z""^^<http://www.w3.org/2001/XMLSchema#dateTime>",add_subject,0,0,0
81656,constant,,"lit:""1944-01-01T00:00:00Z""^^<http://www.w3.org/2001/XMLSchema#dateTime>",add_subject,0,0,0
77600,constant,,"lit:""1945-01-01T00:00:00Z""^^<http://www.w3.org/2001/XMLSchema#dateTime>",add_subject,0,0,0
75796,constant,,"lit:""1946-00-00T00:00:00Z""^^<http://www.w3.org/2001/XMLSchema#dateTime>",add_subject,0,0,0
77572,constant,,"lit:""1946-01-01T00:00:00Z""^^<http://www.w3.org/2001/XMLSchema#dateTime>",add_subject,0,0,0
79656,constant,,"lit:""1947-00-00T00:00:00Z""^^<http://www.w3.org/2001/XMLSchema#dateTime>",add_subject,0,0,0
79505,constant,,"lit:""1947-01-01T00:00:00Z""^^<http://www.w3.org/2001/XMLSchema#dateTime>",add_subject,0,0,0
77349,constant,,"lit:""1948-00-00T00:00:00Z""^^<http://www.w3.org/2001/XMLSchema#dateTime>",add_subject,0,0,0
77473,constant,,"lit:""1948-01-01T00:00:00Z""^^<http://www.w3.org/2001/XMLSchema#dateTime>",add_subject,0,0,0
77605,constant,,"lit:""1949-00-00T00:00:00Z""^^<http://www.w3.org/2001/XMLSchema#dateTime>",add_subject,0,0,0
77046,constant,,"lit:""1950-00-00T00:00:00Z""^^<http://www.w3.org/2001/XMLSchema#dateTime>",add_subject,0,0,0
78828,constant,,"lit:""1950-01-01T00:00:00Z""^^<http://www.w3.org/2001/XMLSchema#dateTime>",add_subject,0,0,0
75568,constant,,"lit:""1951-01-01T00:00:00Z""^^<http://www.w3.org/2001/XMLSchema#dateTime>",add_subject,0,0,0
76268,constant,,"lit:""1952-01-01T00:00:00Z""^^<http://www.w3.org/2001/XMLSchema#dateTime>",add_subject,0,0,0
76889,constant,,"lit:""1953-01-01T00:00:00Z""^^<http://www.w3.org/2001/XMLSchema#dateTime>",add_subject,0,0,0
81299,constant,,"lit:""1954-00-00T00:00:00Z""^^<http://www.w3.org/2001/XMLSchema#dateTime>",add_subject,0,0,0
75340,constant,,"lit:""1954-01-01T00:00:00Z""^^<http://www.w3.org/2001/XMLSchema#dateTime>",add_subject,0,0,0
79120,constant,,"lit:""1955-00-00T00:00:00Z""^^<http://www.w3.org/2001/XMLSchema#dateTime>",add_subject,0,0,0
74836,constant,,"lit:""1955-01-01T00:00:00Z""^^<http://www.w3.org/2001/XMLSchema#dateTime>",add_subject,0,0,0
78782,constant,,"lit:""1956-00-00T00:00:00Z""^^<http://www.w3.org/2001/XMLSchema#dateTime>",add_subject,0,0,0
75391,constant,,"lit:""1956-01-01T00:00:00Z""^^<http://www.w3.org/2001/XMLSchema#dateTime>",add_subject,0,0,0
75557,constant,,"lit:""1957-00-00T00:00:00Z""^^<http://www.w3.org/2001/XMLSchema#dateTime>",add_subject,0,0,0
74737,constant,,"lit:""1957-01-01T00:00:00Z""^^<http://www.w3.org/2001/XMLSchema#dateTime>",add_subject,0,0,0
81728,constant,,"lit:""1958-00-00T00:00:00Z""^^<http://www.w3.org/2001/XMLSchema#dateTime>",add_subject,0,0,0
76453,constant,,"lit:""1958-01-01T00:00:00Z""^^<http://www.w3.org/2001/XMLSchema#dateTime>",add_subject,0,0,0
80050,constant,,"lit:""1959-00-00T00:00:00Z""^^<http://www.w3.org/2001/XMLSchema#dateTime>",add_subject,0,0,0
76709,constant,,"lit:""1959-01-01T00:00:00Z""^^<http://www.w3.org/2001/XMLSchema#dateTime>",add_subject,0,0,0
79082,constant,,"lit:""1960-00-00T00:00:00Z""^^<http://www.w3.org/2001/XMLSchema#dateTime>",add_subject,0,0,0
77045,constant,,"lit:""1960-01-01T00:00:00Z""^^<http://www.w3.org/2001/XMLSchema#dateTime>",add_subject,0,0,0
74794,constant,,"lit:""1961-01-01T00:00:00Z""^^<http://www.w3.org/2001/XMLSchema#dateTime>",add_subject,0,0,0
79165,constant,,"lit:""1962-00-00T00:00:00Z""^^<http://www.w3.org/2001/XMLSchema#dateTime>",add_subject,0,0,0
74974,constant,,"lit:""1962-01-01T00:00:00Z""^^<http://www.w3.org/2001/XMLSchema#dateTime>",add_subject,0,0,0
76542,constant,,"lit:""1963-01-01T00:00:00Z""^^<http://www.w3.org/2001/XMLSchema#dateTime>",add_subject,0,0,0
75015,constant,,"lit:""1964-01-01T00:00:00Z""^^<http://www.w3.org/2001/XMLSchema#dateTime>",add_subject,0,0,0
78824,constant,,"lit:""1965-00-00T00:00:00Z""^^<http://www.w3.org/2001/XMLSchema#dateTime>",add_subject,0,0,0
78836,constant,,"lit:""1966-00-00T00:00:00Z""^^<http://www.w3.org/2001/XMLSchema#dateTime>",add_subject,0,0,0
74304,constant,,"lit:""1966-01-01T00:00:00Z""^^<http://www.w3.org/2001/XMLSchema#dateTime>",add_subject,0,0,0
75307,constant,,"lit:""1967-01-01T00:00:00Z""^^<http://www.w3.org/2001/XMLSchema#dateTime>",add_subject,0,0,0
76810,constant,,"lit:""1968-01-01T00:00:00Z""^^<http://www.w3.org/2001/XMLSchema#dateTime>",add_subject,0,0,0
79493,constant,,"lit:""1970-00-00T00:00:00Z""^^<http://www.w3.org/2001/XMLSchema#dateTime>",add_subject,0,0,0
76323,constant,,"lit:""1970-01-01T00:00:00Z""^^<http://www.w3.org/2001/XMLSchema#dateTime>",add_subject,0,0,0
76070,constant,,"lit:""1971-00-00T00:00:00Z""^^<http://www.w3.org/2001/XMLSchema#dateTime>",add_subject,0,0,0
76998,constant,,"lit:""1971-01-01T00:00:00Z""^^<http://www.w3.org/2001/XMLSchema#dateTime>",add_subject,0,0,0
77435,constant,,"lit:""1972-00-00T00:00:00Z""^^<http://www.w3.org/2001/XMLSchema#dateTime>",add_subject,0,0,0
75504,constant,,"lit:""1972-01-01T00:00:00Z""^^<http://www.w3.org/2001/XMLSchema#dateTime>",add_subject,0,0,0
77209,constant,,"lit:""1973-00-00T00:00:00Z""^^<http://www.w3.org/2001/XMLSchema#dateTime>",add_subject,0,0,0
74883,constant,,"lit:""1973-01-01T00:00:00Z""^^<http://www.w3.org/2001/XMLSchema#dateTime>",add_subject,0,0,0
78921,constant,,"lit:""1975-00-00T00:00:00Z""^^<http://www.w3.org/2001/XMLSchema#dateTime>",add_subject,0,0,0
78540,constant,,"lit:""1975-01-01T00:00:00Z""^^<http://www.w3.org/2001/XMLSchema#dateTime>",add_subject,0,0,0
76718,constant,,"lit:""1976-00-00T00:00:00Z""^^<http://www.w3.org/2001/XMLSchema#dateTime>",add_subject,0,0,0
76951,constant,,"lit:""1977-00-00T00:00:00Z""^^<http://www.w3.org/2001/XMLSchema#dateTime>",add_subject,0,0,0
74338,constant,,"lit:""1977-01-01T00:00:00Z""^^<http://www.w3.org/2001/XMLSchema#dateTime>",add_subject,0,0,0
76737,constant,,"lit:""1978-00-00T00:00:00Z""^^<http://www.w3.org/2001/XMLSchema#dateTime>",add_subject,0,0,0
77370,constant,,"lit:""1978-01-01T00:00:00Z""^^<http://www.w3.org/2001/XMLSchema#dateTime>",add_subject,0,0,0
76215,constant,,"lit:""1979-00-00T00:00:00Z""^^<http://www.w3.org/2001/XMLSchema#dateTime>",add_subject,0,0,0
76483,constant,,"lit:""1979-01-01T00:00:00Z""^^<http://www.w3.org/2001/XMLSchema#dateTime>",add_subject,0,0,0
74980,constant,,"lit:""1980-01-01T00:00:00Z""^^<http://www.w3.org/2001/XMLSchema#dateTime>",add_subject,0,0,0
78545,constant,,"lit:""1981-01-01T00:00:00Z""^^<http://www.w3.org/2001/XMLSchema#dateTime>",add_subject,0,0,0
77493,constant,,"lit:""1982-00-00T00:00:00Z""^^<http://www.w3.org/2001/XMLSchema#dateTime>",add_subject,0,0,0
74746,constant,,"lit:""1982-01-01T00:00:00Z""^^<http://www.w3.org/2001/XMLSchema#dateTime>",add_subject,0,0,0
77657,constant,,"lit:""1983-01-01T00:00:00Z""^^<http://www.w3.org/2001/XMLSchema#dateTime>",add_subject,0,0,0
76541,constant,,"lit:""1984-00-00T00:00:00Z""^^<http://www.w3.org/2001/XMLSchema#dateTime>",add_subject,0,0,0
74208,constant,,"lit:""1984-01-01T00:00:00Z""^^<http://www.w3.org/2001/XMLSchema#dateTime>",add_subject,0,0,0
76564,constant,,"lit:""1985-00-00T00:00:00Z""^^<http://www.w3.org/2001/XMLSchema#dateTime>",add_subject,0,0,0
74527,constant,,"lit:""1985-01-01T00:00:00Z""^^<http://www.w3.org/2001/XMLSchema#dateTime>",add_subject,0,0,0
79161,constant,,"lit:""1986-00-00T00:00:00Z""^^<http://www.w3.org/2001/XMLSchema#dateTime>",add_subject,0,0,0
75765,constant,,"lit:""1986-01-01T00:00:00Z""^^<http://www.w3.org/2001/XMLSchema#dateTime>",add_subject,0,0,0
75528,constant,,"lit:""1987-00-00T00:00:00Z""^^<http://www.w3.org/2001/XMLSchema#dateTime>",add_subject,0,0,0
77437,constant,,"lit:""1987-01-01T00:00:00Z""^^<http://www.w3.org/2001/XMLSchema#dateTime>",add_subject,0,0,0
78536,constant,,"lit:""1988-00-00T00:00:00Z""^^<http://www.w3.org/2001/XMLSchema#dateTime>",add_subject,0,0,0
74978,constant,,"lit:""1988-01-01T00:00:00Z""^^<http://www.w3.org/2001/XMLSchema#dateTime>",add_subject,0,0,0
76865,constant,,"lit:""1989-01-01T00:00:00Z""^^<http://www.w3.org/2001/XMLSchema#dateTime>",add_subject,0,0,0
74507,constant,,"lit:""1990-00-00T00:00:00Z""^^<http://www.w3.org/2001/XMLSchema#dateTime>",add_subject,0,0,0
74352,constant,,"lit:""1991-00-00T00:00:00Z""^^<http://www.w3.org/2001/XMLSchema#dateTime>",add_subject,0,0,0
76726,constant,,"lit:""1991-01-01T00:00:00Z""^^<http://www.w3.org/2001/XMLSchema#dateTime>",add_subject,0,0,0
76310,constant,,"lit:""1992-00-00T00:00:00Z""^^<http://www.w3.org/2001/XMLSchema#dateTime>",add_subject,0,0,0
80474,constant,,"lit:""1993-00-00T00:00:00Z""^^<http://www.w3.org/2001/XMLSchema#dateTime>",add_subject,0,0,0
75441,constant,,"lit:""1994-00-00T00:00:00Z""^^<http://www.w3.org/2001/XMLSchema#dateTime>",add_subject,0,0,0
74743,constant,,"lit:""1994-01-01T00:00:00Z""^^<http://www.w3.org/2001/XMLSchema#dateTime>",add_subject,0,0,0
75384,constant,,"lit:""1995-00-00T00:00:00Z""^^<http://www.w3.org/2001/XMLSchema#dateTime>",add_subject,0,0,0
77042,constant,,"lit:""1996-01-01T00:00:00Z""^^<http://www.w3.org/2001/XMLSchema#dateTime>",add_subject,0,0,0
78838,constant,,"lit:""1997-00-00T00:00:00Z""^^<http://www.w3.org/2001/XMLSchema#dateTime>",add_subject,0,0,0
78915,constant,,"lit:""1998-00-00T00:00:00Z""^^<http://www.w3.org/2001/XMLSchema#dateTime>",add_subject,0,0,0
76557,constant,,"lit:""1999-00-00T00:00:00Z""^^<http://www.w3.org/2001/XMLSchema#dateTime>",add_subject,0,0,0
75761,constant,,"lit:""1999-01-01T00:00:00Z""^^<http://www.w3.org/2001/XMLSchema#dateTime>",add_subject,0,0,0
74738,constant,,"lit:""2""^^<http://www.w3.org/2001/XMLSchema#decimal>",add_subject,0,0,0
90585,constant,,"lit:""2.1.1.-""",add_subject,0,0,0
91155,constant,,"lit:""2.3.1.-""",add_subject,0,0,0
92158,constant,,"lit:""2.4.1.-""",add_subject,0,0,0
92034,constant,,"lit:""2.7.1.-""",add_subject,0,0,0
79564,constant,,"lit:""20""",add_subject,0,0,0
74628,constant,,"lit:""20""^^<http://www.w3.org/2001/XMLSchema#decimal>",add_subject,0,0,0
82486,constant,,"lit:""200""^^<http://www.w3.org/2001/XMLSchema#decimal>",add_subject,0,0,0
74984,constant,,"lit:""2000-00-00T00:00:00Z""^^<http://www.w3.org/2001/XMLSchema#dateTime>",add_subject,0,0,0
75313,constant,,"lit:""2000-01-01T00:00:00Z""^^<http://www.w3.org/2001/XMLSchema#dateTime>",add_subject,0,0,0
76478,constant,,"lit:""2001-00-00T00:00:00Z""^^<http://www.w3.org/2001/XMLSchema#dateTime>",add_subject,0,0,0
74504,constant,,"lit:""2001-01-01T00:00:00Z""^^<http://www.w3.org/2001/XMLSchema#dateTime>",add_subject,0,0,0
76078,constant,,"lit:""2002-00-00T00:00:00Z""^^<http://www.w3.org/2001/XMLSchema#dateTime>",add_subject,0,0,0
86687,constant,,"lit:""2002-11-01T00:00:00Z""^^<http://www.w3.org/2001/XMLSchema#dateTime>",add_subject,0,0,0
76488,constant,,"lit:""2003-00-00T00:00:00Z""^^<http://www.w3.org/2001/XMLSchema#dateTime>",add_subject,0,0,0
76294,constant,,"lit:""2003-01-01T00:00:00Z""^^<http://www.w3.org/2001/XMLSchema#dateTime>",add_subject,0,0,0
76336,constant,,"lit:""2004-00-00T00:00:00Z""^^<http://www.w3.org/2001/XMLSchema#dateTime>",add_subject,0,0,0
77235,constant,,"lit:""2004-01-01T00:00:00Z""^^<http://www.w3.org/2001/XMLSchema#dateTime>",add_subject,0,0,0
74535,constant,,"lit:""2005-00-00T00:00:00Z""^^<http://www.w3.org/2001/XMLSchema#dateTime>",add_subject,0,0,0
74218,constant,,"lit:""2005-01-01T00:00:00Z""^^<http://www.w3.org/2001/XMLSchema#dateTime>",add_subject,0,0,0
76999,constant,,"lit:""2006-00-00T00:00:00Z""^^<http://www.w3.org/2001/XMLSchema#dateTime>",add_subject,0,0,0
75408,constant,,"lit:""2006-01-01T00:00:00Z""^^<http://www.w3.org/2001/XMLSchema#dateTime>",add_subject,0,0,0
77000,constant,,"lit:""2007-00-00T00:00:00Z""^^<http://www.w3.org/2001/XMLSchema#dateTime>",add_subject,0,0,0
74248,constant,,"lit:""2008-00-00T00:00:00Z""^^<http://www.w3.org/2001/XMLSchema#dateTime>",add_subject,0,0,0
76345,constant,,"lit:""2008-01-01T00:00:00Z""^^<http://www.w3.org/2001/XMLSchema#dateTime>",add_subject,0,0,0
75271,constant,,"lit:""2009-00-00T00:00:00Z""^^<http://www.w3.org/2001/XMLSchema#dateTime>",add_subject,0,0,0
74779,constant,,"lit:""2009-01-01T00:00:00Z""^^<http://www.w3.org/2001/XMLSchema#dateTime>",add_subject,0,0,0
76517,constant,,"lit:""2010-00-00T00:00:00Z""^^<http://www.w3.org/2001/XMLSchema#dateTime>",add_subject,0,0,0
76304,constant,,"lit:""2011-00-00T00:00:00Z""^^<http://www.w3.org/2001/XMLSchema#dateTime>",add_subject,0,0,0
75694,constant,,"lit:""2012-00-00T00:00:00Z""^^<http://www.w3.org/2001/XMLSchema#dateTime>",add_subject,0,0,0
77001,constant,,"lit:""2013-00-00T00:00:00Z""^^<http://www.w3.org/2001/XMLSchema#dateTime>",add_subject,0,0,0
74251,constant,,"lit:""2014-00-00T00:00:00Z""^^<http://www.w3.org/2001/XMLSchema#dateTime>",add_subject,0,0,0
74246,constant,,"lit:""2015-00-00T00:00:00Z""^^<http://www.w3.org/2001/XMLSchema#dateTime>",add_subject,0,0,0
79156,constant,,"lit:""2016-00-00T00:00:00Z""^^<http://www.w3.org/2001/XMLSchema#dateTime>",add_subject,0,0,0
79553,constant,,"lit:""2017-00-00T00:00:00Z""^^<http://www.w3.org/2001/XMLSchema#dateTime>",add_subject,0,0,0
85948,constant,,"lit:""205""^^<http://www.w3.org/2001/XMLSchema#decimal>",add_subject,0,0,0
79645,constant,,"lit:""207""^^<http://www.w3.org/2001/XMLSchema#decimal>",add_subject,0,0,0
78904,constant,,"lit:""21""^^<http://www.w3.org/2001/XMLSchema#decimal>",add_subject,0,0,0
83047,constant,,"lit:""210""",add_subject,0,0,0
85482,constant,,"lit:""210""^^<http://www.w3.org/2001/XMLSchema#decimal>",add_subject,0,0,0
82599,constant,,"lit:""212""^^<http://www.w3.org/2001/XMLSchema#decimal>",add_subject,0,0,0
79162,constant,,"lit:""215""^^<http://www.w3.org/2001/XMLSchema#decimal>",add_subject,0,0,0
84202,constant,,"lit:""219""^^<http://www.w3.org/2001/XMLSchema#decimal>",add_subject,0,0,0
76332,constant,,"lit:""22""^^<http://www.w3.org/2001/XMLSchema#decimal>",add_subject,0,0,0
77568,constant,,"lit:""220""",add_subject,0,0,0
74566,constant,,"lit:""220""^^<http://www.w3.org/2001/XMLSchema#decimal>",add_subject,0,0,0
76866,constant,,"lit:""23""^^<http://www.w3.org/2001/XMLSchema#decimal>",add_subject,0,0,0
81050,constant,,"lit:""235""^^<http://www.w3.org/2001/XMLSchema#decimal>",add_subject,0,0,0
86222,constant,,"lit:""237""^^<http://www.w3.org/2001/XMLSchema#decimal>",add_subject,0,0,0
77036,constant,,"lit:""24""^^<http://www.w3.org/2001/XMLSchema#decimal>",add_subject,0,0,0
78454,constant,,"lit:""240""^^<http://www.w3.org/2001/XMLSchema#decimal>",add_subject,0,0,0
86612,constant,,"lit:""24748""",add_subject,0,0,0
77428,constant,,"lit:""25""^^<http://www.w3.org/2001/XMLSchema#decimal>",add_subject,0,0,0
79979,constant,,"lit:""26""^^<http://www.w3.org/2001/XMLSchema#decimal>",add_subject,0,0,0
80023,constant,,"lit:""27""^^<http://www.w3.org/2001/XMLSchema#decimal>",add_subject,0,0,0
82309,constant,,"lit:""2702""",add_subject,0,0,0
92684,constant,,"lit:""27206810008""",add_subject,0,0,0
91416,constant,,"lit:""27206816016""",add_subject,0,0,0
91910,constant,,"lit:""27209828001""",add_subject,0,0,0
92449,constant,,"lit:""27212802003""",add_subject,0,0,0
93565,constant,,"lit:""27212810005""",add_subject,0,0,0
92756,constant,,"lit:""27218807001""",add_subject,0,0,0
92165,constant,,"lit:""27227802011""",add_subject,0,0,0
93517,constant,,"lit:""27227804001""",add_subject,0,0,0
93915,constant,,"lit:""27227804005""",add_subject,0,0,0
92773,constant,,"lit:""27227810015""",add_subject,0,0,0
86070,constant,,"lit:""27236""",add_subject,0,0,0
82680,constant,,"lit:""28""^^<http://www.w3.org/2001/XMLSchema#decimal>",add_subject,0,0,0
86671,constant,,"lit:""29""^^<http://www.w3.org/2001/XMLSchema#decimal>",add_subject,0,0,0
78067,constant,,"lit:""3""^^<http://www.w3.org/2001/XMLSchema#decimal>",add_subject,0,0,0
92633,constant,,"lit:""3.1.3.-""",add_subject,0,0,0
93460,constant,,"lit:""3.6.1.-""",add_subject,0,0,0
76490,constant,,"lit:""30""^^<http://www.w3.org/2001/XMLSchema#decimal>",add_subject,0,0,0
76494,constant,,"lit:""31""^^<http://www.w3.org/2001/XMLSchema#decimal>",add_subject,0,0,0
81332,constant,,"lit:""32""^^<http://www.w3.org/2001/XMLSchema#decimal>",add_subject,0,0,0
79167,constant,,"lit:""33""^^<http://www.w3.org/2001/XMLSchema#decimal>",add_subject,0,0,0
82822,constant,,"lit:""35""^^<http://www.w3.org/2001/XMLSchema#decimal>",add_subject,0,0,0
77581,constant,,"lit:""36""^^<http://www.w3.org/2001/XMLSchema#decimal>",add_subject,0,0,0
86784,constant,,"lit:""37""^^<http://www.w3.org/2001/XMLSchema#decimal>",add_subject,0,0,0
84492,constant,,"lit:""379""",add_subject,0,0,0
83634,constant,,"lit:""38""^^<http://www.w3.org/2001/XMLSchema#decimal>",add_subject,0,0,0
79897,constant,,"lit:""39""^^<http://www.w3.org/2001/XMLSchema#decimal>",add_subject,0,0,0
74626,constant,,"lit:""4""^^<http://www.w3.org/2001/XMLSchema#decimal>",add_subject,0,0,0
77429,constant,,"lit:""40""^^<http://www.w3.org/2001/XMLSchema#decimal>",add_subject,0,0,0
85320,constant,,"lit:""41""^^<http://www.w3.org/2001/XMLSchema#decimal>",add_subject,0,0,0
80167,constant,,"lit:""410""^^<http://www.w3.org/2001/XMLSchema#decimal>",add_subject,0,0,0
80552,constant,,"lit:""42""^^<http://www.w3.org/2001/XMLSchema#decimal>",add_subject,0,0,0
83216,constant,,"lit:""43""^^<http://www.w3.org/2001/XMLSchema#decimal>",add_subject,0,0,0
81600,constant,,"lit:""44""",add_subject,0,0,0
79884,constant,,"lit:""44""^^<http://www.w3.org/2001/XMLSchema#decimal>",add_subject,0,0,0
83552,constant,,"lit:""45""^^<http://www.w3.org/2001/XMLSchema#decimal>",add_subject,0,0,0
82369,constant,,"lit:""47""^^<http://www.w3.org/2001/XMLSchema#decimal>",add_subject,0,0,0
82920,constant,,"lit:""48""^^<http://www.w3.org/2001/XMLSchema#decimal>",add_subject,0,0,0
76335,constant,,"lit:""5""^^<http://www.w3.org/2001/XMLSchema#decimal>",add_subject,0,0,0
93429,constant,,"lit:""5.4.99.-""",add_subject,0,0,0
77968,constant,,"lit:""50""^^<http://www.w3.org/2001/XMLSchema#decimal>",add_subject,0,0,0
84590,constant,,"lit:""51""^^<http://www.w3.org/2001/XMLSchema#decimal>",add_subject,0,0,0
74900,constant,,"lit:""511""",add_subject,0,0,0
80189,constant,,"lit:""52""^^<http://www.w3.org/2001/XMLSchema#decimal>",add_subject,0,0,0
77760,constant,,"lit:""53""^^<http://www.w3.org/2001/XMLSchema#decimal>",add_subject,0,0,0
83898,constant,,"lit:""54""^^<http://www.w3.org/2001/XMLSchema#decimal>",add_subject,0,0,0
76491,constant,,"lit:""55""^^<http://www.w3.org/2001/XMLSchema#decimal>",add_subject,0,0,0
80024,constant,,"lit:""57""^^<http://www.w3.org/2001/XMLSchema#decimal>",add_subject,0,0,0
82183,constant,,"lit:""58""^^<http://www.w3.org/2001/XMLSchema#decimal>",add_subject,0,0,0
93926,constant,,"lit:""58233804005""",add_subject,0,0,0
94106,constant,,"lit:""58233804076""",add_subject,0,0,0
94034,constant,,"lit:""58233812058""",add_subject,0,0,0
94068,constant,,"lit:""58233820039""",add_subject,0,0,0
93728,constant,,"lit:""58233820047""",add_subject,0,0,0
92446,constant,,"lit:""58247820049""",add_subject,0,0,0
91203,constant,,"lit:""58247865015""",add_subject,0,0,0
94143,constant,,"lit:""58247875026""",add_subject,0,0,0
93626,constant,,"lit:""58249832023""",add_subject,0,0,0
77491,constant,,"lit:""59""^^<http://www.w3.org/2001/XMLSchema#decimal>",add_subject,0,0,0
75055,constant,,"lit:""6""^^<http://www.w3.org/2001/XMLSchema#decimal>",add_subject,0,0,0
93297,constant,,"lit:""6.2.1.-""",add_subject,0,0,0
76495,constant,,"lit:""60""^^<http://www.w3.org/2001/XMLSchema#decimal>",add_subject,0,0,0
82352,constant,,"lit:""61""^^<http://www.w3.org/2001/XMLSchema#decimal>",add_subject,0,0,0
81223,constant,,"lit:""616""",add_subject,0,0,0
78897,constant,,"lit:""62""^^<http://www.w3.org/2001/XMLSchema#decimal>",add_subject,0,0,0
81333,constant,,"lit:""64""^^<http://www.w3.org/2001/XMLSchema#decimal>",add_subject,0,0,0
80534,constant,,"lit:""65""^^<http://www.w3.org/2001/XMLSchema#decimal>",add_subject,0,0,0
82371,constant,,"lit:""66""^^<http://www.w3.org/2001/XMLSchema#decimal>",add_subject,0,0,0
78898,constant,,"lit:""67""^^<http://www.w3.org/2001/XMLSchema#decimal>",add_subject,0,0,0
79561,constant,,"lit:""68""^^<http://www.w3.org/2001/XMLSchema#decimal>",add_subject,0,0,0
75175,constant,,"lit:""7""^^<http://www.w3.org/2001/XMLSchema#decimal>",add_subject,0,0,0
81287,constant,,"lit:""70""^^<http://www.w3.org/2001/XMLSchema#decimal>",add_subject,0,0,0
77002,constant,,"lit:""71""^^<http://www.w3.org/2001/XMLSchema#decimal>",add_subject,0,0,0
80760,constant,,"lit:""72""^^<http://www.w3.org/2001/XMLSchema#decimal>",add_subject,0,0,0
77554,constant,,"lit:""74""^^<http://www.w3.org/2001/XMLSchema#decimal>",add_subject,0,0,0
75573,constant,,"lit:""75""",add_subject,0,0,0
75302,constant,,"lit:""75""^^<http://www.w3.org/2001/XMLSchema#decimal>",add_subject,0,0,0
76312,constant,,"lit:""8""^^<http://www.w3.org/2001/XMLSchema#decimal>",add_subject,0,0,0
75056,constant,,"lit:""80""^^<http://www.w3.org/2001/XMLSchema#decimal>",add_subject,0,0,0
75057,constant,,"lit:""84""^^<http://www.w3.org/2001/XMLSchema#decimal>",add_subject,0,0,0
77357,constant,,"lit:""85""^^<http://www.w3.org/2001/XMLSchema#decimal>",add_subject,0,0,0
74325,constant,,"lit:""89""^^<http://www.w3.org/2001/XMLSchema#decimal>",add_subject,0,0,0
79800,constant,,"lit:""890""",add_subject,0,0,0
77039,constant,,"lit:""91""^^<http://www.w3.org/2001/XMLSchema#decimal>",add_subject,0,0,0
74343,constant,,"lit:""92""^^<http://www.w3.org/2001/XMLSchema#decimal>",add_subject,0,0,0
75308,constant,,"lit:""95""^^<http://www.w3.org/2001/XMLSchema#decimal>",add_subject,0,0,0
74309,constant,,"lit:""97""^^<http://www.w3.org/2001/XMLSchema#decimal>",add_subject,0,0,0
76324,constant,,"lit:""98""^^<http://www.w3.org/2001/XMLSchema#decimal>",add_subject,0,0,0
75392,constant,,"lit:""99""^^<http://www.w3.org/2001/XMLSchema#decimal>",add_subject,0,0,0
86899,constant,,"lit:""Antonio""@mul",add_subject,0,0,0
88988,constant,,"lit:""Bill""@mul",add_subject,0,0,0
94418,constant,,"lit:""Cancer""",add_subject,0,0,0
95583,constant,,"lit:""Charles""@mul",add_subject,0,0,0
86797,constant,,"lit:""David""@mul",add_subject,0,0,0
89281,constant,,"lit:""Frank""@mul",add_subject,0,0,0
87172,constant,,"lit:""Ivan""@mul",add_subject,0,0,0
86427,constant,,"lit:""Jean""@mul",add_subject,0,0,0
89207,constant,,"lit:""John""@mul",add_subject,0,0,0
98461,constant,,"lit:""Jos\u00E9""@mul",add_subject,0,0,0
87168,constant,,"lit:""Joseph""@mul",add_subject,0,0,0
82378,constant,,"lit:""Karl""@mul",add_subject,0,0,0
88637,constant,,"lit:""Mike""@mul",add_subject,0,0,0
86024,constant,,"lit:""Peter""@mul",add_subject,0,0,0
95820,constant,,"lit:""Richard""@mul",add_subject,0,0,0
87923,constant,,"lit:""Robert""@mul",add_subject,0,0,0
94336,constant,,"lit:""Siemens""",add_subject,0,0,0
87432,constant,,"lit:""Thomas""@mul",add_subject,0,0,0
89462,constant,,"lit:""Walter""@mul",add_subject,0,0,0
84873,constant,,"lit:""ara""",add_subject,0,0,0
79288,constant,,wd:Q100,add_subject,0,0,0
44110,constant,,wd:Q100047,add_subject,0,0,0
31900,constant,,wd:Q1002697,add_subject,0,0,0
32539,constant,,wd:Q1004,add_subject,0,0,0
77994,constant,,wd:Q1006,add_subject,0,0,0
37490,constant,,wd:Q1008,add_subject,0,0,0
37893,constant,,wd:Q1011,add_subject,0,0,0
77996,constant,,wd:Q1013,add_subject,0,0,0
30938,constant,,wd:Q101352,add_subject,0,0,0
37492,constant,,wd:Q1014,add_subject,0,0,0
77997,constant,,wd:Q1016,add_subject,0,0,0
35241,constant,,wd:Q101600,add_subject,0,0,0
77998,constant,,wd:Q1019,add_subject,0,0,0
82043,constant,,wd:Q101959,add_subject,0,0,0
76632,constant,,wd:Q1020,add_subject,0,0,0
43710,constant,,wd:Q102496,add_subject,0,0,0
82044,constant,,wd:Q102720,add_subject,0,0,0
39774,constant,,wd:Q1028,add_subject,0,0,0
43693,constant,,wd:Q1028181,add_subject,0,0,0
75103,constant,,wd:Q1029,add_subject,0,0,0
48159,constant,,wd:Q1030,add_subject,0,0,0
36373,constant,,wd:Q103163,add_subject,0,0,0
77999,constant,,wd:Q1032,add_subject,0,0,0
82091,constant,,wd:Q103217,add_subject,0,0,0
34111,constant,,wd:Q1033,add_subject,0,0,0
78829,constant,,wd:Q10333,add_subject,0,0,0
32854,constant,,wd:Q1035954,add_subject,0,0,0
76634,constant,,wd:Q1036,add_subject,0,0,0
36733,constant,,wd:Q10387575,add_subject,0,0,0
36734,constant,,wd:Q10387684,add_subject,0,0,0
83356,constant,,wd:Q1040,add_subject,0,0,0
76635,constant,,wd:Q1041,add_subject,0,0,0
42195,constant,,wd:Q10413723,add_subject,0,0,0
43455,constant,,wd:Q104157,add_subject,0,0,0
32928,constant,,wd:Q10416961,add_subject,0,0,0
48278,constant,,wd:Q1043967,add_subject,0,0,0
44848,constant,,wd:Q10441,add_subject,0,0,0
44849,constant,,wd:Q10446,add_subject,0,0,0
37505,constant,,wd:Q1045,add_subject,0,0,0
42200,constant,,wd:Q10457964,add_subject,0,0,0
36654,constant,,wd:Q1047437,add_subject,0,0,0
40226,constant,,wd:Q1047971,add_subject,0,0,0
48100,constant,,wd:Q1048314,add_subject,0,0,0
43956,constant,,wd:Q1048525,add_subject,0,0,0
35286,constant,,wd:Q1048835,add_subject,0,0,0
77925,constant,,wd:Q1049,add_subject,0,0,0
49388,constant,,wd:Q1049520,add_subject,0,0,0
86535,constant,,wd:Q105112,add_subject,0,0,0
36579,constant,,wd:Q10511368,add_subject,0,0,0
88634,constant,,wd:Q10513450,add_subject,0,0,0
74890,constant,,wd:Q10514065,add_subject,0,0,0
38217,constant,,wd:Q1052025,add_subject,0,0,0
45669,constant,,wd:Q1053574,add_subject,0,0,0
44878,constant,,wd:Q10538,add_subject,0,0,0
79552,constant,,wd:Q1054813,add_subject,0,0,0
75646,constant,,wd:Q1055,add_subject,0,0,0
47499,constant,,wd:Q105731,add_subject,0,0,0
44889,constant,,wd:Q10580,add_subject,0,0,0
82046,constant,,wd:Q105853,add_subject,0,0,0
89814,constant,,wd:Q10589,add_subject,0,0,0
79551,constant,,wd:Q1059478,add_subject,0,0,0
89196,constant,,wd:Q1062083,add_subject,0,0,0
40494,constant,,wd:Q106345,add_subject,0,0,0
42258,constant,,wd:Q10634678,add_subject,0,0,0
49665,constant,,wd:Q106410,add_subject,0,0,0
42263,constant,,wd:Q10645546,add_subject,0,0,0
30459,constant,,wd:Q10648343,add_subject,0,0,0
87931,constant,,wd:Q1065118,add_subject,0,0,0
33298,constant,,wd:Q10655178,add_subject,0,0,0
82816,constant,,wd:Q106658,add_subject,0,0,0
48919,constant,,wd:Q1066707,add_subject,0,0,0
76407,constant,,wd:Q1066984,add_subject,0,0,0
84033,constant,,wd:Q10686,add_subject,0,0,0
78406,constant,,wd:Q10690,add_subject,0,0,0
83227,constant,,wd:Q1070590,add_subject,0,0,0
94086,constant,,wd:Q1070990,add_subject,0,0,0
80155,constant,,wd:Q1071,add_subject,0,0,0
42357,constant,,wd:Q10725452,add_subject,0,0,0
45775,constant,,wd:Q10729054,add_subject,0,0,0
45776,constant,,wd:Q10729125,add_subject,0,0,0
85123,constant,,wd:Q10732476,add_subject,0,0,0
80294,constant,,wd:Q10742,add_subject,0,0,0
48819,constant,,wd:Q107425,add_subject,0,0,0
39596,constant,,wd:Q1075,add_subject,0,0,0
45303,constant,,wd:Q1075404,add_subject,0,0,0
40934,constant,,wd:Q1075697,add_subject,0,0,0
31836,constant,,wd:Q1075988,add_subject,0,0,0
46826,constant,,wd:Q1076486,add_subject,0,0,0
48128,constant,,wd:Q1076968,add_subject,0,0,0
78496,constant,,wd:Q1077097,add_subject,0,0,0
30399,constant,,wd:Q107715,add_subject,0,0,0
45077,constant,,wd:Q10800557,add_subject,0,0,0
42945,constant,,wd:Q1081138,add_subject,0,0,0
46202,constant,,wd:Q108325,add_subject,0,0,0
35278,constant,,wd:Q10833314,add_subject,0,0,0
33946,constant,,wd:Q10843402,add_subject,0,0,0
74809,constant,,wd:Q1085,add_subject,0,0,0
83812,constant,,wd:Q10862983,add_subject,0,0,0
46799,constant,,wd:Q10870555,add_subject,0,0,0
37928,constant,,wd:Q10871364,add_subject,0,0,0
35757,constant,,wd:Q10873124,add_subject,0,0,0
46301,constant,,wd:Q10876391,add_subject,0,0,0
46190,constant,,wd:Q1088552,add_subject,0,0,0
83226,constant,,wd:Q109128,add_subject,0,0,0
44222,constant,,wd:Q1092939,add_subject,0,0,0
83447,constant,,wd:Q1093,add_subject,0,0,0
77553,constant,,wd:Q1093580,add_subject,0,0,0
83717,constant,,wd:Q1093829,add_subject,0,0,0
87916,constant,,wd:Q109607,add_subject,0,0,0
77499,constant,,wd:Q11004,add_subject,0,0,0
81466,constant,,wd:Q1101,add_subject,0,0,0
43593,constant,,wd:Q11019,add_subject,0,0,0
77937,constant,,wd:Q11027623,add_subject,0,0,0
48860,constant,,wd:Q11028,add_subject,0,0,0
43372,constant,,wd:Q11032,add_subject,0,0,0
46630,constant,,wd:Q11060274,add_subject,0,0,0
76875,constant,,wd:Q11063,add_subject,0,0,0
35465,constant,,wd:Q1107,add_subject,0,0,0
84838,constant,,wd:Q11086742,add_subject,0,0,0
81769,constant,,wd:Q1110794,add_subject,0,0,0
77031,constant,,wd:Q11122389,add_subject,0,0,0
85187,constant,,wd:Q1113,add_subject,0,0,0
84185,constant,,wd:Q1114448,add_subject,0,0,0
33626,constant,,wd:Q1114461,add_subject,0,0,0
84735,constant,,wd:Q1115575,add_subject,0,0,0
29800,constant,,wd:Q11173,add_subject,0,0,0
48015,constant,,wd:Q1117704,add_subject,0,0,0
84731,constant,,wd:Q1120838,add_subject,0,0,0
74906,constant,,wd:Q112099,add_subject,0,0,0
31391,constant,,wd:Q1124,add_subject,0,0,0
32890,constant,,wd:Q1125239,add_subject,0,0,0
30765,constant,,wd:Q11266439,add_subject,0,0,0
82618,constant,,wd:Q1127,add_subject,0,0,0
46191,constant,,wd:Q1128397,add_subject,0,0,0
44672,constant,,wd:Q1129409,add_subject,0,0,0
79898,constant,,wd:Q11299,add_subject,0,0,0
38657,constant,,wd:Q11303,add_subject,0,0,0
82963,constant,,wd:Q1131296,add_subject,0,0,0
37929,constant,,wd:Q11336312,add_subject,0,0,0
75273,constant,,wd:Q11338576,add_subject,0,0,0
34397,constant,,wd:Q11344,add_subject,0,0,0
37137,constant,,wd:Q1134686,add_subject,0,0,0
37632,constant,,wd:Q11348,add_subject,0,0,0
40942,constant,,wd:Q1135685,add_subject,0,0,0
93313,constant,,wd:Q1137767,add_subject,0,0,0
83891,constant,,wd:Q1137833,add_subject,0,0,0
89808,constant,,wd:Q1138186,add_subject,0,0,0
45520,constant,,wd:Q11394,add_subject,0,0,0
37493,constant,,wd:Q114,add_subject,0,0,0
39779,constant,,wd:Q11412,add_subject,0,0,0
79160,constant,,wd:Q11420,add_subject,0,0,0
29831,constant,,wd:Q11424,add_subject,0,0,0
43609,constant,,wd:Q1143604,add_subject,0,0,0
33983,constant,,wd:Q11446,add_subject,0,0,0
48782,constant,,wd:Q1144661,add_subject,0,0,0
36413,constant,,wd:Q11448906,add_subject,0,0,0
83794,constant,,wd:Q1145012,add_subject,0,0,0
86381,constant,,wd:Q1146531,add_subject,0,0,0
74371,constant,,wd:Q11472,add_subject,0,0,0
86685,constant,,wd:Q1147395,add_subject,0,0,0
44553,constant,,wd:Q114750,add_subject,0,0,0
40496,constant,,wd:Q114906,add_subject,0,0,0
86032,constant,,wd:Q1149652,add_subject,0,0,0
46582,constant,,wd:Q1151291,add_subject,0,0,0
45042,constant,,wd:Q11513034,add_subject,0,0,0
83512,constant,,wd:Q11513337,add_subject,0,0,0
49250,constant,,wd:Q1153191,add_subject,0,0,0
80470,constant,,wd:Q1154710,add_subject,0,0,0
30456,constant,,wd:Q1156073,add_subject,0,0,0
30817,constant,,wd:Q11563,add_subject,0,0,0
36591,constant,,wd:Q1156854,add_subject,0,0,0
85309,constant,,wd:Q11569986,add_subject,0,0,0
76349,constant,,wd:Q1158477,add_subject,0,0,0
86192,constant,,wd:Q1159023,add_subject,0,0,0
32160,constant,,wd:Q116,add_subject,0,0,0
88696,constant,,wd:Q11607585,add_subject,0,0,0
34033,constant,,wd:Q1161185,add_subject,0,0,0
40499,constant,,wd:Q116209,add_subject,0,0,0
34693,constant,,wd:Q11631,add_subject,0,0,0
79458,constant,,wd:Q1166,add_subject,0,0,0
75508,constant,,wd:Q1166840,add_subject,0,0,0
89487,constant,,wd:Q11687,add_subject,0,0,0
47922,constant,,wd:Q11691,add_subject,0,0,0
80188,constant,,wd:Q11691318,add_subject,0,0,0
39361,constant,,wd:Q1169875,add_subject,0,0,0
37495,constant,,wd:Q117,add_subject,0,0,0
36370,constant,,wd:Q11707,add_subject,0,0,0
40946,constant,,wd:Q1171483,add_subject,0,0,0
43527,constant,,wd:Q11722303,add_subject,0,0,0
78878,constant,,wd:Q11751,add_subject,0,0,0
84319,constant,,wd:Q11755880,add_subject,0,0,0
84840,constant,,wd:Q11772,add_subject,0,0,0
94708,constant,,wd:Q11774097,add_subject,0,0,0
44547,constant,,wd:Q11774891,add_subject,0,0,0
86574,constant,,wd:Q11796413,add_subject,0,0,0
86804,constant,,wd:Q11828004,add_subject,0,0,0
37922,constant,,wd:Q1183,add_subject,0,0,0
31527,constant,,wd:Q1183543,add_subject,0,0,0
85015,constant,,wd:Q1187580,add_subject,0,0,0
76408,constant,,wd:Q1187811,add_subject,0,0,0
31514,constant,,wd:Q11879590,add_subject,0,0,0
36348,constant,,wd:Q1188447,add_subject,0,0,0
95270,constant,,wd:Q1188693,add_subject,0,0,0
32276,constant,,wd:Q1190554,add_subject,0,0,0
34192,constant,,wd:Q11911,add_subject,0,0,0
87117,constant,,wd:Q1191549,add_subject,0,0,0
89614,constant,,wd:Q1191622,add_subject,0,0,0
43776,constant,,wd:Q1192305,add_subject,0,0,0
34195,constant,,wd:Q11925,add_subject,0,0,0
34198,constant,,wd:Q11943,add_subject,0,0,0
49489,constant,,wd:Q1194951,add_subject,0,0,0
85812,constant,,wd:Q11959,add_subject,0,0,0
43610,constant,,wd:Q1196258,add_subject,0,0,0
34199,constant,,wd:Q11972,add_subject,0,0,0
38220,constant,,wd:Q1199815,add_subject,0,0,0
85307,constant,,wd:Q12004,add_subject,0,0,0
82962,constant,,wd:Q1204,add_subject,0,0,0
40953,constant,,wd:Q1205104,add_subject,0,0,0
88311,constant,,wd:Q1207,add_subject,0,0,0
32713,constant,,wd:Q1208,add_subject,0,0,0
48852,constant,,wd:Q1210334,add_subject,0,0,0
86865,constant,,wd:Q1211,add_subject,0,0,0
82880,constant,,wd:Q121233,add_subject,0,0,0
45364,constant,,wd:Q12126757,add_subject,0,0,0
82102,constant,,wd:Q12132683,add_subject,0,0,0
34295,constant,,wd:Q12135,add_subject,0,0,0
34591,constant,,wd:Q121359,add_subject,0,0,0
30483,constant,,wd:Q12136,add_subject,0,0,0
84429,constant,,wd:Q1214,add_subject,0,0,0
42862,constant,,wd:Q12143,add_subject,0,0,0
34203,constant,,wd:Q12146,add_subject,0,0,0
94935,constant,,wd:Q121783,add_subject,0,0,0
75019,constant,,wd:Q12191,add_subject,0,0,0
80787,constant,,wd:Q12192,add_subject,0,0,0
82082,constant,,wd:Q12202,add_subject,0,0,0
79474,constant,,wd:Q12204,add_subject,0,0,0
76505,constant,,wd:Q1221,add_subject,0,0,0
76448,constant,,wd:Q1221156,add_subject,0,0,0
44223,constant,,wd:Q1225300,add_subject,0,0,0
79446,constant,,wd:Q1227,add_subject,0,0,0
37414,constant,,wd:Q12280,add_subject,0,0,0
36730,constant,,wd:Q12284,add_subject,0,0,0
35279,constant,,wd:Q12299841,add_subject,0,0,0
31515,constant,,wd:Q12308941,add_subject,0,0,0
30347,constant,,wd:Q12312385,add_subject,0,0,0
79381,constant,,wd:Q1231865,add_subject,0,0,0
38723,constant,,wd:Q12323,add_subject,0,0,0
85292,constant,,wd:Q123258,add_subject,0,0,0
74705,constant,,wd:Q123480,add_subject,0,0,0
37516,constant,,wd:Q12358501,add_subject,0,0,0
37517,constant,,wd:Q12361770,add_subject,0,0,0
43772,constant,,wd:Q123705,add_subject,0,0,0
95945,constant,,wd:Q12376420,add_subject,0,0,0
40959,constant,,wd:Q1241332,add_subject,0,0,0
34206,constant,,wd:Q12433,add_subject,0,0,0
79543,constant,,wd:Q12439,add_subject,0,0,0
78821,constant,,wd:Q1244442,add_subject,0,0,0
48565,constant,,wd:Q124490,add_subject,0,0,0
35611,constant,,wd:Q1246,add_subject,0,0,0
32550,constant,,wd:Q124714,add_subject,0,0,0
31121,constant,,wd:Q1248784,add_subject,0,0,0
81472,constant,,wd:Q1249148,add_subject,0,0,0
38485,constant,,wd:Q1250464,add_subject,0,0,0
84628,constant,,wd:Q1250916,add_subject,0,0,0
93566,constant,,wd:Q1251128,add_subject,0,0,0
80245,constant,,wd:Q12518,add_subject,0,0,0
42833,constant,,wd:Q125191,add_subject,0,0,0
83239,constant,,wd:Q1253472,add_subject,0,0,0
48525,constant,,wd:Q1254933,add_subject,0,0,0
85347,constant,,wd:Q12559,add_subject,0,0,0
44951,constant,,wd:Q12560,add_subject,0,0,0
81430,constant,,wd:Q1259759,add_subject,0,0,0
83799,constant,,wd:Q1259917,add_subject,0,0,0
77211,constant,,wd:Q1261,add_subject,0,0,0
49013,constant,,wd:Q1261214,add_subject,0,0,0
34209,constant,,wd:Q12640,add_subject,0,0,0
85137,constant,,wd:Q12661,add_subject,0,0,0
86788,constant,,wd:Q1266818,add_subject,0,0,0
84632,constant,,wd:Q1267632,add_subject,0,0,0
83276,constant,,wd:Q12679,add_subject,0,0,0
38164,constant,,wd:Q1268453,add_subject,0,0,0
84479,constant,,wd:Q12689,add_subject,0,0,0
36752,constant,,wd:Q127,add_subject,0,0,0
78998,constant,,wd:Q127134,add_subject,0,0,0
34212,constant,,wd:Q12724,add_subject,0,0,0
86315,constant,,wd:Q12736,add_subject,0,0,0
32464,constant,,wd:Q12737077,add_subject,0,0,0
78919,constant,,wd:Q127448,add_subject,0,0,0
35023,constant,,wd:Q12766245,add_subject,0,0,0
93409,constant,,wd:Q1278554,add_subject,0,0,0
82506,constant,,wd:Q12788,add_subject,0,0,0
89805,constant,,wd:Q127910,add_subject,0,0,0
75361,constant,,wd:Q12800682,add_subject,0,0,0
88613,constant,,wd:Q128069,add_subject,0,0,0
38191,constant,,wd:Q128093,add_subject,0,0,0
94823,constant,,wd:Q12809484,add_subject,0,0,0
40960,constant,,wd:Q1280997,add_subject,0,0,0
31297,constant,,wd:Q128124,add_subject,0,0,0
75577,constant,,wd:Q12813115,add_subject,0,0,0
40286,constant,,wd:Q1281618,add_subject,0,0,0
83784,constant,,wd:Q128186,add_subject,0,0,0
88755,constant,,wd:Q12857432,add_subject,0,0,0
81924,constant,,wd:Q1288568,add_subject,0,0,0
82810,constant,,wd:Q1289426,add_subject,0,0,0
79833,constant,,wd:Q129286,add_subject,0,0,0
82924,constant,,wd:Q129499,add_subject,0,0,0
48699,constant,,wd:Q1297,add_subject,0,0,0
31911,constant,,wd:Q12973014,add_subject,0,0,0
33614,constant,,wd:Q1298668,add_subject,0,0,0
37044,constant,,wd:Q13002315,add_subject,0,0,0
44584,constant,,wd:Q13027888,add_subject,0,0,0
88580,constant,,wd:Q130308,add_subject,0,0,0
95951,constant,,wd:Q1303167,add_subject,0,0,0
40968,constant,,wd:Q1304844,add_subject,0,0,0
40969,constant,,wd:Q1306244,add_subject,0,0,0
40970,constant,,wd:Q1307373,add_subject,0,0,0
40972,constant,,wd:Q1308636,add_subject,0,0,0
89604,constant,,wd:Q13100073,add_subject,0,0,0
38274,constant,,wd:Q1311958,add_subject,0,0,0
40507,constant,,wd:Q131224,add_subject,0,0,0
86977,constant,,wd:Q131329,add_subject,0,0,0
88887,constant,,wd:Q131371,add_subject,0,0,0
77665,constant,,wd:Q131378,add_subject,0,0,0
41171,constant,,wd:Q1314162,add_subject,0,0,0
35636,constant,,wd:Q131436,add_subject,0,0,0
81253,constant,,wd:Q131499,add_subject,0,0,0
38739,constant,,wd:Q131569,add_subject,0,0,0
87123,constant,,wd:Q131596,add_subject,0,0,0
49459,constant,,wd:Q131647,add_subject,0,0,0
35143,constant,,wd:Q131681,add_subject,0,0,0
30431,constant,,wd:Q131734,add_subject,0,0,0
43479,constant,,wd:Q1318295,add_subject,0,0,0
41175,constant,,wd:Q1318931,add_subject,0,0,0
86792,constant,,wd:Q1318941,add_subject,0,0,0
38674,constant,,wd:Q13196750,add_subject,0,0,0
36757,constant,,wd:Q132,add_subject,0,0,0
86554,constant,,wd:Q1320047,add_subject,0,0,0
74341,constant,,wd:Q1321,add_subject,0,0,0
80183,constant,,wd:Q13217644,add_subject,0,0,0
74735,constant,,wd:Q13218690,add_subject,0,0,0
31186,constant,,wd:Q13219666,add_subject,0,0,0
77373,constant,,wd:Q13220204,add_subject,0,0,0
76322,constant,,wd:Q13221722,add_subject,0,0,0
35737,constant,,wd:Q132241,add_subject,0,0,0
85461,constant,,wd:Q1323122,add_subject,0,0,0
75362,constant,,wd:Q13235160,add_subject,0,0,0
80994,constant,,wd:Q132404,add_subject,0,0,0
40519,constant,,wd:Q132650,add_subject,0,0,0
83792,constant,,wd:Q132720,add_subject,0,0,0
88590,constant,,wd:Q132783,add_subject,0,0,0
35944,constant,,wd:Q132821,add_subject,0,0,0
80823,constant,,wd:Q132936,add_subject,0,0,0
84862,constant,,wd:Q1329623,add_subject,0,0,0
78718,constant,,wd:Q13298,add_subject,0,0,0
36632,constant,,wd:Q133056,add_subject,0,0,0
40522,constant,,wd:Q133101,add_subject,0,0,0
92690,constant,,wd:Q133118,add_subject,0,0,0
93518,constant,,wd:Q133156,add_subject,0,0,0
46113,constant,,wd:Q1331793,add_subject,0,0,0
40523,constant,,wd:Q133289,add_subject,0,0,0
29950,constant,,wd:Q133311,add_subject,0,0,0
41183,constant,,wd:Q1335129,add_subject,0,0,0
80756,constant,,wd:Q13357858,add_subject,0,0,0
32154,constant,,wd:Q13362,add_subject,0,0,0
36207,constant,,wd:Q13366129,add_subject,0,0,0
87853,constant,,wd:Q13367,add_subject,0,0,0
41074,constant,,wd:Q1336872,add_subject,0,0,0
96214,constant,,wd:Q13370189,add_subject,0,0,0
86620,constant,,wd:Q13373,add_subject,0,0,0
85271,constant,,wd:Q13375,add_subject,0,0,0
40529,constant,,wd:Q133781,add_subject,0,0,0
87574,constant,,wd:Q13381572,add_subject,0,0,0
44257,constant,,wd:Q13381863,add_subject,0,0,0
48554,constant,,wd:Q13382576,add_subject,0,0,0
49033,constant,,wd:Q13382603,add_subject,0,0,0
84610,constant,,wd:Q13382608,add_subject,0,0,0
30488,constant,,wd:Q13382981,add_subject,0,0,0
86712,constant,,wd:Q133879,add_subject,0,0,0
30490,constant,,wd:Q13388442,add_subject,0,0,0
77503,constant,,wd:Q13390680,add_subject,0,0,0
48927,constant,,wd:Q1339195,add_subject,0,0,0
88891,constant,,wd:Q133924,add_subject,0,0,0
79455,constant,,wd:Q13393265,add_subject,0,0,0
40535,constant,,wd:Q134036,add_subject,0,0,0
30942,constant,,wd:Q13406463,add_subject,0,0,0
29960,constant,,wd:Q13406554,add_subject,0,0,0
42948,constant,,wd:Q13406835,add_subject,0,0,0
42950,constant,,wd:Q13406849,add_subject,0,0,0
42953,constant,,wd:Q13406891,add_subject,0,0,0
84938,constant,,wd:Q134091,add_subject,0,0,0
36014,constant,,wd:Q13414953,add_subject,0,0,0
84985,constant,,wd:Q13415036,add_subject,0,0,0
79629,constant,,wd:Q134161,add_subject,0,0,0
30460,constant,,wd:Q13417114,add_subject,0,0,0
79374,constant,,wd:Q13418253,add_subject,0,0,0
49015,constant,,wd:Q13423591,add_subject,0,0,0
93253,constant,,wd:Q1343246,add_subject,0,0,0
80033,constant,,wd:Q134390,add_subject,0,0,0
44117,constant,,wd:Q1344,add_subject,0,0,0
33930,constant,,wd:Q13442814,add_subject,0,0,0
76343,constant,,wd:Q1344963,add_subject,0,0,0
76413,constant,,wd:Q1345,add_subject,0,0,0
29983,constant,,wd:Q134556,add_subject,0,0,0
92623,constant,,wd:Q1345904,add_subject,0,0,0
80350,constant,,wd:Q134635,add_subject,0,0,0
93893,constant,,wd:Q135122,add_subject,0,0,0
38192,constant,,wd:Q135288,add_subject,0,0,0
42380,constant,,wd:Q13568724,add_subject,0,0,0
40543,constant,,wd:Q135769,add_subject,0,0,0
83218,constant,,wd:Q13582652,add_subject,0,0,0
44898,constant,,wd:Q13617,add_subject,0,0,0
88674,constant,,wd:Q13626398,add_subject,0,0,0
39763,constant,,wd:Q1362956,add_subject,0,0,0
86469,constant,,wd:Q1365114,add_subject,0,0,0
34538,constant,,wd:Q13653224,add_subject,0,0,0
80273,constant,,wd:Q1366112,add_subject,0,0,0
41083,constant,,wd:Q1368348,add_subject,0,0,0
74485,constant,,wd:Q1370,add_subject,0,0,0
84342,constant,,wd:Q1371,add_subject,0,0,0
79017,constant,,wd:Q137773,add_subject,0,0,0
74998,constant,,wd:Q13785927,add_subject,0,0,0
47993,constant,,wd:Q13789518,add_subject,0,0,0
85498,constant,,wd:Q138089,add_subject,0,0,0
41085,constant,,wd:Q1382545,add_subject,0,0,0
76671,constant,,wd:Q1384,add_subject,0,0,0
84478,constant,,wd:Q1387,add_subject,0,0,0
85116,constant,,wd:Q1391,add_subject,0,0,0
80514,constant,,wd:Q1393,add_subject,0,0,0
74748,constant,,wd:Q13955,add_subject,0,0,0
81583,constant,,wd:Q1397,add_subject,0,0,0
79901,constant,,wd:Q1400,add_subject,0,0,0
35474,constant,,wd:Q1400264,add_subject,0,0,0
32569,constant,,wd:Q1402592,add_subject,0,0,0
45356,constant,,wd:Q1406,add_subject,0,0,0
30852,constant,,wd:Q14073567,add_subject,0,0,0
74783,constant,,wd:Q1408,add_subject,0,0,0
35439,constant,,wd:Q14089670,add_subject,0,0,0
40564,constant,,wd:Q140970,add_subject,0,0,0
32793,constant,,wd:Q1412,add_subject,0,0,0
47996,constant,,wd:Q14124496,add_subject,0,0,0
88457,constant,,wd:Q14128148,add_subject,0,0,0
40586,constant,,wd:Q141307,add_subject,0,0,0
47811,constant,,wd:Q1414443,add_subject,0,0,0
78805,constant,,wd:Q1415,add_subject,0,0,0
92530,constant,,wd:Q1416890,add_subject,0,0,0
30653,constant,,wd:Q142,add_subject,0,0,0
83614,constant,,wd:Q1420,add_subject,0,0,0
78850,constant,,wd:Q14212,add_subject,0,0,0
83052,constant,,wd:Q1422,add_subject,0,0,0
40590,constant,,wd:Q142326,add_subject,0,0,0
85524,constant,,wd:Q1423891,add_subject,0,0,0
85185,constant,,wd:Q142552,add_subject,0,0,0
35424,constant,,wd:Q1428,add_subject,0,0,0
85813,constant,,wd:Q14328,add_subject,0,0,0
92727,constant,,wd:Q14349519,add_subject,0,0,0
42738,constant,,wd:Q14350,add_subject,0,0,0
47671,constant,,wd:Q14387135,add_subject,0,0,0
75258,constant,,wd:Q1439,add_subject,0,0,0
31982,constant,,wd:Q144,add_subject,0,0,0
33030,constant,,wd:Q14406742,add_subject,0,0,0
75509,constant,,wd:Q1441346,add_subject,0,0,0
37327,constant,,wd:Q14451490,add_subject,0,0,0
40601,constant,,wd:Q144576,add_subject,0,0,0
79375,constant,,wd:Q14467526,add_subject,0,0,0
92416,constant,,wd:Q14489348,add_subject,0,0,0
33204,constant,,wd:Q145,add_subject,0,0,0
29820,constant,,wd:Q14514600,add_subject,0,0,0
42412,constant,,wd:Q14537748,add_subject,0,0,0
74334,constant,,wd:Q1454,add_subject,0,0,0
43660,constant,,wd:Q14544535,add_subject,0,0,0
43661,constant,,wd:Q14544541,add_subject,0,0,0
48770,constant,,wd:Q14544563,add_subject,0,0,0
48771,constant,,wd:Q14544569,add_subject,0,0,0
42809,constant,,wd:Q14544581,add_subject,0,0,0
42808,constant,,wd:Q14544582,add_subject,0,0,0
37269,constant,,wd:Q14545608,add_subject,0,0,0
37271,constant,,wd:Q14545628,add_subject,0,0,0
32426,constant,,wd:Q14545639,add_subject,0,0,0
37273,constant,,wd:Q14545646,add_subject,0,0,0
74323,constant,,wd:Q1456,add_subject,0,0,0
38675,constant,,wd:Q14565199,add_subject,0,0,0
96024,constant,,wd:Q1459037,add_subject,0,0,0
41093,constant,,wd:Q1460935,add_subject,0,0,0
40605,constant,,wd:Q146095,add_subject,0,0,0
79568,constant,,wd:Q14626626,add_subject,0,0,0
32370,constant,,wd:Q1464509,add_subject,0,0,0
80031,constant,,wd:Q14649171,add_subject,0,0,0
84410,constant,,wd:Q146567,add_subject,0,0,0
49244,constant,,wd:Q14659,add_subject,0,0,0
45871,constant,,wd:Q14660,add_subject,0,0,0
42428,constant,,wd:Q14660135,add_subject,0,0,0
45021,constant,,wd:Q1471477,add_subject,0,0,0
79916,constant,,wd:Q1472321,add_subject,0,0,0
85776,constant,,wd:Q1473276,add_subject,0,0,0
42431,constant,,wd:Q14738505,add_subject,0,0,0
42851,constant,,wd:Q1474493,add_subject,0,0,0
30461,constant,,wd:Q14756018,add_subject,0,0,0
77579,constant,,wd:Q1476,add_subject,0,0,0
83987,constant,,wd:Q14770218,add_subject,0,0,0
74249,constant,,wd:Q1478437,add_subject,0,0,0
48748,constant,,wd:Q1478443,add_subject,0,0,0
78706,constant,,wd:Q1479,add_subject,0,0,0
34824,constant,,wd:Q148,add_subject,0,0,0
42433,constant,,wd:Q14817227,add_subject,0,0,0
33082,constant,,wd:Q14827288,add_subject,0,0,0
49872,constant,,wd:Q14828018,add_subject,0,0,0
40612,constant,,wd:Q148336,add_subject,0,0,0
40050,constant,,wd:Q14839548,add_subject,0,0,0
89783,constant,,wd:Q14852127,add_subject,0,0,0
92718,constant,,wd:Q14859873,add_subject,0,0,0
36179,constant,,wd:Q14864328,add_subject,0,0,0
36177,constant,,wd:Q14864330,add_subject,0,0,0
36178,constant,,wd:Q14864331,add_subject,0,0,0
89886,constant,,wd:Q14865768,add_subject,0,0,0
40378,constant,,wd:Q14870285,add_subject,0,0,0
40380,constant,,wd:Q14870298,add_subject,0,0,0
40381,constant,,wd:Q14870299,add_subject,0,0,0
38479,constant,,wd:Q148837,add_subject,0,0,0
33031,constant,,wd:Q14897293,add_subject,0,0,0
48164,constant,,wd:Q14915512,add_subject,0,0,0
48163,constant,,wd:Q14915515,add_subject,0,0,0
48165,constant,,wd:Q14915516,add_subject,0,0,0
48166,constant,,wd:Q14915517,add_subject,0,0,0
83800,constant,,wd:Q14915627,add_subject,0,0,0
76162,constant,,wd:Q1492,add_subject,0,0,0
47519,constant,,wd:Q14920391,add_subject,0,0,0
47521,constant,,wd:Q14920392,add_subject,0,0,0
47522,constant,,wd:Q14920393,add_subject,0,0,0
47520,constant,,wd:Q14920394,add_subject,0,0,0
35287,constant,,wd:Q14934048,add_subject,0,0,0
84358,constant,,wd:Q14936243,add_subject,0,0,0
76518,constant,,wd:Q1494,add_subject,0,0,0
49910,constant,,wd:Q14943752,add_subject,0,0,0
75333,constant,,wd:Q14960,add_subject,0,0,0
48744,constant,,wd:Q149621,add_subject,0,0,0
33380,constant,,wd:Q1497364,add_subject,0,0,0
45088,constant,,wd:Q1497375,add_subject,0,0,0
38193,constant,,wd:Q149757,add_subject,0,0,0
77382,constant,,wd:Q149789,add_subject,0,0,0
76076,constant,,wd:Q149918,add_subject,0,0,0
77221,constant,,wd:Q1499623,add_subject,0,0,0
87412,constant,,wd:Q1499767,add_subject,0,0,0
43928,constant,,wd:Q15,add_subject,0,0,0
35555,constant,,wd:Q150,add_subject,0,0,0
89950,constant,,wd:Q1500350,add_subject,0,0,0
77350,constant,,wd:Q15043775,add_subject,0,0,0
33226,constant,,wd:Q15056995,add_subject,0,0,0
75753,constant,,wd:Q15060255,add_subject,0,0,0
40624,constant,,wd:Q150604,add_subject,0,0,0
43957,constant,,wd:Q15061650,add_subject,0,0,0
32335,constant,,wd:Q15069452,add_subject,0,0,0
83897,constant,,wd:Q15078955,add_subject,0,0,0
45872,constant,,wd:Q15079663,add_subject,0,0,0
43418,constant,,wd:Q15079786,add_subject,0,0,0
37133,constant,,wd:Q15089,add_subject,0,0,0
84318,constant,,wd:Q1509,add_subject,0,0,0
85313,constant,,wd:Q15091,add_subject,0,0,0
36140,constant,,wd:Q15117302,add_subject,0,0,0
85014,constant,,wd:Q15125752,add_subject,0,0,0
86594,constant,,wd:Q15127012,add_subject,0,0,0
37427,constant,,wd:Q15141321,add_subject,0,0,0
78867,constant,,wd:Q15149663,add_subject,0,0,0
82828,constant,,wd:Q1516079,add_subject,0,0,0
85870,constant,,wd:Q15174,add_subject,0,0,0
81254,constant,,wd:Q151747,add_subject,0,0,0
32349,constant,,wd:Q15180,add_subject,0,0,0
77426,constant,,wd:Q1520223,add_subject,0,0,0
86781,constant,,wd:Q152081,add_subject,0,0,0
77216,constant,,wd:Q1522,add_subject,0,0,0
45735,constant,,wd:Q152357,add_subject,0,0,0
48530,constant,,wd:Q15238535,add_subject,0,0,0
43673,constant,,wd:Q15238609,add_subject,0,0,0
38488,constant,,wd:Q15239622,add_subject,0,0,0
75710,constant,,wd:Q1524,add_subject,0,0,0
84430,constant,,wd:Q15243209,add_subject,0,0,0
94140,constant,,wd:Q1524550,add_subject,0,0,0
75440,constant,,wd:Q15259995,add_subject,0,0,0
75534,constant,,wd:Q1527,add_subject,0,0,0
38000,constant,,wd:Q15275719,add_subject,0,0,0
44696,constant,,wd:Q15284,add_subject,0,0,0
86777,constant,,wd:Q1529096,add_subject,0,0,0
83813,constant,,wd:Q15296811,add_subject,0,0,0
88672,constant,,wd:Q15304003,add_subject,0,0,0
39937,constant,,wd:Q15304597,add_subject,0,0,0
89364,constant,,wd:Q153306,add_subject,0,0,0
76450,constant,,wd:Q1537,add_subject,0,0,0
33984,constant,,wd:Q1539532,add_subject,0,0,0
41100,constant,,wd:Q1540893,add_subject,0,0,0
29832,constant,,wd:Q15416,add_subject,0,0,0
96133,constant,,wd:Q1542668,add_subject,0,0,0
82047,constant,,wd:Q154293,add_subject,0,0,0
35321,constant,,wd:Q1543615,add_subject,0,0,0
81271,constant,,wd:Q1546,add_subject,0,0,0
95023,constant,,wd:Q1546995,add_subject,0,0,0
79312,constant,,wd:Q15470,add_subject,0,0,0
31558,constant,,wd:Q154804,add_subject,0,0,0
75994,constant,,wd:Q1549591,add_subject,0,0,0
32481,constant,,wd:Q155,add_subject,0,0,0
36653,constant,,wd:Q155076,add_subject,0,0,0
35870,constant,,wd:Q155239,add_subject,0,0,0
80992,constant,,wd:Q1553,add_subject,0,0,0
35337,constant,,wd:Q1555508,add_subject,0,0,0
41103,constant,,wd:Q1556014,add_subject,0,0,0
79027,constant,,wd:Q1558,add_subject,0,0,0
86352,constant,,wd:Q156150,add_subject,0,0,0
40376,constant,,wd:Q15617994,add_subject,0,0,0
30462,constant,,wd:Q15618652,add_subject,0,0,0
82132,constant,,wd:Q15621289,add_subject,0,0,0
32973,constant,,wd:Q15623926,add_subject,0,0,0
30039,constant,,wd:Q15632617,add_subject,0,0,0
31092,constant,,wd:Q15642541,add_subject,0,0,0
88602,constant,,wd:Q156449,add_subject,0,0,0
40627,constant,,wd:Q156533,add_subject,0,0,0
81860,constant,,wd:Q156569,add_subject,0,0,0
35036,constant,,wd:Q1565911,add_subject,0,0,0
42818,constant,,wd:Q156598,add_subject,0,0,0
88473,constant,,wd:Q15661340,add_subject,0,0,0
40629,constant,,wd:Q156692,add_subject,0,0,0
95455,constant,,wd:Q1568434,add_subject,0,0,0
47947,constant,,wd:Q1568567,add_subject,0,0,0
40630,constant,,wd:Q156901,add_subject,0,0,0
42878,constant,,wd:Q15697324,add_subject,0,0,0
46285,constant,,wd:Q15700818,add_subject,0,0,0
46286,constant,,wd:Q15700831,add_subject,0,0,0
46287,constant,,wd:Q15700834,add_subject,0,0,0
43383,constant,,wd:Q157031,add_subject,0,0,0
43519,constant,,wd:Q15708736,add_subject,0,0,0
33644,constant,,wd:Q15711994,add_subject,0,0,0
89591,constant,,wd:Q15725677,add_subject,0,0,0
75585,constant,,wd:Q15730712,add_subject,0,0,0
79369,constant,,wd:Q15731830,add_subject,0,0,0
85391,constant,,wd:Q15733003,add_subject,0,0,0
40632,constant,,wd:Q157503,add_subject,0,0,0
48544,constant,,wd:Q15754720,add_subject,0,0,0
45540,constant,,wd:Q157570,add_subject,0,0,0
93979,constant,,wd:Q1577547,add_subject,0,0,0
83501,constant,,wd:Q15786,add_subject,0,0,0
40637,constant,,wd:Q158032,add_subject,0,0,0
85980,constant,,wd:Q1581,add_subject,0,0,0
45837,constant,,wd:Q15836568,add_subject,0,0,0
47746,constant,,wd:Q158454,add_subject,0,0,0
83948,constant,,wd:Q158501,add_subject,0,0,0
93423,constant,,wd:Q158717,add_subject,0,0,0
81326,constant,,wd:Q158852,add_subject,0,0,0
84575,constant,,wd:Q1589009,add_subject,0,0,0
32350,constant,,wd:Q159,add_subject,0,0,0
39639,constant,,wd:Q15911738,add_subject,0,0,0
74212,constant,,wd:Q15921732,add_subject,0,0,0
78473,constant,,wd:Q15921764,add_subject,0,0,0
82338,constant,,wd:Q15930574,add_subject,0,0,0
40643,constant,,wd:Q159372,add_subject,0,0,0
35761,constant,,wd:Q15944511,add_subject,0,0,0
94058,constant,,wd:Q159729,add_subject,0,0,0
77316,constant,,wd:Q15974307,add_subject,0,0,0
81191,constant,,wd:Q15978299,add_subject,0,0,0
31383,constant,,wd:Q15978631,add_subject,0,0,0
47801,constant,,wd:Q159821,add_subject,0,0,0
74351,constant,,wd:Q15991303,add_subject,0,0,0
30841,constant,,wd:Q16,add_subject,0,0,0
76543,constant,,wd:Q16002466,add_subject,0,0,0
35751,constant,,wd:Q160112,add_subject,0,0,0
38304,constant,,wd:Q16017119,add_subject,0,0,0
42710,constant,,wd:Q160236,add_subject,0,0,0
31370,constant,,wd:Q16029547,add_subject,0,0,0
82797,constant,,wd:Q1603,add_subject,0,0,0
82030,constant,,wd:Q1605665,add_subject,0,0,0
43826,constant,,wd:Q160742,add_subject,0,0,0
86039,constant,,wd:Q160927,add_subject,0,0,0
85362,constant,,wd:Q1612,add_subject,0,0,0
87676,constant,,wd:Q16144,add_subject,0,0,0
85896,constant,,wd:Q161491,add_subject,0,0,0
42742,constant,,wd:Q1616075,add_subject,0,0,0
79112,constant,,wd:Q16162,add_subject,0,0,0
81624,constant,,wd:Q161705,add_subject,0,0,0
82151,constant,,wd:Q161741,add_subject,0,0,0
48828,constant,,wd:Q161885,add_subject,0,0,0
40648,constant,,wd:Q162097,add_subject,0,0,0
38319,constant,,wd:Q1622272,add_subject,0,0,0
81073,constant,,wd:Q1624461,add_subject,0,0,0
45541,constant,,wd:Q162875,add_subject,0,0,0
29822,constant,,wd:Q16334295,add_subject,0,0,0
81331,constant,,wd:Q163534,add_subject,0,0,0
35854,constant,,wd:Q163740,add_subject,0,0,0
75995,constant,,wd:Q1637706,add_subject,0,0,0
82482,constant,,wd:Q163948,add_subject,0,0,0
96113,constant,,wd:Q1641836,add_subject,0,0,0
76275,constant,,wd:Q16428906,add_subject,0,0,0
43636,constant,,wd:Q16438244,add_subject,0,0,0
44667,constant,,wd:Q164597,add_subject,0,0,0
84759,constant,,wd:Q1649,add_subject,0,0,0
30452,constant,,wd:Q164950,add_subject,0,0,0
37334,constant,,wd:Q165,add_subject,0,0,0
47601,constant,,wd:Q1650915,add_subject,0,0,0
31182,constant,,wd:Q16510064,add_subject,0,0,0
35024,constant,,wd:Q16517556,add_subject,0,0,0
30002,constant,,wd:Q16521,add_subject,0,0,0
40655,constant,,wd:Q165260,add_subject,0,0,0
81203,constant,,wd:Q16556,add_subject,0,0,0
82875,constant,,wd:Q16560,add_subject,0,0,0
38448,constant,,wd:Q166118,add_subject,0,0,0
37246,constant,,wd:Q166142,add_subject,0,0,0
85484,constant,,wd:Q166196,add_subject,0,0,0
37792,constant,,wd:Q16645086,add_subject,0,0,0
45097,constant,,wd:Q1664720,add_subject,0,0,0
37786,constant,,wd:Q1670336,add_subject,0,0,0
35230,constant,,wd:Q167037,add_subject,0,0,0
48246,constant,,wd:Q16707842,add_subject,0,0,0
40121,constant,,wd:Q167270,add_subject,0,0,0
88040,constant,,wd:Q167273,add_subject,0,0,0
34715,constant,,wd:Q167346,add_subject,0,0,0
36735,constant,,wd:Q16739336,add_subject,0,0,0
85808,constant,,wd:Q1675463,add_subject,0,0,0
76229,constant,,wd:Q167874,add_subject,0,0,0
48985,constant,,wd:Q16831714,add_subject,0,0,0
85373,constant,,wd:Q16868070,add_subject,0,0,0
81676,constant,,wd:Q16869,add_subject,0,0,0
47826,constant,,wd:Q16887380,add_subject,0,0,0
74477,constant,,wd:Q16889133,add_subject,0,0,0
39341,constant,,wd:Q16917,add_subject,0,0,0
35340,constant,,wd:Q169336,add_subject,0,0,0
82475,constant,,wd:Q16947657,add_subject,0,0,0
75312,constant,,wd:Q16957,add_subject,0,0,0
79454,constant,,wd:Q169661,add_subject,0,0,0
32638,constant,,wd:Q16970,add_subject,0,0,0
48363,constant,,wd:Q169872,add_subject,0,0,0
29984,constant,,wd:Q169930,add_subject,0,0,0
39818,constant,,wd:Q17,add_subject,0,0,0
44551,constant,,wd:Q1700481,add_subject,0,0,0
38481,constant,,wd:Q170156,add_subject,0,0,0
32641,constant,,wd:Q170584,add_subject,0,0,0
48102,constant,,wd:Q170758,add_subject,0,0,0
82960,constant,,wd:Q171150,add_subject,0,0,0
35571,constant,,wd:Q171318,add_subject,0,0,0
79383,constant,,wd:Q171357,add_subject,0,0,0
42716,constant,,wd:Q171441,add_subject,0,0,0
39171,constant,,wd:Q17146139,add_subject,0,0,0
48710,constant,,wd:Q17149090,add_subject,0,0,0
42518,constant,,wd:Q17166772,add_subject,0,0,0
43951,constant,,wd:Q17167,add_subject,0,0,0
81330,constant,,wd:Q171689,add_subject,0,0,0
76238,constant,,wd:Q171852,add_subject,0,0,0
85775,constant,,wd:Q1720,add_subject,0,0,0
33579,constant,,wd:Q172579,add_subject,0,0,0
76530,constant,,wd:Q1726,add_subject,0,0,0
97982,constant,,wd:Q17272482,add_subject,0,0,0
42533,constant,,wd:Q17286905,add_subject,0,0,0
39233,constant,,wd:Q17297633,add_subject,0,0,0
77639,constant,,wd:Q173,add_subject,0,0,0
77318,constant,,wd:Q1731,add_subject,0,0,0
86770,constant,,wd:Q1731155,add_subject,0,0,0
43384,constant,,wd:Q17329259,add_subject,0,0,0
80781,constant,,wd:Q1733,add_subject,0,0,0
30154,constant,,wd:Q17339814,add_subject,0,0,0
49063,constant,,wd:Q1734,add_subject,0,0,0
85104,constant,,wd:Q17343829,add_subject,0,0,0
77613,constant,,wd:Q1735,add_subject,0,0,0
35699,constant,,wd:Q17350442,add_subject,0,0,0
38740,constant,,wd:Q17362920,add_subject,0,0,0
80078,constant,,wd:Q173756,add_subject,0,0,0
30032,constant,,wd:Q17376908,add_subject,0,0,0
86188,constant,,wd:Q173813,add_subject,0,0,0
75705,constant,,wd:Q174,add_subject,0,0,0
75783,constant,,wd:Q1741,add_subject,0,0,0
33205,constant,,wd:Q174193,add_subject,0,0,0
35020,constant,,wd:Q1744024,add_subject,0,0,0
74210,constant,,wd:Q17442446,add_subject,0,0,0
30504,constant,,wd:Q17451,add_subject,0,0,0
76893,constant,,wd:Q174736,add_subject,0,0,0
38402,constant,,wd:Q174782,add_subject,0,0,0
93800,constant,,wd:Q17489143,add_subject,0,0,0
33882,constant,,wd:Q17489659,add_subject,0,0,0
83660,constant,,wd:Q1749269,add_subject,0,0,0
86971,constant,,wd:Q17497,add_subject,0,0,0
88326,constant,,wd:Q17505902,add_subject,0,0,0
34597,constant,,wd:Q1750705,add_subject,0,0,0
82508,constant,,wd:Q175129,add_subject,0,0,0
80237,constant,,wd:Q175151,add_subject,0,0,0
35281,constant,,wd:Q17516936,add_subject,0,0,0
76864,constant,,wd:Q17517379,add_subject,0,0,0
80690,constant,,wd:Q17523984,add_subject,0,0,0
81312,constant,,wd:Q17535155,add_subject,0,0,0
35539,constant,,wd:Q17537576,add_subject,0,0,0
75456,constant,,wd:Q1754,add_subject,0,0,0
49251,constant,,wd:Q17553950,add_subject,0,0,0
43103,constant,,wd:Q17558136,add_subject,0,0,0
76953,constant,,wd:Q1757,add_subject,0,0,0
41125,constant,,wd:Q1757703,add_subject,0,0,0
79290,constant,,wd:Q1761,add_subject,0,0,0
38630,constant,,wd:Q1762059,add_subject,0,0,0
49017,constant,,wd:Q176251,add_subject,0,0,0
87024,constant,,wd:Q17633526,add_subject,0,0,0
83474,constant,,wd:Q1763527,add_subject,0,0,0
43549,constant,,wd:Q176799,add_subject,0,0,0
49016,constant,,wd:Q17698911,add_subject,0,0,0
95855,constant,,wd:Q17701409,add_subject,0,0,0
38170,constant,,wd:Q177220,add_subject,0,0,0
76415,constant,,wd:Q1781,add_subject,0,0,0
48984,constant,,wd:Q1785071,add_subject,0,0,0
49616,constant,,wd:Q178561,add_subject,0,0,0
84555,constant,,wd:Q17865069,add_subject,0,0,0
37906,constant,,wd:Q178706,add_subject,0,0,0
87722,constant,,wd:Q1787111,add_subject,0,0,0
86874,constant,,wd:Q1788716,add_subject,0,0,0
32405,constant,,wd:Q178885,add_subject,0,0,0
86686,constant,,wd:Q179049,add_subject,0,0,0
78709,constant,,wd:Q1792,add_subject,0,0,0
46374,constant,,wd:Q1792159,add_subject,0,0,0
47909,constant,,wd:Q1792644,add_subject,0,0,0
80075,constant,,wd:Q179351,add_subject,0,0,0
76356,constant,,wd:Q1794,add_subject,0,0,0
39862,constant,,wd:Q179700,add_subject,0,0,0
44947,constant,,wd:Q179876,add_subject,0,0,0
80019,constant,,wd:Q1799,add_subject,0,0,0
88554,constant,,wd:Q1799072,add_subject,0,0,0
43929,constant,,wd:Q18,add_subject,0,0,0
74775,constant,,wd:Q180,add_subject,0,0,0
83477,constant,,wd:Q18001597,add_subject,0,0,0
86667,constant,,wd:Q18011418,add_subject,0,0,0
79467,constant,,wd:Q18012526,add_subject,0,0,0
81544,constant,,wd:Q18012535,add_subject,0,0,0
82209,constant,,wd:Q18013783,add_subject,0,0,0
48385,constant,,wd:Q18015642,add_subject,0,0,0
48386,constant,,wd:Q18018860,add_subject,0,0,0
87576,constant,,wd:Q1802801,add_subject,0,0,0
79154,constant,,wd:Q18029644,add_subject,0,0,0
76974,constant,,wd:Q18042461,add_subject,0,0,0
87339,constant,,wd:Q180445,add_subject,0,0,0
75356,constant,,wd:Q18057751,add_subject,0,0,0
39548,constant,,wd:Q180684,add_subject,0,0,0
86619,constant,,wd:Q180788,add_subject,0,0,0
82621,constant,,wd:Q18094,add_subject,0,0,0
37037,constant,,wd:Q18127,add_subject,0,0,0
34440,constant,,wd:Q18131152,add_subject,0,0,0
48851,constant,,wd:Q181348,add_subject,0,0,0
80022,constant,,wd:Q18145837,add_subject,0,0,0
35322,constant,,wd:Q1814990,add_subject,0,0,0
83949,constant,,wd:Q18177333,add_subject,0,0,0
78157,constant,,wd:Q18190448,add_subject,0,0,0
87763,constant,,wd:Q18201505,add_subject,0,0,0
95456,constant,,wd:Q1820897,add_subject,0,0,0
83715,constant,,wd:Q18216057,add_subject,0,0,0
38482,constant,,wd:Q182547,add_subject,0,0,0
35407,constant,,wd:Q1825472,add_subject,0,0,0
84114,constant,,wd:Q182872,add_subject,0,0,0
29996,constant,,wd:Q183,add_subject,0,0,0
76585,constant,,wd:Q18340514,add_subject,0,0,0
77156,constant,,wd:Q183487,add_subject,0,0,0
75358,constant,,wd:Q183945,add_subject,0,0,0
29757,constant,,wd:Q184,add_subject,0,0,0
46137,constant,,wd:Q1841,add_subject,0,0,0
82896,constant,,wd:Q184163,add_subject,0,0,0
33390,constant,,wd:Q184188,add_subject,0,0,0
83723,constant,,wd:Q18419,add_subject,0,0,0
45298,constant,,wd:Q184558,add_subject,0,0,0
96016,constant,,wd:Q1848918,add_subject,0,0,0
45642,constant,,wd:Q18510612,add_subject,0,0,0
87002,constant,,wd:Q185134,add_subject,0,0,0
35871,constant,,wd:Q185187,add_subject,0,0,0
33391,constant,,wd:Q18524218,add_subject,0,0,0
39214,constant,,wd:Q1852859,add_subject,0,0,0
77496,constant,,wd:Q18536594,add_subject,0,0,0
41147,constant,,wd:Q1856753,add_subject,0,0,0
76833,constant,,wd:Q185836,add_subject,0,0,0
33497,constant,,wd:Q1860,add_subject,0,0,0
94407,constant,,wd:Q18600731,add_subject,0,0,0
42958,constant,,wd:Q18600785,add_subject,0,0,0
84859,constant,,wd:Q18607899,add_subject,0,0,0
77208,constant,,wd:Q18608583,add_subject,0,0,0
74893,constant,,wd:Q186096,add_subject,0,0,0
30766,constant,,wd:Q18616576,add_subject,0,0,0
45407,constant,,wd:Q18621601,add_subject,0,0,0
83049,constant,,wd:Q18624259,add_subject,0,0,0
86515,constant,,wd:Q18656,add_subject,0,0,0
94938,constant,,wd:Q18663566,add_subject,0,0,0
45722,constant,,wd:Q18665330,add_subject,0,0,0
45723,constant,,wd:Q18665334,add_subject,0,0,0
45724,constant,,wd:Q18665339,add_subject,0,0,0
37159,constant,,wd:Q18674739,add_subject,0,0,0
89819,constant,,wd:Q186946,add_subject,0,0,0
40660,constant,,wd:Q187014,add_subject,0,0,0
30864,constant,,wd:Q18702210,add_subject,0,0,0
88299,constant,,wd:Q18721,add_subject,0,0,0
37336,constant,,wd:Q187223,add_subject,0,0,0
79061,constant,,wd:Q187346,add_subject,0,0,0
49125,constant,,wd:Q187588,add_subject,0,0,0
88328,constant,,wd:Q18761202,add_subject,0,0,0
35520,constant,,wd:Q188,add_subject,0,0,0
95739,constant,,wd:Q188143,add_subject,0,0,0
77547,constant,,wd:Q18844224,add_subject,0,0,0
36796,constant,,wd:Q188451,add_subject,0,0,0
48745,constant,,wd:Q188509,add_subject,0,0,0
89225,constant,,wd:Q18867465,add_subject,0,0,0
83755,constant,,wd:Q188712,add_subject,0,0,0
36271,constant,,wd:Q188740,add_subject,0,0,0
85124,constant,,wd:Q188984,add_subject,0,0,0
30654,constant,,wd:Q189,add_subject,0,0,0
36304,constant,,wd:Q189004,add_subject,0,0,0
78909,constant,,wd:Q1891,add_subject,0,0,0
45287,constant,,wd:Q18915989,add_subject,0,0,0
88720,constant,,wd:Q189288,add_subject,0,0,0
40476,constant,,wd:Q18952,add_subject,0,0,0
36475,constant,,wd:Q189533,add_subject,0,0,0
44109,constant,,wd:Q189567,add_subject,0,0,0
41154,constant,,wd:Q1896675,add_subject,0,0,0
43469,constant,,wd:Q189760,add_subject,0,0,0
75275,constant,,wd:Q1899,add_subject,0,0,0
49230,constant,,wd:Q189962,add_subject,0,0,0
81249,constant,,wd:Q19020,add_subject,0,0,0
75107,constant,,wd:Q1904,add_subject,0,0,0
88361,constant,,wd:Q190429,add_subject,0,0,0
83499,constant,,wd:Q1907114,add_subject,0,0,0
83469,constant,,wd:Q190804,add_subject,0,0,0
82932,constant,,wd:Q190943,add_subject,0,0,0
32937,constant,,wd:Q191,add_subject,0,0,0
36506,constant,,wd:Q191067,add_subject,0,0,0
41155,constant,,wd:Q1911170,add_subject,0,0,0
33277,constant,,wd:Q1914636,add_subject,0,0,0
82159,constant,,wd:Q19184926,add_subject,0,0,0
86177,constant,,wd:Q19204627,add_subject,0,0,0
83221,constant,,wd:Q1920728,add_subject,0,0,0
75555,constant,,wd:Q192287,add_subject,0,0,0
45737,constant,,wd:Q1922956,add_subject,0,0,0
84406,constant,,wd:Q192299,add_subject,0,0,0
87113,constant,,wd:Q1925963,add_subject,0,0,0
44710,constant,,wd:Q192601,add_subject,0,0,0
92421,constant,,wd:Q192864,add_subject,0,0,0
95905,constant,,wd:Q1928672,add_subject,0,0,0
30438,constant,,wd:Q1930187,add_subject,0,0,0
37028,constant,,wd:Q19305384,add_subject,0,0,0
94393,constant,,wd:Q1931024,add_subject,0,0,0
89473,constant,,wd:Q193407,add_subject,0,0,0
46170,constant,,wd:Q19346745,add_subject,0,0,0
47532,constant,,wd:Q193564,add_subject,0,0,0
49460,constant,,wd:Q193622,add_subject,0,0,0
85437,constant,,wd:Q193638,add_subject,0,0,0
45685,constant,,wd:Q19389637,add_subject,0,0,0
81242,constant,,wd:Q1939370,add_subject,0,0,0
34717,constant,,wd:Q194195,add_subject,0,0,0
49076,constant,,wd:Q194203,add_subject,0,0,0
87649,constant,,wd:Q194420,add_subject,0,0,0
41525,constant,,wd:Q1944939,add_subject,0,0,0
41526,constant,,wd:Q1945822,add_subject,0,0,0
89649,constant,,wd:Q19470,add_subject,0,0,0
95976,constant,,wd:Q19473,add_subject,0,0,0
29779,constant,,wd:Q19474404,add_subject,0,0,0
86518,constant,,wd:Q19481,add_subject,0,0,0
35784,constant,,wd:Q1948674,add_subject,0,0,0
41531,constant,,wd:Q1949541,add_subject,0,0,0
86064,constant,,wd:Q19498,add_subject,0,0,0
86519,constant,,wd:Q19500,add_subject,0,0,0
87580,constant,,wd:Q1952033,add_subject,0,0,0
83059,constant,,wd:Q1952852,add_subject,0,0,0
49344,constant,,wd:Q19558910,add_subject,0,0,0
88993,constant,,wd:Q19589,add_subject,0,0,0
36871,constant,,wd:Q1964689,add_subject,0,0,0
34996,constant,,wd:Q196600,add_subject,0,0,0
45089,constant,,wd:Q1967614,add_subject,0,0,0
75560,constant,,wd:Q19692233,add_subject,0,0,0
81080,constant,,wd:Q1969345,add_subject,0,0,0
38112,constant,,wd:Q19723444,add_subject,0,0,0
75112,constant,,wd:Q1974,add_subject,0,0,0
48995,constant,,wd:Q198,add_subject,0,0,0
30264,constant,,wd:Q1980247,add_subject,0,0,0
30996,constant,,wd:Q1983062,add_subject,0,0,0
78459,constant,,wd:Q1985538,add_subject,0,0,0
50168,constant,,wd:Q19860854,add_subject,0,0,0
82402,constant,,wd:Q19887878,add_subject,0,0,0
48772,constant,,wd:Q19887923,add_subject,0,0,0
48774,constant,,wd:Q19887925,add_subject,0,0,0
48778,constant,,wd:Q19887932,add_subject,0,0,0
43662,constant,,wd:Q19887954,add_subject,0,0,0
43663,constant,,wd:Q19887955,add_subject,0,0,0
43669,constant,,wd:Q19887964,add_subject,0,0,0
43670,constant,,wd:Q19887965,add_subject,0,0,0
42811,constant,,wd:Q19887985,add_subject,0,0,0
42810,constant,,wd:Q19887987,add_subject,0,0,0
37793,constant,,wd:Q19888339,add_subject,0,0,0
37798,constant,,wd:Q19888422,add_subject,0,0,0
39363,constant,,wd:Q19888517,add_subject,0,0,0
39365,constant,,wd:Q19888562,add_subject,0,0,0
39367,constant,,wd:Q19888591,add_subject,0,0,0
33521,constant,,wd:Q19891,add_subject,0,0,0
33522,constant,,wd:Q19892,add_subject,0,0,0
45745,constant,,wd:Q19916539,add_subject,0,0,0
40662,constant,,wd:Q199251,add_subject,0,0,0
86450,constant,,wd:Q19953632,add_subject,0,0,0
47932,constant,,wd:Q19988329,add_subject,0,0,0
31453,constant,,wd:Q2,add_subject,0,0,0
30649,constant,,wd:Q20,add_subject,0,0,0
32808,constant,,wd:Q200,add_subject,0,0,0
36450,constant,,wd:Q2001305,add_subject,0,0,0
77313,constant,,wd:Q200250,add_subject,0,0,0
48321,constant,,wd:Q20037067,add_subject,0,0,0
43524,constant,,wd:Q200547,add_subject,0,0,0
33462,constant,,wd:Q2005755,add_subject,0,0,0
34541,constant,,wd:Q20058666,add_subject,0,0,0
88122,constant,,wd:Q2006279,add_subject,0,0,0
40283,constant,,wd:Q20074337,add_subject,0,0,0
89902,constant,,wd:Q200779,add_subject,0,0,0
32809,constant,,wd:Q201,add_subject,0,0,0
76244,constant,,wd:Q2012050,add_subject,0,0,0
47849,constant,,wd:Q201469,add_subject,0,0,0
37787,constant,,wd:Q2015138,add_subject,0,0,0
81264,constant,,wd:Q201658,add_subject,0,0,0
30435,constant,,wd:Q201788,add_subject,0,0,0
93435,constant,,wd:Q2018386,add_subject,0,0,0
81589,constant,,wd:Q2023000,add_subject,0,0,0
45736,constant,,wd:Q202466,add_subject,0,0,0
74466,constant,,wd:Q202686,add_subject,0,0,0
37537,constant,,wd:Q202866,add_subject,0,0,0
92553,constant,,wd:Q203,add_subject,0,0,0
85125,constant,,wd:Q203384,add_subject,0,0,0
44158,constant,,wd:Q2039348,add_subject,0,0,0
48343,constant,,wd:Q204179,add_subject,0,0,0
78539,constant,,wd:Q2044,add_subject,0,0,0
44668,constant,,wd:Q204481,add_subject,0,0,0
89756,constant,,wd:Q204613,add_subject,0,0,0
82488,constant,,wd:Q204622,add_subject,0,0,0
76848,constant,,wd:Q204632,add_subject,0,0,0
88981,constant,,wd:Q2051997,add_subject,0,0,0
82836,constant,,wd:Q2052,add_subject,0,0,0
89719,constant,,wd:Q205295,add_subject,0,0,0
33505,constant,,wd:Q205355,add_subject,0,0,0
78803,constant,,wd:Q20540385,add_subject,0,0,0
41577,constant,,wd:Q2056201,add_subject,0,0,0
86642,constant,,wd:Q205679,add_subject,0,0,0
34050,constant,,wd:Q2057971,add_subject,0,0,0
34423,constant,,wd:Q2061186,add_subject,0,0,0
84292,constant,,wd:Q2061957,add_subject,0,0,0
86730,constant,,wd:Q206312,add_subject,0,0,0
88472,constant,,wd:Q206381,add_subject,0,0,0
46634,constant,,wd:Q20639847,add_subject,0,0,0
33132,constant,,wd:Q20643955,add_subject,0,0,0
35668,constant,,wd:Q20644795,add_subject,0,0,0
35670,constant,,wd:Q20644796,add_subject,0,0,0
35671,constant,,wd:Q20644797,add_subject,0,0,0
93474,constant,,wd:Q20646667,add_subject,0,0,0
93395,constant,,wd:Q20646670,add_subject,0,0,0
40220,constant,,wd:Q2065736,add_subject,0,0,0
45235,constant,,wd:Q2066131,add_subject,0,0,0
83588,constant,,wd:Q206615,add_subject,0,0,0
39867,constant,,wd:Q20667187,add_subject,0,0,0
45704,constant,,wd:Q20672087,add_subject,0,0,0
45707,constant,,wd:Q20672088,add_subject,0,0,0
45708,constant,,wd:Q20672089,add_subject,0,0,0
45705,constant,,wd:Q20672090,add_subject,0,0,0
45706,constant,,wd:Q20672091,add_subject,0,0,0
76725,constant,,wd:Q206763,add_subject,0,0,0
82902,constant,,wd:Q206988,add_subject,0,0,0
49435,constant,,wd:Q2069919,add_subject,0,0,0
40666,constant,,wd:Q206998,add_subject,0,0,0
88360,constant,,wd:Q20719696,add_subject,0,0,0
88670,constant,,wd:Q2072238,add_subject,0,0,0
39308,constant,,wd:Q20732405,add_subject,0,0,0
36667,constant,,wd:Q207326,add_subject,0,0,0
86062,constant,,wd:Q2074,add_subject,0,0,0
45146,constant,,wd:Q20747146,add_subject,0,0,0
81729,constant,,wd:Q20747295,add_subject,0,0,0
38700,constant,,wd:Q2074737,add_subject,0,0,0
32402,constant,,wd:Q207628,add_subject,0,0,0
33393,constant,,wd:Q207694,add_subject,0,0,0
46580,constant,,wd:Q207766,add_subject,0,0,0
29817,constant,,wd:Q207869,add_subject,0,0,0
35585,constant,,wd:Q2079150,add_subject,0,0,0
49533,constant,,wd:Q207961,add_subject,0,0,0
75432,constant,,wd:Q208175,add_subject,0,0,0
41584,constant,,wd:Q2082228,add_subject,0,0,0
87165,constant,,wd:Q208511,add_subject,0,0,0
31660,constant,,wd:Q2085381,add_subject,0,0,0
86328,constant,,wd:Q20871353,add_subject,0,0,0
30656,constant,,wd:Q2088357,add_subject,0,0,0
80775,constant,,wd:Q208850,add_subject,0,0,0
37166,constant,,wd:Q209163,add_subject,0,0,0
75729,constant,,wd:Q2093070,add_subject,0,0,0
31448,constant,,wd:Q2095,add_subject,0,0,0
82489,constant,,wd:Q209549,add_subject,0,0,0
86803,constant,,wd:Q2096,add_subject,0,0,0
40667,constant,,wd:Q209602,add_subject,0,0,0
35683,constant,,wd:Q209939,add_subject,0,0,0
44216,constant,,wd:Q210081,add_subject,0,0,0
32536,constant,,wd:Q21014462,add_subject,0,0,0
44079,constant,,wd:Q210167,add_subject,0,0,0
34149,constant,,wd:Q21025364,add_subject,0,0,0
40208,constant,,wd:Q210272,add_subject,0,0,0
44588,constant,,wd:Q21029893,add_subject,0,0,0
79462,constant,,wd:Q2103,add_subject,0,0,0
49875,constant,,wd:Q21032547,add_subject,0,0,0
49876,constant,,wd:Q21032552,add_subject,0,0,0
33900,constant,,wd:Q210392,add_subject,0,0,0
86893,constant,,wd:Q210661,add_subject,0,0,0
82490,constant,,wd:Q210720,add_subject,0,0,0
37377,constant,,wd:Q211,add_subject,0,0,0
45522,constant,,wd:Q211005,add_subject,0,0,0
33509,constant,,wd:Q211265,add_subject,0,0,0
96017,constant,,wd:Q211477,add_subject,0,0,0
35880,constant,,wd:Q211503,add_subject,0,0,0
35466,constant,,wd:Q21191019,add_subject,0,0,0
31005,constant,,wd:Q21191270,add_subject,0,0,0
85907,constant,,wd:Q21198,add_subject,0,0,0
38149,constant,,wd:Q212,add_subject,0,0,0
79640,constant,,wd:Q21203,add_subject,0,0,0
87930,constant,,wd:Q21208,add_subject,0,0,0
89490,constant,,wd:Q212198,add_subject,0,0,0
82113,constant,,wd:Q212238,add_subject,0,0,0
30291,constant,,wd:Q21286738,add_subject,0,0,0
48801,constant,,wd:Q21290864,add_subject,0,0,0
34267,constant,,wd:Q213,add_subject,0,0,0
48717,constant,,wd:Q213441,add_subject,0,0,0
48064,constant,,wd:Q2134665,add_subject,0,0,0
37819,constant,,wd:Q2136103,add_subject,0,0,0
49019,constant,,wd:Q213934,add_subject,0,0,0
33642,constant,,wd:Q214,add_subject,0,0,0
79203,constant,,wd:Q2140,add_subject,0,0,0
78542,constant,,wd:Q2141,add_subject,0,0,0
95904,constant,,wd:Q214252,add_subject,0,0,0
78712,constant,,wd:Q2145,add_subject,0,0,0
39227,constant,,wd:Q214519,add_subject,0,0,0
30474,constant,,wd:Q214609,add_subject,0,0,0
48458,constant,,wd:Q21469493,add_subject,0,0,0
41840,constant,,wd:Q2147082,add_subject,0,0,0
43972,constant,,wd:Q214867,add_subject,0,0,0
75268,constant,,wd:Q214917,add_subject,0,0,0
37777,constant,,wd:Q215,add_subject,0,0,0
29747,constant,,wd:Q21502404,add_subject,0,0,0
29770,constant,,wd:Q21502410,add_subject,0,0,0
29860,constant,,wd:Q21510865,add_subject,0,0,0
74328,constant,,wd:Q21518270,add_subject,0,0,0
32972,constant,,wd:Q215380,add_subject,0,0,0
81849,constant,,wd:Q215536,add_subject,0,0,0
29818,constant,,wd:Q215627,add_subject,0,0,0
30594,constant,,wd:Q21571488,add_subject,0,0,0
81666,constant,,wd:Q216048,add_subject,0,0,0
87850,constant,,wd:Q2163153,add_subject,0,0,0
44534,constant,,wd:Q216353,add_subject,0,0,0
87945,constant,,wd:Q21672098,add_subject,0,0,0
35004,constant,,wd:Q216866,add_subject,0,0,0
35158,constant,,wd:Q216916,add_subject,0,0,0
95736,constant,,wd:Q21694746,add_subject,0,0,0
46066,constant,,wd:Q217,add_subject,0,0,0
40671,constant,,wd:Q217478,add_subject,0,0,0
42788,constant,,wd:Q2177636,add_subject,0,0,0
34064,constant,,wd:Q218,add_subject,0,0,0
41844,constant,,wd:Q2183754,add_subject,0,0,0
49752,constant,,wd:Q21869758,add_subject,0,0,0
33599,constant,,wd:Q21874050,add_subject,0,0,0
29958,constant,,wd:Q2188189,add_subject,0,0,0
46065,constant,,wd:Q219,add_subject,0,0,0
45523,constant,,wd:Q219127,add_subject,0,0,0
45774,constant,,wd:Q219538,add_subject,0,0,0
79559,constant,,wd:Q2198484,add_subject,0,0,0
94448,constant,,wd:Q219980,add_subject,0,0,0
38699,constant,,wd:Q220,add_subject,0,0,0
42739,constant,,wd:Q220505,add_subject,0,0,0
49255,constant,,wd:Q220659,add_subject,0,0,0
35573,constant,,wd:Q2207288,add_subject,0,0,0
46068,constant,,wd:Q221,add_subject,0,0,0
83406,constant,,wd:Q2215841,add_subject,0,0,0
80030,constant,,wd:Q221978,add_subject,0,0,0
46067,constant,,wd:Q222,add_subject,0,0,0
30423,constant,,wd:Q2221906,add_subject,0,0,0
79491,constant,,wd:Q2225692,add_subject,0,0,0
35684,constant,,wd:Q222910,add_subject,0,0,0
75162,constant,,wd:Q223,add_subject,0,0,0
87431,constant,,wd:Q223286,add_subject,0,0,0
35347,constant,,wd:Q223393,add_subject,0,0,0
41851,constant,,wd:Q2234462,add_subject,0,0,0
49376,constant,,wd:Q2235308,add_subject,0,0,0
30475,constant,,wd:Q223557,add_subject,0,0,0
40480,constant,,wd:Q22364,add_subject,0,0,0
75233,constant,,wd:Q223832,add_subject,0,0,0
29819,constant,,wd:Q2239243,add_subject,0,0,0
46070,constant,,wd:Q224,add_subject,0,0,0
46071,constant,,wd:Q225,add_subject,0,0,0
41858,constant,,wd:Q2253527,add_subject,0,0,0
76417,constant,,wd:Q2256,add_subject,0,0,0
45074,constant,,wd:Q2259451,add_subject,0,0,0
93511,constant,,wd:Q2261792,add_subject,0,0,0
96008,constant,,wd:Q2264864,add_subject,0,0,0
77315,constant,,wd:Q2264924,add_subject,0,0,0
89218,constant,,wd:Q22651,add_subject,0,0,0
44664,constant,,wd:Q22652,add_subject,0,0,0
34123,constant,,wd:Q22667,add_subject,0,0,0
84786,constant,,wd:Q22671,add_subject,0,0,0
31217,constant,,wd:Q226730,add_subject,0,0,0
35489,constant,,wd:Q22675015,add_subject,0,0,0
86060,constant,,wd:Q22687,add_subject,0,0,0
83722,constant,,wd:Q22690,add_subject,0,0,0
38399,constant,,wd:Q22698,add_subject,0,0,0
46069,constant,,wd:Q227,add_subject,0,0,0
88297,constant,,wd:Q22731,add_subject,0,0,0
95094,constant,,wd:Q2276661,add_subject,0,0,0
43950,constant,,wd:Q2277,add_subject,0,0,0
37818,constant,,wd:Q227936,add_subject,0,0,0
77200,constant,,wd:Q228,add_subject,0,0,0
78713,constant,,wd:Q2280,add_subject,0,0,0
94963,constant,,wd:Q228145,add_subject,0,0,0
76156,constant,,wd:Q22865,add_subject,0,0,0
45327,constant,,wd:Q229,add_subject,0,0,0
49753,constant,,wd:Q22927616,add_subject,0,0,0
49136,constant,,wd:Q22934992,add_subject,0,0,0
49137,constant,,wd:Q22935012,add_subject,0,0,0
49138,constant,,wd:Q22935029,add_subject,0,0,0
49139,constant,,wd:Q22935045,add_subject,0,0,0
49140,constant,,wd:Q22935060,add_subject,0,0,0
88908,constant,,wd:Q22936940,add_subject,0,0,0
49789,constant,,wd:Q22950320,add_subject,0,0,0
82233,constant,,wd:Q22988604,add_subject,0,0,0
85296,constant,,wd:Q22996476,add_subject,0,0,0
33263,constant,,wd:Q22998436,add_subject,0,0,0
37878,constant,,wd:Q230,add_subject,0,0,0
87428,constant,,wd:Q23002039,add_subject,0,0,0
83666,constant,,wd:Q23002054,add_subject,0,0,0
76747,constant,,wd:Q2300236,add_subject,0,0,0
82154,constant,,wd:Q230127,add_subject,0,0,0
30457,constant,,wd:Q2301325,add_subject,0,0,0
49143,constant,,wd:Q23014451,add_subject,0,0,0
49145,constant,,wd:Q23014453,add_subject,0,0,0
49147,constant,,wd:Q23014457,add_subject,0,0,0
88121,constant,,wd:Q230262,add_subject,0,0,0
41866,constant,,wd:Q2302897,add_subject,0,0,0
80802,constant,,wd:Q23038290,add_subject,0,0,0
49729,constant,,wd:Q23038972,add_subject,0,0,0
83584,constant,,wd:Q23058,add_subject,0,0,0
97788,constant,,wd:Q23058136,add_subject,0,0,0
85005,constant,,wd:Q23079,add_subject,0,0,0
37885,constant,,wd:Q2309784,add_subject,0,0,0
29951,constant,,wd:Q231002,add_subject,0,0,0
84622,constant,,wd:Q23109,add_subject,0,0,0
81594,constant,,wd:Q23111,add_subject,0,0,0
86877,constant,,wd:Q23115,add_subject,0,0,0
78804,constant,,wd:Q23148,add_subject,0,0,0
81935,constant,,wd:Q23154,add_subject,0,0,0
83602,constant,,wd:Q23169,add_subject,0,0,0
46072,constant,,wd:Q232,add_subject,0,0,0
76789,constant,,wd:Q23204,add_subject,0,0,0
85515,constant,,wd:Q23276,add_subject,0,0,0
48750,constant,,wd:Q233,add_subject,0,0,0
91175,constant,,wd:Q2334148,add_subject,0,0,0
87110,constant,,wd:Q233591,add_subject,0,0,0
94426,constant,,wd:Q2338259,add_subject,0,0,0
49093,constant,,wd:Q23392,add_subject,0,0,0
37332,constant,,wd:Q23397,add_subject,0,0,0
40202,constant,,wd:Q23402,add_subject,0,0,0
80798,constant,,wd:Q23413,add_subject,0,0,0
85741,constant,,wd:Q2341654,add_subject,0,0,0
32570,constant,,wd:Q23442,add_subject,0,0,0
37801,constant,,wd:Q23444,add_subject,0,0,0
33531,constant,,wd:Q234460,add_subject,0,0,0
77322,constant,,wd:Q23482,add_subject,0,0,0
38201,constant,,wd:Q234870,add_subject,0,0,0
39001,constant,,wd:Q2352616,add_subject,0,0,0
30087,constant,,wd:Q235557,add_subject,0,0,0
77638,constant,,wd:Q23556,add_subject,0,0,0
89400,constant,,wd:Q235715,add_subject,0,0,0
46073,constant,,wd:Q236,add_subject,0,0,0
79104,constant,,wd:Q23622,add_subject,0,0,0
96006,constant,,wd:Q2362660,add_subject,0,0,0
49585,constant,,wd:Q23649983,add_subject,0,0,0
95950,constant,,wd:Q2365880,add_subject,0,0,0
85452,constant,,wd:Q236680,add_subject,0,0,0
45738,constant,,wd:Q2367101,add_subject,0,0,0
85158,constant,,wd:Q2369287,add_subject,0,0,0
46045,constant,,wd:Q2370000,add_subject,0,0,0
37419,constant,,wd:Q23712,add_subject,0,0,0
94612,constant,,wd:Q23726798,add_subject,0,0,0
45524,constant,,wd:Q237350,add_subject,0,0,0
48336,constant,,wd:Q23786,add_subject,0,0,0
39860,constant,,wd:Q23790322,add_subject,0,0,0
30450,constant,,wd:Q2382443,add_subject,0,0,0
35514,constant,,wd:Q23830578,add_subject,0,0,0
41886,constant,,wd:Q2383656,add_subject,0,0,0
98185,constant,,wd:Q23838648,add_subject,0,0,0
37434,constant,,wd:Q2385804,add_subject,0,0,0
95852,constant,,wd:Q238587,add_subject,0,0,0
80772,constant,,wd:Q238723,add_subject,0,0,0
45037,constant,,wd:Q23882,add_subject,0,0,0
76536,constant,,wd:Q23894233,add_subject,0,0,0
77939,constant,,wd:Q2389789,add_subject,0,0,0
82105,constant,,wd:Q239043,add_subject,0,0,0
87351,constant,,wd:Q23927052,add_subject,0,0,0
36265,constant,,wd:Q239303,add_subject,0,0,0
46755,constant,,wd:Q23931115,add_subject,0,0,0
46756,constant,,wd:Q23931119,add_subject,0,0,0
46745,constant,,wd:Q23931121,add_subject,0,0,0
46746,constant,,wd:Q23931124,add_subject,0,0,0
46748,constant,,wd:Q23931130,add_subject,0,0,0
46749,constant,,wd:Q23931131,add_subject,0,0,0
41889,constant,,wd:Q2398348,add_subject,0,0,0
39162,constant,,wd:Q2403675,add_subject,0,0,0
86608,constant,,wd:Q24046192,add_subject,0,0,0
47692,constant,,wd:Q2405480,add_subject,0,0,0
37496,constant,,wd:Q241,add_subject,0,0,0
36980,constant,,wd:Q241317,add_subject,0,0,0
38291,constant,,wd:Q24192067,add_subject,0,0,0
38293,constant,,wd:Q24192069,add_subject,0,0,0
77983,constant,,wd:Q242,add_subject,0,0,0
95271,constant,,wd:Q242108,add_subject,0,0,0
33003,constant,,wd:Q2424752,add_subject,0,0,0
76253,constant,,wd:Q243133,add_subject,0,0,0
81474,constant,,wd:Q24354,add_subject,0,0,0
75096,constant,,wd:Q244,add_subject,0,0,0
89388,constant,,wd:Q244452,add_subject,0,0,0
81101,constant,,wd:Q2446033,add_subject,0,0,0
82149,constant,,wd:Q245546,add_subject,0,0,0
37820,constant,,wd:Q2455704,add_subject,0,0,0
36188,constant,,wd:Q245596,add_subject,0,0,0
38244,constant,,wd:Q24633474,add_subject,0,0,0
35338,constant,,wd:Q24634210,add_subject,0,0,0
79581,constant,,wd:Q24639,add_subject,0,0,0
49032,constant,,wd:Q246672,add_subject,0,0,0
84683,constant,,wd:Q247073,add_subject,0,0,0
29952,constant,,wd:Q2472587,add_subject,0,0,0
43453,constant,,wd:Q24746,add_subject,0,0,0
43454,constant,,wd:Q24764,add_subject,0,0,0
40684,constant,,wd:Q247836,add_subject,0,0,0
41980,constant,,wd:Q2479682,add_subject,0,0,0
76168,constant,,wd:Q24826,add_subject,0,0,0
33308,constant,,wd:Q2485448,add_subject,0,0,0
30994,constant,,wd:Q24856,add_subject,0,0,0
32820,constant,,wd:Q24862,add_subject,0,0,0
81325,constant,,wd:Q24869,add_subject,0,0,0
39030,constant,,wd:Q2490839,add_subject,0,0,0
48925,constant,,wd:Q249556,add_subject,0,0,0
81105,constant,,wd:Q2499127,add_subject,0,0,0
83386,constant,,wd:Q2514025,add_subject,0,0,0
80238,constant,,wd:Q2516866,add_subject,0,0,0
34173,constant,,wd:Q252,add_subject,0,0,0
30311,constant,,wd:Q25231,add_subject,0,0,0
31302,constant,,wd:Q2526255,add_subject,0,0,0
36674,constant,,wd:Q25276,add_subject,0,0,0
43913,constant,,wd:Q25295,add_subject,0,0,0
77651,constant,,wd:Q253019,add_subject,0,0,0
76481,constant,,wd:Q25308,add_subject,0,0,0
89611,constant,,wd:Q25312,add_subject,0,0,0
78722,constant,,wd:Q25319,add_subject,0,0,0
74194,constant,,wd:Q2532287,add_subject,0,0,0
86706,constant,,wd:Q25341,add_subject,0,0,0
43606,constant,,wd:Q253623,add_subject,0,0,0
34462,constant,,wd:Q25379,add_subject,0,0,0
80963,constant,,wd:Q25400,add_subject,0,0,0
86145,constant,,wd:Q25410,add_subject,0,0,0
94148,constant,,wd:Q2542010,add_subject,0,0,0
37518,constant,,wd:Q25503887,add_subject,0,0,0
87826,constant,,wd:Q2555896,add_subject,0,0,0
49819,constant,,wd:Q256020,add_subject,0,0,0
77371,constant,,wd:Q25607,add_subject,0,0,0
88228,constant,,wd:Q256463,add_subject,0,0,0
41994,constant,,wd:Q2566619,add_subject,0,0,0
41995,constant,,wd:Q2568982,add_subject,0,0,0
41997,constant,,wd:Q2570239,add_subject,0,0,0
82575,constant,,wd:Q257391,add_subject,0,0,0
45677,constant,,wd:Q2576663,add_subject,0,0,0
82554,constant,,wd:Q257780,add_subject,0,0,0
37482,constant,,wd:Q258,add_subject,0,0,0
81564,constant,,wd:Q2580456,add_subject,0,0,0
81108,constant,,wd:Q2580968,add_subject,0,0,0
37233,constant,,wd:Q25833,add_subject,0,0,0
74295,constant,,wd:Q2590631,add_subject,0,0,0
86856,constant,,wd:Q2593777,add_subject,0,0,0
79107,constant,,wd:Q26,add_subject,0,0,0
45066,constant,,wd:Q2608849,add_subject,0,0,0
83055,constant,,wd:Q2609,add_subject,0,0,0
83470,constant,,wd:Q260913,add_subject,0,0,0
81109,constant,,wd:Q2612318,add_subject,0,0,0
82576,constant,,wd:Q261543,add_subject,0,0,0
81838,constant,,wd:Q2616791,add_subject,0,0,0
42737,constant,,wd:Q262,add_subject,0,0,0
46741,constant,,wd:Q26204053,add_subject,0,0,0
79492,constant,,wd:Q26211545,add_subject,0,0,0
78444,constant,,wd:Q26213387,add_subject,0,0,0
48511,constant,,wd:Q262166,add_subject,0,0,0
82925,constant,,wd:Q2624417,add_subject,0,0,0
42010,constant,,wd:Q2627457,add_subject,0,0,0
42011,constant,,wd:Q2628493,add_subject,0,0,0
42780,constant,,wd:Q262882,add_subject,0,0,0
81196,constant,,wd:Q2634,add_subject,0,0,0
43538,constant,,wd:Q2635894,add_subject,0,0,0
83468,constant,,wd:Q2643128,add_subject,0,0,0
46117,constant,,wd:Q2643890,add_subject,0,0,0
45746,constant,,wd:Q26449910,add_subject,0,0,0
82558,constant,,wd:Q264645,add_subject,0,0,0
46058,constant,,wd:Q265,add_subject,0,0,0
42013,constant,,wd:Q2655455,add_subject,0,0,0
48682,constant,,wd:Q2658935,add_subject,0,0,0
32278,constant,,wd:Q2668072,add_subject,0,0,0
46529,constant,,wd:Q26708076,add_subject,0,0,0
40692,constant,,wd:Q267766,add_subject,0,0,0
81463,constant,,wd:Q2680952,add_subject,0,0,0
95955,constant,,wd:Q26840222,add_subject,0,0,0
43658,constant,,wd:Q268592,add_subject,0,0,0
40693,constant,,wd:Q268597,add_subject,0,0,0
88965,constant,,wd:Q26884649,add_subject,0,0,0
80351,constant,,wd:Q26887310,add_subject,0,0,0
38202,constant,,wd:Q269415,add_subject,0,0,0
37631,constant,,wd:Q2695280,add_subject,0,0,0
88020,constant,,wd:Q26971668,add_subject,0,0,0
42027,constant,,wd:Q2698575,add_subject,0,0,0
49951,constant,,wd:Q269949,add_subject,0,0,0
30262,constant,,wd:Q27,add_subject,0,0,0
42029,constant,,wd:Q2700686,add_subject,0,0,0
33177,constant,,wd:Q27020041,add_subject,0,0,0
86987,constant,,wd:Q270230,add_subject,0,0,0
42031,constant,,wd:Q2703245,add_subject,0,0,0
81471,constant,,wd:Q27046,add_subject,0,0,0
42039,constant,,wd:Q2708290,add_subject,0,0,0
42057,constant,,wd:Q2708462,add_subject,0,0,0
42060,constant,,wd:Q2709465,add_subject,0,0,0
40983,constant,,wd:Q2714202,add_subject,0,0,0
32851,constant,,wd:Q271534,add_subject,0,0,0
48766,constant,,wd:Q271669,add_subject,0,0,0
30331,constant,,wd:Q27169,add_subject,0,0,0
40986,constant,,wd:Q2717836,add_subject,0,0,0
40987,constant,,wd:Q2720003,add_subject,0,0,0
86344,constant,,wd:Q272208,add_subject,0,0,0
37789,constant,,wd:Q2730433,add_subject,0,0,0
34047,constant,,wd:Q273057,add_subject,0,0,0
39833,constant,,wd:Q2736,add_subject,0,0,0
40432,constant,,wd:Q2738074,add_subject,0,0,0
40990,constant,,wd:Q2742139,add_subject,0,0,0
46192,constant,,wd:Q2750108,add_subject,0,0,0
31384,constant,,wd:Q27510868,add_subject,0,0,0
82491,constant,,wd:Q275118,add_subject,0,0,0
82231,constant,,wd:Q27554534,add_subject,0,0,0
84168,constant,,wd:Q27555384,add_subject,0,0,0
43439,constant,,wd:Q276,add_subject,0,0,0
43927,constant,,wd:Q27611,add_subject,0,0,0
40696,constant,,wd:Q276595,add_subject,0,0,0
42900,constant,,wd:Q27676416,add_subject,0,0,0
42905,constant,,wd:Q27676428,add_subject,0,0,0
33940,constant,,wd:Q27686,add_subject,0,0,0
86694,constant,,wd:Q277338,add_subject,0,0,0
32086,constant,,wd:Q277759,add_subject,0,0,0
45747,constant,,wd:Q27790873,add_subject,0,0,0
45526,constant,,wd:Q278113,add_subject,0,0,0
81118,constant,,wd:Q2782104,add_subject,0,0,0
31915,constant,,wd:Q27834918,add_subject,0,0,0
81120,constant,,wd:Q2786011,add_subject,0,0,0
76352,constant,,wd:Q278835,add_subject,0,0,0
84311,constant,,wd:Q2790054,add_subject,0,0,0
33178,constant,,wd:Q27968055,add_subject,0,0,0
34667,constant,,wd:Q279749,add_subject,0,0,0
83595,constant,,wd:Q279818,add_subject,0,0,0
49743,constant,,wd:Q27995042,add_subject,0,0,0
42934,constant,,wd:Q28,add_subject,0,0,0
32724,constant,,wd:Q28020127,add_subject,0,0,0
48733,constant,,wd:Q28045079,add_subject,0,0,0
88617,constant,,wd:Q28045665,add_subject,0,0,0
45748,constant,,wd:Q28050380,add_subject,0,0,0
40995,constant,,wd:Q2806221,add_subject,0,0,0
77123,constant,,wd:Q280658,add_subject,0,0,0
75580,constant,,wd:Q2807,add_subject,0,0,0
46276,constant,,wd:Q28147634,add_subject,0,0,0
47832,constant,,wd:Q28147636,add_subject,0,0,0
39357,constant,,wd:Q28149961,add_subject,0,0,0
86449,constant,,wd:Q2829505,add_subject,0,0,0
88601,constant,,wd:Q28319,add_subject,0,0,0
87829,constant,,wd:Q2831984,add_subject,0,0,0
76263,constant,,wd:Q28373319,add_subject,0,0,0
82358,constant,,wd:Q2844,add_subject,0,0,0
74391,constant,,wd:Q28457,add_subject,0,0,0
88961,constant,,wd:Q28478883,add_subject,0,0,0
45898,constant,,wd:Q285181,add_subject,0,0,0
46681,constant,,wd:Q28564,add_subject,0,0,0
40699,constant,,wd:Q286026,add_subject,0,0,0
35471,constant,,wd:Q28640,add_subject,0,0,0
95762,constant,,wd:Q2864737,add_subject,0,0,0
38171,constant,,wd:Q2865819,add_subject,0,0,0
41011,constant,,wd:Q2866420,add_subject,0,0,0
41013,constant,,wd:Q2872596,add_subject,0,0,0
47673,constant,,wd:Q28737006,add_subject,0,0,0
87380,constant,,wd:Q288,add_subject,0,0,0
35346,constant,,wd:Q28823,add_subject,0,0,0
39165,constant,,wd:Q28836794,add_subject,0,0,0
44972,constant,,wd:Q28872924,add_subject,0,0,0
37821,constant,,wd:Q2889003,add_subject,0,0,0
45750,constant,,wd:Q28961883,add_subject,0,0,0
45751,constant,,wd:Q28962042,add_subject,0,0,0
83393,constant,,wd:Q2897866,add_subject,0,0,0
33352,constant,,wd:Q29,add_subject,0,0,0
40706,constant,,wd:Q290354,add_subject,0,0,0
36490,constant,,wd:Q29042997,add_subject,0,0,0
86972,constant,,wd:Q29108,add_subject,0,0,0
81251,constant,,wd:Q29112,add_subject,0,0,0
80445,constant,,wd:Q291447,add_subject,0,0,0
77668,constant,,wd:Q291471,add_subject,0,0,0
46585,constant,,wd:Q29167278,add_subject,0,0,0
75305,constant,,wd:Q29168811,add_subject,0,0,0
35259,constant,,wd:Q29182,add_subject,0,0,0
41025,constant,,wd:Q2918873,add_subject,0,0,0
77614,constant,,wd:Q292034,add_subject,0,0,0
87997,constant,,wd:Q29234,add_subject,0,0,0
78134,constant,,wd:Q292691,add_subject,0,0,0
86616,constant,,wd:Q29303,add_subject,0,0,0
91247,constant,,wd:Q29385989,add_subject,0,0,0
91249,constant,,wd:Q29414133,add_subject,0,0,0
41028,constant,,wd:Q2943924,add_subject,0,0,0
43685,constant,,wd:Q294414,add_subject,0,0,0
79487,constant,,wd:Q29496,add_subject,0,0,0
98199,constant,,wd:Q29517555,add_subject,0,0,0
78801,constant,,wd:Q29520,add_subject,0,0,0
89258,constant,,wd:Q29555881,add_subject,0,0,0
75768,constant,,wd:Q2958359,add_subject,0,0,0
46294,constant,,wd:Q2977,add_subject,0,0,0
46083,constant,,wd:Q298,add_subject,0,0,0
30980,constant,,wd:Q2983474,add_subject,0,0,0
46535,constant,,wd:Q2983893,add_subject,0,0,0
41032,constant,,wd:Q2984595,add_subject,0,0,0
49751,constant,,wd:Q2989454,add_subject,0,0,0
41033,constant,,wd:Q2993514,add_subject,0,0,0
45056,constant,,wd:Q2996394,add_subject,0,0,0
39828,constant,,wd:Q29999,add_subject,0,0,0
30008,constant,,wd:Q30,add_subject,0,0,0
41036,constant,,wd:Q3004758,add_subject,0,0,0
45147,constant,,wd:Q30108476,add_subject,0,0,0
42960,constant,,wd:Q30146803,add_subject,0,0,0
77124,constant,,wd:Q30185,add_subject,0,0,0
38487,constant,,wd:Q3024240,add_subject,0,0,0
48201,constant,,wd:Q303139,add_subject,0,0,0
78509,constant,,wd:Q30340,add_subject,0,0,0
74933,constant,,wd:Q303618,add_subject,0,0,0
46040,constant,,wd:Q3039938,add_subject,0,0,0
42770,constant,,wd:Q30432511,add_subject,0,0,0
92161,constant,,wd:Q3044768,add_subject,0,0,0
47571,constant,,wd:Q3044918,add_subject,0,0,0
32273,constant,,wd:Q3046146,add_subject,0,0,0
35026,constant,,wd:Q30676307,add_subject,0,0,0
80229,constant,,wd:Q3068,add_subject,0,0,0
84116,constant,,wd:Q3093,add_subject,0,0,0
38326,constant,,wd:Q309314,add_subject,0,0,0
76351,constant,,wd:Q30974,add_subject,0,0,0
46251,constant,,wd:Q3098283,add_subject,0,0,0
32542,constant,,wd:Q31,add_subject,0,0,0
48734,constant,,wd:Q31028314,add_subject,0,0,0
48735,constant,,wd:Q31028835,add_subject,0,0,0
40724,constant,,wd:Q310438,add_subject,0,0,0
79431,constant,,wd:Q310890,add_subject,0,0,0
40728,constant,,wd:Q310911,add_subject,0,0,0
40729,constant,,wd:Q310927,add_subject,0,0,0
31838,constant,,wd:Q311,add_subject,0,0,0
40732,constant,,wd:Q311148,add_subject,0,0,0
49391,constant,,wd:Q3113478,add_subject,0,0,0
40733,constant,,wd:Q311373,add_subject,0,0,0
40737,constant,,wd:Q312154,add_subject,0,0,0
84389,constant,,wd:Q3126128,add_subject,0,0,0
84816,constant,,wd:Q3139,add_subject,0,0,0
45897,constant,,wd:Q3146899,add_subject,0,0,0
76027,constant,,wd:Q31487,add_subject,0,0,0
81648,constant,,wd:Q3154693,add_subject,0,0,0
45140,constant,,wd:Q31629,add_subject,0,0,0
88904,constant,,wd:Q3165397,add_subject,0,0,0
33190,constant,,wd:Q31747,add_subject,0,0,0
35659,constant,,wd:Q318,add_subject,0,0,0
43532,constant,,wd:Q3181348,add_subject,0,0,0
49967,constant,,wd:Q3184121,add_subject,0,0,0
83120,constant,,wd:Q31855,add_subject,0,0,0
92551,constant,,wd:Q3186904,add_subject,0,0,0
92457,constant,,wd:Q3186912,add_subject,0,0,0
79175,constant,,wd:Q3191695,add_subject,0,0,0
46063,constant,,wd:Q32,add_subject,0,0,0
41189,constant,,wd:Q3203049,add_subject,0,0,0
74450,constant,,wd:Q3206,add_subject,0,0,0
76595,constant,,wd:Q3220391,add_subject,0,0,0
74451,constant,,wd:Q3224,add_subject,0,0,0
40181,constant,,wd:Q3226599,add_subject,0,0,0
42681,constant,,wd:Q3231690,add_subject,0,0,0
74452,constant,,wd:Q3235,add_subject,0,0,0
37822,constant,,wd:Q3238261,add_subject,0,0,0
45528,constant,,wd:Q3245245,add_subject,0,0,0
88631,constant,,wd:Q3249,add_subject,0,0,0
82039,constant,,wd:Q32494,add_subject,0,0,0
35899,constant,,wd:Q3249551,add_subject,0,0,0
29954,constant,,wd:Q3254959,add_subject,0,0,0
37371,constant,,wd:Q3257686,add_subject,0,0,0
37790,constant,,wd:Q3257809,add_subject,0,0,0
74453,constant,,wd:Q3258,add_subject,0,0,0
93890,constant,,wd:Q326309,add_subject,0,0,0
87379,constant,,wd:Q326827,add_subject,0,0,0
94885,constant,,wd:Q327149,add_subject,0,0,0
43774,constant,,wd:Q327245,add_subject,0,0,0
78508,constant,,wd:Q3273004,add_subject,0,0,0
37907,constant,,wd:Q327333,add_subject,0,0,0
77541,constant,,wd:Q3276175,add_subject,0,0,0
41286,constant,,wd:Q3280744,add_subject,0,0,0
87714,constant,,wd:Q32880,add_subject,0,0,0
40285,constant,,wd:Q329439,add_subject,0,0,0
33441,constant,,wd:Q33,add_subject,0,0,0
32301,constant,,wd:Q3305213,add_subject,0,0,0
44221,constant,,wd:Q33146,add_subject,0,0,0
32324,constant,,wd:Q33146843,add_subject,0,0,0
49393,constant,,wd:Q3314851,add_subject,0,0,0
90452,constant,,wd:Q3319478,add_subject,0,0,0
41299,constant,,wd:Q3320241,add_subject,0,0,0
31768,constant,,wd:Q3320413,add_subject,0,0,0
35574,constant,,wd:Q3320743,add_subject,0,0,0
33317,constant,,wd:Q33231,add_subject,0,0,0
45306,constant,,wd:Q3330103,add_subject,0,0,0
31434,constant,,wd:Q3331189,add_subject,0,0,0
89609,constant,,wd:Q3334,add_subject,0,0,0
45233,constant,,wd:Q333515,add_subject,0,0,0
43586,constant,,wd:Q33384,add_subject,0,0,0
45683,constant,,wd:Q334,add_subject,0,0,0
86314,constant,,wd:Q3342,add_subject,0,0,0
30830,constant,,wd:Q33506,add_subject,0,0,0
49394,constant,,wd:Q3352252,add_subject,0,0,0
87321,constant,,wd:Q3354,add_subject,0,0,0
87018,constant,,wd:Q3357,add_subject,0,0,0
41302,constant,,wd:Q3359354,add_subject,0,0,0
48226,constant,,wd:Q336,add_subject,0,0,0
83364,constant,,wd:Q336144,add_subject,0,0,0
79607,constant,,wd:Q336286,add_subject,0,0,0
40741,constant,,wd:Q336963,add_subject,0,0,0
38587,constant,,wd:Q33742,add_subject,0,0,0
87101,constant,,wd:Q3374262,add_subject,0,0,0
39452,constant,,wd:Q337526,add_subject,0,0,0
38205,constant,,wd:Q337535,add_subject,0,0,0
40308,constant,,wd:Q337567,add_subject,0,0,0
81197,constant,,wd:Q3376,add_subject,0,0,0
40456,constant,,wd:Q33837,add_subject,0,0,0
31304,constant,,wd:Q3387717,add_subject,0,0,0
32852,constant,,wd:Q339014,add_subject,0,0,0
81867,constant,,wd:Q3391743,add_subject,0,0,0
42776,constant,,wd:Q33946,add_subject,0,0,0
82827,constant,,wd:Q3395121,add_subject,0,0,0
31309,constant,,wd:Q33999,add_subject,0,0,0
31891,constant,,wd:Q34,add_subject,0,0,0
74977,constant,,wd:Q340,add_subject,0,0,0
88251,constant,,wd:Q34023,add_subject,0,0,0
39638,constant,,wd:Q34038,add_subject,0,0,0
31513,constant,,wd:Q3409032,add_subject,0,0,0
42871,constant,,wd:Q341,add_subject,0,0,0
83384,constant,,wd:Q3410,add_subject,0,0,0
77041,constant,,wd:Q34217,add_subject,0,0,0
32351,constant,,wd:Q34266,add_subject,0,0,0
74457,constant,,wd:Q34366,add_subject,0,0,0
80996,constant,,wd:Q3437,add_subject,0,0,0
36681,constant,,wd:Q34442,add_subject,0,0,0
38241,constant,,wd:Q34467,add_subject,0,0,0
43620,constant,,wd:Q34480001,add_subject,0,0,0
43621,constant,,wd:Q34480057,add_subject,0,0,0
43417,constant,,wd:Q34508,add_subject,0,0,0
41323,constant,,wd:Q3461459,add_subject,0,0,0
85169,constant,,wd:Q34627,add_subject,0,0,0
31136,constant,,wd:Q3464665,add_subject,0,0,0
36015,constant,,wd:Q34651,add_subject,0,0,0
41324,constant,,wd:Q3472461,add_subject,0,0,0
31156,constant,,wd:Q34740,add_subject,0,0,0
85366,constant,,wd:Q34763,add_subject,0,0,0
35288,constant,,wd:Q34770,add_subject,0,0,0
79465,constant,,wd:Q3480335,add_subject,0,0,0
33265,constant,,wd:Q349,add_subject,0,0,0
86135,constant,,wd:Q3491915,add_subject,0,0,0
81138,constant,,wd:Q3499350,add_subject,0,0,0
39049,constant,,wd:Q35,add_subject,0,0,0
77361,constant,,wd:Q3504085,add_subject,0,0,0
78848,constant,,wd:Q35047,add_subject,0,0,0
32655,constant,,wd:Q35127,add_subject,0,0,0
93390,constant,,wd:Q3521441,add_subject,0,0,0
34987,constant,,wd:Q35409,add_subject,0,0,0
43748,constant,,wd:Q35497,add_subject,0,0,0
94186,constant,,wd:Q3550864,add_subject,0,0,0
46781,constant,,wd:Q35509,add_subject,0,0,0
32551,constant,,wd:Q355304,add_subject,0,0,0
35572,constant,,wd:Q355567,add_subject,0,0,0
76869,constant,,wd:Q3558970,add_subject,0,0,0
43401,constant,,wd:Q35637,add_subject,0,0,0
32452,constant,,wd:Q35657,add_subject,0,0,0
38278,constant,,wd:Q3565868,add_subject,0,0,0
41336,constant,,wd:Q3570206,add_subject,0,0,0
74390,constant,,wd:Q35715,add_subject,0,0,0
80618,constant,,wd:Q35760,add_subject,0,0,0
38270,constant,,wd:Q357685,add_subject,0,0,0
48198,constant,,wd:Q35798,add_subject,0,0,0
42943,constant,,wd:Q358,add_subject,0,0,0
36679,constant,,wd:Q358078,add_subject,0,0,0
86981,constant,,wd:Q3595959,add_subject,0,0,0
36220,constant,,wd:Q36,add_subject,0,0,0
74459,constant,,wd:Q36074,add_subject,0,0,0
30433,constant,,wd:Q36180,add_subject,0,0,0
31362,constant,,wd:Q3624078,add_subject,0,0,0
43382,constant,,wd:Q36279,add_subject,0,0,0
76017,constant,,wd:Q3630,add_subject,0,0,0
43137,constant,,wd:Q36396,add_subject,0,0,0
82848,constant,,wd:Q36471,add_subject,0,0,0
40275,constant,,wd:Q36510,add_subject,0,0,0
44769,constant,,wd:Q3658341,add_subject,0,0,0
87250,constant,,wd:Q3658608,add_subject,0,0,0
37817,constant,,wd:Q36602,add_subject,0,0,0
76171,constant,,wd:Q36647,add_subject,0,0,0
31126,constant,,wd:Q3665646,add_subject,0,0,0
74460,constant,,wd:Q36687,add_subject,0,0,0
75790,constant,,wd:Q36704,add_subject,0,0,0
38206,constant,,wd:Q368215,add_subject,0,0,0
37083,constant,,wd:Q36834,add_subject,0,0,0
40745,constant,,wd:Q368955,add_subject,0,0,0
33641,constant,,wd:Q37,add_subject,0,0,0
79109,constant,,wd:Q3700011,add_subject,0,0,0
35064,constant,,wd:Q371280,add_subject,0,0,0
96194,constant,,wd:Q371803,add_subject,0,0,0
80104,constant,,wd:Q37226,add_subject,0,0,0
41360,constant,,wd:Q3734125,add_subject,0,0,0
87333,constant,,wd:Q37351,add_subject,0,0,0
39901,constant,,wd:Q37517,add_subject,0,0,0
81059,constant,,wd:Q378120,add_subject,0,0,0
80638,constant,,wd:Q37836,add_subject,0,0,0
48158,constant,,wd:Q378427,add_subject,0,0,0
84174,constant,,wd:Q37853,add_subject,0,0,0
87494,constant,,wd:Q378622,add_subject,0,0,0
30650,constant,,wd:Q38,add_subject,0,0,0
76857,constant,,wd:Q38022,add_subject,0,0,0
31113,constant,,wd:Q38033430,add_subject,0,0,0
41161,constant,,wd:Q3804892,add_subject,0,0,0
95977,constant,,wd:Q3816953,add_subject,0,0,0
41164,constant,,wd:Q3828260,add_subject,0,0,0
76419,constant,,wd:Q38283,add_subject,0,0,0
84476,constant,,wd:Q383092,add_subject,0,0,0
48390,constant,,wd:Q384515,add_subject,0,0,0
76172,constant,,wd:Q38511,add_subject,0,0,0
37591,constant,,wd:Q385405,add_subject,0,0,0
84643,constant,,wd:Q385468,add_subject,0,0,0
82837,constant,,wd:Q38568,add_subject,0,0,0
39886,constant,,wd:Q3863,add_subject,0,0,0
40209,constant,,wd:Q386426,add_subject,0,0,0
29795,constant,,wd:Q386724,add_subject,0,0,0
84356,constant,,wd:Q386854,add_subject,0,0,0
49104,constant,,wd:Q38720,add_subject,0,0,0
42752,constant,,wd:Q38723,add_subject,0,0,0
31988,constant,,wd:Q388,add_subject,0,0,0
37976,constant,,wd:Q38829,add_subject,0,0,0
78100,constant,,wd:Q38872,add_subject,0,0,0
30244,constant,,wd:Q3895768,add_subject,0,0,0
30651,constant,,wd:Q39,add_subject,0,0,0
80750,constant,,wd:Q39121,add_subject,0,0,0
35807,constant,,wd:Q3914,add_subject,0,0,0
44540,constant,,wd:Q3917681,add_subject,0,0,0
36309,constant,,wd:Q3918,add_subject,0,0,0
45715,constant,,wd:Q39201,add_subject,0,0,0
40573,constant,,wd:Q39275,add_subject,0,0,0
89126,constant,,wd:Q3943414,add_subject,0,0,0
82093,constant,,wd:Q3947,add_subject,0,0,0
85182,constant,,wd:Q394701,add_subject,0,0,0
48854,constant,,wd:Q39486269,add_subject,0,0,0
82498,constant,,wd:Q3950,add_subject,0,0,0
45213,constant,,wd:Q3953107,add_subject,0,0,0
79565,constant,,wd:Q3955,add_subject,0,0,0
75575,constant,,wd:Q3957,add_subject,0,0,0
37335,constant,,wd:Q39594,add_subject,0,0,0
37564,constant,,wd:Q3960,add_subject,0,0,0
31072,constant,,wd:Q39614,add_subject,0,0,0
75473,constant,,wd:Q39631,add_subject,0,0,0
39910,constant,,wd:Q3965313,add_subject,0,0,0
41210,constant,,wd:Q3966622,add_subject,0,0,0
35552,constant,,wd:Q39715,add_subject,0,0,0
39911,constant,,wd:Q3978005,add_subject,0,0,0
77558,constant,,wd:Q398,add_subject,0,0,0
38150,constant,,wd:Q398141,add_subject,0,0,0
86052,constant,,wd:Q39816,add_subject,0,0,0
48942,constant,,wd:Q39875001,add_subject,0,0,0
46059,constant,,wd:Q399,add_subject,0,0,0
75423,constant,,wd:Q3992,add_subject,0,0,0
43348,constant,,wd:Q4,add_subject,0,0,0
30652,constant,,wd:Q40,add_subject,0,0,0
95615,constant,,wd:Q4002659,add_subject,0,0,0
86866,constant,,wd:Q40030,add_subject,0,0,0
35803,constant,,wd:Q40056,add_subject,0,0,0
48416,constant,,wd:Q4006,add_subject,0,0,0
88880,constant,,wd:Q40080,add_subject,0,0,0
75427,constant,,wd:Q4009406,add_subject,0,0,0
86964,constant,,wd:Q4018,add_subject,0,0,0
33500,constant,,wd:Q40218,add_subject,0,0,0
37076,constant,,wd:Q4022,add_subject,0,0,0
34100,constant,,wd:Q40231,add_subject,0,0,0
88151,constant,,wd:Q40244,add_subject,0,0,0
37094,constant,,wd:Q403,add_subject,0,0,0
78643,constant,,wd:Q4032432,add_subject,0,0,0
76203,constant,,wd:Q40348,add_subject,0,0,0
43124,constant,,wd:Q40357,add_subject,0,0,0
93759,constant,,wd:Q4041880,add_subject,0,0,0
76223,constant,,wd:Q40637,add_subject,0,0,0
33288,constant,,wd:Q408,add_subject,0,0,0
90496,constant,,wd:Q4084290,add_subject,0,0,0
84402,constant,,wd:Q408804,add_subject,0,0,0
83808,constant,,wd:Q40898,add_subject,0,0,0
90572,constant,,wd:Q4090681,add_subject,0,0,0
79441,constant,,wd:Q4093,add_subject,0,0,0
39454,constant,,wd:Q41,add_subject,0,0,0
31484,constant,,wd:Q41176,add_subject,0,0,0
84317,constant,,wd:Q41185,add_subject,0,0,0
41251,constant,,wd:Q4121093,add_subject,0,0,0
41252,constant,,wd:Q4123974,add_subject,0,0,0
33446,constant,,wd:Q41253,add_subject,0,0,0
91106,constant,,wd:Q4125820,add_subject,0,0,0
32565,constant,,wd:Q41298,add_subject,0,0,0
83370,constant,,wd:Q413,add_subject,0,0,0
75281,constant,,wd:Q41323,add_subject,0,0,0
79355,constant,,wd:Q41329,add_subject,0,0,0
36240,constant,,wd:Q414,add_subject,0,0,0
82938,constant,,wd:Q4144610,add_subject,0,0,0
75439,constant,,wd:Q41466,add_subject,0,0,0
38695,constant,,wd:Q41487,add_subject,0,0,0
47882,constant,,wd:Q41554,add_subject,0,0,0
80785,constant,,wd:Q41604,add_subject,0,0,0
32377,constant,,wd:Q4164871,add_subject,0,0,0
30117,constant,,wd:Q4167410,add_subject,0,0,0
30118,constant,,wd:Q4167836,add_subject,0,0,0
91201,constant,,wd:Q4169648,add_subject,0,0,0
29948,constant,,wd:Q41710,add_subject,0,0,0
82849,constant,,wd:Q41753,add_subject,0,0,0
33463,constant,,wd:Q4176708,add_subject,0,0,0
37483,constant,,wd:Q419,add_subject,0,0,0
45307,constant,,wd:Q4198907,add_subject,0,0,0
74766,constant,,wd:Q420,add_subject,0,0,0
90200,constant,,wd:Q4214041,add_subject,0,0,0
81575,constant,,wd:Q42168,add_subject,0,0,0
95946,constant,,wd:Q42195,add_subject,0,0,0
80678,constant,,wd:Q422062,add_subject,0,0,0
83620,constant,,wd:Q4220917,add_subject,0,0,0
46060,constant,,wd:Q423,add_subject,0,0,0
38245,constant,,wd:Q42328566,add_subject,0,0,0
32846,constant,,wd:Q4233718,add_subject,0,0,0
76608,constant,,wd:Q424,add_subject,0,0,0
76295,constant,,wd:Q42462,add_subject,0,0,0
36496,constant,,wd:Q427087,add_subject,0,0,0
35302,constant,,wd:Q427626,add_subject,0,0,0
36616,constant,,wd:Q427961,add_subject,0,0,0
77758,constant,,wd:Q428047,add_subject,0,0,0
41267,constant,,wd:Q4290323,add_subject,0,0,0
37784,constant,,wd:Q429220,add_subject,0,0,0
86203,constant,,wd:Q42948,add_subject,0,0,0
39264,constant,,wd:Q42973,add_subject,0,0,0
76668,constant,,wd:Q42998,add_subject,0,0,0
36704,constant,,wd:Q43,add_subject,0,0,0
49374,constant,,wd:Q430682,add_subject,0,0,0
76252,constant,,wd:Q43115,add_subject,0,0,0
35042,constant,,wd:Q431289,add_subject,0,0,0
80410,constant,,wd:Q43196,add_subject,0,0,0
84133,constant,,wd:Q43199,add_subject,0,0,0
32850,constant,,wd:Q43200,add_subject,0,0,0
29784,constant,,wd:Q43229,add_subject,0,0,0
79131,constant,,wd:Q43238,add_subject,0,0,0
79420,constant,,wd:Q43287,add_subject,0,0,0
79597,constant,,wd:Q43310,add_subject,0,0,0
86738,constant,,wd:Q43382,add_subject,0,0,0
92167,constant,,wd:Q4339282,add_subject,0,0,0
39091,constant,,wd:Q43445,add_subject,0,0,0
48114,constant,,wd:Q43450,add_subject,0,0,0
78819,constant,,wd:Q43453,add_subject,0,0,0
34719,constant,,wd:Q43501,add_subject,0,0,0
38491,constant,,wd:Q43702,add_subject,0,0,0
92761,constant,,wd:Q4370645,add_subject,0,0,0
75977,constant,,wd:Q4373598,add_subject,0,0,0
75981,constant,,wd:Q4373603,add_subject,0,0,0
84407,constant,,wd:Q43788,add_subject,0,0,0
37521,constant,,wd:Q43874039,add_subject,0,0,0
34990,constant,,wd:Q4387609,add_subject,0,0,0
85267,constant,,wd:Q43934,add_subject,0,0,0
85129,constant,,wd:Q4414033,add_subject,0,0,0
45177,constant,,wd:Q44148,add_subject,0,0,0
85561,constant,,wd:Q44160,add_subject,0,0,0
95947,constant,,wd:Q4423781,add_subject,0,0,0
38400,constant,,wd:Q44377,add_subject,0,0,0
37238,constant,,wd:Q4438121,add_subject,0,0,0
80097,constant,,wd:Q44448,add_subject,0,0,0
37143,constant,,wd:Q44494,add_subject,0,0,0
86884,constant,,wd:Q44539,add_subject,0,0,0
34567,constant,,wd:Q44559,add_subject,0,0,0
43111,constant,,wd:Q446013,add_subject,0,0,0
37968,constant,,wd:Q44613,add_subject,0,0,0
47510,constant,,wd:Q44782,add_subject,0,0,0
83788,constant,,wd:Q44843,add_subject,0,0,0
41372,constant,,wd:Q4485926,add_subject,0,0,0
82818,constant,,wd:Q448801,add_subject,0,0,0
86138,constant,,wd:Q4498974,add_subject,0,0,0
45324,constant,,wd:Q45,add_subject,0,0,0
85254,constant,,wd:Q4504495,add_subject,0,0,0
44565,constant,,wd:Q451079,add_subject,0,0,0
87015,constant,,wd:Q451967,add_subject,0,0,0
83964,constant,,wd:Q45412,add_subject,0,0,0
48367,constant,,wd:Q4550895,add_subject,0,0,0
87865,constant,,wd:Q45559,add_subject,0,0,0
76410,constant,,wd:Q456,add_subject,0,0,0
35260,constant,,wd:Q45722,add_subject,0,0,0
39267,constant,,wd:Q45776,add_subject,0,0,0
36820,constant,,wd:Q45823285,add_subject,0,0,0
86146,constant,,wd:Q459180,add_subject,0,0,0
36010,constant,,wd:Q46,add_subject,0,0,0
49022,constant,,wd:Q460889,add_subject,0,0,0
36505,constant,,wd:Q4610556,add_subject,0,0,0
49507,constant,,wd:Q46169,add_subject,0,0,0
79005,constant,,wd:Q46190676,add_subject,0,0,0
39213,constant,,wd:Q4663903,add_subject,0,0,0
32651,constant,,wd:Q467,add_subject,0,0,0
34030,constant,,wd:Q46831,add_subject,0,0,0
31109,constant,,wd:Q46970,add_subject,0,0,0
34614,constant,,wd:Q47018901,add_subject,0,0,0
85483,constant,,wd:Q47050,add_subject,0,0,0
37803,constant,,wd:Q47071,add_subject,0,0,0
75588,constant,,wd:Q471788,add_subject,0,0,0
46737,constant,,wd:Q47272186,add_subject,0,0,0
86563,constant,,wd:Q472890,add_subject,0,0,0
94968,constant,,wd:Q47328,add_subject,0,0,0
84403,constant,,wd:Q47345468,add_subject,0,0,0
77206,constant,,wd:Q47358534,add_subject,0,0,0
34672,constant,,wd:Q473972,add_subject,0,0,0
85497,constant,,wd:Q475050,add_subject,0,0,0
87358,constant,,wd:Q47521,add_subject,0,0,0
35735,constant,,wd:Q47574,add_subject,0,0,0
39170,constant,,wd:Q476028,add_subject,0,0,0
36863,constant,,wd:Q476068,add_subject,0,0,0
32888,constant,,wd:Q476300,add_subject,0,0,0
94313,constant,,wd:Q4781593,add_subject,0,0,0
93812,constant,,wd:Q478419,add_subject,0,0,0
43930,constant,,wd:Q48,add_subject,0,0,0
44781,constant,,wd:Q481289,add_subject,0,0,0
44228,constant,,wd:Q4819492,add_subject,0,0,0
77494,constant,,wd:Q482,add_subject,0,0,0
38538,constant,,wd:Q48204,add_subject,0,0,0
74207,constant,,wd:Q48277,add_subject,0,0,0
29985,constant,,wd:Q482994,add_subject,0,0,0
31287,constant,,wd:Q4830453,add_subject,0,0,0
37577,constant,,wd:Q483110,add_subject,0,0,0
86646,constant,,wd:Q483242,add_subject,0,0,0
87125,constant,,wd:Q48326,add_subject,0,0,0
35206,constant,,wd:Q483501,add_subject,0,0,0
45758,constant,,wd:Q48352,add_subject,0,0,0
48718,constant,,wd:Q484170,add_subject,0,0,0
79137,constant,,wd:Q484678,add_subject,0,0,0
77044,constant,,wd:Q484876,add_subject,0,0,0
75317,constant,,wd:Q485176,add_subject,0,0,0
86560,constant,,wd:Q485258,add_subject,0,0,0
77546,constant,,wd:Q4853732,add_subject,0,0,0
75359,constant,,wd:Q486748,add_subject,0,0,0
79917,constant,,wd:Q486839,add_subject,0,0,0
33130,constant,,wd:Q486972,add_subject,0,0,0
47749,constant,,wd:Q486983,add_subject,0,0,0
83018,constant,,wd:Q487522,add_subject,0,0,0
43783,constant,,wd:Q488111,add_subject,0,0,0
46115,constant,,wd:Q488205,add_subject,0,0,0
31950,constant,,wd:Q488383,add_subject,0,0,0
32799,constant,,wd:Q4886,add_subject,0,0,0
88614,constant,,wd:Q489357,add_subject,0,0,0
95259,constant,,wd:Q48948,add_subject,0,0,0
76678,constant,,wd:Q48958,add_subject,0,0,0
43931,constant,,wd:Q49,add_subject,0,0,0
76411,constant,,wd:Q490,add_subject,0,0,0
39865,constant,,wd:Q49084,add_subject,0,0,0
48199,constant,,wd:Q49133,add_subject,0,0,0
84171,constant,,wd:Q49239,add_subject,0,0,0
78132,constant,,wd:Q4925477,add_subject,0,0,0
79906,constant,,wd:Q4925623,add_subject,0,0,0
81627,constant,,wd:Q4925914,add_subject,0,0,0
88114,constant,,wd:Q4926740,add_subject,0,0,0
80512,constant,,wd:Q4926833,add_subject,0,0,0
79660,constant,,wd:Q4927128,add_subject,0,0,0
81321,constant,,wd:Q4927524,add_subject,0,0,0
74967,constant,,wd:Q4927937,add_subject,0,0,0
80925,constant,,wd:Q493522,add_subject,0,0,0
83892,constant,,wd:Q494721,add_subject,0,0,0
35261,constant,,wd:Q49476,add_subject,0,0,0
76159,constant,,wd:Q495,add_subject,0,0,0
83432,constant,,wd:Q495635,add_subject,0,0,0
34739,constant,,wd:Q4964182,add_subject,0,0,0
80105,constant,,wd:Q498162,add_subject,0,0,0
45313,constant,,wd:Q49892,add_subject,0,0,0
44956,constant,,wd:Q4989906,add_subject,0,0,0
49838,constant,,wd:Q4990623,add_subject,0,0,0
79683,constant,,wd:Q4991371,add_subject,0,0,0
41594,constant,,wd:Q4991585,add_subject,0,0,0
78439,constant,,wd:Q499249,add_subject,0,0,0
29900,constant,,wd:Q5,add_subject,0,0,0
35389,constant,,wd:Q500076,add_subject,0,0,0
46364,constant,,wd:Q5003624,add_subject,0,0,0
35240,constant,,wd:Q50053,add_subject,0,0,0
95096,constant,,wd:Q50068795,add_subject,0,0,0
88205,constant,,wd:Q50231,add_subject,0,0,0
43175,constant,,wd:Q502895,add_subject,0,0,0
93945,constant,,wd:Q5030320,add_subject,0,0,0
83786,constant,,wd:Q50337,add_subject,0,0,0
49261,constant,,wd:Q503601,add_subject,0,0,0
35394,constant,,wd:Q504125,add_subject,0,0,0
74319,constant,,wd:Q5043,add_subject,0,0,0
41611,constant,,wd:Q5047738,add_subject,0,0,0
81247,constant,,wd:Q50602,add_subject,0,0,0
30080,constant,,wd:Q506240,add_subject,0,0,0
84136,constant,,wd:Q506369,add_subject,0,0,0
41620,constant,,wd:Q5066732,add_subject,0,0,0
45909,constant,,wd:Q506754,add_subject,0,0,0
46094,constant,,wd:Q50707,add_subject,0,0,0
35027,constant,,wd:Q50751848,add_subject,0,0,0
35028,constant,,wd:Q50762402,add_subject,0,0,0
35029,constant,,wd:Q50797802,add_subject,0,0,0
79694,constant,,wd:Q5084,add_subject,0,0,0
83523,constant,,wd:Q5092,add_subject,0,0,0
45742,constant,,wd:Q5094009,add_subject,0,0,0
88951,constant,,wd:Q509568,add_subject,0,0,0
37240,constant,,wd:Q509686,add_subject,0,0,0
87418,constant,,wd:Q5098,add_subject,0,0,0
37588,constant,,wd:Q51,add_subject,0,0,0
43164,constant,,wd:Q510324,add_subject,0,0,0
30242,constant,,wd:Q5107,add_subject,0,0,0
74533,constant,,wd:Q5113,add_subject,0,0,0
47965,constant,,wd:Q51139288,add_subject,0,0,0
75704,constant,,wd:Q5119,add_subject,0,0,0
45300,constant,,wd:Q512187,add_subject,0,0,0
81288,constant,,wd:Q5123999,add_subject,0,0,0
86875,constant,,wd:Q5124642,add_subject,0,0,0
45144,constant,,wd:Q5137576,add_subject,0,0,0
40763,constant,,wd:Q514417,add_subject,0,0,0
75505,constant,,wd:Q5146,add_subject,0,0,0
31447,constant,,wd:Q515,add_subject,0,0,0
44732,constant,,wd:Q5153359,add_subject,0,0,0
81495,constant,,wd:Q518076,add_subject,0,0,0
39866,constant,,wd:Q5185279,add_subject,0,0,0
41907,constant,,wd:Q5185996,add_subject,0,0,0
79284,constant,,wd:Q51929311,add_subject,0,0,0
34146,constant,,wd:Q5193377,add_subject,0,0,0
41923,constant,,wd:Q5221598,add_subject,0,0,0
84574,constant,,wd:Q5225895,add_subject,0,0,0
41931,constant,,wd:Q5228004,add_subject,0,0,0
35239,constant,,wd:Q523,add_subject,0,0,0
87774,constant,,wd:Q52371,add_subject,0,0,0
93986,constant,,wd:Q523893,add_subject,0,0,0
44150,constant,,wd:Q52454,add_subject,0,0,0
95105,constant,,wd:Q524980,add_subject,0,0,0
83572,constant,,wd:Q5254911,add_subject,0,0,0
95676,constant,,wd:Q526170,add_subject,0,0,0
30995,constant,,wd:Q526877,add_subject,0,0,0
36999,constant,,wd:Q5287,add_subject,0,0,0
83570,constant,,wd:Q5292,add_subject,0,0,0
40771,constant,,wd:Q529584,add_subject,0,0,0
40772,constant,,wd:Q529976,add_subject,0,0,0
34526,constant,,wd:Q532,add_subject,0,0,0
33620,constant,,wd:Q5322166,add_subject,0,0,0
81400,constant,,wd:Q533866,add_subject,0,0,0
36894,constant,,wd:Q5341295,add_subject,0,0,0
34952,constant,,wd:Q534932,add_subject,0,0,0
41959,constant,,wd:Q5359419,add_subject,0,0,0
84970,constant,,wd:Q53621,add_subject,0,0,0
40577,constant,,wd:Q53636,add_subject,0,0,0
79907,constant,,wd:Q5369,add_subject,0,0,0
88552,constant,,wd:Q537127,add_subject,0,0,0
42870,constant,,wd:Q5372,add_subject,0,0,0
43924,constant,,wd:Q538,add_subject,0,0,0
41965,constant,,wd:Q5382158,add_subject,0,0,0
29752,constant,,wd:Q53869507,add_subject,0,0,0
75547,constant,,wd:Q539581,add_subject,0,0,0
30275,constant,,wd:Q5398426,add_subject,0,0,0
36666,constant,,wd:Q54050,add_subject,0,0,0
49341,constant,,wd:Q54109,add_subject,0,0,0
85135,constant,,wd:Q54114,add_subject,0,0,0
48894,constant,,wd:Q542,add_subject,0,0,0
76948,constant,,wd:Q543654,add_subject,0,0,0
34234,constant,,wd:Q543804,add_subject,0,0,0
95952,constant,,wd:Q544008,add_subject,0,0,0
44020,constant,,wd:Q545,add_subject,0,0,0
93688,constant,,wd:Q546003,add_subject,0,0,0
83937,constant,,wd:Q5475,add_subject,0,0,0
81190,constant,,wd:Q548611,add_subject,0,0,0
86654,constant,,wd:Q54888,add_subject,0,0,0
95668,constant,,wd:Q54935504,add_subject,0,0,0
30958,constant,,wd:Q55,add_subject,0,0,0
39525,constant,,wd:Q550089,add_subject,0,0,0
44705,constant,,wd:Q55043,add_subject,0,0,0
95943,constant,,wd:Q55089312,add_subject,0,0,0
84376,constant,,wd:Q55271,add_subject,0,0,0
84377,constant,,wd:Q55276,add_subject,0,0,0
42065,constant,,wd:Q5527608,add_subject,0,0,0
32544,constant,,wd:Q55488,add_subject,0,0,0
94917,constant,,wd:Q55491,add_subject,0,0,0
42070,constant,,wd:Q5555801,add_subject,0,0,0
76672,constant,,wd:Q559856,add_subject,0,0,0
29861,constant,,wd:Q56061,add_subject,0,0,0
42082,constant,,wd:Q5607349,add_subject,0,0,0
86768,constant,,wd:Q562061,add_subject,0,0,0
36223,constant,,wd:Q5633421,add_subject,0,0,0
89074,constant,,wd:Q564954,add_subject,0,0,0
46201,constant,,wd:Q570116,add_subject,0,0,0
88479,constant,,wd:Q5707594,add_subject,0,0,0
32974,constant,,wd:Q571,add_subject,0,0,0
44453,constant,,wd:Q5727,add_subject,0,0,0
30268,constant,,wd:Q573,add_subject,0,0,0
35576,constant,,wd:Q5737899,add_subject,0,0,0
36676,constant,,wd:Q5741069,add_subject,0,0,0
96144,constant,,wd:Q574961,add_subject,0,0,0
34523,constant,,wd:Q575759,add_subject,0,0,0
81892,constant,,wd:Q577011,add_subject,0,0,0
90960,constant,,wd:Q578004,add_subject,0,0,0
46738,constant,,wd:Q57821,add_subject,0,0,0
95906,constant,,wd:Q5783996,add_subject,0,0,0
42106,constant,,wd:Q5790169,add_subject,0,0,0
37538,constant,,wd:Q581714,add_subject,0,0,0
93612,constant,,wd:Q582525,add_subject,0,0,0
80822,constant,,wd:Q5852411,add_subject,0,0,0
39913,constant,,wd:Q5867051,add_subject,0,0,0
37823,constant,,wd:Q5867959,add_subject,0,0,0
39914,constant,,wd:Q5868144,add_subject,0,0,0
34593,constant,,wd:Q58778,add_subject,0,0,0
42112,constant,,wd:Q5884387,add_subject,0,0,0
87231,constant,,wd:Q5890494,add_subject,0,0,0
78430,constant,,wd:Q590870,add_subject,0,0,0
88144,constant,,wd:Q59091,add_subject,0,0,0
32847,constant,,wd:Q592,add_subject,0,0,0
32150,constant,,wd:Q5923,add_subject,0,0,0
77438,constant,,wd:Q593644,add_subject,0,0,0
84229,constant,,wd:Q594279,add_subject,0,0,0
79680,constant,,wd:Q595105,add_subject,0,0,0
31065,constant,,wd:Q5958900,add_subject,0,0,0
42122,constant,,wd:Q5959520,add_subject,0,0,0
78796,constant,,wd:Q597,add_subject,0,0,0
40580,constant,,wd:Q59798,add_subject,0,0,0
40581,constant,,wd:Q59888,add_subject,0,0,0
33650,constant,,wd:Q599151,add_subject,0,0,0
43533,constant,,wd:Q5998839,add_subject,0,0,0
48700,constant,,wd:Q60,add_subject,0,0,0
44762,constant,,wd:Q60186,add_subject,0,0,0
43167,constant,,wd:Q6023295,add_subject,0,0,0
44589,constant,,wd:Q607241,add_subject,0,0,0
87509,constant,,wd:Q6088,add_subject,0,0,0
76202,constant,,wd:Q61,add_subject,0,0,0
35263,constant,,wd:Q611644,add_subject,0,0,0
79289,constant,,wd:Q612,add_subject,0,0,0
85875,constant,,wd:Q615150,add_subject,0,0,0
42144,constant,,wd:Q6169282,add_subject,0,0,0
86721,constant,,wd:Q6169840,add_subject,0,0,0
29796,constant,,wd:Q618123,add_subject,0,0,0
31112,constant,,wd:Q618779,add_subject,0,0,0
89766,constant,,wd:Q61878,add_subject,0,0,0
79488,constant,,wd:Q62,add_subject,0,0,0
74327,constant,,wd:Q62049,add_subject,0,0,0
30602,constant,,wd:Q622852,add_subject,0,0,0
88714,constant,,wd:Q6231,add_subject,0,0,0
32292,constant,,wd:Q623109,add_subject,0,0,0
31122,constant,,wd:Q62447,add_subject,0,0,0
49263,constant,,wd:Q624543,add_subject,0,0,0
31361,constant,,wd:Q6256,add_subject,0,0,0
80964,constant,,wd:Q6259,add_subject,0,0,0
29947,constant,,wd:Q6266,add_subject,0,0,0
81556,constant,,wd:Q627325,add_subject,0,0,0
39338,constant,,wd:Q628099,add_subject,0,0,0
45355,constant,,wd:Q628179,add_subject,0,0,0
76985,constant,,wd:Q6298851,add_subject,0,0,0
42146,constant,,wd:Q6301970,add_subject,0,0,0
49772,constant,,wd:Q632682,add_subject,0,0,0
79584,constant,,wd:Q632842,add_subject,0,0,0
38209,constant,,wd:Q633454,add_subject,0,0,0
88145,constant,,wd:Q6337803,add_subject,0,0,0
45788,constant,,wd:Q634099,add_subject,0,0,0
38369,constant,,wd:Q6352575,add_subject,0,0,0
76204,constant,,wd:Q639669,add_subject,0,0,0
32717,constant,,wd:Q64,add_subject,0,0,0
78703,constant,,wd:Q641,add_subject,0,0,0
79292,constant,,wd:Q6441,add_subject,0,0,0
86383,constant,,wd:Q644371,add_subject,0,0,0
35207,constant,,wd:Q644687,add_subject,0,0,0
32785,constant,,wd:Q645883,add_subject,0,0,0
39276,constant,,wd:Q6465,add_subject,0,0,0
40810,constant,,wd:Q646860,add_subject,0,0,0
47913,constant,,wd:Q647,add_subject,0,0,0
38234,constant,,wd:Q6473564,add_subject,0,0,0
76161,constant,,wd:Q648,add_subject,0,0,0
42180,constant,,wd:Q6482541,add_subject,0,0,0
42182,constant,,wd:Q6488923,add_subject,0,0,0
49264,constant,,wd:Q648961,add_subject,0,0,0
48698,constant,,wd:Q649,add_subject,0,0,0
40812,constant,,wd:Q650106,add_subject,0,0,0
35554,constant,,wd:Q652,add_subject,0,0,0
42189,constant,,wd:Q6527992,add_subject,0,0,0
96012,constant,,wd:Q653002,add_subject,0,0,0
39360,constant,,wd:Q654236,add_subject,0,0,0
75341,constant,,wd:Q6548,add_subject,0,0,0
49099,constant,,wd:Q6557453,add_subject,0,0,0
93775,constant,,wd:Q655814,add_subject,0,0,0
48617,constant,,wd:Q656720,add_subject,0,0,0
77984,constant,,wd:Q657,add_subject,0,0,0
31086,constant,,wd:Q6581072,add_subject,0,0,0
32653,constant,,wd:Q6581097,add_subject,0,0,0
87693,constant,,wd:Q6582,add_subject,0,0,0
44674,constant,,wd:Q6587194,add_subject,0,0,0
83946,constant,,wd:Q6596,add_subject,0,0,0
78405,constant,,wd:Q6602,add_subject,0,0,0
75371,constant,,wd:Q6607,add_subject,0,0,0
84341,constant,,wd:Q6616,add_subject,0,0,0
76320,constant,,wd:Q6617100,add_subject,0,0,0
84170,constant,,wd:Q6625,add_subject,0,0,0
84932,constant,,wd:Q6627746,add_subject,0,0,0
89602,constant,,wd:Q662914,add_subject,0,0,0
81063,constant,,wd:Q662985,add_subject,0,0,0
49265,constant,,wd:Q663314,add_subject,0,0,0
47912,constant,,wd:Q66344,add_subject,0,0,0
32848,constant,,wd:Q6636,add_subject,0,0,0
31033,constant,,wd:Q664,add_subject,0,0,0
82569,constant,,wd:Q664835,add_subject,0,0,0
36617,constant,,wd:Q665487,add_subject,0,0,0
36173,constant,,wd:Q6655,add_subject,0,0,0
84245,constant,,wd:Q666063,add_subject,0,0,0
37944,constant,,wd:Q6665249,add_subject,0,0,0
42781,constant,,wd:Q667509,add_subject,0,0,0
32036,constant,,wd:Q668,add_subject,0,0,0
94967,constant,,wd:Q671384,add_subject,0,0,0
41431,constant,,wd:Q6723368,add_subject,0,0,0
79498,constant,,wd:Q677191,add_subject,0,0,0
86848,constant,,wd:Q6784672,add_subject,0,0,0
36274,constant,,wd:Q679527,add_subject,0,0,0
30180,constant,,wd:Q682943,add_subject,0,0,0
76611,constant,,wd:Q683,add_subject,0,0,0
86249,constant,,wd:Q685309,add_subject,0,0,0
76613,constant,,wd:Q686,add_subject,0,0,0
44718,constant,,wd:Q687312,add_subject,0,0,0
74520,constant,,wd:Q6881511,add_subject,0,0,0
31173,constant,,wd:Q68947,add_subject,0,0,0
83360,constant,,wd:Q6895044,add_subject,0,0,0
49106,constant,,wd:Q691,add_subject,0,0,0
45743,constant,,wd:Q6933946,add_subject,0,0,0
80046,constant,,wd:Q694,add_subject,0,0,0
82583,constant,,wd:Q694372,add_subject,0,0,0
46366,constant,,wd:Q6975221,add_subject,0,0,0
48749,constant,,wd:Q6979593,add_subject,0,0,0
46120,constant,,wd:Q70,add_subject,0,0,0
42892,constant,,wd:Q700222,add_subject,0,0,0
81808,constant,,wd:Q7003,add_subject,0,0,0
80032,constant,,wd:Q701,add_subject,0,0,0
44066,constant,,wd:Q70208,add_subject,0,0,0
49750,constant,,wd:Q702842,add_subject,0,0,0
96011,constant,,wd:Q705551,add_subject,0,0,0
34310,constant,,wd:Q7058673,add_subject,0,0,0
36922,constant,,wd:Q70695,add_subject,0,0,0
33173,constant,,wd:Q7075,add_subject,0,0,0
75576,constant,,wd:Q707813,add_subject,0,0,0
29905,constant,,wd:Q708676,add_subject,0,0,0
32450,constant,,wd:Q709,add_subject,0,0,0
85708,constant,,wd:Q710,add_subject,0,0,0
38236,constant,,wd:Q7126717,add_subject,0,0,0
81835,constant,,wd:Q7128792,add_subject,0,0,0
41481,constant,,wd:Q7136012,add_subject,0,0,0
78532,constant,,wd:Q713623,add_subject,0,0,0
75247,constant,,wd:Q7140664,add_subject,0,0,0
83435,constant,,wd:Q715301,add_subject,0,0,0
76854,constant,,wd:Q7156,add_subject,0,0,0
40827,constant,,wd:Q716132,add_subject,0,0,0
46084,constant,,wd:Q717,add_subject,0,0,0
43517,constant,,wd:Q7184903,add_subject,0,0,0
29916,constant,,wd:Q7187,add_subject,0,0,0
32443,constant,,wd:Q7188,add_subject,0,0,0
31470,constant,,wd:Q7189713,add_subject,0,0,0
38622,constant,,wd:Q7194062,add_subject,0,0,0
31150,constant,,wd:Q719456,add_subject,0,0,0
45527,constant,,wd:Q719675,add_subject,0,0,0
78535,constant,,wd:Q72,add_subject,0,0,0
35687,constant,,wd:Q723849,add_subject,0,0,0
45799,constant,,wd:Q7239,add_subject,0,0,0
83698,constant,,wd:Q724,add_subject,0,0,0
30850,constant,,wd:Q726,add_subject,0,0,0
45310,constant,,wd:Q7269,add_subject,0,0,0
76004,constant,,wd:Q727,add_subject,0,0,0
45309,constant,,wd:Q7270,add_subject,0,0,0
31358,constant,,wd:Q7275,add_subject,0,0,0
33977,constant,,wd:Q7278,add_subject,0,0,0
94633,constant,,wd:Q727919,add_subject,0,0,0
88704,constant,,wd:Q728904,add_subject,0,0,0
32545,constant,,wd:Q728937,add_subject,0,0,0
33534,constant,,wd:Q7291,add_subject,0,0,0
77985,constant,,wd:Q730,add_subject,0,0,0
47530,constant,,wd:Q730038,add_subject,0,0,0
30708,constant,,wd:Q7302866,add_subject,0,0,0
38752,constant,,wd:Q731126,add_subject,0,0,0
95888,constant,,wd:Q7321974,add_subject,0,0,0
30417,constant,,wd:Q732577,add_subject,0,0,0
50011,constant,,wd:Q732717,add_subject,0,0,0
83610,constant,,wd:Q7328910,add_subject,0,0,0
76616,constant,,wd:Q733,add_subject,0,0,0
49674,constant,,wd:Q7333457,add_subject,0,0,0
85022,constant,,wd:Q734578,add_subject,0,0,0
46707,constant,,wd:Q735188,add_subject,0,0,0
89009,constant,,wd:Q735428,add_subject,0,0,0
75558,constant,,wd:Q736,add_subject,0,0,0
33378,constant,,wd:Q7365,add_subject,0,0,0
33340,constant,,wd:Q7366,add_subject,0,0,0
86672,constant,,wd:Q7367,add_subject,0,0,0
88509,constant,,wd:Q7374509,add_subject,0,0,0
38117,constant,,wd:Q737498,add_subject,0,0,0
31979,constant,,wd:Q7378,add_subject,0,0,0
80636,constant,,wd:Q7386,add_subject,0,0,0
46085,constant,,wd:Q739,add_subject,0,0,0
49100,constant,,wd:Q7391292,add_subject,0,0,0
29830,constant,,wd:Q7397,add_subject,0,0,0
35189,constant,,wd:Q7406919,add_subject,0,0,0
40261,constant,,wd:Q7411,add_subject,0,0,0
93776,constant,,wd:Q7415384,add_subject,0,0,0
32109,constant,,wd:Q742421,add_subject,0,0,0
46022,constant,,wd:Q743004,add_subject,0,0,0
31172,constant,,wd:Q7432,add_subject,0,0,0
48262,constant,,wd:Q744099,add_subject,0,0,0
81065,constant,,wd:Q744598,add_subject,0,0,0
41743,constant,,wd:Q7456120,add_subject,0,0,0
48964,constant,,wd:Q746369,add_subject,0,0,0
37136,constant,,wd:Q747074,add_subject,0,0,0
83480,constant,,wd:Q748149,add_subject,0,0,0
79476,constant,,wd:Q748211,add_subject,0,0,0
40839,constant,,wd:Q748899,add_subject,0,0,0
46086,constant,,wd:Q750,add_subject,0,0,0
82497,constant,,wd:Q751876,add_subject,0,0,0
84128,constant,,wd:Q752,add_subject,0,0,0
80259,constant,,wd:Q7521081,add_subject,0,0,0
33924,constant,,wd:Q752783,add_subject,0,0,0
48065,constant,,wd:Q753110,add_subject,0,0,0
79087,constant,,wd:Q753219,add_subject,0,0,0
81066,constant,,wd:Q753289,add_subject,0,0,0
30312,constant,,wd:Q755707,add_subject,0,0,0
89219,constant,,wd:Q756082,add_subject,0,0,0
84444,constant,,wd:Q756617,add_subject,0,0,0
41749,constant,,wd:Q7576582,add_subject,0,0,0
30948,constant,,wd:Q759421,add_subject,0,0,0
41758,constant,,wd:Q7617621,add_subject,0,0,0
87707,constant,,wd:Q7618284,add_subject,0,0,0
49582,constant,,wd:Q764,add_subject,0,0,0
93567,constant,,wd:Q764876,add_subject,0,0,0
40844,constant,,wd:Q765547,add_subject,0,0,0
31495,constant,,wd:Q767728,add_subject,0,0,0
94195,constant,,wd:Q768519,add_subject,0,0,0
85378,constant,,wd:Q768717,add_subject,0,0,0
46089,constant,,wd:Q77,add_subject,0,0,0
80047,constant,,wd:Q770,add_subject,0,0,0
79344,constant,,wd:Q771,add_subject,0,0,0
40847,constant,,wd:Q771526,add_subject,0,0,0
36503,constant,,wd:Q7725310,add_subject,0,0,0
36191,constant,,wd:Q7725634,add_subject,0,0,0
74305,constant,,wd:Q7737,add_subject,0,0,0
81465,constant,,wd:Q775,add_subject,0,0,0
40851,constant,,wd:Q775899,add_subject,0,0,0
80048,constant,,wd:Q776,add_subject,0,0,0
40853,constant,,wd:Q777327,add_subject,0,0,0
44004,constant,,wd:Q7777570,add_subject,0,0,0
76620,constant,,wd:Q778,add_subject,0,0,0
76291,constant,,wd:Q779,add_subject,0,0,0
76622,constant,,wd:Q783,add_subject,0,0,0
33906,constant,,wd:Q783794,add_subject,0,0,0
77022,constant,,wd:Q784,add_subject,0,0,0
76623,constant,,wd:Q786,add_subject,0,0,0
80692,constant,,wd:Q786820,add_subject,0,0,0
83306,constant,,wd:Q7880,add_subject,0,0,0
30604,constant,,wd:Q7889,add_subject,0,0,0
46039,constant,,wd:Q789447,add_subject,0,0,0
46064,constant,,wd:Q79,add_subject,0,0,0
38401,constant,,wd:Q79007,add_subject,0,0,0
46087,constant,,wd:Q792,add_subject,0,0,0
37925,constant,,wd:Q794,add_subject,0,0,0
30823,constant,,wd:Q7944,add_subject,0,0,0
96132,constant,,wd:Q795228,add_subject,0,0,0
32800,constant,,wd:Q79529,add_subject,0,0,0
46062,constant,,wd:Q796,add_subject,0,0,0
44106,constant,,wd:Q79602,add_subject,0,0,0
39080,constant,,wd:Q797,add_subject,0,0,0
39783,constant,,wd:Q79913,add_subject,0,0,0
46074,constant,,wd:Q801,add_subject,0,0,0
82226,constant,,wd:Q80296,add_subject,0,0,0
82227,constant,,wd:Q80305,add_subject,0,0,0
46088,constant,,wd:Q804,add_subject,0,0,0
77162,constant,,wd:Q804311,add_subject,0,0,0
41801,constant,,wd:Q8043893,add_subject,0,0,0
38299,constant,,wd:Q8047,add_subject,0,0,0
76265,constant,,wd:Q805,add_subject,0,0,0
35546,constant,,wd:Q8054,add_subject,0,0,0
34029,constant,,wd:Q8072,add_subject,0,0,0
31376,constant,,wd:Q8076,add_subject,0,0,0
48283,constant,,wd:Q808462,add_subject,0,0,0
35788,constant,,wd:Q809,add_subject,0,0,0
82838,constant,,wd:Q80955,add_subject,0,0,0
40857,constant,,wd:Q809586,add_subject,0,0,0
37892,constant,,wd:Q810,add_subject,0,0,0
76909,constant,,wd:Q81096,add_subject,0,0,0
76625,constant,,wd:Q811,add_subject,0,0,0
81725,constant,,wd:Q811165,add_subject,0,0,0
79429,constant,,wd:Q81137,add_subject,0,0,0
30630,constant,,wd:Q811430,add_subject,0,0,0
48287,constant,,wd:Q811534,add_subject,0,0,0
31923,constant,,wd:Q811979,add_subject,0,0,0
74484,constant,,wd:Q812,add_subject,0,0,0
38754,constant,,wd:Q812285,add_subject,0,0,0
46075,constant,,wd:Q813,add_subject,0,0,0
31115,constant,,wd:Q8142,add_subject,0,0,0
36411,constant,,wd:Q8148,add_subject,0,0,0
79444,constant,,wd:Q81513,add_subject,0,0,0
88698,constant,,wd:Q815348,add_subject,0,0,0
77431,constant,,wd:Q816,add_subject,0,0,0
79445,constant,,wd:Q8162,add_subject,0,0,0
79095,constant,,wd:Q81666,add_subject,0,0,0
81592,constant,,wd:Q81725,add_subject,0,0,0
41807,constant,,wd:Q8186572,add_subject,0,0,0
33928,constant,,wd:Q8187769,add_subject,0,0,0
81588,constant,,wd:Q81888,add_subject,0,0,0
48990,constant,,wd:Q820477,add_subject,0,0,0
32531,constant,,wd:Q8205328,add_subject,0,0,0
84313,constant,,wd:Q82185,add_subject,0,0,0
46076,constant,,wd:Q822,add_subject,0,0,0
48066,constant,,wd:Q822146,add_subject,0,0,0
30004,constant,,wd:Q8229,add_subject,0,0,0
76504,constant,,wd:Q824,add_subject,0,0,0
33464,constant,,wd:Q8261,add_subject,0,0,0
33028,constant,,wd:Q8274,add_subject,0,0,0
45363,constant,,wd:Q8274529,add_subject,0,0,0
30243,constant,,wd:Q82794,add_subject,0,0,0
31512,constant,,wd:Q82799,add_subject,0,0,0
43925,constant,,wd:Q828,add_subject,0,0,0
29975,constant,,wd:Q82955,add_subject,0,0,0
86691,constant,,wd:Q83065,add_subject,0,0,0
32665,constant,,wd:Q83267,add_subject,0,0,0
74579,constant,,wd:Q833,add_subject,0,0,0
31378,constant,,wd:Q83310,add_subject,0,0,0
46353,constant,,wd:Q833670,add_subject,0,0,0
35268,constant,,wd:Q833738,add_subject,0,0,0
31526,constant,,wd:Q83405,add_subject,0,0,0
35355,constant,,wd:Q8347,add_subject,0,0,0
80132,constant,,wd:Q8356,add_subject,0,0,0
82232,constant,,wd:Q835714,add_subject,0,0,0
35610,constant,,wd:Q836,add_subject,0,0,0
34121,constant,,wd:Q83620,add_subject,0,0,0
36714,constant,,wd:Q836575,add_subject,0,0,0
76628,constant,,wd:Q837,add_subject,0,0,0
94316,constant,,wd:Q837089,add_subject,0,0,0
82821,constant,,wd:Q8385,add_subject,0,0,0
29966,constant,,wd:Q838948,add_subject,0,0,0
40219,constant,,wd:Q839954,add_subject,0,0,0
32159,constant,,wd:Q84,add_subject,0,0,0
95993,constant,,wd:Q840886,add_subject,0,0,0
78910,constant,,wd:Q8418,add_subject,0,0,0
80586,constant,,wd:Q842112,add_subject,0,0,0
30507,constant,,wd:Q842858,add_subject,0,0,0
74580,constant,,wd:Q843,add_subject,0,0,0
30464,constant,,wd:Q8436,add_subject,0,0,0
86139,constant,,wd:Q844930,add_subject,0,0,0
75099,constant,,wd:Q846,add_subject,0,0,0
41823,constant,,wd:Q8464689,add_subject,0,0,0
88510,constant,,wd:Q846659,add_subject,0,0,0
30851,constant,,wd:Q847017,add_subject,0,0,0
87524,constant,,wd:Q848313,add_subject,0,0,0
43109,constant,,wd:Q848944,add_subject,0,0,0
75272,constant,,wd:Q849697,add_subject,0,0,0
43568,constant,,wd:Q849919,add_subject,0,0,0
31350,constant,,wd:Q8502,add_subject,0,0,0
40869,constant,,wd:Q850491,add_subject,0,0,0
33646,constant,,wd:Q850730,add_subject,0,0,0
74581,constant,,wd:Q851,add_subject,0,0,0
88632,constant,,wd:Q852190,add_subject,0,0,0
75278,constant,,wd:Q8531,add_subject,0,0,0
76629,constant,,wd:Q854,add_subject,0,0,0
75360,constant,,wd:Q855091,add_subject,0,0,0
45332,constant,,wd:Q855697,add_subject,0,0,0
96210,constant,,wd:Q855769,add_subject,0,0,0
74789,constant,,wd:Q8567,add_subject,0,0,0
46077,constant,,wd:Q858,add_subject,0,0,0
88274,constant,,wd:Q858633,add_subject,0,0,0
40871,constant,,wd:Q860112,add_subject,0,0,0
32300,constant,,wd:Q860861,add_subject,0,0,0
37241,constant,,wd:Q861184,add_subject,0,0,0
80205,constant,,wd:Q861252,add_subject,0,0,0
87956,constant,,wd:Q8613,add_subject,0,0,0
44238,constant,,wd:Q861911,add_subject,0,0,0
46078,constant,,wd:Q863,add_subject,0,0,0
94452,constant,,wd:Q8639,add_subject,0,0,0
37785,constant,,wd:Q864152,add_subject,0,0,0
93648,constant,,wd:Q864221,add_subject,0,0,0
32146,constant,,wd:Q865,add_subject,0,0,0
94984,constant,,wd:Q866196,add_subject,0,0,0
90569,constant,,wd:Q867727,add_subject,0,0,0
44807,constant,,wd:Q8679,add_subject,0,0,0
79549,constant,,wd:Q8682,add_subject,0,0,0
48721,constant,,wd:Q868557,add_subject,0,0,0
44941,constant,,wd:Q869,add_subject,0,0,0
82577,constant,,wd:Q871419,add_subject,0,0,0
42998,constant,,wd:Q87167,add_subject,0,0,0
30042,constant,,wd:Q8719053,add_subject,0,0,0
46079,constant,,wd:Q874,add_subject,0,0,0
30454,constant,,wd:Q874405,add_subject,0,0,0
83807,constant,,wd:Q8745,add_subject,0,0,0
80971,constant,,wd:Q875538,add_subject,0,0,0
82941,constant,,wd:Q8760,add_subject,0,0,0
47896,constant,,wd:Q876730,add_subject,0,0,0
41827,constant,,wd:Q8768491,add_subject,0,0,0
81667,constant,,wd:Q877517,add_subject,0,0,0
74961,constant,,wd:Q878,add_subject,0,0,0
40265,constant,,wd:Q8785,add_subject,0,0,0
42861,constant,,wd:Q879146,add_subject,0,0,0
46080,constant,,wd:Q881,add_subject,0,0,0
84653,constant,,wd:Q8810,add_subject,0,0,0
43787,constant,,wd:Q884,add_subject,0,0,0
44814,constant,,wd:Q8853,add_subject,0,0,0
46081,constant,,wd:Q889,add_subject,0,0,0
44820,constant,,wd:Q8910,add_subject,0,0,0
84401,constant,,wd:Q891723,add_subject,0,0,0
44822,constant,,wd:Q8918,add_subject,0,0,0
44824,constant,,wd:Q8921,add_subject,0,0,0
44536,constant,,wd:Q895526,add_subject,0,0,0
94235,constant,,wd:Q896734,add_subject,0,0,0
46284,constant,,wd:Q899409,add_subject,0,0,0
89838,constant,,wd:Q899523,add_subject,0,0,0
44455,constant,,wd:Q90,add_subject,0,0,0
41641,constant,,wd:Q9005036,add_subject,0,0,0
82946,constant,,wd:Q901402,add_subject,0,0,0
37628,constant,,wd:Q902,add_subject,0,0,0
79460,constant,,wd:Q902104,add_subject,0,0,0
88501,constant,,wd:Q9022830,add_subject,0,0,0
41660,constant,,wd:Q9055681,add_subject,0,0,0
82079,constant,,wd:Q9063,add_subject,0,0,0
82135,constant,,wd:Q9078,add_subject,0,0,0
43510,constant,,wd:Q9081,add_subject,0,0,0
75100,constant,,wd:Q912,add_subject,0,0,0
84418,constant,,wd:Q913073,add_subject,0,0,0
35019,constant,,wd:Q913415,add_subject,0,0,0
49020,constant,,wd:Q9135,add_subject,0,0,0
46723,constant,,wd:Q913672,add_subject,0,0,0
33253,constant,,wd:Q9143,add_subject,0,0,0
49028,constant,,wd:Q915603,add_subject,0,0,0
37484,constant,,wd:Q916,add_subject,0,0,0
49014,constant,,wd:Q916333,add_subject,0,0,0
36435,constant,,wd:Q916620,add_subject,0,0,0
31379,constant,,wd:Q91703,add_subject,0,0,0
31451,constant,,wd:Q9174,add_subject,0,0,0
92525,constant,,wd:Q919631,add_subject,0,0,0
75101,constant,,wd:Q921,add_subject,0,0,0
76545,constant,,wd:Q923,add_subject,0,0,0
74785,constant,,wd:Q924,add_subject,0,0,0
32546,constant,,wd:Q924286,add_subject,0,0,0
82088,constant,,wd:Q925381,add_subject,0,0,0
44827,constant,,wd:Q9256,add_subject,0,0,0
36018,constant,,wd:Q9259,add_subject,0,0,0
85164,constant,,wd:Q927541,add_subject,0,0,0
40258,constant,,wd:Q928,add_subject,0,0,0
79899,constant,,wd:Q928830,add_subject,0,0,0
77987,constant,,wd:Q929,add_subject,0,0,0
92412,constant,,wd:Q929833,add_subject,0,0,0
87525,constant,,wd:Q93184,add_subject,0,0,0
45126,constant,,wd:Q93204,add_subject,0,0,0
87705,constant,,wd:Q9331,add_subject,0,0,0
86393,constant,,wd:Q93716,add_subject,0,0,0
31671,constant,,wd:Q937857,add_subject,0,0,0
43168,constant,,wd:Q939743,add_subject,0,0,0
81898,constant,,wd:Q941049,add_subject,0,0,0
37331,constant,,wd:Q9430,add_subject,0,0,0
40898,constant,,wd:Q945272,add_subject,0,0,0
33526,constant,,wd:Q948,add_subject,0,0,0
30069,constant,,wd:Q95074,add_subject,0,0,0
37485,constant,,wd:Q953,add_subject,0,0,0
76630,constant,,wd:Q954,add_subject,0,0,0
82150,constant,,wd:Q955824,add_subject,0,0,0
77989,constant,,wd:Q958,add_subject,0,0,0
87256,constant,,wd:Q9580,add_subject,0,0,0
35676,constant,,wd:Q9588,add_subject,0,0,0
46138,constant,,wd:Q9592,add_subject,0,0,0
40905,constant,,wd:Q959222,add_subject,0,0,0
37258,constant,,wd:Q96,add_subject,0,0,0
40906,constant,,wd:Q960200,add_subject,0,0,0
41681,constant,,wd:Q9613453,add_subject,0,0,0
37486,constant,,wd:Q962,add_subject,0,0,0
34490,constant,,wd:Q9620,add_subject,0,0,0
37487,constant,,wd:Q963,add_subject,0,0,0
35688,constant,,wd:Q963099,add_subject,0,0,0
37488,constant,,wd:Q965,add_subject,0,0,0
87772,constant,,wd:Q965568,add_subject,0,0,0
77990,constant,,wd:Q967,add_subject,0,0,0
48127,constant,,wd:Q9676,add_subject,0,0,0
83592,constant,,wd:Q968159,add_subject,0,0,0
45072,constant,,wd:Q970153,add_subject,0,0,0
77991,constant,,wd:Q971,add_subject,0,0,0
80034,constant,,wd:Q972,add_subject,0,0,0
95139,constant,,wd:Q973011,add_subject,0,0,0
40911,constant,,wd:Q973314,add_subject,0,0,0
75102,constant,,wd:Q974,add_subject,0,0,0
40912,constant,,wd:Q975998,add_subject,0,0,0
44581,constant,,wd:Q9779,add_subject,0,0,0
87136,constant,,wd:Q9788,add_subject,0,0,0
37589,constant,,wd:Q98,add_subject,0,0,0
74324,constant,,wd:Q9826,add_subject,0,0,0
86897,constant,,wd:Q9842,add_subject,0,0,0
88474,constant,,wd:Q985488,add_subject,0,0,0
92096,constant,,wd:Q986065,add_subject,0,0,0
76021,constant,,wd:Q9899,add_subject,0,0,0
74792,constant,,wd:Q99,add_subject,0,0,0
44124,constant,,wd:Q99775,add_subject,0,0,0
44552,constant,,wd:Q99974,add_subject,0,0,0
74195,role,subject,,add_subject,0,184845,235143
74215,role,object,,add_subject,0,194654,208915
89881,role,other_subject,,add_subject,0,1005,7762
74197,role,other_object,,add_subject,0,0,0
0,none,NONE,,add_subject,0,473907,473907
,unrepresentable_summary_not_a_V1_class,,,add_subject,0,0,0
32491,constant,,wd:P1001,add_predicate,1,11,11
34158,constant,,wd:P1005,add_predicate,1,1,1
33873,constant,,wd:P101,add_predicate,1,76,76
33424,constant,,wd:P1014,add_predicate,1,1,1
30068,constant,,wd:P1015,add_predicate,1,1,1
30025,constant,,wd:P102,add_predicate,1,5,32
30223,constant,,wd:P103,add_predicate,1,24,24
35551,constant,,wd:P1030,add_predicate,1,0,4
30019,constant,,wd:P1037,add_predicate,1,2,2
30050,constant,,wd:P1038,add_predicate,1,18,18
30990,constant,,wd:P105,add_predicate,1,8840,8842
43595,constant,,wd:P1050,add_predicate,1,1,1
34401,constant,,wd:P1053,add_predicate,1,1,1
29766,constant,,wd:P106,add_predicate,1,1498,1539
35067,constant,,wd:P1066,add_predicate,1,31,31
31559,constant,,wd:P108,add_predicate,1,16,16
30632,constant,,wd:P1082,add_predicate,1,19,24
38679,constant,,wd:P1085,add_predicate,1,1,1
40239,constant,,wd:P111,add_predicate,1,0,1
30987,constant,,wd:P1113,add_predicate,1,106,109
32442,constant,,wd:P112,add_predicate,1,3,3
32618,constant,,wd:P1120,add_predicate,1,2,2
37424,constant,,wd:P1142,add_predicate,1,25,25
38001,constant,,wd:P1149,add_predicate,1,1,1
33661,constant,,wd:P115,add_predicate,1,2,2
29939,constant,,wd:P1151,add_predicate,1,30,30
33923,constant,,wd:P1158,add_predicate,1,1,1
31097,constant,,wd:P119,add_predicate,1,21,74
30746,constant,,wd:P1195,add_predicate,1,0,3
42703,constant,,wd:P1196,add_predicate,1,7,7
30759,constant,,wd:P1204,add_predicate,1,30,30
31293,constant,,wd:P1207,add_predicate,1,3,3
30397,constant,,wd:P1216,add_predicate,1,1,1
36739,constant,,wd:P123,add_predicate,1,0,5
29965,constant,,wd:P1257,add_predicate,1,1,1
33460,constant,,wd:P1258,add_predicate,1,1,1
45671,constant,,wd:P1265,add_predicate,1,2,2
35758,constant,,wd:P1266,add_predicate,1,9,9
32533,constant,,wd:P1269,add_predicate,1,34,34
37613,constant,,wd:P127,add_predicate,1,63,63
38704,constant,,wd:P1280,add_predicate,1,1,1
33652,constant,,wd:P1297,add_predicate,1,0,14
30122,constant,,wd:P131,add_predicate,1,1232,12560
32376,constant,,wd:P1313,add_predicate,1,1,1
32494,constant,,wd:P1321,add_predicate,1,2,8
30643,constant,,wd:P1327,add_predicate,1,1,1
32566,constant,,wd:P1332,add_predicate,1,1,2
32567,constant,,wd:P1333,add_predicate,1,0,75
35044,constant,,wd:P1335,add_predicate,1,2,87
35553,constant,,wd:P1341,add_predicate,1,1,1
31496,constant,,wd:P1343,add_predicate,1,3,3
30298,constant,,wd:P1344,add_predicate,1,11,12
33150,constant,,wd:P1346,add_predicate,1,1,1
31218,constant,,wd:P136,add_predicate,1,45,45
35591,constant,,wd:P1365,add_predicate,1,317,317
35592,constant,,wd:P1366,add_predicate,1,125,125
34326,constant,,wd:P137,add_predicate,1,13,13
34808,constant,,wd:P1376,add_predicate,1,1982,1982
33576,constant,,wd:P138,add_predicate,1,4,6
43771,constant,,wd:P1382,add_predicate,1,1,1
43038,constant,,wd:P1398,add_predicate,1,4,4
35235,constant,,wd:P140,add_predicate,1,6,6
40253,constant,,wd:P1402,add_predicate,1,1,1
39176,constant,,wd:P1403,add_predicate,1,2,2
29961,constant,,wd:P141,add_predicate,1,9,9
32695,constant,,wd:P1412,add_predicate,1,556,556
33994,constant,,wd:P1416,add_predicate,1,1,1
30790,constant,,wd:P1419,add_predicate,1,1,1
44999,constant,,wd:P1420,add_predicate,1,10,10
34750,constant,,wd:P1423,add_predicate,1,64,64
40434,constant,,wd:P1424,add_predicate,1,257,257
39257,constant,,wd:P1427,add_predicate,1,7,114
39614,constant,,wd:P1433,add_predicate,1,338,988
34437,constant,,wd:P1434,add_predicate,1,3,3
29973,constant,,wd:P1435,add_predicate,1,5109,5162
37806,constant,,wd:P144,add_predicate,1,1,1
34407,constant,,wd:P1441,add_predicate,1,37,37
33609,constant,,wd:P1444,add_predicate,1,1,1
34438,constant,,wd:P1445,add_predicate,1,50,50
32628,constant,,wd:P1448,add_predicate,1,0,6
36626,constant,,wd:P1456,add_predicate,1,0,20
31437,constant,,wd:P1464,add_predicate,1,3,18
30953,constant,,wd:P1465,add_predicate,1,5,5
29787,constant,,wd:P1476,add_predicate,1,17,984
33406,constant,,wd:P15,add_predicate,1,1,1
38301,constant,,wd:P1531,add_predicate,1,1,1
33307,constant,,wd:P1532,add_predicate,1,4,4
30048,constant,,wd:P1533,add_predicate,1,1,1
38432,constant,,wd:P1536,add_predicate,1,3,3
36565,constant,,wd:P1541,add_predicate,1,1,1
32015,constant,,wd:P155,add_predicate,1,9988,9988
30239,constant,,wd:P1552,add_predicate,1,2,2
42593,constant,,wd:P1554,add_predicate,1,1,1
36598,constant,,wd:P1559,add_predicate,1,107,107
32016,constant,,wd:P156,add_predicate,1,7251,7251
36439,constant,,wd:P1562,add_predicate,1,3,3
31226,constant,,wd:P1566,add_predicate,1,3,665
42997,constant,,wd:P1574,add_predicate,1,2,2
43174,constant,,wd:P1582,add_predicate,1,3,3
33351,constant,,wd:P1586,add_predicate,1,3,3
30287,constant,,wd:P1589,add_predicate,1,1,1
38091,constant,,wd:P159,add_predicate,1,345,345
34574,constant,,wd:P1599,add_predicate,1,1,1
33569,constant,,wd:P1621,add_predicate,1,1,1
35588,constant,,wd:P1629,add_predicate,1,31,33
35233,constant,,wd:P1636,add_predicate,1,4,4
33125,constant,,wd:P1644,add_predicate,1,1,1
37385,constant,,wd:P1649,add_predicate,1,5,5
30512,constant,,wd:P166,add_predicate,1,4,5
43997,constant,,wd:P167,add_predicate,1,6,6
36398,constant,,wd:P1670,add_predicate,1,1,1
32372,constant,,wd:P1672,add_predicate,1,17,17
36637,constant,,wd:P1679,add_predicate,1,0,85
39501,constant,,wd:P1680,add_predicate,1,1,1
34130,constant,,wd:P1699,add_predicate,1,1,4
29758,constant,,wd:P17,add_predicate,1,24997,25006
30533,constant,,wd:P170,add_predicate,1,71,203
31178,constant,,wd:P1700,add_predicate,1,1,1
31319,constant,,wd:P1705,add_predicate,1,3235,18232
29923,constant,,wd:P171,add_predicate,1,587,10617
42977,constant,,wd:P1728,add_predicate,1,3,3
33339,constant,,wd:P1729,add_predicate,1,1,1
33635,constant,,wd:P1740,add_predicate,1,1,3
31014,constant,,wd:P1748,add_predicate,1,8,8
32625,constant,,wd:P1749,add_predicate,1,0,8
35227,constant,,wd:P175,add_predicate,1,6,6
36006,constant,,wd:P1753,add_predicate,1,481,481
30750,constant,,wd:P1754,add_predicate,1,1096,1096
32017,constant,,wd:P176,add_predicate,1,3,14
35095,constant,,wd:P1762,add_predicate,1,0,1
36995,constant,,wd:P177,add_predicate,1,0,5
34027,constant,,wd:P179,add_predicate,1,3,9
35181,constant,,wd:P1792,add_predicate,1,6,6
30213,constant,,wd:P18,add_predicate,1,0,452
37279,constant,,wd:P180,add_predicate,1,1,1
36436,constant,,wd:P183,add_predicate,1,1,1
34292,constant,,wd:P1838,add_predicate,1,1,1
33536,constant,,wd:P184,add_predicate,1,10,10
35148,constant,,wd:P1848,add_predicate,1,0,1
34086,constant,,wd:P185,add_predicate,1,85,85
32414,constant,,wd:P1855,add_predicate,1,0,2
35452,constant,,wd:P186,add_predicate,1,3,3
36350,constant,,wd:P1875,add_predicate,1,1,1
38682,constant,,wd:P1889,add_predicate,1,11,11
48517,constant,,wd:P189,add_predicate,1,9,9
34820,constant,,wd:P1891,add_predicate,1,2,3
30111,constant,,wd:P19,add_predicate,1,106,314
35562,constant,,wd:P190,add_predicate,1,1,2
30836,constant,,wd:P1923,add_predicate,1,1,1
34398,constant,,wd:P194,add_predicate,1,1,1
36455,constant,,wd:P1946,add_predicate,1,1,1
31909,constant,,wd:P195,add_predicate,1,2456,2733
33257,constant,,wd:P196,add_predicate,1,1,1
33875,constant,,wd:P1960,add_predicate,1,1,1
33222,constant,,wd:P1969,add_predicate,1,8,8
32018,constant,,wd:P197,add_predicate,1,1,1
33259,constant,,wd:P1970,add_predicate,1,5,5
35666,constant,,wd:P1981,add_predicate,1,1,1
30219,constant,,wd:P1984,add_predicate,1,1,1
32303,constant,,wd:P1999,add_predicate,1,19,19
30419,constant,,wd:P20,add_predicate,1,8,10
37805,constant,,wd:P2006,add_predicate,1,1,1
33949,constant,,wd:P2009,add_predicate,1,0,3
37012,constant,,wd:P201,add_predicate,1,1,1
35068,constant,,wd:P2013,add_predicate,1,3,5
31098,constant,,wd:P2019,add_predicate,1,13,13
30233,constant,,wd:P2025,add_predicate,1,3,3
45045,constant,,wd:P2026,add_predicate,1,1,1
31139,constant,,wd:P2033,add_predicate,1,0,3
39740,constant,,wd:P2038,add_predicate,1,1,1
32006,constant,,wd:P2043,add_predicate,1,212,217
35437,constant,,wd:P2046,add_predicate,1,23,106
32008,constant,,wd:P2048,add_predicate,1,33,33
37937,constant,,wd:P2053,add_predicate,1,31,63
38346,constant,,wd:P206,add_predicate,1,11,20
29852,constant,,wd:P21,add_predicate,1,3326,3326
32183,constant,,wd:P2100,add_predicate,1,1,1
30175,constant,,wd:P2108,add_predicate,1,2,2
31209,constant,,wd:P212,add_predicate,1,6,6
34787,constant,,wd:P213,add_predicate,1,11,11
36262,constant,,wd:P214,add_predicate,1,21,44
39106,constant,,wd:P2153,add_predicate,1,1,1
31189,constant,,wd:P2168,add_predicate,1,7,7
33153,constant,,wd:P219,add_predicate,1,0,1
30963,constant,,wd:P2193,add_predicate,1,1,1
29865,constant,,wd:P22,add_predicate,1,7,7
34907,constant,,wd:P220,add_predicate,1,1,2
31955,constant,,wd:P2243,add_predicate,1,0,11
33014,constant,,wd:P2244,add_predicate,1,1,2
29963,constant,,wd:P225,add_predicate,1,5,2847
32630,constant,,wd:P2267,add_predicate,1,2,2
31921,constant,,wd:P227,add_predicate,1,10,15
33196,constant,,wd:P2283,add_predicate,1,2,2
30166,constant,,wd:P2328,add_predicate,1,1,1
31192,constant,,wd:P2334,add_predicate,1,8,8
33978,constant,,wd:P234,add_predicate,1,2,2
30824,constant,,wd:P2346,add_predicate,1,5,5
34020,constant,,wd:P2348,add_predicate,1,27,27
32836,constant,,wd:P2354,add_predicate,1,4,4
36249,constant,,wd:P2359,add_predicate,1,0,21
33612,constant,,wd:P236,add_predicate,1,2,14
30357,constant,,wd:P2369,add_predicate,1,2,2
33260,constant,,wd:P2375,add_predicate,1,1,1
35007,constant,,wd:P2387,add_predicate,1,10,10
34105,constant,,wd:P2388,add_predicate,1,35,35
39098,constant,,wd:P2389,add_predicate,1,18,18
32332,constant,,wd:P239,add_predicate,1,1,65
30451,constant,,wd:P242,add_predicate,1,0,17
30055,constant,,wd:P2435,add_predicate,1,5,5
31567,constant,,wd:P244,add_predicate,1,27,769
31289,constant,,wd:P2447,add_predicate,1,34,34
30247,constant,,wd:P2465,add_predicate,1,1,1
32674,constant,,wd:P2473,add_predicate,1,7,7
37985,constant,,wd:P2499,add_predicate,1,7,7
31212,constant,,wd:P25,add_predicate,1,23,23
36581,constant,,wd:P2500,add_predicate,1,7,7
36996,constant,,wd:P2505,add_predicate,1,0,13
34486,constant,,wd:P2508,add_predicate,1,1,1
36288,constant,,wd:P2517,add_predicate,1,8,8
35523,constant,,wd:P2518,add_predicate,1,1,1
33627,constant,,wd:P2519,add_predicate,1,9,9
31073,constant,,wd:P2529,add_predicate,1,3,3
49247,constant,,wd:P2541,add_predicate,1,3,3
44593,constant,,wd:P2568,add_predicate,1,1,1
35560,constant,,wd:P2578,add_predicate,1,5,5
39134,constant,,wd:P2579,add_predicate,1,9,9
31031,constant,,wd:P2580,add_predicate,1,1,1
29941,constant,,wd:P26,add_predicate,1,6,6
31191,constant,,wd:P2603,add_predicate,1,4,4
34505,constant,,wd:P2604,add_predicate,1,20,22
37553,constant,,wd:P2605,add_predicate,1,8,8
39852,constant,,wd:P2620,add_predicate,1,30,32
30848,constant,,wd:P2626,add_predicate,1,12,12
34721,constant,,wd:P2636,add_predicate,1,0,4
37992,constant,,wd:P2639,add_predicate,1,2,2
31070,constant,,wd:P264,add_predicate,1,2,2
43207,constant,,wd:P2648,add_predicate,1,1,1
36976,constant,,wd:P2673,add_predicate,1,2,2
36975,constant,,wd:P2674,add_predicate,1,2,2
42754,constant,,wd:P268,add_predicate,1,4,4
38603,constant,,wd:P2682,add_predicate,1,1,1
39899,constant,,wd:P269,add_predicate,1,15,16
31943,constant,,wd:P27,add_predicate,1,1991,1991
32541,constant,,wd:P2704,add_predicate,1,1,1
34076,constant,,wd:P271,add_predicate,1,2,2
37155,constant,,wd:P2732,add_predicate,1,1,1
37914,constant,,wd:P2743,add_predicate,1,1,1
34126,constant,,wd:P275,add_predicate,1,3,6
33208,constant,,wd:P2755,add_predicate,1,0,12
29768,constant,,wd:P276,add_predicate,1,36,51
35031,constant,,wd:P2762,add_predicate,1,2,2
30183,constant,,wd:P2767,add_predicate,1,1,1
31679,constant,,wd:P2776,add_predicate,1,1,1
29803,constant,,wd:P279,add_predicate,1,37457,37493
34240,constant,,wd:P281,add_predicate,1,0,9
30006,constant,,wd:P282,add_predicate,1,3600,3600
32432,constant,,wd:P2850,add_predicate,1,1,1
32009,constant,,wd:P2868,add_predicate,1,1,1
35413,constant,,wd:P2889,add_predicate,1,1,1
34725,constant,,wd:P289,add_predicate,1,0,1
49796,constant,,wd:P2896,add_predicate,1,1,1
31638,constant,,wd:P291,add_predicate,1,1,1
34054,constant,,wd:P2923,add_predicate,1,7,9
34962,constant,,wd:P2927,add_predicate,1,0,1
32558,constant,,wd:P2959,add_predicate,1,16,16
30075,constant,,wd:P297,add_predicate,1,0,1
37054,constant,,wd:P2978,add_predicate,1,2,2
33654,constant,,wd:P298,add_predicate,1,0,1
38531,constant,,wd:P2980,add_predicate,1,2,2
30076,constant,,wd:P30,add_predicate,1,6,6
33681,constant,,wd:P301,add_predicate,1,7591,7591
34468,constant,,wd:P304,add_predicate,1,1,1
34941,constant,,wd:P305,add_predicate,1,22,26
30353,constant,,wd:P3056,add_predicate,1,1,1
31990,constant,,wd:P306,add_predicate,1,4,4
37316,constant,,wd:P3095,add_predicate,1,24,24
29762,constant,,wd:P31,add_predicate,1,157809,159521
31352,constant,,wd:P3133,add_predicate,1,1,1
29751,constant,,wd:P3136,add_predicate,1,5,5
30993,constant,,wd:P3143,add_predicate,1,1,1
43807,constant,,wd:P3144,add_predicate,1,9,9
33126,constant,,wd:P3145,add_predicate,1,1,1
32577,constant,,wd:P3152,add_predicate,1,1,1
37095,constant,,wd:P3190,add_predicate,1,4,4
38732,constant,,wd:P3204,add_predicate,1,1,1
30186,constant,,wd:P3212,add_predicate,1,2,2
35343,constant,,wd:P3220,add_predicate,1,1,1
34873,constant,,wd:P3250,add_predicate,1,1,1
32534,constant,,wd:P3259,add_predicate,1,6,6
45118,constant,,wd:P3261,add_predicate,1,2,2
40071,constant,,wd:P3262,add_predicate,1,4,4
32975,constant,,wd:P3373,add_predicate,1,5,5
38362,constant,,wd:P3432,add_predicate,1,1,1
34079,constant,,wd:P3448,add_predicate,1,3,3
32189,constant,,wd:P345,add_predicate,1,3,4
30638,constant,,wd:P3450,add_predicate,1,37,37
37014,constant,,wd:P347,add_predicate,1,1,1
35889,constant,,wd:P3473,add_predicate,1,1,1
32055,constant,,wd:P348,add_predicate,1,0,17
32871,constant,,wd:P349,add_predicate,1,2,2
30096,constant,,wd:P3515,add_predicate,1,1,1
35169,constant,,wd:P3537,add_predicate,1,2,2
43171,constant,,wd:P355,add_predicate,1,393,393
37536,constant,,wd:P356,add_predicate,1,2,2
42849,constant,,wd:P3563,add_predicate,1,1,1
36665,constant,,wd:P36,add_predicate,1,422,424
30842,constant,,wd:P360,add_predicate,1,37,37
30094,constant,,wd:P361,add_predicate,1,109,109
32827,constant,,wd:P364,add_predicate,1,1,1
35478,constant,,wd:P366,add_predicate,1,2,2
32554,constant,,wd:P3695,add_predicate,1,1,1
36700,constant,,wd:P3713,add_predicate,1,2,2
30235,constant,,wd:P373,add_predicate,1,70,424
32437,constant,,wd:P3730,add_predicate,1,1,1
42732,constant,,wd:P3749,add_predicate,1,1,1
30856,constant,,wd:P375,add_predicate,1,0,71
39327,constant,,wd:P376,add_predicate,1,1,1
31476,constant,,wd:P377,add_predicate,1,1,54
33944,constant,,wd:P3780,add_predicate,1,93,93
31202,constant,,wd:P3786,add_predicate,1,19,19
39063,constant,,wd:P3808,add_predicate,1,1,1
36409,constant,,wd:P3821,add_predicate,1,1,1
36270,constant,,wd:P3837,add_predicate,1,11,11
39870,constant,,wd:P3857,add_predicate,1,2,2
32697,constant,,wd:P3862,add_predicate,1,1,1
30332,constant,,wd:P39,add_predicate,1,228,238
29743,constant,,wd:P397,add_predicate,1,6,6
34606,constant,,wd:P398,add_predicate,1,65,65
45674,constant,,wd:P3982,add_predicate,1,0,20
30991,constant,,wd:P40,add_predicate,1,4627,4627
30135,constant,,wd:P400,add_predicate,1,24,24
36677,constant,,wd:P402,add_predicate,1,3,3
30482,constant,,wd:P403,add_predicate,1,131,148
30295,constant,,wd:P404,add_predicate,1,3,3
29760,constant,,wd:P407,add_predicate,1,155,155
31666,constant,,wd:P4086,add_predicate,1,1,1
36112,constant,,wd:P409,add_predicate,1,2,2
35102,constant,,wd:P4093,add_predicate,1,10,85
31130,constant,,wd:P41,add_predicate,1,0,5
30250,constant,,wd:P411,add_predicate,1,8,8
35913,constant,,wd:P4112,add_predicate,1,17,17
35749,constant,,wd:P413,add_predicate,1,4,4
39752,constant,,wd:P4147,add_predicate,1,1,1
40187,constant,,wd:P4193,add_predicate,1,5,5
31152,constant,,wd:P421,add_predicate,1,16,16
30421,constant,,wd:P4224,add_predicate,1,4438,4438
47545,constant,,wd:P4229,add_predicate,1,1239,1239
30038,constant,,wd:P423,add_predicate,1,2,2
34659,constant,,wd:P4247,add_predicate,1,1,1
31892,constant,,wd:P428,add_predicate,1,0,7
34512,constant,,wd:P4285,add_predicate,1,1,1
30820,constant,,wd:P434,add_predicate,1,1,1
30794,constant,,wd:P436,add_predicate,1,8,8
32488,constant,,wd:P437,add_predicate,1,6,6
31353,constant,,wd:P4434,add_predicate,1,1,1
34584,constant,,wd:P451,add_predicate,1,4,4
45399,constant,,wd:P4511,add_predicate,1,4,4
42658,constant,,wd:P452,add_predicate,1,1,1
33432,constant,,wd:P455,add_predicate,1,0,8
30444,constant,,wd:P4561,add_predicate,1,1,8
36385,constant,,wd:P4568,add_predicate,1,1,1
35590,constant,,wd:P460,add_predicate,1,13,13
31188,constant,,wd:P461,add_predicate,1,1,1
31198,constant,,wd:P4614,add_predicate,1,3,85
30216,constant,,wd:P463,add_predicate,1,64,64
30040,constant,,wd:P466,add_predicate,1,149,149
33008,constant,,wd:P4663,add_predicate,1,0,9
34596,constant,,wd:P4665,add_predicate,1,1,1
45548,constant,,wd:P4688,add_predicate,1,1,1
33542,constant,,wd:P47,add_predicate,1,0,8
30734,constant,,wd:P4710,add_predicate,1,0,1
36012,constant,,wd:P473,add_predicate,1,1,6
33145,constant,,wd:P477,add_predicate,1,2,9
34903,constant,,wd:P480,add_predicate,1,1,1
43712,constant,,wd:P4807,add_predicate,1,1,1
32737,constant,,wd:P4904,add_predicate,1,1,1
31002,constant,,wd:P4908,add_predicate,1,1,1
38649,constant,,wd:P4913,add_predicate,1,2,2
33289,constant,,wd:P495,add_predicate,1,6,6
33973,constant,,wd:P50,add_predicate,1,4,23
31035,constant,,wd:P5008,add_predicate,1,1,1
38673,constant,,wd:P5025,add_predicate,1,53,53
42834,constant,,wd:P5033,add_predicate,1,1,1
30286,constant,,wd:P5087,add_predicate,1,1,1
33295,constant,,wd:P5125,add_predicate,1,0,1
32568,constant,,wd:P5130,add_predicate,1,2,2
35511,constant,,wd:P5133,add_predicate,1,2,2
35740,constant,,wd:P5138,add_predicate,1,28,28
30340,constant,,wd:P517,add_predicate,1,1,1
35108,constant,,wd:P5236,add_predicate,1,66,79
32000,constant,,wd:P527,add_predicate,1,9,9
34908,constant,,wd:P53,add_predicate,1,1,1
39812,constant,,wd:P5324,add_predicate,1,0,3
33336,constant,,wd:P54,add_predicate,1,85,902
43490,constant,,wd:P549,add_predicate,1,1,1
36202,constant,,wd:P551,add_predicate,1,1,1
38155,constant,,wd:P556,add_predicate,1,4,4
30620,constant,,wd:P562,add_predicate,1,0,2
37418,constant,,wd:P566,add_predicate,1,4,4
44682,constant,,wd:P567,add_predicate,1,1,1
44683,constant,,wd:P568,add_predicate,1,4,4
30067,constant,,wd:P569,add_predicate,1,185,755
30303,constant,,wd:P57,add_predicate,1,3,23
30131,constant,,wd:P570,add_predicate,1,233,2452
29991,constant,,wd:P571,add_predicate,1,101,127
32388,constant,,wd:P576,add_predicate,1,1,1
32489,constant,,wd:P577,add_predicate,1,269,929
42947,constant,,wd:P579,add_predicate,1,29,29
36462,constant,,wd:P58,add_predicate,1,2,2
30015,constant,,wd:P580,add_predicate,1,3,3
35128,constant,,wd:P586,add_predicate,1,0,390
34842,constant,,wd:P590,add_predicate,1,3,3
34913,constant,,wd:P599,add_predicate,1,2,22
44942,constant,,wd:P619,add_predicate,1,0,15
36430,constant,,wd:P620,add_predicate,1,0,3
30078,constant,,wd:P625,add_predicate,1,0,5905
32899,constant,,wd:P627,add_predicate,1,3,813
44555,constant,,wd:P629,add_predicate,1,51,51
30860,constant,,wd:P641,add_predicate,1,144,155
35544,constant,,wd:P646,add_predicate,1,0,3
36707,constant,,wd:P648,add_predicate,1,1,1
35146,constant,,wd:P651,add_predicate,1,1,1
31183,constant,,wd:P652,add_predicate,1,1,1
33486,constant,,wd:P658,add_predicate,1,1,1
39566,constant,,wd:P664,add_predicate,1,1,1
35498,constant,,wd:P669,add_predicate,1,1,1
42801,constant,,wd:P688,add_predicate,1,19734,19734
37252,constant,,wd:P69,add_predicate,1,5,5
32843,constant,,wd:P702,add_predicate,1,7261,7261
31386,constant,,wd:P703,add_predicate,1,1591,1591
37565,constant,,wd:P706,add_predicate,1,1,1
36021,constant,,wd:P708,add_predicate,1,52,62
35098,constant,,wd:P712,add_predicate,1,1,11
31536,constant,,wd:P713,add_predicate,1,13,13
33469,constant,,wd:P724,add_predicate,1,1,1
40132,constant,,wd:P725,add_predicate,1,18,18
39564,constant,,wd:P729,add_predicate,1,1,1
33538,constant,,wd:P734,add_predicate,1,3,41
30260,constant,,wd:P735,add_predicate,1,163,207
30355,constant,,wd:P741,add_predicate,1,26,26
33127,constant,,wd:P747,add_predicate,1,302,302
38089,constant,,wd:P749,add_predicate,1,78,78
32455,constant,,wd:P775,add_predicate,1,1,1
33408,constant,,wd:P780,add_predicate,1,0,1
30102,constant,,wd:P784,add_predicate,1,24,24
32828,constant,,wd:P785,add_predicate,1,13,13
30712,constant,,wd:P786,add_predicate,1,30,30
33495,constant,,wd:P787,add_predicate,1,25,26
38660,constant,,wd:P788,add_predicate,1,10,10
30101,constant,,wd:P789,add_predicate,1,20,20
32902,constant,,wd:P793,add_predicate,1,1,1
35920,constant,,wd:P800,add_predicate,1,24,24
30090,constant,,wd:P802,add_predicate,1,168,168
34841,constant,,wd:P804,add_predicate,1,10,10
30018,constant,,wd:P805,add_predicate,1,1,1
34758,constant,,wd:P806,add_predicate,1,0,58
32438,constant,,wd:P809,add_predicate,1,2,15
34999,constant,,wd:P81,add_predicate,1,4,229
30292,constant,,wd:P814,add_predicate,1,58,58
43835,constant,,wd:P815,add_predicate,1,3,3
33539,constant,,wd:P828,add_predicate,1,2,3
30825,constant,,wd:P830,add_predicate,1,1,1
30828,constant,,wd:P856,add_predicate,1,0,2
38066,constant,,wd:P858,add_predicate,1,1,1
43563,constant,,wd:P885,add_predicate,1,1,1
36216,constant,,wd:P894,add_predicate,1,1,1
34861,constant,,wd:P901,add_predicate,1,2,3
34572,constant,,wd:P902,add_predicate,1,3,21
33451,constant,,wd:P905,add_predicate,1,14,14
37005,constant,,wd:P906,add_predicate,1,1,1
30780,constant,,wd:P910,add_predicate,1,16401,16419
34133,constant,,wd:P921,add_predicate,1,26,26
31313,constant,,wd:P937,add_predicate,1,14,14
32684,constant,,wd:P94,add_predicate,1,0,27
30966,constant,,wd:P949,add_predicate,1,2,2
34673,constant,,wd:P950,add_predicate,1,3,3
37416,constant,,wd:P957,add_predicate,1,867,867
31141,constant,,wd:P971,add_predicate,1,2746,2746
43359,constant,,wd:P974,add_predicate,1,1,1
74195,role,subject,,add_predicate,1,0,0
74214,role,predicate,,add_predicate,1,24038,36082
74196,role,other_predicate,,add_predicate,1,8064,8531
0,none,NONE,,add_predicate,1,473907,473907
,unrepresentable_summary_not_a_V1_class,,,add_predicate,1,0,4
89201,constant,,iri:https://www.mos.ru/,add_object,2,1,1
74625,constant,,"lit:""0""^^<http://www.w3.org/2001/XMLSchema#decimal>",add_object,2,1,1
77355,constant,,"lit:""0100-01-01T00:00:00Z""^^<http://www.w3.org/2001/XMLSchema#dateTime>",add_object,2,1,1
79172,constant,,"lit:""0800-00-00T00:00:00Z""^^<http://www.w3.org/2001/XMLSchema#dateTime>",add_object,2,1,1
74250,constant,,"lit:""1""^^<http://www.w3.org/2001/XMLSchema#decimal>",add_object,2,1,1
93263,constant,,"lit:""1.1.1.-""",add_object,2,27,27
91459,constant,,"lit:""1.3.1.-""",add_object,2,4,4
76313,constant,,"lit:""10""^^<http://www.w3.org/2001/XMLSchema#decimal>",add_object,2,15,15
75498,constant,,"lit:""100""^^<http://www.w3.org/2001/XMLSchema#decimal>",add_object,2,2,2
93609,constant,,"lit:""100.000.767""",add_object,2,374,374
93505,constant,,"lit:""100.010.656""",add_object,2,406,406
92677,constant,,"lit:""100.011.482""",add_object,2,335,335
92113,constant,,"lit:""100.058.440""",add_object,2,148,148
76489,constant,,"lit:""101""^^<http://www.w3.org/2001/XMLSchema#decimal>",add_object,2,1,1
75311,constant,,"lit:""102""^^<http://www.w3.org/2001/XMLSchema#decimal>",add_object,2,2,2
76782,constant,,"lit:""108""^^<http://www.w3.org/2001/XMLSchema#decimal>",add_object,2,3,3
75438,constant,,"lit:""11""^^<http://www.w3.org/2001/XMLSchema#decimal>",add_object,2,19,19
77050,constant,,"lit:""110""^^<http://www.w3.org/2001/XMLSchema#decimal>",add_object,2,2,2
76278,constant,,"lit:""111""^^<http://www.w3.org/2001/XMLSchema#decimal>",add_object,2,1,1
77214,constant,,"lit:""114""^^<http://www.w3.org/2001/XMLSchema#decimal>",add_object,2,2,2
75018,constant,,"lit:""115""^^<http://www.w3.org/2001/XMLSchema#decimal>",add_object,2,1,1
79985,constant,,"lit:""116""^^<http://www.w3.org/2001/XMLSchema#decimal>",add_object,2,1,1
75775,constant,,"lit:""117""^^<http://www.w3.org/2001/XMLSchema#decimal>",add_object,2,3,3
76563,constant,,"lit:""12""^^<http://www.w3.org/2001/XMLSchema#decimal>",add_object,2,22,22
75054,constant,,"lit:""120""^^<http://www.w3.org/2001/XMLSchema#decimal>",add_object,2,3,3
87500,constant,,"lit:""1200-01-01T00:00:00Z""^^<http://www.w3.org/2001/XMLSchema#dateTime>",add_object,2,1,1
81605,constant,,"lit:""124""^^<http://www.w3.org/2001/XMLSchema#decimal>",add_object,2,1,1
82964,constant,,"lit:""126""^^<http://www.w3.org/2001/XMLSchema#decimal>",add_object,2,2,2
74486,constant,,"lit:""127""^^<http://www.w3.org/2001/XMLSchema#decimal>",add_object,2,1,1
74627,constant,,"lit:""13""^^<http://www.w3.org/2001/XMLSchema#decimal>",add_object,2,22,22
76457,constant,,"lit:""130""^^<http://www.w3.org/2001/XMLSchema#decimal>",add_object,2,1,1
78145,constant,,"lit:""131""^^<http://www.w3.org/2001/XMLSchema#decimal>",add_object,2,1,1
79403,constant,,"lit:""134""^^<http://www.w3.org/2001/XMLSchema#decimal>",add_object,2,1,1
81297,constant,,"lit:""135""^^<http://www.w3.org/2001/XMLSchema#decimal>",add_object,2,1,1
76780,constant,,"lit:""138""^^<http://www.w3.org/2001/XMLSchema#decimal>",add_object,2,1,1
75256,constant,,"lit:""139""^^<http://www.w3.org/2001/XMLSchema#decimal>",add_object,2,1,1
77755,constant,,"lit:""14""^^<http://www.w3.org/2001/XMLSchema#decimal>",add_object,2,16,16
75260,constant,,"lit:""145""^^<http://www.w3.org/2001/XMLSchema#decimal>",add_object,2,1,1
77550,constant,,"lit:""15""^^<http://www.w3.org/2001/XMLSchema#decimal>",add_object,2,11,11
81308,constant,,"lit:""150""^^<http://www.w3.org/2001/XMLSchema#decimal>",add_object,2,1,1
80689,constant,,"lit:""1500-00-00T00:00:00Z""^^<http://www.w3.org/2001/XMLSchema#dateTime>",add_object,2,1,1
81868,constant,,"lit:""1500-01-01T00:00:00Z""^^<http://www.w3.org/2001/XMLSchema#dateTime>",add_object,2,1,1
80800,constant,,"lit:""155""^^<http://www.w3.org/2001/XMLSchema#decimal>",add_object,2,1,1
74692,constant,,"lit:""16""^^<http://www.w3.org/2001/XMLSchema#decimal>",add_object,2,12,12
84321,constant,,"lit:""1600-00-00T00:00:00Z""^^<http://www.w3.org/2001/XMLSchema#dateTime>",add_object,2,1,1
76270,constant,,"lit:""162""^^<http://www.w3.org/2001/XMLSchema#decimal>",add_object,2,1,1
86309,constant,,"lit:""1620-01-01T00:00:00Z""^^<http://www.w3.org/2001/XMLSchema#dateTime>",add_object,2,2,2
84559,constant,,"lit:""1626-01-01T00:00:00Z""^^<http://www.w3.org/2001/XMLSchema#dateTime>",add_object,2,1,1
87903,constant,,"lit:""1650-01-01T00:00:00Z""^^<http://www.w3.org/2001/XMLSchema#dateTime>",add_object,2,1,1
74505,constant,,"lit:""167""^^<http://www.w3.org/2001/XMLSchema#decimal>",add_object,2,1,1
83455,constant,,"lit:""17""",add_object,2,2,2
76506,constant,,"lit:""17""^^<http://www.w3.org/2001/XMLSchema#decimal>",add_object,2,3,3
76289,constant,,"lit:""170""^^<http://www.w3.org/2001/XMLSchema#decimal>",add_object,2,1,1
84417,constant,,"lit:""1700-00-00T00:00:00Z""^^<http://www.w3.org/2001/XMLSchema#dateTime>",add_object,2,1,1
76492,constant,,"lit:""174""^^<http://www.w3.org/2001/XMLSchema#decimal>",add_object,2,1,1
88873,constant,,"lit:""1750-01-01T00:00:00Z""^^<http://www.w3.org/2001/XMLSchema#dateTime>",add_object,2,1,1
84035,constant,,"lit:""1754-01-01T00:00:00Z""^^<http://www.w3.org/2001/XMLSchema#dateTime>",add_object,2,2,2
79646,constant,,"lit:""176""^^<http://www.w3.org/2001/XMLSchema#decimal>",add_object,2,1,1
84991,constant,,"lit:""1761-01-01T00:00:00Z""^^<http://www.w3.org/2001/XMLSchema#dateTime>",add_object,2,1,1
79438,constant,,"lit:""1763""",add_object,2,1,1
83843,constant,,"lit:""1763-01-01T00:00:00Z""^^<http://www.w3.org/2001/XMLSchema#dateTime>",add_object,2,2,2
77485,constant,,"lit:""1766-01-01T00:00:00Z""^^<http://www.w3.org/2001/XMLSchema#dateTime>",add_object,2,1,1
85825,constant,,"lit:""1769-01-01T00:00:00Z""^^<http://www.w3.org/2001/XMLSchema#dateTime>",add_object,2,1,1
75405,constant,,"lit:""177""^^<http://www.w3.org/2001/XMLSchema#decimal>",add_object,2,1,1
85922,constant,,"lit:""1770-01-01T00:00:00Z""^^<http://www.w3.org/2001/XMLSchema#dateTime>",add_object,2,1,1
81890,constant,,"lit:""1777-01-01T00:00:00Z""^^<http://www.w3.org/2001/XMLSchema#dateTime>",add_object,2,1,1
82123,constant,,"lit:""1780-01-01T00:00:00Z""^^<http://www.w3.org/2001/XMLSchema#dateTime>",add_object,2,2,2
85585,constant,,"lit:""1785-01-01T00:00:00Z""^^<http://www.w3.org/2001/XMLSchema#dateTime>",add_object,2,2,2
83863,constant,,"lit:""1789-01-01T00:00:00Z""^^<http://www.w3.org/2001/XMLSchema#dateTime>",add_object,2,1,1
87248,constant,,"lit:""1790-01-01T00:00:00Z""^^<http://www.w3.org/2001/XMLSchema#dateTime>",add_object,2,2,2
86017,constant,,"lit:""1793-01-01T00:00:00Z""^^<http://www.w3.org/2001/XMLSchema#dateTime>",add_object,2,1,1
85133,constant,,"lit:""1795-01-01T00:00:00Z""^^<http://www.w3.org/2001/XMLSchema#dateTime>",add_object,2,1,1
88726,constant,,"lit:""1797-01-01T00:00:00Z""^^<http://www.w3.org/2001/XMLSchema#dateTime>",add_object,2,1,1
74621,constant,,"lit:""18""^^<http://www.w3.org/2001/XMLSchema#decimal>",add_object,2,12,12
75758,constant,,"lit:""180""^^<http://www.w3.org/2001/XMLSchema#decimal>",add_object,2,1,1
84639,constant,,"lit:""1800-01-01T00:00:00Z""^^<http://www.w3.org/2001/XMLSchema#dateTime>",add_object,2,2,2
79151,constant,,"lit:""1802-01-01T00:00:00Z""^^<http://www.w3.org/2001/XMLSchema#dateTime>",add_object,2,1,1
83842,constant,,"lit:""1805-01-01T00:00:00Z""^^<http://www.w3.org/2001/XMLSchema#dateTime>",add_object,2,1,1
86871,constant,,"lit:""1806-01-01T00:00:00Z""^^<http://www.w3.org/2001/XMLSchema#dateTime>",add_object,2,1,1
77655,constant,,"lit:""1809-01-01T00:00:00Z""^^<http://www.w3.org/2001/XMLSchema#dateTime>",add_object,2,1,1
82892,constant,,"lit:""1810-01-01T00:00:00Z""^^<http://www.w3.org/2001/XMLSchema#dateTime>",add_object,2,2,2
85153,constant,,"lit:""1813-01-01T00:00:00Z""^^<http://www.w3.org/2001/XMLSchema#dateTime>",add_object,2,1,1
76467,constant,,"lit:""1814-01-01T00:00:00Z""^^<http://www.w3.org/2001/XMLSchema#dateTime>",add_object,2,1,1
84602,constant,,"lit:""1815-01-01T00:00:00Z""^^<http://www.w3.org/2001/XMLSchema#dateTime>",add_object,2,1,1
81682,constant,,"lit:""1816-01-01T00:00:00Z""^^<http://www.w3.org/2001/XMLSchema#dateTime>",add_object,2,1,1
76963,constant,,"lit:""1819-01-01T00:00:00Z""^^<http://www.w3.org/2001/XMLSchema#dateTime>",add_object,2,1,1
78914,constant,,"lit:""182""^^<http://www.w3.org/2001/XMLSchema#decimal>",add_object,2,1,1
78521,constant,,"lit:""1821-01-01T00:00:00Z""^^<http://www.w3.org/2001/XMLSchema#dateTime>",add_object,2,1,1
82798,constant,,"lit:""1822-01-01T00:00:00Z""^^<http://www.w3.org/2001/XMLSchema#dateTime>",add_object,2,1,1
79425,constant,,"lit:""1824-01-01T00:00:00Z""^^<http://www.w3.org/2001/XMLSchema#dateTime>",add_object,2,1,1
84621,constant,,"lit:""1825-01-01T00:00:00Z""^^<http://www.w3.org/2001/XMLSchema#dateTime>",add_object,2,1,1
85573,constant,,"lit:""1826-01-01T00:00:00Z""^^<http://www.w3.org/2001/XMLSchema#dateTime>",add_object,2,3,3
80966,constant,,"lit:""1830-00-00T00:00:00Z""^^<http://www.w3.org/2001/XMLSchema#dateTime>",add_object,2,1,1
78786,constant,,"lit:""1831-01-01T00:00:00Z""^^<http://www.w3.org/2001/XMLSchema#dateTime>",add_object,2,2,2
82336,constant,,"lit:""1832-01-01T00:00:00Z""^^<http://www.w3.org/2001/XMLSchema#dateTime>",add_object,2,3,3
82969,constant,,"lit:""1836-01-01T00:00:00Z""^^<http://www.w3.org/2001/XMLSchema#dateTime>",add_object,2,1,1
79430,constant,,"lit:""1837-01-01T00:00:00Z""^^<http://www.w3.org/2001/XMLSchema#dateTime>",add_object,2,2,2
82690,constant,,"lit:""1840-00-00T00:00:00Z""^^<http://www.w3.org/2001/XMLSchema#dateTime>",add_object,2,1,1
80049,constant,,"lit:""1840-01-01T00:00:00Z""^^<http://www.w3.org/2001/XMLSchema#dateTime>",add_object,2,3,3
84605,constant,,"lit:""1841-01-01T00:00:00Z""^^<http://www.w3.org/2001/XMLSchema#dateTime>",add_object,2,1,1
74720,constant,,"lit:""1842-01-01T00:00:00Z""^^<http://www.w3.org/2001/XMLSchema#dateTime>",add_object,2,1,1
85117,constant,,"lit:""1845-00-00T00:00:00Z""^^<http://www.w3.org/2001/XMLSchema#dateTime>",add_object,2,2,2
82615,constant,,"lit:""1845-01-01T00:00:00Z""^^<http://www.w3.org/2001/XMLSchema#dateTime>",add_object,2,3,3
85752,constant,,"lit:""1846-00-00T00:00:00Z""^^<http://www.w3.org/2001/XMLSchema#dateTime>",add_object,2,3,3
84433,constant,,"lit:""1847-01-01T00:00:00Z""^^<http://www.w3.org/2001/XMLSchema#dateTime>",add_object,2,2,2
87312,constant,,"lit:""1849-00-00T00:00:00Z""^^<http://www.w3.org/2001/XMLSchema#dateTime>",add_object,2,4,4
80746,constant,,"lit:""1849-01-01T00:00:00Z""^^<http://www.w3.org/2001/XMLSchema#dateTime>",add_object,2,1,1
84301,constant,,"lit:""1850-00-00T00:00:00Z""^^<http://www.w3.org/2001/XMLSchema#dateTime>",add_object,2,1,1
80112,constant,,"lit:""1850-01-01T00:00:00Z""^^<http://www.w3.org/2001/XMLSchema#dateTime>",add_object,2,2,2
85376,constant,,"lit:""1851-00-00T00:00:00Z""^^<http://www.w3.org/2001/XMLSchema#dateTime>",add_object,2,1,1
78547,constant,,"lit:""1853-01-01T00:00:00Z""^^<http://www.w3.org/2001/XMLSchema#dateTime>",add_object,2,2,2
76863,constant,,"lit:""1854-00-00T00:00:00Z""^^<http://www.w3.org/2001/XMLSchema#dateTime>",add_object,2,1,1
75411,constant,,"lit:""1854-01-01T00:00:00Z""^^<http://www.w3.org/2001/XMLSchema#dateTime>",add_object,2,2,2
86968,constant,,"lit:""1857-00-00T00:00:00Z""^^<http://www.w3.org/2001/XMLSchema#dateTime>",add_object,2,1,1
80762,constant,,"lit:""1857-01-01T00:00:00Z""^^<http://www.w3.org/2001/XMLSchema#dateTime>",add_object,2,1,1
74349,constant,,"lit:""1858-01-01T00:00:00Z""^^<http://www.w3.org/2001/XMLSchema#dateTime>",add_object,2,2,2
83081,constant,,"lit:""186""^^<http://www.w3.org/2001/XMLSchema#decimal>",add_object,2,2,2
79384,constant,,"lit:""1860-01-01T00:00:00Z""^^<http://www.w3.org/2001/XMLSchema#dateTime>",add_object,2,1,1
82155,constant,,"lit:""1860-01-17T00:00:00Z""^^<http://www.w3.org/2001/XMLSchema#dateTime>",add_object,2,1,1
86675,constant,,"lit:""1861-00-00T00:00:00Z""^^<http://www.w3.org/2001/XMLSchema#dateTime>",add_object,2,1,1
80181,constant,,"lit:""1861-01-01T00:00:00Z""^^<http://www.w3.org/2001/XMLSchema#dateTime>",add_object,2,3,3
77359,constant,,"lit:""1865-01-01T00:00:00Z""^^<http://www.w3.org/2001/XMLSchema#dateTime>",add_object,2,2,2
76561,constant,,"lit:""1867-01-01T00:00:00Z""^^<http://www.w3.org/2001/XMLSchema#dateTime>",add_object,2,1,1
76664,constant,,"lit:""1868-01-01T00:00:00Z""^^<http://www.w3.org/2001/XMLSchema#dateTime>",add_object,2,2,2
85361,constant,,"lit:""1870-00-00T00:00:00Z""^^<http://www.w3.org/2001/XMLSchema#dateTime>",add_object,2,1,1
75693,constant,,"lit:""1871-01-01T00:00:00Z""^^<http://www.w3.org/2001/XMLSchema#dateTime>",add_object,2,1,1
78798,constant,,"lit:""1872-00-00T00:00:00Z""^^<http://www.w3.org/2001/XMLSchema#dateTime>",add_object,2,1,1
80491,constant,,"lit:""1872-01-01T00:00:00Z""^^<http://www.w3.org/2001/XMLSchema#dateTime>",add_object,2,1,1
79388,constant,,"lit:""1873-01-01T00:00:00Z""^^<http://www.w3.org/2001/XMLSchema#dateTime>",add_object,2,3,3
82103,constant,,"lit:""1874-00-00T00:00:00Z""^^<http://www.w3.org/2001/XMLSchema#dateTime>",add_object,2,1,1
80212,constant,,"lit:""1874-01-01T00:00:00Z""^^<http://www.w3.org/2001/XMLSchema#dateTime>",add_object,2,1,1
85398,constant,,"lit:""1875-00-00T00:00:00Z""^^<http://www.w3.org/2001/XMLSchema#dateTime>",add_object,2,2,2
82897,constant,,"lit:""1875-01-01T00:00:00Z""^^<http://www.w3.org/2001/XMLSchema#dateTime>",add_object,2,2,2
83531,constant,,"lit:""1876-00-00T00:00:00Z""^^<http://www.w3.org/2001/XMLSchema#dateTime>",add_object,2,1,1
83601,constant,,"lit:""1877-00-00T00:00:00Z""^^<http://www.w3.org/2001/XMLSchema#dateTime>",add_object,2,1,1
82403,constant,,"lit:""1877-01-01T00:00:00Z""^^<http://www.w3.org/2001/XMLSchema#dateTime>",add_object,2,1,1
79108,constant,,"lit:""1880-00-00T00:00:00Z""^^<http://www.w3.org/2001/XMLSchema#dateTime>",add_object,2,2,2
78823,constant,,"lit:""1881-00-00T00:00:00Z""^^<http://www.w3.org/2001/XMLSchema#dateTime>",add_object,2,1,1
77486,constant,,"lit:""1883-01-01T00:00:00Z""^^<http://www.w3.org/2001/XMLSchema#dateTime>",add_object,2,1,1
74986,constant,,"lit:""1885-00-00T00:00:00Z""^^<http://www.w3.org/2001/XMLSchema#dateTime>",add_object,2,1,1
80157,constant,,"lit:""1886-01-01T00:00:00Z""^^<http://www.w3.org/2001/XMLSchema#dateTime>",add_object,2,1,1
76850,constant,,"lit:""1887-00-00T00:00:00Z""^^<http://www.w3.org/2001/XMLSchema#dateTime>",add_object,2,1,1
80163,constant,,"lit:""1887-01-01T00:00:00Z""^^<http://www.w3.org/2001/XMLSchema#dateTime>",add_object,2,2,2
78827,constant,,"lit:""1888-01-01T00:00:00Z""^^<http://www.w3.org/2001/XMLSchema#dateTime>",add_object,2,1,1
76888,constant,,"lit:""1889-00-00T00:00:00Z""^^<http://www.w3.org/2001/XMLSchema#dateTime>",add_object,2,1,1
79004,constant,,"lit:""1891-01-01T00:00:00Z""^^<http://www.w3.org/2001/XMLSchema#dateTime>",add_object,2,2,2
79343,constant,,"lit:""1892-00-00T00:00:00Z""^^<http://www.w3.org/2001/XMLSchema#dateTime>",add_object,2,1,1
84320,constant,,"lit:""1892-01-01T00:00:00Z""^^<http://www.w3.org/2001/XMLSchema#dateTime>",add_object,2,2,2
75402,constant,,"lit:""1893-01-01T00:00:00Z""^^<http://www.w3.org/2001/XMLSchema#dateTime>",add_object,2,1,1
76950,constant,,"lit:""1894-01-01T00:00:00Z""^^<http://www.w3.org/2001/XMLSchema#dateTime>",add_object,2,2,2
83452,constant,,"lit:""1895-01-01T00:00:00Z""^^<http://www.w3.org/2001/XMLSchema#dateTime>",add_object,2,1,1
79599,constant,,"lit:""1896-01-01T00:00:00Z""^^<http://www.w3.org/2001/XMLSchema#dateTime>",add_object,2,2,2
83442,constant,,"lit:""1897-00-00T00:00:00Z""^^<http://www.w3.org/2001/XMLSchema#dateTime>",add_object,2,1,1
75346,constant,,"lit:""1897-01-01T00:00:00Z""^^<http://www.w3.org/2001/XMLSchema#dateTime>",add_object,2,1,1
75399,constant,,"lit:""1898-01-01T00:00:00Z""^^<http://www.w3.org/2001/XMLSchema#dateTime>",add_object,2,1,1
77414,constant,,"lit:""19""^^<http://www.w3.org/2001/XMLSchema#decimal>",add_object,2,6,6
78537,constant,,"lit:""1900-01-01T00:00:00Z""^^<http://www.w3.org/2001/XMLSchema#dateTime>",add_object,2,2,2
88002,constant,,"lit:""1902-00-00T00:00:00Z""^^<http://www.w3.org/2001/XMLSchema#dateTime>",add_object,2,1,1
74784,constant,,"lit:""1902-01-01T00:00:00Z""^^<http://www.w3.org/2001/XMLSchema#dateTime>",add_object,2,2,2
82860,constant,,"lit:""1903-01-01T00:00:00Z""^^<http://www.w3.org/2001/XMLSchema#dateTime>",add_object,2,2,2
81809,constant,,"lit:""1904-01-01T00:00:00Z""^^<http://www.w3.org/2001/XMLSchema#dateTime>",add_object,2,1,1
77433,constant,,"lit:""1905-01-01T00:00:00Z""^^<http://www.w3.org/2001/XMLSchema#dateTime>",add_object,2,1,1
80187,constant,,"lit:""1906-00-00T00:00:00Z""^^<http://www.w3.org/2001/XMLSchema#dateTime>",add_object,2,1,1
78797,constant,,"lit:""1906-01-01T00:00:00Z""^^<http://www.w3.org/2001/XMLSchema#dateTime>",add_object,2,1,1
81832,constant,,"lit:""1907-00-00T00:00:00Z""^^<http://www.w3.org/2001/XMLSchema#dateTime>",add_object,2,2,2
75697,constant,,"lit:""1909-00-00T00:00:00Z""^^<http://www.w3.org/2001/XMLSchema#dateTime>",add_object,2,2,2
81582,constant,,"lit:""1909-01-01T00:00:00Z""^^<http://www.w3.org/2001/XMLSchema#dateTime>",add_object,2,1,1
85908,constant,,"lit:""191""^^<http://www.w3.org/2001/XMLSchema#decimal>",add_object,2,1,1
74238,constant,,"lit:""1910-01-01T00:00:00Z""^^<http://www.w3.org/2001/XMLSchema#dateTime>",add_object,2,2,2
74346,constant,,"lit:""1911-01-01T00:00:00Z""^^<http://www.w3.org/2001/XMLSchema#dateTime>",add_object,2,3,3
76554,constant,,"lit:""1912-01-01T00:00:00Z""^^<http://www.w3.org/2001/XMLSchema#dateTime>",add_object,2,1,1
77543,constant,,"lit:""1913-01-01T00:00:00Z""^^<http://www.w3.org/2001/XMLSchema#dateTime>",add_object,2,2,2
76271,constant,,"lit:""1914-01-01T00:00:00Z""^^<http://www.w3.org/2001/XMLSchema#dateTime>",add_object,2,1,1
83044,constant,,"lit:""1915-00-00T00:00:00Z""^^<http://www.w3.org/2001/XMLSchema#dateTime>",add_object,2,1,1
78835,constant,,"lit:""1915-01-01T00:00:00Z""^^<http://www.w3.org/2001/XMLSchema#dateTime>",add_object,2,1,1
81301,constant,,"lit:""1916-00-00T00:00:00Z""^^<http://www.w3.org/2001/XMLSchema#dateTime>",add_object,2,1,1
77009,constant,,"lit:""1917-00-00T00:00:00Z""^^<http://www.w3.org/2001/XMLSchema#dateTime>",add_object,2,1,1
78918,constant,,"lit:""1917-01-01T00:00:00Z""^^<http://www.w3.org/2001/XMLSchema#dateTime>",add_object,2,2,2
75695,constant,,"lit:""1918-00-00T00:00:00Z""^^<http://www.w3.org/2001/XMLSchema#dateTime>",add_object,2,1,1
76326,constant,,"lit:""1919-00-00T00:00:00Z""^^<http://www.w3.org/2001/XMLSchema#dateTime>",add_object,2,1,1
74950,constant,,"lit:""1919-01-01T00:00:00Z""^^<http://www.w3.org/2001/XMLSchema#dateTime>",add_object,2,3,3
77490,constant,,"lit:""1920-01-01T00:00:00Z""^^<http://www.w3.org/2001/XMLSchema#dateTime>",add_object,2,1,1
80087,constant,,"lit:""1921-00-00T00:00:00Z""^^<http://www.w3.org/2001/XMLSchema#dateTime>",add_object,2,1,1
79171,constant,,"lit:""1921-01-01T00:00:00Z""^^<http://www.w3.org/2001/XMLSchema#dateTime>",add_object,2,1,1
83354,constant,,"lit:""1922-00-00T00:00:00Z""^^<http://www.w3.org/2001/XMLSchema#dateTime>",add_object,2,1,1
79915,constant,,"lit:""1923-00-00T00:00:00Z""^^<http://www.w3.org/2001/XMLSchema#dateTime>",add_object,2,4,4
79509,constant,,"lit:""1923-01-01T00:00:00Z""^^<http://www.w3.org/2001/XMLSchema#dateTime>",add_object,2,2,2
75397,constant,,"lit:""1924-00-00T00:00:00Z""^^<http://www.w3.org/2001/XMLSchema#dateTime>",add_object,2,1,1
75571,constant,,"lit:""1924-01-01T00:00:00Z""^^<http://www.w3.org/2001/XMLSchema#dateTime>",add_object,2,1,1
76773,constant,,"lit:""1926-00-00T00:00:00Z""^^<http://www.w3.org/2001/XMLSchema#dateTime>",add_object,2,2,2
79583,constant,,"lit:""1926-01-01T00:00:00Z""^^<http://www.w3.org/2001/XMLSchema#dateTime>",add_object,2,5,5
79092,constant,,"lit:""1927-01-01T00:00:00Z""^^<http://www.w3.org/2001/XMLSchema#dateTime>",add_object,2,4,4
74310,constant,,"lit:""1928-01-01T00:00:00Z""^^<http://www.w3.org/2001/XMLSchema#dateTime>",add_object,2,2,2
78512,constant,,"lit:""1929-00-00T00:00:00Z""^^<http://www.w3.org/2001/XMLSchema#dateTime>",add_object,2,2,2
76783,constant,,"lit:""1929-01-01T00:00:00Z""^^<http://www.w3.org/2001/XMLSchema#dateTime>",add_object,2,3,3
84164,constant,,"lit:""1932-00-00T00:00:00Z""^^<http://www.w3.org/2001/XMLSchema#dateTime>",add_object,2,2,2
76952,constant,,"lit:""1933-00-00T00:00:00Z""^^<http://www.w3.org/2001/XMLSchema#dateTime>",add_object,2,1,1
76858,constant,,"lit:""1933-01-01T00:00:00Z""^^<http://www.w3.org/2001/XMLSchema#dateTime>",add_object,2,2,2
79002,constant,,"lit:""1934-00-00T00:00:00Z""^^<http://www.w3.org/2001/XMLSchema#dateTime>",add_object,2,3,3
77369,constant,,"lit:""1935-00-00T00:00:00Z""^^<http://www.w3.org/2001/XMLSchema#dateTime>",add_object,2,2,2
76560,constant,,"lit:""1935-01-01T00:00:00Z""^^<http://www.w3.org/2001/XMLSchema#dateTime>",add_object,2,3,3
77347,constant,,"lit:""1936-01-01T00:00:00Z""^^<http://www.w3.org/2001/XMLSchema#dateTime>",add_object,2,2,2
75500,constant,,"lit:""1937-01-01T00:00:00Z""^^<http://www.w3.org/2001/XMLSchema#dateTime>",add_object,2,4,4
79023,constant,,"lit:""1938-00-00T00:00:00Z""^^<http://www.w3.org/2001/XMLSchema#dateTime>",add_object,2,3,3
82681,constant,,"lit:""1938-01-01T00:00:00Z""^^<http://www.w3.org/2001/XMLSchema#dateTime>",add_object,2,3,3
76862,constant,,"lit:""1939-01-01T00:00:00Z""^^<http://www.w3.org/2001/XMLSchema#dateTime>",add_object,2,2,2
78779,constant,,"lit:""1940-00-00T00:00:00Z""^^<http://www.w3.org/2001/XMLSchema#dateTime>",add_object,2,2,2
79566,constant,,"lit:""1940-01-01T00:00:00Z""^^<http://www.w3.org/2001/XMLSchema#dateTime>",add_object,2,5,5
79456,constant,,"lit:""1941-00-00T00:00:00Z""^^<http://www.w3.org/2001/XMLSchema#dateTime>",add_object,2,1,1
74727,constant,,"lit:""1941-01-01T00:00:00Z""^^<http://www.w3.org/2001/XMLSchema#dateTime>",add_object,2,2,2
77047,constant,,"lit:""1942-00-00T00:00:00Z""^^<http://www.w3.org/2001/XMLSchema#dateTime>",add_object,2,2,2
76316,constant,,"lit:""1942-01-01T00:00:00Z""^^<http://www.w3.org/2001/XMLSchema#dateTime>",add_object,2,5,5
75387,constant,,"lit:""1943-01-01T00:00:00Z""^^<http://www.w3.org/2001/XMLSchema#dateTime>",add_object,2,3,3
81656,constant,,"lit:""1944-01-01T00:00:00Z""^^<http://www.w3.org/2001/XMLSchema#dateTime>",add_object,2,1,1
77600,constant,,"lit:""1945-01-01T00:00:00Z""^^<http://www.w3.org/2001/XMLSchema#dateTime>",add_object,2,2,2
75796,constant,,"lit:""1946-00-00T00:00:00Z""^^<http://www.w3.org/2001/XMLSchema#dateTime>",add_object,2,2,2
77572,constant,,"lit:""1946-01-01T00:00:00Z""^^<http://www.w3.org/2001/XMLSchema#dateTime>",add_object,2,2,2
79656,constant,,"lit:""1947-00-00T00:00:00Z""^^<http://www.w3.org/2001/XMLSchema#dateTime>",add_object,2,2,2
79505,constant,,"lit:""1947-01-01T00:00:00Z""^^<http://www.w3.org/2001/XMLSchema#dateTime>",add_object,2,3,3
77349,constant,,"lit:""1948-00-00T00:00:00Z""^^<http://www.w3.org/2001/XMLSchema#dateTime>",add_object,2,1,1
77473,constant,,"lit:""1948-01-01T00:00:00Z""^^<http://www.w3.org/2001/XMLSchema#dateTime>",add_object,2,1,1
77605,constant,,"lit:""1949-00-00T00:00:00Z""^^<http://www.w3.org/2001/XMLSchema#dateTime>",add_object,2,1,1
77046,constant,,"lit:""1950-00-00T00:00:00Z""^^<http://www.w3.org/2001/XMLSchema#dateTime>",add_object,2,1,1
78828,constant,,"lit:""1950-01-01T00:00:00Z""^^<http://www.w3.org/2001/XMLSchema#dateTime>",add_object,2,3,3
75568,constant,,"lit:""1951-01-01T00:00:00Z""^^<http://www.w3.org/2001/XMLSchema#dateTime>",add_object,2,4,4
76268,constant,,"lit:""1952-01-01T00:00:00Z""^^<http://www.w3.org/2001/XMLSchema#dateTime>",add_object,2,2,2
76889,constant,,"lit:""1953-01-01T00:00:00Z""^^<http://www.w3.org/2001/XMLSchema#dateTime>",add_object,2,3,3
81299,constant,,"lit:""1954-00-00T00:00:00Z""^^<http://www.w3.org/2001/XMLSchema#dateTime>",add_object,2,1,1
75340,constant,,"lit:""1954-01-01T00:00:00Z""^^<http://www.w3.org/2001/XMLSchema#dateTime>",add_object,2,2,2
79120,constant,,"lit:""1955-00-00T00:00:00Z""^^<http://www.w3.org/2001/XMLSchema#dateTime>",add_object,2,2,2
74836,constant,,"lit:""1955-01-01T00:00:00Z""^^<http://www.w3.org/2001/XMLSchema#dateTime>",add_object,2,2,2
78782,constant,,"lit:""1956-00-00T00:00:00Z""^^<http://www.w3.org/2001/XMLSchema#dateTime>",add_object,2,3,3
75391,constant,,"lit:""1956-01-01T00:00:00Z""^^<http://www.w3.org/2001/XMLSchema#dateTime>",add_object,2,2,2
75557,constant,,"lit:""1957-00-00T00:00:00Z""^^<http://www.w3.org/2001/XMLSchema#dateTime>",add_object,2,1,1
74737,constant,,"lit:""1957-01-01T00:00:00Z""^^<http://www.w3.org/2001/XMLSchema#dateTime>",add_object,2,2,2
81728,constant,,"lit:""1958-00-00T00:00:00Z""^^<http://www.w3.org/2001/XMLSchema#dateTime>",add_object,2,1,1
76453,constant,,"lit:""1958-01-01T00:00:00Z""^^<http://www.w3.org/2001/XMLSchema#dateTime>",add_object,2,4,4
80050,constant,,"lit:""1959-00-00T00:00:00Z""^^<http://www.w3.org/2001/XMLSchema#dateTime>",add_object,2,1,1
76709,constant,,"lit:""1959-01-01T00:00:00Z""^^<http://www.w3.org/2001/XMLSchema#dateTime>",add_object,2,3,3
79082,constant,,"lit:""1960-00-00T00:00:00Z""^^<http://www.w3.org/2001/XMLSchema#dateTime>",add_object,2,1,1
77045,constant,,"lit:""1960-01-01T00:00:00Z""^^<http://www.w3.org/2001/XMLSchema#dateTime>",add_object,2,2,2
74794,constant,,"lit:""1961-01-01T00:00:00Z""^^<http://www.w3.org/2001/XMLSchema#dateTime>",add_object,2,3,3
79165,constant,,"lit:""1962-00-00T00:00:00Z""^^<http://www.w3.org/2001/XMLSchema#dateTime>",add_object,2,2,2
74974,constant,,"lit:""1962-01-01T00:00:00Z""^^<http://www.w3.org/2001/XMLSchema#dateTime>",add_object,2,3,3
76542,constant,,"lit:""1963-01-01T00:00:00Z""^^<http://www.w3.org/2001/XMLSchema#dateTime>",add_object,2,2,2
75015,constant,,"lit:""1964-01-01T00:00:00Z""^^<http://www.w3.org/2001/XMLSchema#dateTime>",add_object,2,3,3
78824,constant,,"lit:""1965-00-00T00:00:00Z""^^<http://www.w3.org/2001/XMLSchema#dateTime>",add_object,2,1,1
78836,constant,,"lit:""1966-00-00T00:00:00Z""^^<http://www.w3.org/2001/XMLSchema#dateTime>",add_object,2,2,2
74304,constant,,"lit:""1966-01-01T00:00:00Z""^^<http://www.w3.org/2001/XMLSchema#dateTime>",add_object,2,3,3
75307,constant,,"lit:""1967-01-01T00:00:00Z""^^<http://www.w3.org/2001/XMLSchema#dateTime>",add_object,2,1,1
76810,constant,,"lit:""1968-01-01T00:00:00Z""^^<http://www.w3.org/2001/XMLSchema#dateTime>",add_object,2,3,3
79493,constant,,"lit:""1970-00-00T00:00:00Z""^^<http://www.w3.org/2001/XMLSchema#dateTime>",add_object,2,3,3
76323,constant,,"lit:""1970-01-01T00:00:00Z""^^<http://www.w3.org/2001/XMLSchema#dateTime>",add_object,2,1,1
76070,constant,,"lit:""1971-00-00T00:00:00Z""^^<http://www.w3.org/2001/XMLSchema#dateTime>",add_object,2,1,1
76998,constant,,"lit:""1971-01-01T00:00:00Z""^^<http://www.w3.org/2001/XMLSchema#dateTime>",add_object,2,5,5
77435,constant,,"lit:""1972-00-00T00:00:00Z""^^<http://www.w3.org/2001/XMLSchema#dateTime>",add_object,2,2,2
75504,constant,,"lit:""1972-01-01T00:00:00Z""^^<http://www.w3.org/2001/XMLSchema#dateTime>",add_object,2,1,1
77209,constant,,"lit:""1973-00-00T00:00:00Z""^^<http://www.w3.org/2001/XMLSchema#dateTime>",add_object,2,1,1
74883,constant,,"lit:""1973-01-01T00:00:00Z""^^<http://www.w3.org/2001/XMLSchema#dateTime>",add_object,2,2,2
78921,constant,,"lit:""1975-00-00T00:00:00Z""^^<http://www.w3.org/2001/XMLSchema#dateTime>",add_object,2,2,2
78540,constant,,"lit:""1975-01-01T00:00:00Z""^^<http://www.w3.org/2001/XMLSchema#dateTime>",add_object,2,2,2
76718,constant,,"lit:""1976-00-00T00:00:00Z""^^<http://www.w3.org/2001/XMLSchema#dateTime>",add_object,2,1,1
76951,constant,,"lit:""1977-00-00T00:00:00Z""^^<http://www.w3.org/2001/XMLSchema#dateTime>",add_object,2,1,1
74338,constant,,"lit:""1977-01-01T00:00:00Z""^^<http://www.w3.org/2001/XMLSchema#dateTime>",add_object,2,2,2
76737,constant,,"lit:""1978-00-00T00:00:00Z""^^<http://www.w3.org/2001/XMLSchema#dateTime>",add_object,2,1,1
77370,constant,,"lit:""1978-01-01T00:00:00Z""^^<http://www.w3.org/2001/XMLSchema#dateTime>",add_object,2,1,1
76215,constant,,"lit:""1979-00-00T00:00:00Z""^^<http://www.w3.org/2001/XMLSchema#dateTime>",add_object,2,1,1
76483,constant,,"lit:""1979-01-01T00:00:00Z""^^<http://www.w3.org/2001/XMLSchema#dateTime>",add_object,2,3,3
74980,constant,,"lit:""1980-01-01T00:00:00Z""^^<http://www.w3.org/2001/XMLSchema#dateTime>",add_object,2,2,2
78545,constant,,"lit:""1981-01-01T00:00:00Z""^^<http://www.w3.org/2001/XMLSchema#dateTime>",add_object,2,3,3
77493,constant,,"lit:""1982-00-00T00:00:00Z""^^<http://www.w3.org/2001/XMLSchema#dateTime>",add_object,2,2,2
74746,constant,,"lit:""1982-01-01T00:00:00Z""^^<http://www.w3.org/2001/XMLSchema#dateTime>",add_object,2,1,1
77657,constant,,"lit:""1983-01-01T00:00:00Z""^^<http://www.w3.org/2001/XMLSchema#dateTime>",add_object,2,2,2
76541,constant,,"lit:""1984-00-00T00:00:00Z""^^<http://www.w3.org/2001/XMLSchema#dateTime>",add_object,2,2,2
74208,constant,,"lit:""1984-01-01T00:00:00Z""^^<http://www.w3.org/2001/XMLSchema#dateTime>",add_object,2,4,4
76564,constant,,"lit:""1985-00-00T00:00:00Z""^^<http://www.w3.org/2001/XMLSchema#dateTime>",add_object,2,1,1
74527,constant,,"lit:""1985-01-01T00:00:00Z""^^<http://www.w3.org/2001/XMLSchema#dateTime>",add_object,2,1,1
79161,constant,,"lit:""1986-00-00T00:00:00Z""^^<http://www.w3.org/2001/XMLSchema#dateTime>",add_object,2,2,2
75765,constant,,"lit:""1986-01-01T00:00:00Z""^^<http://www.w3.org/2001/XMLSchema#dateTime>",add_object,2,1,1
75528,constant,,"lit:""1987-00-00T00:00:00Z""^^<http://www.w3.org/2001/XMLSchema#dateTime>",add_object,2,3,3
77437,constant,,"lit:""1987-01-01T00:00:00Z""^^<http://www.w3.org/2001/XMLSchema#dateTime>",add_object,2,4,4
78536,constant,,"lit:""1988-00-00T00:00:00Z""^^<http://www.w3.org/2001/XMLSchema#dateTime>",add_object,2,1,1
74978,constant,,"lit:""1988-01-01T00:00:00Z""^^<http://www.w3.org/2001/XMLSchema#dateTime>",add_object,2,2,2
76865,constant,,"lit:""1989-01-01T00:00:00Z""^^<http://www.w3.org/2001/XMLSchema#dateTime>",add_object,2,4,4
74507,constant,,"lit:""1990-00-00T00:00:00Z""^^<http://www.w3.org/2001/XMLSchema#dateTime>",add_object,2,3,3
74352,constant,,"lit:""1991-00-00T00:00:00Z""^^<http://www.w3.org/2001/XMLSchema#dateTime>",add_object,2,1,1
76726,constant,,"lit:""1991-01-01T00:00:00Z""^^<http://www.w3.org/2001/XMLSchema#dateTime>",add_object,2,1,1
76310,constant,,"lit:""1992-00-00T00:00:00Z""^^<http://www.w3.org/2001/XMLSchema#dateTime>",add_object,2,1,1
80474,constant,,"lit:""1993-00-00T00:00:00Z""^^<http://www.w3.org/2001/XMLSchema#dateTime>",add_object,2,1,1
75441,constant,,"lit:""1994-00-00T00:00:00Z""^^<http://www.w3.org/2001/XMLSchema#dateTime>",add_object,2,2,2
74743,constant,,"lit:""1994-01-01T00:00:00Z""^^<http://www.w3.org/2001/XMLSchema#dateTime>",add_object,2,2,2
75384,constant,,"lit:""1995-00-00T00:00:00Z""^^<http://www.w3.org/2001/XMLSchema#dateTime>",add_object,2,1,1
77042,constant,,"lit:""1996-01-01T00:00:00Z""^^<http://www.w3.org/2001/XMLSchema#dateTime>",add_object,2,1,1
78838,constant,,"lit:""1997-00-00T00:00:00Z""^^<http://www.w3.org/2001/XMLSchema#dateTime>",add_object,2,2,2
78915,constant,,"lit:""1998-00-00T00:00:00Z""^^<http://www.w3.org/2001/XMLSchema#dateTime>",add_object,2,1,1
76557,constant,,"lit:""1999-00-00T00:00:00Z""^^<http://www.w3.org/2001/XMLSchema#dateTime>",add_object,2,1,1
75761,constant,,"lit:""1999-01-01T00:00:00Z""^^<http://www.w3.org/2001/XMLSchema#dateTime>",add_object,2,2,2
74738,constant,,"lit:""2""^^<http://www.w3.org/2001/XMLSchema#decimal>",add_object,2,4,4
90585,constant,,"lit:""2.1.1.-""",add_object,2,49,49
91155,constant,,"lit:""2.3.1.-""",add_object,2,58,58
92158,constant,,"lit:""2.4.1.-""",add_object,2,7,7
92034,constant,,"lit:""2.7.1.-""",add_object,2,51,51
79564,constant,,"lit:""20""",add_object,2,1,1
74628,constant,,"lit:""20""^^<http://www.w3.org/2001/XMLSchema#decimal>",add_object,2,11,11
82486,constant,,"lit:""200""^^<http://www.w3.org/2001/XMLSchema#decimal>",add_object,2,1,1
74984,constant,,"lit:""2000-00-00T00:00:00Z""^^<http://www.w3.org/2001/XMLSchema#dateTime>",add_object,2,7,7
75313,constant,,"lit:""2000-01-01T00:00:00Z""^^<http://www.w3.org/2001/XMLSchema#dateTime>",add_object,2,2,2
76478,constant,,"lit:""2001-00-00T00:00:00Z""^^<http://www.w3.org/2001/XMLSchema#dateTime>",add_object,2,4,4
74504,constant,,"lit:""2001-01-01T00:00:00Z""^^<http://www.w3.org/2001/XMLSchema#dateTime>",add_object,2,1,1
76078,constant,,"lit:""2002-00-00T00:00:00Z""^^<http://www.w3.org/2001/XMLSchema#dateTime>",add_object,2,6,6
86687,constant,,"lit:""2002-11-01T00:00:00Z""^^<http://www.w3.org/2001/XMLSchema#dateTime>",add_object,2,1,1
76488,constant,,"lit:""2003-00-00T00:00:00Z""^^<http://www.w3.org/2001/XMLSchema#dateTime>",add_object,2,2,2
76294,constant,,"lit:""2003-01-01T00:00:00Z""^^<http://www.w3.org/2001/XMLSchema#dateTime>",add_object,2,1,1
76336,constant,,"lit:""2004-00-00T00:00:00Z""^^<http://www.w3.org/2001/XMLSchema#dateTime>",add_object,2,8,8
77235,constant,,"lit:""2004-01-01T00:00:00Z""^^<http://www.w3.org/2001/XMLSchema#dateTime>",add_object,2,1,1
74535,constant,,"lit:""2005-00-00T00:00:00Z""^^<http://www.w3.org/2001/XMLSchema#dateTime>",add_object,2,6,6
74218,constant,,"lit:""2005-01-01T00:00:00Z""^^<http://www.w3.org/2001/XMLSchema#dateTime>",add_object,2,2,2
76999,constant,,"lit:""2006-00-00T00:00:00Z""^^<http://www.w3.org/2001/XMLSchema#dateTime>",add_object,2,5,5
75408,constant,,"lit:""2006-01-01T00:00:00Z""^^<http://www.w3.org/2001/XMLSchema#dateTime>",add_object,2,2,2
77000,constant,,"lit:""2007-00-00T00:00:00Z""^^<http://www.w3.org/2001/XMLSchema#dateTime>",add_object,2,2,2
74248,constant,,"lit:""2008-00-00T00:00:00Z""^^<http://www.w3.org/2001/XMLSchema#dateTime>",add_object,2,7,7
76345,constant,,"lit:""2008-01-01T00:00:00Z""^^<http://www.w3.org/2001/XMLSchema#dateTime>",add_object,2,2,2
75271,constant,,"lit:""2009-00-00T00:00:00Z""^^<http://www.w3.org/2001/XMLSchema#dateTime>",add_object,2,6,6
74779,constant,,"lit:""2009-01-01T00:00:00Z""^^<http://www.w3.org/2001/XMLSchema#dateTime>",add_object,2,1,1
76517,constant,,"lit:""2010-00-00T00:00:00Z""^^<http://www.w3.org/2001/XMLSchema#dateTime>",add_object,2,12,12
76304,constant,,"lit:""2011-00-00T00:00:00Z""^^<http://www.w3.org/2001/XMLSchema#dateTime>",add_object,2,15,15
75694,constant,,"lit:""2012-00-00T00:00:00Z""^^<http://www.w3.org/2001/XMLSchema#dateTime>",add_object,2,34,34
77001,constant,,"lit:""2013-00-00T00:00:00Z""^^<http://www.w3.org/2001/XMLSchema#dateTime>",add_object,2,32,32
74251,constant,,"lit:""2014-00-00T00:00:00Z""^^<http://www.w3.org/2001/XMLSchema#dateTime>",add_object,2,31,31
74246,constant,,"lit:""2015-00-00T00:00:00Z""^^<http://www.w3.org/2001/XMLSchema#dateTime>",add_object,2,51,51
79156,constant,,"lit:""2016-00-00T00:00:00Z""^^<http://www.w3.org/2001/XMLSchema#dateTime>",add_object,2,34,34
79553,constant,,"lit:""2017-00-00T00:00:00Z""^^<http://www.w3.org/2001/XMLSchema#dateTime>",add_object,2,2,2
85948,constant,,"lit:""205""^^<http://www.w3.org/2001/XMLSchema#decimal>",add_object,2,2,2
79645,constant,,"lit:""207""^^<http://www.w3.org/2001/XMLSchema#decimal>",add_object,2,1,1
78904,constant,,"lit:""21""^^<http://www.w3.org/2001/XMLSchema#decimal>",add_object,2,4,4
83047,constant,,"lit:""210""",add_object,2,1,1
85482,constant,,"lit:""210""^^<http://www.w3.org/2001/XMLSchema#decimal>",add_object,2,1,1
82599,constant,,"lit:""212""^^<http://www.w3.org/2001/XMLSchema#decimal>",add_object,2,2,2
79162,constant,,"lit:""215""^^<http://www.w3.org/2001/XMLSchema#decimal>",add_object,2,1,1
84202,constant,,"lit:""219""^^<http://www.w3.org/2001/XMLSchema#decimal>",add_object,2,1,1
76332,constant,,"lit:""22""^^<http://www.w3.org/2001/XMLSchema#decimal>",add_object,2,5,5
77568,constant,,"lit:""220""",add_object,2,1,1
74566,constant,,"lit:""220""^^<http://www.w3.org/2001/XMLSchema#decimal>",add_object,2,1,1
76866,constant,,"lit:""23""^^<http://www.w3.org/2001/XMLSchema#decimal>",add_object,2,9,9
81050,constant,,"lit:""235""^^<http://www.w3.org/2001/XMLSchema#decimal>",add_object,2,1,1
86222,constant,,"lit:""237""^^<http://www.w3.org/2001/XMLSchema#decimal>",add_object,2,1,1
77036,constant,,"lit:""24""^^<http://www.w3.org/2001/XMLSchema#decimal>",add_object,2,4,4
78454,constant,,"lit:""240""^^<http://www.w3.org/2001/XMLSchema#decimal>",add_object,2,1,1
86612,constant,,"lit:""24748""",add_object,2,1,1
77428,constant,,"lit:""25""^^<http://www.w3.org/2001/XMLSchema#decimal>",add_object,2,6,6
79979,constant,,"lit:""26""^^<http://www.w3.org/2001/XMLSchema#decimal>",add_object,2,16,16
80023,constant,,"lit:""27""^^<http://www.w3.org/2001/XMLSchema#decimal>",add_object,2,1,1
82309,constant,,"lit:""2702""",add_object,2,1,1
92684,constant,,"lit:""27206810008""",add_object,2,569,569
91416,constant,,"lit:""27206816016""",add_object,2,584,584
91910,constant,,"lit:""27209828001""",add_object,2,533,533
92449,constant,,"lit:""27212802003""",add_object,2,516,516
93565,constant,,"lit:""27212810005""",add_object,2,483,483
92756,constant,,"lit:""27218807001""",add_object,2,259,259
92165,constant,,"lit:""27227802011""",add_object,2,213,213
93517,constant,,"lit:""27227804001""",add_object,2,352,352
93915,constant,,"lit:""27227804005""",add_object,2,348,348
92773,constant,,"lit:""27227810015""",add_object,2,328,328
86070,constant,,"lit:""27236""",add_object,2,139,139
82680,constant,,"lit:""28""^^<http://www.w3.org/2001/XMLSchema#decimal>",add_object,2,6,6
86671,constant,,"lit:""29""^^<http://www.w3.org/2001/XMLSchema#decimal>",add_object,2,7,7
78067,constant,,"lit:""3""^^<http://www.w3.org/2001/XMLSchema#decimal>",add_object,2,1,1
92633,constant,,"lit:""3.1.3.-""",add_object,2,14,14
93460,constant,,"lit:""3.6.1.-""",add_object,2,1,1
76490,constant,,"lit:""30""^^<http://www.w3.org/2001/XMLSchema#decimal>",add_object,2,3,3
76494,constant,,"lit:""31""^^<http://www.w3.org/2001/XMLSchema#decimal>",add_object,2,2,2
81332,constant,,"lit:""32""^^<http://www.w3.org/2001/XMLSchema#decimal>",add_object,2,2,2
79167,constant,,"lit:""33""^^<http://www.w3.org/2001/XMLSchema#decimal>",add_object,2,4,4
82822,constant,,"lit:""35""^^<http://www.w3.org/2001/XMLSchema#decimal>",add_object,2,6,6
77581,constant,,"lit:""36""^^<http://www.w3.org/2001/XMLSchema#decimal>",add_object,2,1,1
86784,constant,,"lit:""37""^^<http://www.w3.org/2001/XMLSchema#decimal>",add_object,2,2,2
84492,constant,,"lit:""379""",add_object,2,1,1
83634,constant,,"lit:""38""^^<http://www.w3.org/2001/XMLSchema#decimal>",add_object,2,3,3
79897,constant,,"lit:""39""^^<http://www.w3.org/2001/XMLSchema#decimal>",add_object,2,5,5
74626,constant,,"lit:""4""^^<http://www.w3.org/2001/XMLSchema#decimal>",add_object,2,6,6
77429,constant,,"lit:""40""^^<http://www.w3.org/2001/XMLSchema#decimal>",add_object,2,3,3
85320,constant,,"lit:""41""^^<http://www.w3.org/2001/XMLSchema#decimal>",add_object,2,1,1
80167,constant,,"lit:""410""^^<http://www.w3.org/2001/XMLSchema#decimal>",add_object,2,1,1
80552,constant,,"lit:""42""^^<http://www.w3.org/2001/XMLSchema#decimal>",add_object,2,2,2
83216,constant,,"lit:""43""^^<http://www.w3.org/2001/XMLSchema#decimal>",add_object,2,2,2
81600,constant,,"lit:""44""",add_object,2,1,1
79884,constant,,"lit:""44""^^<http://www.w3.org/2001/XMLSchema#decimal>",add_object,2,4,4
83552,constant,,"lit:""45""^^<http://www.w3.org/2001/XMLSchema#decimal>",add_object,2,3,3
82369,constant,,"lit:""47""^^<http://www.w3.org/2001/XMLSchema#decimal>",add_object,2,1,1
82920,constant,,"lit:""48""^^<http://www.w3.org/2001/XMLSchema#decimal>",add_object,2,1,1
76335,constant,,"lit:""5""^^<http://www.w3.org/2001/XMLSchema#decimal>",add_object,2,1,1
93429,constant,,"lit:""5.4.99.-""",add_object,2,3,3
77968,constant,,"lit:""50""^^<http://www.w3.org/2001/XMLSchema#decimal>",add_object,2,3,3
84590,constant,,"lit:""51""^^<http://www.w3.org/2001/XMLSchema#decimal>",add_object,2,2,2
74900,constant,,"lit:""511""",add_object,2,1,1
80189,constant,,"lit:""52""^^<http://www.w3.org/2001/XMLSchema#decimal>",add_object,2,5,5
77760,constant,,"lit:""53""^^<http://www.w3.org/2001/XMLSchema#decimal>",add_object,2,3,3
83898,constant,,"lit:""54""^^<http://www.w3.org/2001/XMLSchema#decimal>",add_object,2,4,4
76491,constant,,"lit:""55""^^<http://www.w3.org/2001/XMLSchema#decimal>",add_object,2,3,3
80024,constant,,"lit:""57""^^<http://www.w3.org/2001/XMLSchema#decimal>",add_object,2,2,2
82183,constant,,"lit:""58""^^<http://www.w3.org/2001/XMLSchema#decimal>",add_object,2,1,1
93926,constant,,"lit:""58233804005""",add_object,2,234,234
94106,constant,,"lit:""58233804076""",add_object,2,195,195
94034,constant,,"lit:""58233812058""",add_object,2,153,153
94068,constant,,"lit:""58233820039""",add_object,2,111,111
93728,constant,,"lit:""58233820047""",add_object,2,127,127
92446,constant,,"lit:""58247820049""",add_object,2,136,136
91203,constant,,"lit:""58247865015""",add_object,2,123,123
94143,constant,,"lit:""58247875026""",add_object,2,111,111
93626,constant,,"lit:""58249832023""",add_object,2,133,133
77491,constant,,"lit:""59""^^<http://www.w3.org/2001/XMLSchema#decimal>",add_object,2,4,4
75055,constant,,"lit:""6""^^<http://www.w3.org/2001/XMLSchema#decimal>",add_object,2,7,7
93297,constant,,"lit:""6.2.1.-""",add_object,2,3,3
76495,constant,,"lit:""60""^^<http://www.w3.org/2001/XMLSchema#decimal>",add_object,2,1,1
82352,constant,,"lit:""61""^^<http://www.w3.org/2001/XMLSchema#decimal>",add_object,2,1,1
81223,constant,,"lit:""616""",add_object,2,1,1
78897,constant,,"lit:""62""^^<http://www.w3.org/2001/XMLSchema#decimal>",add_object,2,1,1
81333,constant,,"lit:""64""^^<http://www.w3.org/2001/XMLSchema#decimal>",add_object,2,1,1
80534,constant,,"lit:""65""^^<http://www.w3.org/2001/XMLSchema#decimal>",add_object,2,4,4
82371,constant,,"lit:""66""^^<http://www.w3.org/2001/XMLSchema#decimal>",add_object,2,1,1
78898,constant,,"lit:""67""^^<http://www.w3.org/2001/XMLSchema#decimal>",add_object,2,1,1
79561,constant,,"lit:""68""^^<http://www.w3.org/2001/XMLSchema#decimal>",add_object,2,1,1
75175,constant,,"lit:""7""^^<http://www.w3.org/2001/XMLSchema#decimal>",add_object,2,3,3
81287,constant,,"lit:""70""^^<http://www.w3.org/2001/XMLSchema#decimal>",add_object,2,4,4
77002,constant,,"lit:""71""^^<http://www.w3.org/2001/XMLSchema#decimal>",add_object,2,1,1
80760,constant,,"lit:""72""^^<http://www.w3.org/2001/XMLSchema#decimal>",add_object,2,2,2
77554,constant,,"lit:""74""^^<http://www.w3.org/2001/XMLSchema#decimal>",add_object,2,1,1
75573,constant,,"lit:""75""",add_object,2,1,1
75302,constant,,"lit:""75""^^<http://www.w3.org/2001/XMLSchema#decimal>",add_object,2,2,2
76312,constant,,"lit:""8""^^<http://www.w3.org/2001/XMLSchema#decimal>",add_object,2,6,6
75056,constant,,"lit:""80""^^<http://www.w3.org/2001/XMLSchema#decimal>",add_object,2,2,2
75057,constant,,"lit:""84""^^<http://www.w3.org/2001/XMLSchema#decimal>",add_object,2,1,1
77357,constant,,"lit:""85""^^<http://www.w3.org/2001/XMLSchema#decimal>",add_object,2,1,1
74325,constant,,"lit:""89""^^<http://www.w3.org/2001/XMLSchema#decimal>",add_object,2,1,1
79800,constant,,"lit:""890""",add_object,2,1,1
77039,constant,,"lit:""91""^^<http://www.w3.org/2001/XMLSchema#decimal>",add_object,2,1,1
74343,constant,,"lit:""92""^^<http://www.w3.org/2001/XMLSchema#decimal>",add_object,2,1,1
75308,constant,,"lit:""95""^^<http://www.w3.org/2001/XMLSchema#decimal>",add_object,2,1,1
74309,constant,,"lit:""97""^^<http://www.w3.org/2001/XMLSchema#decimal>",add_object,2,1,1
76324,constant,,"lit:""98""^^<http://www.w3.org/2001/XMLSchema#decimal>",add_object,2,1,1
75392,constant,,"lit:""99""^^<http://www.w3.org/2001/XMLSchema#decimal>",add_object,2,1,1
86899,constant,,"lit:""Antonio""@mul",add_object,2,101,101
88988,constant,,"lit:""Bill""@mul",add_object,2,149,149
94418,constant,,"lit:""Cancer""",add_object,2,1,1
95583,constant,,"lit:""Charles""@mul",add_object,2,228,228
86797,constant,,"lit:""David""@mul",add_object,2,231,231
89281,constant,,"lit:""Frank""@mul",add_object,2,102,102
87172,constant,,"lit:""Ivan""@mul",add_object,2,110,110
86427,constant,,"lit:""Jean""@mul",add_object,2,141,141
89207,constant,,"lit:""John""@mul",add_object,2,626,626
98461,constant,,"lit:""Jos\u00E9""@mul",add_object,2,156,156
87168,constant,,"lit:""Joseph""@mul",add_object,2,144,144
82378,constant,,"lit:""Karl""@mul",add_object,2,142,142
88637,constant,,"lit:""Mike""@mul",add_object,2,73,73
86024,constant,,"lit:""Peter""@mul",add_object,2,195,195
95820,constant,,"lit:""Richard""@mul",add_object,2,194,194
87923,constant,,"lit:""Robert""@mul",add_object,2,304,304
94336,constant,,"lit:""Siemens""",add_object,2,1,1
87432,constant,,"lit:""Thomas""@mul",add_object,2,238,238
89462,constant,,"lit:""Walter""@mul",add_object,2,99,99
84873,constant,,"lit:""ara""",add_object,2,1,1
79288,constant,,wd:Q100,add_object,2,5,5
44110,constant,,wd:Q100047,add_object,2,4,4
31900,constant,,wd:Q1002697,add_object,2,105,105
32539,constant,,wd:Q1004,add_object,2,12,12
77994,constant,,wd:Q1006,add_object,2,2,2
37490,constant,,wd:Q1008,add_object,2,9,9
37893,constant,,wd:Q1011,add_object,2,1,1
77996,constant,,wd:Q1013,add_object,2,1,1
30938,constant,,wd:Q101352,add_object,2,56,56
37492,constant,,wd:Q1014,add_object,2,2,2
77997,constant,,wd:Q1016,add_object,2,4,4
35241,constant,,wd:Q101600,add_object,2,1,1
77998,constant,,wd:Q1019,add_object,2,3,3
82043,constant,,wd:Q101959,add_object,2,1,1
76632,constant,,wd:Q1020,add_object,2,3,3
43710,constant,,wd:Q102496,add_object,2,7,7
82044,constant,,wd:Q102720,add_object,2,1,1
39774,constant,,wd:Q1028,add_object,2,7,7
43693,constant,,wd:Q1028181,add_object,2,134,134
75103,constant,,wd:Q1029,add_object,2,17,17
48159,constant,,wd:Q1030,add_object,2,6,6
36373,constant,,wd:Q103163,add_object,2,1,1
77999,constant,,wd:Q1032,add_object,2,1,1
82091,constant,,wd:Q103217,add_object,2,2,2
34111,constant,,wd:Q1033,add_object,2,12,12
78829,constant,,wd:Q10333,add_object,2,1,1
32854,constant,,wd:Q1035954,add_object,2,1,1
76634,constant,,wd:Q1036,add_object,2,4,4
36733,constant,,wd:Q10387575,add_object,2,285,285
36734,constant,,wd:Q10387684,add_object,2,127,127
83356,constant,,wd:Q1040,add_object,2,1,1
76635,constant,,wd:Q1041,add_object,2,1,1
42195,constant,,wd:Q10413723,add_object,2,2,2
43455,constant,,wd:Q104157,add_object,2,2,2
32928,constant,,wd:Q10416961,add_object,2,1,1
48278,constant,,wd:Q1043967,add_object,2,9,9
44848,constant,,wd:Q10441,add_object,2,1,1
44849,constant,,wd:Q10446,add_object,2,1,1
37505,constant,,wd:Q1045,add_object,2,1,1
42200,constant,,wd:Q10457964,add_object,2,1,1
36654,constant,,wd:Q1047437,add_object,2,3,3
40226,constant,,wd:Q1047971,add_object,2,2,2
48100,constant,,wd:Q1048314,add_object,2,1,1
43956,constant,,wd:Q1048525,add_object,2,1,1
35286,constant,,wd:Q1048835,add_object,2,4,4
77925,constant,,wd:Q1049,add_object,2,3,3
49388,constant,,wd:Q1049520,add_object,2,1,1
86535,constant,,wd:Q105112,add_object,2,2,2
36579,constant,,wd:Q10511368,add_object,2,3,3
88634,constant,,wd:Q10513450,add_object,2,2,2
74890,constant,,wd:Q10514065,add_object,2,8,8
38217,constant,,wd:Q1052025,add_object,2,1,1
45669,constant,,wd:Q1053574,add_object,2,1,1
44878,constant,,wd:Q10538,add_object,2,1,1
79552,constant,,wd:Q1054813,add_object,2,30,30
75646,constant,,wd:Q1055,add_object,2,4,4
47499,constant,,wd:Q105731,add_object,2,11,11
44889,constant,,wd:Q10580,add_object,2,1,1
82046,constant,,wd:Q105853,add_object,2,1,1
89814,constant,,wd:Q10589,add_object,2,10,10
79551,constant,,wd:Q1059478,add_object,2,6,6
89196,constant,,wd:Q1062083,add_object,2,1,1
40494,constant,,wd:Q106345,add_object,2,1,1
42258,constant,,wd:Q10634678,add_object,2,2,2
49665,constant,,wd:Q106410,add_object,2,1,1
42263,constant,,wd:Q10645546,add_object,2,1,1
30459,constant,,wd:Q10648343,add_object,2,3,3
87931,constant,,wd:Q1065118,add_object,2,99,99
33298,constant,,wd:Q10655178,add_object,2,4,4
82816,constant,,wd:Q106658,add_object,2,16,16
48919,constant,,wd:Q1066707,add_object,2,1,1
76407,constant,,wd:Q1066984,add_object,2,497,497
84033,constant,,wd:Q10686,add_object,2,1,1
78406,constant,,wd:Q10690,add_object,2,1,1
83227,constant,,wd:Q1070590,add_object,2,5,5
94086,constant,,wd:Q1070990,add_object,2,54,54
80155,constant,,wd:Q1071,add_object,2,2,2
42357,constant,,wd:Q10725452,add_object,2,1,1
45775,constant,,wd:Q10729054,add_object,2,57,57
45776,constant,,wd:Q10729125,add_object,2,354,354
85123,constant,,wd:Q10732476,add_object,2,1,1
80294,constant,,wd:Q10742,add_object,2,4,4
48819,constant,,wd:Q107425,add_object,2,1,1
39596,constant,,wd:Q1075,add_object,2,222,222
45303,constant,,wd:Q1075404,add_object,2,3,3
40934,constant,,wd:Q1075697,add_object,2,3,3
31836,constant,,wd:Q1075988,add_object,2,1,1
46826,constant,,wd:Q1076486,add_object,2,37,37
48128,constant,,wd:Q1076968,add_object,2,2,2
78496,constant,,wd:Q1077097,add_object,2,8,8
30399,constant,,wd:Q107715,add_object,2,2,2
45077,constant,,wd:Q10800557,add_object,2,3,3
42945,constant,,wd:Q1081138,add_object,2,13,13
46202,constant,,wd:Q108325,add_object,2,117,117
35278,constant,,wd:Q10833314,add_object,2,17,17
33946,constant,,wd:Q10843402,add_object,2,1,1
74809,constant,,wd:Q1085,add_object,2,1,1
83812,constant,,wd:Q10862983,add_object,2,4,4
46799,constant,,wd:Q10870555,add_object,2,74,74
37928,constant,,wd:Q10871364,add_object,2,8,8
35757,constant,,wd:Q10873124,add_object,2,425,425
46301,constant,,wd:Q10876391,add_object,2,2,2
46190,constant,,wd:Q1088552,add_object,2,2,2
83226,constant,,wd:Q109128,add_object,2,1,1
44222,constant,,wd:Q1092939,add_object,2,1,1
83447,constant,,wd:Q1093,add_object,2,1,1
77553,constant,,wd:Q1093580,add_object,2,7,7
83717,constant,,wd:Q1093829,add_object,2,456,456
87916,constant,,wd:Q109607,add_object,2,6,6
77499,constant,,wd:Q11004,add_object,2,3,3
81466,constant,,wd:Q1101,add_object,2,17,17
43593,constant,,wd:Q11019,add_object,2,1,1
77937,constant,,wd:Q11027623,add_object,2,1,1
48860,constant,,wd:Q11028,add_object,2,1,1
43372,constant,,wd:Q11032,add_object,2,4,4
46630,constant,,wd:Q11060274,add_object,2,144,144
76875,constant,,wd:Q11063,add_object,2,1,1
35465,constant,,wd:Q1107,add_object,2,6,6
84838,constant,,wd:Q11086742,add_object,2,10,10
81769,constant,,wd:Q1110794,add_object,2,1,1
77031,constant,,wd:Q11122389,add_object,2,3,3
85187,constant,,wd:Q1113,add_object,2,1,1
84185,constant,,wd:Q1114448,add_object,2,1,1
33626,constant,,wd:Q1114461,add_object,2,21,21
84735,constant,,wd:Q1115575,add_object,2,74,74
29800,constant,,wd:Q11173,add_object,2,70,70
48015,constant,,wd:Q1117704,add_object,2,19,19
84731,constant,,wd:Q1120838,add_object,2,1,1
74906,constant,,wd:Q112099,add_object,2,10,10
31391,constant,,wd:Q1124,add_object,2,2,2
32890,constant,,wd:Q1125239,add_object,2,1,1
30765,constant,,wd:Q11266439,add_object,2,1,1
82618,constant,,wd:Q1127,add_object,2,1,1
46191,constant,,wd:Q1128397,add_object,2,7,7
44672,constant,,wd:Q1129409,add_object,2,2,2
79898,constant,,wd:Q11299,add_object,2,5,5
38657,constant,,wd:Q11303,add_object,2,6,6
82963,constant,,wd:Q1131296,add_object,2,5,5
37929,constant,,wd:Q11336312,add_object,2,3,3
75273,constant,,wd:Q11338576,add_object,2,17,17
34397,constant,,wd:Q11344,add_object,2,11,11
37137,constant,,wd:Q1134686,add_object,2,5,5
37632,constant,,wd:Q11348,add_object,2,3,3
40942,constant,,wd:Q1135685,add_object,2,8,8
93313,constant,,wd:Q1137767,add_object,2,1,1
83891,constant,,wd:Q1137833,add_object,2,1,1
89808,constant,,wd:Q1138186,add_object,2,123,123
45520,constant,,wd:Q11394,add_object,2,4,4
37493,constant,,wd:Q114,add_object,2,8,8
39779,constant,,wd:Q11412,add_object,2,2,2
79160,constant,,wd:Q11420,add_object,2,1,1
29831,constant,,wd:Q11424,add_object,2,1426,1426
43609,constant,,wd:Q1143604,add_object,2,2,2
33983,constant,,wd:Q11446,add_object,2,3,3
48782,constant,,wd:Q1144661,add_object,2,1,1
36413,constant,,wd:Q11448906,add_object,2,4,4
83794,constant,,wd:Q1145012,add_object,2,2,2
86381,constant,,wd:Q1146531,add_object,2,39,39
74371,constant,,wd:Q11472,add_object,2,3,3
86685,constant,,wd:Q1147395,add_object,2,10,10
44553,constant,,wd:Q114750,add_object,2,9,9
40496,constant,,wd:Q114906,add_object,2,1,1
86032,constant,,wd:Q1149652,add_object,2,1,1
46582,constant,,wd:Q1151291,add_object,2,1,1
45042,constant,,wd:Q11513034,add_object,2,1,1
83512,constant,,wd:Q11513337,add_object,2,1,1
49250,constant,,wd:Q1153191,add_object,2,1,1
80470,constant,,wd:Q1154710,add_object,2,37,37
30456,constant,,wd:Q1156073,add_object,2,1,1
30817,constant,,wd:Q11563,add_object,2,1,1
36591,constant,,wd:Q1156854,add_object,2,1,1
85309,constant,,wd:Q11569986,add_object,2,1,1
76349,constant,,wd:Q1158477,add_object,2,2,2
86192,constant,,wd:Q1159023,add_object,2,2,2
32160,constant,,wd:Q116,add_object,2,2,2
88696,constant,,wd:Q11607585,add_object,2,1,1
34033,constant,,wd:Q1161185,add_object,2,2,2
40499,constant,,wd:Q116209,add_object,2,3,3
34693,constant,,wd:Q11631,add_object,2,1,1
79458,constant,,wd:Q1166,add_object,2,6,6
75508,constant,,wd:Q1166840,add_object,2,3,3
89487,constant,,wd:Q11687,add_object,2,6,6
47922,constant,,wd:Q11691,add_object,2,10,10
80188,constant,,wd:Q11691318,add_object,2,6,6
39361,constant,,wd:Q1169875,add_object,2,6,6
37495,constant,,wd:Q117,add_object,2,4,4
36370,constant,,wd:Q11707,add_object,2,9,9
40946,constant,,wd:Q1171483,add_object,2,1,1
43527,constant,,wd:Q11722303,add_object,2,3,3
78878,constant,,wd:Q11751,add_object,2,1,1
84319,constant,,wd:Q11755880,add_object,2,24,24
84840,constant,,wd:Q11772,add_object,2,1,1
94708,constant,,wd:Q11774097,add_object,2,2,2
44547,constant,,wd:Q11774891,add_object,2,12,12
86574,constant,,wd:Q11796413,add_object,2,4,4
86804,constant,,wd:Q11828004,add_object,2,74,74
37922,constant,,wd:Q1183,add_object,2,1,1
31527,constant,,wd:Q1183543,add_object,2,1,1
85015,constant,,wd:Q1187580,add_object,2,2,2
76408,constant,,wd:Q1187811,add_object,2,44,44
31514,constant,,wd:Q11879590,add_object,2,64,64
36348,constant,,wd:Q1188447,add_object,2,70,70
95270,constant,,wd:Q1188693,add_object,2,1,1
32276,constant,,wd:Q1190554,add_object,2,3,3
34192,constant,,wd:Q11911,add_object,2,4,4
87117,constant,,wd:Q1191549,add_object,2,299,299
89614,constant,,wd:Q1191622,add_object,2,12,12
43776,constant,,wd:Q1192305,add_object,2,70,70
34195,constant,,wd:Q11925,add_object,2,4,4
34198,constant,,wd:Q11943,add_object,2,6,6
49489,constant,,wd:Q1194951,add_object,2,2,2
85812,constant,,wd:Q11959,add_object,2,1,1
43610,constant,,wd:Q1196258,add_object,2,8,8
34199,constant,,wd:Q11972,add_object,2,2,2
38220,constant,,wd:Q1199815,add_object,2,1,1
85307,constant,,wd:Q12004,add_object,2,4,4
82962,constant,,wd:Q1204,add_object,2,4,4
40953,constant,,wd:Q1205104,add_object,2,1,1
88311,constant,,wd:Q1207,add_object,2,1,1
32713,constant,,wd:Q1208,add_object,2,1,1
48852,constant,,wd:Q1210334,add_object,2,4,4
86865,constant,,wd:Q1211,add_object,2,1,1
82880,constant,,wd:Q121233,add_object,2,1,1
45364,constant,,wd:Q12126757,add_object,2,13,13
82102,constant,,wd:Q12132683,add_object,2,1,1
34295,constant,,wd:Q12135,add_object,2,1,1
34591,constant,,wd:Q121359,add_object,2,1,1
30483,constant,,wd:Q12136,add_object,2,88,88
84429,constant,,wd:Q1214,add_object,2,4,4
42862,constant,,wd:Q12143,add_object,2,53,53
34203,constant,,wd:Q12146,add_object,2,1,1
94935,constant,,wd:Q121783,add_object,2,4,4
75019,constant,,wd:Q12191,add_object,2,3,3
80787,constant,,wd:Q12192,add_object,2,1,1
82082,constant,,wd:Q12202,add_object,2,1,1
79474,constant,,wd:Q12204,add_object,2,1,1
76505,constant,,wd:Q1221,add_object,2,2,2
76448,constant,,wd:Q1221156,add_object,2,543,543
44223,constant,,wd:Q1225300,add_object,2,1,1
79446,constant,,wd:Q1227,add_object,2,5,5
37414,constant,,wd:Q12280,add_object,2,161,161
36730,constant,,wd:Q12284,add_object,2,9,9
35279,constant,,wd:Q12299841,add_object,2,40,40
31515,constant,,wd:Q12308941,add_object,2,588,588
30347,constant,,wd:Q12312385,add_object,2,94,94
79381,constant,,wd:Q1231865,add_object,2,1,1
38723,constant,,wd:Q12323,add_object,2,34,34
85292,constant,,wd:Q123258,add_object,2,1,1
74705,constant,,wd:Q123480,add_object,2,197,197
37516,constant,,wd:Q12358501,add_object,2,5,5
37517,constant,,wd:Q12361770,add_object,2,8,8
43772,constant,,wd:Q123705,add_object,2,58,58
95945,constant,,wd:Q12376420,add_object,2,86,86
40959,constant,,wd:Q1241332,add_object,2,1,1
34206,constant,,wd:Q12433,add_object,2,2,2
79543,constant,,wd:Q12439,add_object,2,5,5
78821,constant,,wd:Q1244442,add_object,2,61,61
48565,constant,,wd:Q124490,add_object,2,2,2
35611,constant,,wd:Q1246,add_object,2,10,10
32550,constant,,wd:Q124714,add_object,2,34,34
31121,constant,,wd:Q1248784,add_object,2,6,6
81472,constant,,wd:Q1249148,add_object,2,2,2
38485,constant,,wd:Q1250464,add_object,2,3,3
84628,constant,,wd:Q1250916,add_object,2,1,1
93566,constant,,wd:Q1251128,add_object,2,14,14
80245,constant,,wd:Q12518,add_object,2,12,12
42833,constant,,wd:Q125191,add_object,2,10,10
83239,constant,,wd:Q1253472,add_object,2,2,2
48525,constant,,wd:Q1254933,add_object,2,16,16
85347,constant,,wd:Q12559,add_object,2,1,1
44951,constant,,wd:Q12560,add_object,2,2,2
81430,constant,,wd:Q1259759,add_object,2,4,4
83799,constant,,wd:Q1259917,add_object,2,5,5
77211,constant,,wd:Q1261,add_object,2,1,1
49013,constant,,wd:Q1261214,add_object,2,7,7
34209,constant,,wd:Q12640,add_object,2,1,1
85137,constant,,wd:Q12661,add_object,2,1,1
86788,constant,,wd:Q1266818,add_object,2,4,4
84632,constant,,wd:Q1267632,add_object,2,1,1
83276,constant,,wd:Q12679,add_object,2,1,1
38164,constant,,wd:Q1268453,add_object,2,2,2
84479,constant,,wd:Q12689,add_object,2,8,8
36752,constant,,wd:Q127,add_object,2,1,1
78998,constant,,wd:Q127134,add_object,2,5,5
34212,constant,,wd:Q12724,add_object,2,2,2
86315,constant,,wd:Q12736,add_object,2,1,1
32464,constant,,wd:Q12737077,add_object,2,277,277
78919,constant,,wd:Q127448,add_object,2,12,12
35023,constant,,wd:Q12766245,add_object,2,1,1
93409,constant,,wd:Q1278554,add_object,2,8,8
82506,constant,,wd:Q12788,add_object,2,1,1
89805,constant,,wd:Q127910,add_object,2,11,11
75361,constant,,wd:Q12800682,add_object,2,8,8
88613,constant,,wd:Q128069,add_object,2,1,1
38191,constant,,wd:Q128093,add_object,2,1,1
94823,constant,,wd:Q12809484,add_object,2,92,92
40960,constant,,wd:Q1280997,add_object,2,5,5
31297,constant,,wd:Q128124,add_object,2,1,1
75577,constant,,wd:Q12813115,add_object,2,20,20
40286,constant,,wd:Q1281618,add_object,2,33,33
83784,constant,,wd:Q128186,add_object,2,1,1
88755,constant,,wd:Q12857432,add_object,2,1,1
81924,constant,,wd:Q1288568,add_object,2,4737,4737
82810,constant,,wd:Q1289426,add_object,2,218,218
79833,constant,,wd:Q129286,add_object,2,1,1
82924,constant,,wd:Q129499,add_object,2,1,1
48699,constant,,wd:Q1297,add_object,2,2,2
31911,constant,,wd:Q12973014,add_object,2,4,4
33614,constant,,wd:Q1298668,add_object,2,1,1
37044,constant,,wd:Q13002315,add_object,2,1,1
44584,constant,,wd:Q13027888,add_object,2,1,1
88580,constant,,wd:Q130308,add_object,2,1,1
95951,constant,,wd:Q1303167,add_object,2,281,281
40968,constant,,wd:Q1304844,add_object,2,1,1
40969,constant,,wd:Q1306244,add_object,2,1,1
40970,constant,,wd:Q1307373,add_object,2,1,1
40972,constant,,wd:Q1308636,add_object,2,2,2
89604,constant,,wd:Q13100073,add_object,2,5920,5920
38274,constant,,wd:Q1311958,add_object,2,1,1
40507,constant,,wd:Q131224,add_object,2,2,2
86977,constant,,wd:Q131329,add_object,2,3,3
88887,constant,,wd:Q131371,add_object,2,1,1
77665,constant,,wd:Q131378,add_object,2,1,1
41171,constant,,wd:Q1314162,add_object,2,1,1
35636,constant,,wd:Q131436,add_object,2,1,1
81253,constant,,wd:Q131499,add_object,2,1,1
38739,constant,,wd:Q131569,add_object,2,3,3
87123,constant,,wd:Q131596,add_object,2,58,58
49459,constant,,wd:Q131647,add_object,2,6,6
35143,constant,,wd:Q131681,add_object,2,6,6
30431,constant,,wd:Q131734,add_object,2,11,11
43479,constant,,wd:Q1318295,add_object,2,1,1
41175,constant,,wd:Q1318931,add_object,2,1,1
86792,constant,,wd:Q1318941,add_object,2,1,1
38674,constant,,wd:Q13196750,add_object,2,2,2
36757,constant,,wd:Q132,add_object,2,1,1
86554,constant,,wd:Q1320047,add_object,2,1,1
74341,constant,,wd:Q1321,add_object,2,3,3
80183,constant,,wd:Q13217644,add_object,2,2,2
74735,constant,,wd:Q13218690,add_object,2,3,3
31186,constant,,wd:Q13219666,add_object,2,7,7
77373,constant,,wd:Q13220204,add_object,2,9,9
76322,constant,,wd:Q13221722,add_object,2,1,1
35737,constant,,wd:Q132241,add_object,2,1,1
85461,constant,,wd:Q1323122,add_object,2,1,1
75362,constant,,wd:Q13235160,add_object,2,1,1
80994,constant,,wd:Q132404,add_object,2,1,1
40519,constant,,wd:Q132650,add_object,2,1,1
83792,constant,,wd:Q132720,add_object,2,1,1
88590,constant,,wd:Q132783,add_object,2,44,44
35944,constant,,wd:Q132821,add_object,2,6,6
80823,constant,,wd:Q132936,add_object,2,1,1
84862,constant,,wd:Q1329623,add_object,2,5,5
78718,constant,,wd:Q13298,add_object,2,3,3
36632,constant,,wd:Q133056,add_object,2,24,24
40522,constant,,wd:Q133101,add_object,2,1,1
92690,constant,,wd:Q133118,add_object,2,1,1
93518,constant,,wd:Q133156,add_object,2,5,5
46113,constant,,wd:Q1331793,add_object,2,1,1
40523,constant,,wd:Q133289,add_object,2,1,1
29950,constant,,wd:Q133311,add_object,2,1,1
41183,constant,,wd:Q1335129,add_object,2,1,1
80756,constant,,wd:Q13357858,add_object,2,3,3
32154,constant,,wd:Q13362,add_object,2,1,1
36207,constant,,wd:Q13366129,add_object,2,1,1
87853,constant,,wd:Q13367,add_object,2,1,1
41074,constant,,wd:Q1336872,add_object,2,1,1
96214,constant,,wd:Q13370189,add_object,2,3,3
86620,constant,,wd:Q13373,add_object,2,1,1
85271,constant,,wd:Q13375,add_object,2,1,1
40529,constant,,wd:Q133781,add_object,2,1,1
87574,constant,,wd:Q13381572,add_object,2,1,1
44257,constant,,wd:Q13381863,add_object,2,1,1
48554,constant,,wd:Q13382576,add_object,2,44,44
49033,constant,,wd:Q13382603,add_object,2,3,3
84610,constant,,wd:Q13382608,add_object,2,1,1
30488,constant,,wd:Q13382981,add_object,2,2,2
86712,constant,,wd:Q133879,add_object,2,1,1
30490,constant,,wd:Q13388442,add_object,2,1,1
77503,constant,,wd:Q13390680,add_object,2,2,2
48927,constant,,wd:Q1339195,add_object,2,1,1
88891,constant,,wd:Q133924,add_object,2,2,2
79455,constant,,wd:Q13393265,add_object,2,13,13
40535,constant,,wd:Q134036,add_object,2,1,1
30942,constant,,wd:Q13406463,add_object,2,57,57
29960,constant,,wd:Q13406554,add_object,2,14,14
42948,constant,,wd:Q13406835,add_object,2,29,29
42950,constant,,wd:Q13406849,add_object,2,2,2
42953,constant,,wd:Q13406891,add_object,2,2,2
84938,constant,,wd:Q134091,add_object,2,11,11
36014,constant,,wd:Q13414953,add_object,2,1,1
84985,constant,,wd:Q13415036,add_object,2,1,1
79629,constant,,wd:Q134161,add_object,2,2,2
30460,constant,,wd:Q13417114,add_object,2,31,31
79374,constant,,wd:Q13418253,add_object,2,1,1
49015,constant,,wd:Q13423591,add_object,2,21,21
93253,constant,,wd:Q1343246,add_object,2,2,2
80033,constant,,wd:Q134390,add_object,2,4,4
44117,constant,,wd:Q1344,add_object,2,9,9
33930,constant,,wd:Q13442814,add_object,2,916,916
76343,constant,,wd:Q1344963,add_object,2,2,2
76413,constant,,wd:Q1345,add_object,2,5,5
29983,constant,,wd:Q134556,add_object,2,58,58
92623,constant,,wd:Q1345904,add_object,2,11,11
80350,constant,,wd:Q134635,add_object,2,1,1
93893,constant,,wd:Q135122,add_object,2,13,13
38192,constant,,wd:Q135288,add_object,2,1,1
42380,constant,,wd:Q13568724,add_object,2,1,1
40543,constant,,wd:Q135769,add_object,2,1,1
83218,constant,,wd:Q13582652,add_object,2,1,1
44898,constant,,wd:Q13617,add_object,2,1,1
88674,constant,,wd:Q13626398,add_object,2,3,3
39763,constant,,wd:Q1362956,add_object,2,18,18
86469,constant,,wd:Q1365114,add_object,2,1,1
34538,constant,,wd:Q13653224,add_object,2,1,1
80273,constant,,wd:Q1366112,add_object,2,1,1
41083,constant,,wd:Q1368348,add_object,2,2,2
74485,constant,,wd:Q1370,add_object,2,5,5
84342,constant,,wd:Q1371,add_object,2,6,6
79017,constant,,wd:Q137773,add_object,2,1,1
74998,constant,,wd:Q13785927,add_object,2,1,1
47993,constant,,wd:Q13789518,add_object,2,2,2
85498,constant,,wd:Q138089,add_object,2,1,1
41085,constant,,wd:Q1382545,add_object,2,2,2
76671,constant,,wd:Q1384,add_object,2,39,39
84478,constant,,wd:Q1387,add_object,2,7,7
85116,constant,,wd:Q1391,add_object,2,8,8
80514,constant,,wd:Q1393,add_object,2,6,6
74748,constant,,wd:Q13955,add_object,2,1,1
81583,constant,,wd:Q1397,add_object,2,8,8
79901,constant,,wd:Q1400,add_object,2,23,23
35474,constant,,wd:Q1400264,add_object,2,1,1
32569,constant,,wd:Q1402592,add_object,2,5,5
45356,constant,,wd:Q1406,add_object,2,3,3
30852,constant,,wd:Q14073567,add_object,2,6,6
74783,constant,,wd:Q1408,add_object,2,6,6
35439,constant,,wd:Q14089670,add_object,2,6,6
40564,constant,,wd:Q140970,add_object,2,1,1
32793,constant,,wd:Q1412,add_object,2,14,14
47996,constant,,wd:Q14124496,add_object,2,1,1
88457,constant,,wd:Q14128148,add_object,2,1,1
40586,constant,,wd:Q141307,add_object,2,1,1
47811,constant,,wd:Q1414443,add_object,2,1,1
78805,constant,,wd:Q1415,add_object,2,2,2
92530,constant,,wd:Q1416890,add_object,2,29,29
30653,constant,,wd:Q142,add_object,2,1068,1068
83614,constant,,wd:Q1420,add_object,2,1,1
78850,constant,,wd:Q14212,add_object,2,1,1
83052,constant,,wd:Q1422,add_object,2,3,3
40590,constant,,wd:Q142326,add_object,2,1,1
85524,constant,,wd:Q1423891,add_object,2,4,4
85185,constant,,wd:Q142552,add_object,2,7,7
35424,constant,,wd:Q1428,add_object,2,3,3
85813,constant,,wd:Q14328,add_object,2,1,1
92727,constant,,wd:Q14349519,add_object,2,1,1
42738,constant,,wd:Q14350,add_object,2,20,20
47671,constant,,wd:Q14387135,add_object,2,4,4
75258,constant,,wd:Q1439,add_object,2,8,8
31982,constant,,wd:Q144,add_object,2,3,3
33030,constant,,wd:Q14406742,add_object,2,14,14
75509,constant,,wd:Q1441346,add_object,2,1,1
37327,constant,,wd:Q14451490,add_object,2,1,1
40601,constant,,wd:Q144576,add_object,2,1,1
79375,constant,,wd:Q14467526,add_object,2,2,2
92416,constant,,wd:Q14489348,add_object,2,1,1
33204,constant,,wd:Q145,add_object,2,3115,3115
29820,constant,,wd:Q14514600,add_object,2,4,4
42412,constant,,wd:Q14537748,add_object,2,2,2
74334,constant,,wd:Q1454,add_object,2,6,6
43660,constant,,wd:Q14544535,add_object,2,9,9
43661,constant,,wd:Q14544541,add_object,2,2,2
48770,constant,,wd:Q14544563,add_object,2,2,2
48771,constant,,wd:Q14544569,add_object,2,3,3
42809,constant,,wd:Q14544581,add_object,2,21,21
42808,constant,,wd:Q14544582,add_object,2,3,3
37269,constant,,wd:Q14545608,add_object,2,2,2
37271,constant,,wd:Q14545628,add_object,2,3,3
32426,constant,,wd:Q14545639,add_object,2,46,46
37273,constant,,wd:Q14545646,add_object,2,4,4
74323,constant,,wd:Q1456,add_object,2,3,3
38675,constant,,wd:Q14565199,add_object,2,1,1
96024,constant,,wd:Q1459037,add_object,2,41,41
41093,constant,,wd:Q1460935,add_object,2,2,2
40605,constant,,wd:Q146095,add_object,2,4,4
79568,constant,,wd:Q14626626,add_object,2,1,1
32370,constant,,wd:Q1464509,add_object,2,45,45
80031,constant,,wd:Q14649171,add_object,2,2,2
84410,constant,,wd:Q146567,add_object,2,10,10
49244,constant,,wd:Q14659,add_object,2,3,3
45871,constant,,wd:Q14660,add_object,2,12,12
42428,constant,,wd:Q14660135,add_object,2,1,1
45021,constant,,wd:Q1471477,add_object,2,63,63
79916,constant,,wd:Q1472321,add_object,2,1,1
85776,constant,,wd:Q1473276,add_object,2,1,1
42431,constant,,wd:Q14738505,add_object,2,2,2
42851,constant,,wd:Q1474493,add_object,2,1,1
30461,constant,,wd:Q14756018,add_object,2,1,1
77579,constant,,wd:Q1476,add_object,2,1,1
83987,constant,,wd:Q14770218,add_object,2,59,59
74249,constant,,wd:Q1478437,add_object,2,2,2
48748,constant,,wd:Q1478443,add_object,2,1,1
78706,constant,,wd:Q1479,add_object,2,2,2
34824,constant,,wd:Q148,add_object,2,6858,6858
42433,constant,,wd:Q14817227,add_object,2,1,1
33082,constant,,wd:Q14827288,add_object,2,1,1
49872,constant,,wd:Q14828018,add_object,2,1,1
40612,constant,,wd:Q148336,add_object,2,1,1
40050,constant,,wd:Q14839548,add_object,2,4,4
89783,constant,,wd:Q14852127,add_object,2,33,33
92718,constant,,wd:Q14859873,add_object,2,1,1
36179,constant,,wd:Q14864328,add_object,2,3,3
36177,constant,,wd:Q14864330,add_object,2,1,1
36178,constant,,wd:Q14864331,add_object,2,2,2
89886,constant,,wd:Q14865768,add_object,2,1,1
40378,constant,,wd:Q14870285,add_object,2,1,1
40380,constant,,wd:Q14870298,add_object,2,1,1
40381,constant,,wd:Q14870299,add_object,2,1,1
38479,constant,,wd:Q148837,add_object,2,2,2
33031,constant,,wd:Q14897293,add_object,2,1,1
48164,constant,,wd:Q14915512,add_object,2,2,2
48163,constant,,wd:Q14915515,add_object,2,5,5
48165,constant,,wd:Q14915516,add_object,2,5,5
48166,constant,,wd:Q14915517,add_object,2,2,2
83800,constant,,wd:Q14915627,add_object,2,1,1
76162,constant,,wd:Q1492,add_object,2,1,1
47519,constant,,wd:Q14920391,add_object,2,1,1
47521,constant,,wd:Q14920392,add_object,2,1,1
47522,constant,,wd:Q14920393,add_object,2,1,1
47520,constant,,wd:Q14920394,add_object,2,2,2
35287,constant,,wd:Q14934048,add_object,2,3,3
84358,constant,,wd:Q14936243,add_object,2,1,1
76518,constant,,wd:Q1494,add_object,2,1,1
49910,constant,,wd:Q14943752,add_object,2,1,1
75333,constant,,wd:Q14960,add_object,2,1,1
48744,constant,,wd:Q149621,add_object,2,5,5
33380,constant,,wd:Q1497364,add_object,2,10,10
45088,constant,,wd:Q1497375,add_object,2,56,56
38193,constant,,wd:Q149757,add_object,2,3,3
77382,constant,,wd:Q149789,add_object,2,1,1
76076,constant,,wd:Q149918,add_object,2,11,11
77221,constant,,wd:Q1499623,add_object,2,33,33
87412,constant,,wd:Q1499767,add_object,2,5,5
43928,constant,,wd:Q15,add_object,2,9,9
35555,constant,,wd:Q150,add_object,2,19,19
89950,constant,,wd:Q1500350,add_object,2,1424,1424
77350,constant,,wd:Q15043775,add_object,2,34,34
33226,constant,,wd:Q15056995,add_object,2,2,2
75753,constant,,wd:Q15060255,add_object,2,5,5
40624,constant,,wd:Q150604,add_object,2,1,1
43957,constant,,wd:Q15061650,add_object,2,1,1
32335,constant,,wd:Q15069452,add_object,2,1,1
83897,constant,,wd:Q15078955,add_object,2,1,1
45872,constant,,wd:Q15079663,add_object,2,8,8
43418,constant,,wd:Q15079786,add_object,2,5,5
37133,constant,,wd:Q15089,add_object,2,14,14
84318,constant,,wd:Q1509,add_object,2,4,4
85313,constant,,wd:Q15091,add_object,2,1,1
36140,constant,,wd:Q15117302,add_object,2,2,2
85014,constant,,wd:Q15125752,add_object,2,22,22
86594,constant,,wd:Q15127012,add_object,2,17,17
37427,constant,,wd:Q15141321,add_object,2,1,1
78867,constant,,wd:Q15149663,add_object,2,19,19
82828,constant,,wd:Q1516079,add_object,2,1,1
85870,constant,,wd:Q15174,add_object,2,1,1
81254,constant,,wd:Q151747,add_object,2,2,2
32349,constant,,wd:Q15180,add_object,2,3,3
77426,constant,,wd:Q1520223,add_object,2,3,3
86781,constant,,wd:Q152081,add_object,2,1,1
77216,constant,,wd:Q1522,add_object,2,1,1
45735,constant,,wd:Q152357,add_object,2,5,5
48530,constant,,wd:Q15238535,add_object,2,2,2
43673,constant,,wd:Q15238609,add_object,2,1,1
38488,constant,,wd:Q15239622,add_object,2,8,8
75710,constant,,wd:Q1524,add_object,2,1,1
84430,constant,,wd:Q15243209,add_object,2,6,6
94140,constant,,wd:Q1524550,add_object,2,7,7
75440,constant,,wd:Q15259995,add_object,2,6,6
75534,constant,,wd:Q1527,add_object,2,4,4
38000,constant,,wd:Q15275719,add_object,2,1,1
44696,constant,,wd:Q15284,add_object,2,6,6
86777,constant,,wd:Q1529096,add_object,2,1,1
83813,constant,,wd:Q15296811,add_object,2,9,9
88672,constant,,wd:Q15304003,add_object,2,202,202
39937,constant,,wd:Q15304597,add_object,2,3,3
89364,constant,,wd:Q153306,add_object,2,1,1
76450,constant,,wd:Q1537,add_object,2,8,8
33984,constant,,wd:Q1539532,add_object,2,2,2
41100,constant,,wd:Q1540893,add_object,2,6,6
29832,constant,,wd:Q15416,add_object,2,49,49
96133,constant,,wd:Q1542668,add_object,2,23,23
82047,constant,,wd:Q154293,add_object,2,2,2
35321,constant,,wd:Q1543615,add_object,2,1,1
81271,constant,,wd:Q1546,add_object,2,7,7
95023,constant,,wd:Q1546995,add_object,2,1,1
79312,constant,,wd:Q15470,add_object,2,1,1
31558,constant,,wd:Q154804,add_object,2,2,2
75994,constant,,wd:Q1549591,add_object,2,1226,1226
32481,constant,,wd:Q155,add_object,2,111,111
36653,constant,,wd:Q155076,add_object,2,1,1
35870,constant,,wd:Q155239,add_object,2,1,1
80992,constant,,wd:Q1553,add_object,2,1,1
35337,constant,,wd:Q1555508,add_object,2,4,4
41103,constant,,wd:Q1556014,add_object,2,1,1
79027,constant,,wd:Q1558,add_object,2,3,3
86352,constant,,wd:Q156150,add_object,2,1,1
40376,constant,,wd:Q15617994,add_object,2,1,1
30462,constant,,wd:Q15618652,add_object,2,2,2
82132,constant,,wd:Q15621289,add_object,2,1,1
32973,constant,,wd:Q15623926,add_object,2,2,2
30039,constant,,wd:Q15632617,add_object,2,30,30
31092,constant,,wd:Q15642541,add_object,2,1,1
88602,constant,,wd:Q156449,add_object,2,38,38
40627,constant,,wd:Q156533,add_object,2,1,1
81860,constant,,wd:Q156569,add_object,2,5,5
35036,constant,,wd:Q1565911,add_object,2,16,16
42818,constant,,wd:Q156598,add_object,2,4,4
88473,constant,,wd:Q15661340,add_object,2,2,2
40629,constant,,wd:Q156692,add_object,2,1,1
95455,constant,,wd:Q1568434,add_object,2,37,37
47947,constant,,wd:Q1568567,add_object,2,9,9
40630,constant,,wd:Q156901,add_object,2,2,2
42878,constant,,wd:Q15697324,add_object,2,3,3
46285,constant,,wd:Q15700818,add_object,2,97,97
46286,constant,,wd:Q15700831,add_object,2,195,195
46287,constant,,wd:Q15700834,add_object,2,1420,1420
43383,constant,,wd:Q157031,add_object,2,11,11
43519,constant,,wd:Q15708736,add_object,2,1,1
33644,constant,,wd:Q15711994,add_object,2,1,1
89591,constant,,wd:Q15725677,add_object,2,1,1
75585,constant,,wd:Q15730712,add_object,2,1,1
79369,constant,,wd:Q15731830,add_object,2,1,1
85391,constant,,wd:Q15733003,add_object,2,1,1
40632,constant,,wd:Q157503,add_object,2,1,1
48544,constant,,wd:Q15754720,add_object,2,1,1
45540,constant,,wd:Q157570,add_object,2,1,1
93979,constant,,wd:Q1577547,add_object,2,13,13
83501,constant,,wd:Q15786,add_object,2,1,1
40637,constant,,wd:Q158032,add_object,2,1,1
85980,constant,,wd:Q1581,add_object,2,3,3
45837,constant,,wd:Q15836568,add_object,2,1,1
47746,constant,,wd:Q158454,add_object,2,2,2
83948,constant,,wd:Q158501,add_object,2,14,14
93423,constant,,wd:Q158717,add_object,2,13,13
81326,constant,,wd:Q158852,add_object,2,2,2
84575,constant,,wd:Q1589009,add_object,2,2,2
32350,constant,,wd:Q159,add_object,2,566,566
39639,constant,,wd:Q15911738,add_object,2,1,1
74212,constant,,wd:Q15921732,add_object,2,4,4
78473,constant,,wd:Q15921764,add_object,2,1,1
82338,constant,,wd:Q15930574,add_object,2,1,1
40643,constant,,wd:Q159372,add_object,2,1,1
35761,constant,,wd:Q15944511,add_object,2,1,1
94058,constant,,wd:Q159729,add_object,2,1,1
77316,constant,,wd:Q15974307,add_object,2,134,134
81191,constant,,wd:Q15978299,add_object,2,1,1
31383,constant,,wd:Q15978631,add_object,2,1582,1582
47801,constant,,wd:Q159821,add_object,2,1,1
74351,constant,,wd:Q15991303,add_object,2,46,46
30841,constant,,wd:Q16,add_object,2,87,87
76543,constant,,wd:Q16002466,add_object,2,2,2
35751,constant,,wd:Q160112,add_object,2,13,13
38304,constant,,wd:Q16017119,add_object,2,3,3
42710,constant,,wd:Q160236,add_object,2,101,101
31370,constant,,wd:Q16029547,add_object,2,4,4
82797,constant,,wd:Q1603,add_object,2,7,7
82030,constant,,wd:Q1605665,add_object,2,3,3
43826,constant,,wd:Q160742,add_object,2,9,9
86039,constant,,wd:Q160927,add_object,2,1,1
85362,constant,,wd:Q1612,add_object,2,1,1
87676,constant,,wd:Q16144,add_object,2,2,2
85896,constant,,wd:Q161491,add_object,2,3,3
42742,constant,,wd:Q1616075,add_object,2,16,16
79112,constant,,wd:Q16162,add_object,2,1,1
81624,constant,,wd:Q161705,add_object,2,18,18
82151,constant,,wd:Q161741,add_object,2,1,1
48828,constant,,wd:Q161885,add_object,2,14,14
40648,constant,,wd:Q162097,add_object,2,2,2
38319,constant,,wd:Q1622272,add_object,2,14,14
81073,constant,,wd:Q1624461,add_object,2,3,3
45541,constant,,wd:Q162875,add_object,2,19,19
29822,constant,,wd:Q16334295,add_object,2,13,13
81331,constant,,wd:Q163534,add_object,2,1,1
35854,constant,,wd:Q163740,add_object,2,6,6
75995,constant,,wd:Q1637706,add_object,2,798,798
82482,constant,,wd:Q163948,add_object,2,2,2
96113,constant,,wd:Q1641836,add_object,2,22,22
76275,constant,,wd:Q16428906,add_object,2,4,4
43636,constant,,wd:Q16438244,add_object,2,4,4
44667,constant,,wd:Q164597,add_object,2,1,1
84759,constant,,wd:Q1649,add_object,2,3,3
30452,constant,,wd:Q164950,add_object,2,4,4
37334,constant,,wd:Q165,add_object,2,2,2
47601,constant,,wd:Q1650915,add_object,2,83,83
31182,constant,,wd:Q16510064,add_object,2,6,6
35024,constant,,wd:Q16517556,add_object,2,12,12
30002,constant,,wd:Q16521,add_object,2,22120,22120
40655,constant,,wd:Q165260,add_object,2,2,2
81203,constant,,wd:Q16556,add_object,2,1,1
82875,constant,,wd:Q16560,add_object,2,15,15
38448,constant,,wd:Q166118,add_object,2,33,33
37246,constant,,wd:Q166142,add_object,2,2,2
85484,constant,,wd:Q166196,add_object,2,1,1
37792,constant,,wd:Q16645086,add_object,2,3,3
45097,constant,,wd:Q1664720,add_object,2,2,2
37786,constant,,wd:Q1670336,add_object,2,2,2
35230,constant,,wd:Q167037,add_object,2,1,1
48246,constant,,wd:Q16707842,add_object,2,5,5
40121,constant,,wd:Q167270,add_object,2,1,1
88040,constant,,wd:Q167273,add_object,2,7,7
34715,constant,,wd:Q167346,add_object,2,3,3
36735,constant,,wd:Q16739336,add_object,2,27,27
85808,constant,,wd:Q1675463,add_object,2,1,1
76229,constant,,wd:Q167874,add_object,2,1,1
48985,constant,,wd:Q16831714,add_object,2,4,4
85373,constant,,wd:Q16868070,add_object,2,1,1
81676,constant,,wd:Q16869,add_object,2,1,1
47826,constant,,wd:Q16887380,add_object,2,147,147
74477,constant,,wd:Q16889133,add_object,2,203,203
39341,constant,,wd:Q16917,add_object,2,19,19
35340,constant,,wd:Q169336,add_object,2,1,1
82475,constant,,wd:Q16947657,add_object,2,4,4
75312,constant,,wd:Q16957,add_object,2,1,1
79454,constant,,wd:Q169661,add_object,2,1,1
32638,constant,,wd:Q16970,add_object,2,486,486
48363,constant,,wd:Q169872,add_object,2,2,2
29984,constant,,wd:Q169930,add_object,2,47,47
39818,constant,,wd:Q17,add_object,2,87,87
44551,constant,,wd:Q1700481,add_object,2,14,14
38481,constant,,wd:Q170156,add_object,2,84,84
32641,constant,,wd:Q170584,add_object,2,1,1
48102,constant,,wd:Q170758,add_object,2,1,1
82960,constant,,wd:Q171150,add_object,2,3,3
35571,constant,,wd:Q171318,add_object,2,2,2
79383,constant,,wd:Q171357,add_object,2,1,1
42716,constant,,wd:Q171441,add_object,2,1,1
39171,constant,,wd:Q17146139,add_object,2,5,5
48710,constant,,wd:Q17149090,add_object,2,3,3
42518,constant,,wd:Q17166772,add_object,2,1,1
43951,constant,,wd:Q17167,add_object,2,11,11
81330,constant,,wd:Q171689,add_object,2,3,3
76238,constant,,wd:Q171852,add_object,2,2,2
85775,constant,,wd:Q1720,add_object,2,1,1
33579,constant,,wd:Q172579,add_object,2,13,13
76530,constant,,wd:Q1726,add_object,2,2,2
97982,constant,,wd:Q17272482,add_object,2,391,391
42533,constant,,wd:Q17286905,add_object,2,1,1
39233,constant,,wd:Q17297633,add_object,2,7,7
77639,constant,,wd:Q173,add_object,2,5,5
77318,constant,,wd:Q1731,add_object,2,1,1
86770,constant,,wd:Q1731155,add_object,2,1,1
43384,constant,,wd:Q17329259,add_object,2,23,23
80781,constant,,wd:Q1733,add_object,2,1,1
30154,constant,,wd:Q17339814,add_object,2,5,5
49063,constant,,wd:Q1734,add_object,2,6,6
85104,constant,,wd:Q17343829,add_object,2,42,42
77613,constant,,wd:Q1735,add_object,2,2,2
35699,constant,,wd:Q17350442,add_object,2,1,1
38740,constant,,wd:Q17362920,add_object,2,2,2
80078,constant,,wd:Q173756,add_object,2,1,1
30032,constant,,wd:Q17376908,add_object,2,1,1
86188,constant,,wd:Q173813,add_object,2,1,1
75705,constant,,wd:Q174,add_object,2,7,7
75783,constant,,wd:Q1741,add_object,2,1,1
33205,constant,,wd:Q174193,add_object,2,21,21
35020,constant,,wd:Q1744024,add_object,2,59,59
74210,constant,,wd:Q17442446,add_object,2,1,1
30504,constant,,wd:Q17451,add_object,2,1,1
76893,constant,,wd:Q174736,add_object,2,114,114
38402,constant,,wd:Q174782,add_object,2,14,14
93800,constant,,wd:Q17489143,add_object,2,23,23
33882,constant,,wd:Q17489659,add_object,2,1,1
83660,constant,,wd:Q1749269,add_object,2,1,1
86971,constant,,wd:Q17497,add_object,2,1,1
88326,constant,,wd:Q17505902,add_object,2,6,6
34597,constant,,wd:Q1750705,add_object,2,3,3
82508,constant,,wd:Q175129,add_object,2,1,1
80237,constant,,wd:Q175151,add_object,2,1,1
35281,constant,,wd:Q17516936,add_object,2,2,2
76864,constant,,wd:Q17517379,add_object,2,16,16
80690,constant,,wd:Q17523984,add_object,2,1,1
81312,constant,,wd:Q17535155,add_object,2,3,3
35539,constant,,wd:Q17537576,add_object,2,2,2
75456,constant,,wd:Q1754,add_object,2,2,2
49251,constant,,wd:Q17553950,add_object,2,1,1
43103,constant,,wd:Q17558136,add_object,2,1,1
76953,constant,,wd:Q1757,add_object,2,1,1
41125,constant,,wd:Q1757703,add_object,2,6,6
79290,constant,,wd:Q1761,add_object,2,2,2
38630,constant,,wd:Q1762059,add_object,2,1,1
49017,constant,,wd:Q176251,add_object,2,5,5
87024,constant,,wd:Q17633526,add_object,2,1,1
83474,constant,,wd:Q1763527,add_object,2,1600,1600
43549,constant,,wd:Q176799,add_object,2,8,8
49016,constant,,wd:Q17698911,add_object,2,2,2
95855,constant,,wd:Q17701409,add_object,2,1,1
38170,constant,,wd:Q177220,add_object,2,39,39
76415,constant,,wd:Q1781,add_object,2,3,3
48984,constant,,wd:Q1785071,add_object,2,8,8
49616,constant,,wd:Q178561,add_object,2,2,2
84555,constant,,wd:Q17865069,add_object,2,1,1
37906,constant,,wd:Q178706,add_object,2,1,1
87722,constant,,wd:Q1787111,add_object,2,2,2
86874,constant,,wd:Q1788716,add_object,2,5,5
32405,constant,,wd:Q178885,add_object,2,1,1
86686,constant,,wd:Q179049,add_object,2,2,2
78709,constant,,wd:Q1792,add_object,2,4,4
46374,constant,,wd:Q1792159,add_object,2,12,12
47909,constant,,wd:Q1792644,add_object,2,2,2
80075,constant,,wd:Q179351,add_object,2,3,3
76356,constant,,wd:Q1794,add_object,2,1,1
39862,constant,,wd:Q179700,add_object,2,28,28
44947,constant,,wd:Q179876,add_object,2,39,39
80019,constant,,wd:Q1799,add_object,2,1,1
88554,constant,,wd:Q1799072,add_object,2,1,1
43929,constant,,wd:Q18,add_object,2,4,4
74775,constant,,wd:Q180,add_object,2,13,13
83477,constant,,wd:Q18001597,add_object,2,1,1
86667,constant,,wd:Q18011418,add_object,2,1,1
79467,constant,,wd:Q18012526,add_object,2,1,1
81544,constant,,wd:Q18012535,add_object,2,1,1
82209,constant,,wd:Q18013783,add_object,2,1,1
48385,constant,,wd:Q18015642,add_object,2,19,19
48386,constant,,wd:Q18018860,add_object,2,64,64
87576,constant,,wd:Q1802801,add_object,2,2,2
79154,constant,,wd:Q18029644,add_object,2,1,1
76974,constant,,wd:Q18042461,add_object,2,1,1
87339,constant,,wd:Q180445,add_object,2,7,7
75356,constant,,wd:Q18057751,add_object,2,4,4
39548,constant,,wd:Q180684,add_object,2,2,2
86619,constant,,wd:Q180788,add_object,2,18,18
82621,constant,,wd:Q18094,add_object,2,1,1
37037,constant,,wd:Q18127,add_object,2,294,294
34440,constant,,wd:Q18131152,add_object,2,7,7
48851,constant,,wd:Q181348,add_object,2,2,2
80022,constant,,wd:Q18145837,add_object,2,1,1
35322,constant,,wd:Q1814990,add_object,2,2,2
83949,constant,,wd:Q18177333,add_object,2,1,1
78157,constant,,wd:Q18190448,add_object,2,2,2
87763,constant,,wd:Q18201505,add_object,2,1,1
95456,constant,,wd:Q1820897,add_object,2,16,16
83715,constant,,wd:Q18216057,add_object,2,1,1
38482,constant,,wd:Q182547,add_object,2,2,2
35407,constant,,wd:Q1825472,add_object,2,1,1
84114,constant,,wd:Q182872,add_object,2,1,1
29996,constant,,wd:Q183,add_object,2,463,463
76585,constant,,wd:Q18340514,add_object,2,2,2
77156,constant,,wd:Q183487,add_object,2,1,1
75358,constant,,wd:Q183945,add_object,2,1,1
29757,constant,,wd:Q184,add_object,2,24,24
46137,constant,,wd:Q1841,add_object,2,3,3
82896,constant,,wd:Q184163,add_object,2,1,1
33390,constant,,wd:Q184188,add_object,2,5,5
83723,constant,,wd:Q18419,add_object,2,3,3
45298,constant,,wd:Q184558,add_object,2,2,2
96016,constant,,wd:Q1848918,add_object,2,12,12
45642,constant,,wd:Q18510612,add_object,2,7,7
87002,constant,,wd:Q185134,add_object,2,1,1
35871,constant,,wd:Q185187,add_object,2,5,5
33391,constant,,wd:Q18524218,add_object,2,2,2
39214,constant,,wd:Q1852859,add_object,2,20,20
77496,constant,,wd:Q18536594,add_object,2,17,17
41147,constant,,wd:Q1856753,add_object,2,2,2
76833,constant,,wd:Q185836,add_object,2,1,1
33497,constant,,wd:Q1860,add_object,2,14,14
94407,constant,,wd:Q18600731,add_object,2,91,91
42958,constant,,wd:Q18600785,add_object,2,1,1
84859,constant,,wd:Q18607899,add_object,2,1,1
77208,constant,,wd:Q18608583,add_object,2,2,2
74893,constant,,wd:Q186096,add_object,2,1,1
30766,constant,,wd:Q18616576,add_object,2,1,1
45407,constant,,wd:Q18621601,add_object,2,1,1
83049,constant,,wd:Q18624259,add_object,2,16,16
86515,constant,,wd:Q18656,add_object,2,1,1
94938,constant,,wd:Q18663566,add_object,2,2,2
45722,constant,,wd:Q18665330,add_object,2,1,1
45723,constant,,wd:Q18665334,add_object,2,1,1
45724,constant,,wd:Q18665339,add_object,2,1,1
37159,constant,,wd:Q18674739,add_object,2,1,1
89819,constant,,wd:Q186946,add_object,2,16,16
40660,constant,,wd:Q187014,add_object,2,1,1
30864,constant,,wd:Q18702210,add_object,2,3,3
88299,constant,,wd:Q18721,add_object,2,1,1
37336,constant,,wd:Q187223,add_object,2,1,1
79061,constant,,wd:Q187346,add_object,2,1,1
49125,constant,,wd:Q187588,add_object,2,1,1
88328,constant,,wd:Q18761202,add_object,2,20,20
35520,constant,,wd:Q188,add_object,2,39,39
95739,constant,,wd:Q188143,add_object,2,1,1
77547,constant,,wd:Q18844224,add_object,2,1,1
36796,constant,,wd:Q188451,add_object,2,1,1
48745,constant,,wd:Q188509,add_object,2,4,4
89225,constant,,wd:Q18867465,add_object,2,1,1
83755,constant,,wd:Q188712,add_object,2,1,1
36271,constant,,wd:Q188740,add_object,2,14,14
85124,constant,,wd:Q188984,add_object,2,1,1
30654,constant,,wd:Q189,add_object,2,6,6
36304,constant,,wd:Q189004,add_object,2,14,14
78909,constant,,wd:Q1891,add_object,2,2,2
45287,constant,,wd:Q18915989,add_object,2,1,1
88720,constant,,wd:Q189288,add_object,2,2,2
40476,constant,,wd:Q18952,add_object,2,5,5
36475,constant,,wd:Q189533,add_object,2,2,2
44109,constant,,wd:Q189567,add_object,2,1,1
41154,constant,,wd:Q1896675,add_object,2,1,1
43469,constant,,wd:Q189760,add_object,2,1,1
75275,constant,,wd:Q1899,add_object,2,2,2
49230,constant,,wd:Q189962,add_object,2,1,1
81249,constant,,wd:Q19020,add_object,2,13,13
75107,constant,,wd:Q1904,add_object,2,1,1
88361,constant,,wd:Q190429,add_object,2,2,2
83499,constant,,wd:Q1907114,add_object,2,1,1
83469,constant,,wd:Q190804,add_object,2,48,48
82932,constant,,wd:Q190943,add_object,2,1,1
32937,constant,,wd:Q191,add_object,2,51,51
36506,constant,,wd:Q191067,add_object,2,13,13
41155,constant,,wd:Q1911170,add_object,2,1,1
33277,constant,,wd:Q1914636,add_object,2,6,6
82159,constant,,wd:Q19184926,add_object,2,55,55
86177,constant,,wd:Q19204627,add_object,2,18,18
83221,constant,,wd:Q1920728,add_object,2,1,1
75555,constant,,wd:Q192287,add_object,2,20,20
45737,constant,,wd:Q1922956,add_object,2,31,31
84406,constant,,wd:Q192299,add_object,2,9,9
87113,constant,,wd:Q1925963,add_object,2,3,3
44710,constant,,wd:Q192601,add_object,2,2,2
92421,constant,,wd:Q192864,add_object,2,5,5
95905,constant,,wd:Q1928672,add_object,2,43,43
30438,constant,,wd:Q1930187,add_object,2,2,2
37028,constant,,wd:Q19305384,add_object,2,7,7
94393,constant,,wd:Q1931024,add_object,2,16,16
89473,constant,,wd:Q193407,add_object,2,74,74
46170,constant,,wd:Q19346745,add_object,2,6,6
47532,constant,,wd:Q193564,add_object,2,3,3
49460,constant,,wd:Q193622,add_object,2,20,20
85437,constant,,wd:Q193638,add_object,2,1,1
45685,constant,,wd:Q19389637,add_object,2,17,17
81242,constant,,wd:Q1939370,add_object,2,4,4
34717,constant,,wd:Q194195,add_object,2,2,2
49076,constant,,wd:Q194203,add_object,2,32,32
87649,constant,,wd:Q194420,add_object,2,3,3
41525,constant,,wd:Q1944939,add_object,2,1,1
41526,constant,,wd:Q1945822,add_object,2,16,16
89649,constant,,wd:Q19470,add_object,2,1,1
95976,constant,,wd:Q19473,add_object,2,1,1
29779,constant,,wd:Q19474404,add_object,2,2,2
86518,constant,,wd:Q19481,add_object,2,1,1
35784,constant,,wd:Q1948674,add_object,2,19,19
41531,constant,,wd:Q1949541,add_object,2,1,1
86064,constant,,wd:Q19498,add_object,2,1,1
86519,constant,,wd:Q19500,add_object,2,1,1
87580,constant,,wd:Q1952033,add_object,2,17,17
83059,constant,,wd:Q1952852,add_object,2,11,11
49344,constant,,wd:Q19558910,add_object,2,400,400
88993,constant,,wd:Q19589,add_object,2,1,1
36871,constant,,wd:Q1964689,add_object,2,2,2
34996,constant,,wd:Q196600,add_object,2,6,6
45089,constant,,wd:Q1967614,add_object,2,21,21
75560,constant,,wd:Q19692233,add_object,2,664,664
81080,constant,,wd:Q1969345,add_object,2,1,1
38112,constant,,wd:Q19723444,add_object,2,2,2
75112,constant,,wd:Q1974,add_object,2,3,3
48995,constant,,wd:Q198,add_object,2,7,7
30264,constant,,wd:Q1980247,add_object,2,18,18
30996,constant,,wd:Q1983062,add_object,2,1,1
78459,constant,,wd:Q1985538,add_object,2,1,1
50168,constant,,wd:Q19860854,add_object,2,1,1
82402,constant,,wd:Q19887878,add_object,2,4,4
48772,constant,,wd:Q19887923,add_object,2,4,4
48774,constant,,wd:Q19887925,add_object,2,1,1
48778,constant,,wd:Q19887932,add_object,2,3,3
43662,constant,,wd:Q19887954,add_object,2,4,4
43663,constant,,wd:Q19887955,add_object,2,3,3
43669,constant,,wd:Q19887964,add_object,2,1,1
43670,constant,,wd:Q19887965,add_object,2,5,5
42811,constant,,wd:Q19887985,add_object,2,2,2
42810,constant,,wd:Q19887987,add_object,2,4,4
37793,constant,,wd:Q19888339,add_object,2,1,1
37798,constant,,wd:Q19888422,add_object,2,1,1
39363,constant,,wd:Q19888517,add_object,2,2,2
39365,constant,,wd:Q19888562,add_object,2,2,2
39367,constant,,wd:Q19888591,add_object,2,1,1
33521,constant,,wd:Q19891,add_object,2,1,1
33522,constant,,wd:Q19892,add_object,2,1,1
45745,constant,,wd:Q19916539,add_object,2,2,2
40662,constant,,wd:Q199251,add_object,2,1,1
86450,constant,,wd:Q19953632,add_object,2,1,1
47932,constant,,wd:Q19988329,add_object,2,1,1
31453,constant,,wd:Q2,add_object,2,1,1
30649,constant,,wd:Q20,add_object,2,693,693
32808,constant,,wd:Q200,add_object,2,42,42
36450,constant,,wd:Q2001305,add_object,2,2,2
77313,constant,,wd:Q200250,add_object,2,1328,1328
48321,constant,,wd:Q20037067,add_object,2,1,1
43524,constant,,wd:Q200547,add_object,2,4,4
33462,constant,,wd:Q2005755,add_object,2,1,1
34541,constant,,wd:Q20058666,add_object,2,1,1
88122,constant,,wd:Q2006279,add_object,2,3,3
40283,constant,,wd:Q20074337,add_object,2,1,1
89902,constant,,wd:Q200779,add_object,2,1,1
32809,constant,,wd:Q201,add_object,2,11,11
76244,constant,,wd:Q2012050,add_object,2,1,1
47849,constant,,wd:Q201469,add_object,2,7,7
37787,constant,,wd:Q2015138,add_object,2,1,1
81264,constant,,wd:Q201658,add_object,2,1,1
30435,constant,,wd:Q201788,add_object,2,6,6
93435,constant,,wd:Q2018386,add_object,2,1,1
81589,constant,,wd:Q2023000,add_object,2,43,43
45736,constant,,wd:Q202466,add_object,2,9,9
74466,constant,,wd:Q202686,add_object,2,1210,1210
37537,constant,,wd:Q202866,add_object,2,29,29
92553,constant,,wd:Q203,add_object,2,8,8
85125,constant,,wd:Q203384,add_object,2,1,1
44158,constant,,wd:Q2039348,add_object,2,98,98
48343,constant,,wd:Q204179,add_object,2,2,2
78539,constant,,wd:Q2044,add_object,2,2,2
44668,constant,,wd:Q204481,add_object,2,1,1
89756,constant,,wd:Q204613,add_object,2,2,2
82488,constant,,wd:Q204622,add_object,2,2,2
76848,constant,,wd:Q204632,add_object,2,2,2
88981,constant,,wd:Q2051997,add_object,2,30,30
82836,constant,,wd:Q2052,add_object,2,1,1
89719,constant,,wd:Q205295,add_object,2,122,122
33505,constant,,wd:Q205355,add_object,2,1,1
78803,constant,,wd:Q20540385,add_object,2,4,4
41577,constant,,wd:Q2056201,add_object,2,2,2
86642,constant,,wd:Q205679,add_object,2,6,6
34050,constant,,wd:Q2057971,add_object,2,3,3
34423,constant,,wd:Q2061186,add_object,2,1,1
84292,constant,,wd:Q2061957,add_object,2,1,1
86730,constant,,wd:Q206312,add_object,2,1,1
88472,constant,,wd:Q206381,add_object,2,1,1
46634,constant,,wd:Q20639847,add_object,2,1,1
33132,constant,,wd:Q20643955,add_object,2,4,4
35668,constant,,wd:Q20644795,add_object,2,4,4
35670,constant,,wd:Q20644796,add_object,2,9,9
35671,constant,,wd:Q20644797,add_object,2,4,4
93474,constant,,wd:Q20646667,add_object,2,2,2
93395,constant,,wd:Q20646670,add_object,2,1,1
40220,constant,,wd:Q2065736,add_object,2,295,295
45235,constant,,wd:Q2066131,add_object,2,19,19
83588,constant,,wd:Q206615,add_object,2,1,1
39867,constant,,wd:Q20667187,add_object,2,1693,1693
45704,constant,,wd:Q20672087,add_object,2,7,7
45707,constant,,wd:Q20672088,add_object,2,5,5
45708,constant,,wd:Q20672089,add_object,2,6,6
45705,constant,,wd:Q20672090,add_object,2,4,4
45706,constant,,wd:Q20672091,add_object,2,1,1
76725,constant,,wd:Q206763,add_object,2,1,1
82902,constant,,wd:Q206988,add_object,2,7,7
49435,constant,,wd:Q2069919,add_object,2,10,10
40666,constant,,wd:Q206998,add_object,2,4,4
88360,constant,,wd:Q20719696,add_object,2,1,1
88670,constant,,wd:Q2072238,add_object,2,5,5
39308,constant,,wd:Q20732405,add_object,2,2,2
36667,constant,,wd:Q207326,add_object,2,5,5
86062,constant,,wd:Q2074,add_object,2,1,1
45146,constant,,wd:Q20747146,add_object,2,1,1
81729,constant,,wd:Q20747295,add_object,2,1,1
38700,constant,,wd:Q2074737,add_object,2,96,96
32402,constant,,wd:Q207628,add_object,2,24,24
33393,constant,,wd:Q207694,add_object,2,5,5
46580,constant,,wd:Q207766,add_object,2,2,2
29817,constant,,wd:Q207869,add_object,2,2,2
35585,constant,,wd:Q2079150,add_object,2,2,2
49533,constant,,wd:Q207961,add_object,2,1,1
75432,constant,,wd:Q208175,add_object,2,1,1
41584,constant,,wd:Q2082228,add_object,2,2,2
87165,constant,,wd:Q208511,add_object,2,210,210
31660,constant,,wd:Q2085381,add_object,2,51,51
86328,constant,,wd:Q20871353,add_object,2,4,4
30656,constant,,wd:Q2088357,add_object,2,44,44
80775,constant,,wd:Q208850,add_object,2,1,1
37166,constant,,wd:Q209163,add_object,2,3,3
75729,constant,,wd:Q2093070,add_object,2,5,5
31448,constant,,wd:Q2095,add_object,2,2,2
82489,constant,,wd:Q209549,add_object,2,2,2
86803,constant,,wd:Q2096,add_object,2,1,1
40667,constant,,wd:Q209602,add_object,2,1,1
35683,constant,,wd:Q209939,add_object,2,46,46
44216,constant,,wd:Q210081,add_object,2,5,5
32536,constant,,wd:Q21014462,add_object,2,1143,1143
44079,constant,,wd:Q210167,add_object,2,1,1
34149,constant,,wd:Q21025364,add_object,2,8,8
40208,constant,,wd:Q210272,add_object,2,2,2
44588,constant,,wd:Q21029893,add_object,2,9,9
79462,constant,,wd:Q2103,add_object,2,1,1
49875,constant,,wd:Q21032547,add_object,2,8,8
49876,constant,,wd:Q21032552,add_object,2,2,2
33900,constant,,wd:Q210392,add_object,2,1,1
86893,constant,,wd:Q210661,add_object,2,1,1
82490,constant,,wd:Q210720,add_object,2,1,1
37377,constant,,wd:Q211,add_object,2,3,3
45522,constant,,wd:Q211005,add_object,2,6,6
33509,constant,,wd:Q211265,add_object,2,1,1
96017,constant,,wd:Q211477,add_object,2,1,1
35880,constant,,wd:Q211503,add_object,2,1,1
35466,constant,,wd:Q21191019,add_object,2,1,1
31005,constant,,wd:Q21191270,add_object,2,129,129
85907,constant,,wd:Q21198,add_object,2,1,1
38149,constant,,wd:Q212,add_object,2,95,95
79640,constant,,wd:Q21203,add_object,2,1,1
87930,constant,,wd:Q21208,add_object,2,1,1
89490,constant,,wd:Q212198,add_object,2,100,100
82113,constant,,wd:Q212238,add_object,2,1,1
30291,constant,,wd:Q21286738,add_object,2,2,2
48801,constant,,wd:Q21290864,add_object,2,1,1
34267,constant,,wd:Q213,add_object,2,483,483
48717,constant,,wd:Q213441,add_object,2,6,6
48064,constant,,wd:Q2134665,add_object,2,1,1
37819,constant,,wd:Q2136103,add_object,2,10,10
49019,constant,,wd:Q213934,add_object,2,1,1
33642,constant,,wd:Q214,add_object,2,33,33
79203,constant,,wd:Q2140,add_object,2,1,1
78542,constant,,wd:Q2141,add_object,2,2,2
95904,constant,,wd:Q214252,add_object,2,72,72
78712,constant,,wd:Q2145,add_object,2,2,2
39227,constant,,wd:Q214519,add_object,2,29,29
30474,constant,,wd:Q214609,add_object,2,17,17
48458,constant,,wd:Q21469493,add_object,2,1,1
41840,constant,,wd:Q2147082,add_object,2,1,1
43972,constant,,wd:Q214867,add_object,2,23,23
75268,constant,,wd:Q214917,add_object,2,1,1
37777,constant,,wd:Q215,add_object,2,9,9
29747,constant,,wd:Q21502404,add_object,2,2,2
29770,constant,,wd:Q21502410,add_object,2,2,2
29860,constant,,wd:Q21510865,add_object,2,2,2
74328,constant,,wd:Q21518270,add_object,2,10,10
32972,constant,,wd:Q215380,add_object,2,456,456
81849,constant,,wd:Q215536,add_object,2,1,1
29818,constant,,wd:Q215627,add_object,2,35808,35808
30594,constant,,wd:Q21571488,add_object,2,1,1
81666,constant,,wd:Q216048,add_object,2,32,32
87850,constant,,wd:Q2163153,add_object,2,1,1
44534,constant,,wd:Q216353,add_object,2,3,3
87945,constant,,wd:Q21672098,add_object,2,16,16
35004,constant,,wd:Q216866,add_object,2,1,1
35158,constant,,wd:Q216916,add_object,2,1,1
95736,constant,,wd:Q21694746,add_object,2,13,13
46066,constant,,wd:Q217,add_object,2,6,6
40671,constant,,wd:Q217478,add_object,2,1,1
42788,constant,,wd:Q2177636,add_object,2,4,4
34064,constant,,wd:Q218,add_object,2,546,546
41844,constant,,wd:Q2183754,add_object,2,1,1
49752,constant,,wd:Q21869758,add_object,2,6,6
33599,constant,,wd:Q21874050,add_object,2,3,3
29958,constant,,wd:Q2188189,add_object,2,3,3
46065,constant,,wd:Q219,add_object,2,16,16
45523,constant,,wd:Q219127,add_object,2,1,1
45774,constant,,wd:Q219538,add_object,2,187,187
79559,constant,,wd:Q2198484,add_object,2,5,5
94448,constant,,wd:Q219980,add_object,2,6,6
38699,constant,,wd:Q220,add_object,2,3,3
42739,constant,,wd:Q220505,add_object,2,3,3
49255,constant,,wd:Q220659,add_object,2,2,2
35573,constant,,wd:Q2207288,add_object,2,48,48
46068,constant,,wd:Q221,add_object,2,47,47
83406,constant,,wd:Q2215841,add_object,2,2,2
80030,constant,,wd:Q221978,add_object,2,1,1
46067,constant,,wd:Q222,add_object,2,33,33
30423,constant,,wd:Q2221906,add_object,2,13,13
79491,constant,,wd:Q2225692,add_object,2,92,92
35684,constant,,wd:Q222910,add_object,2,54,54
75162,constant,,wd:Q223,add_object,2,18,18
87431,constant,,wd:Q223286,add_object,2,2,2
35347,constant,,wd:Q223393,add_object,2,1,1
41851,constant,,wd:Q2234462,add_object,2,1,1
49376,constant,,wd:Q2235308,add_object,2,1,1
30475,constant,,wd:Q223557,add_object,2,1,1
40480,constant,,wd:Q22364,add_object,2,1,1
75233,constant,,wd:Q223832,add_object,2,877,877
29819,constant,,wd:Q2239243,add_object,2,1,1
46070,constant,,wd:Q224,add_object,2,7,7
46071,constant,,wd:Q225,add_object,2,83,83
41858,constant,,wd:Q2253527,add_object,2,1,1
76417,constant,,wd:Q2256,add_object,2,1,1
45074,constant,,wd:Q2259451,add_object,2,2,2
93511,constant,,wd:Q2261792,add_object,2,17,17
96008,constant,,wd:Q2264864,add_object,2,1,1
77315,constant,,wd:Q2264924,add_object,2,247,247
89218,constant,,wd:Q22651,add_object,2,2,2
44664,constant,,wd:Q22652,add_object,2,19,19
34123,constant,,wd:Q22667,add_object,2,2,2
84786,constant,,wd:Q22671,add_object,2,1,1
31217,constant,,wd:Q226730,add_object,2,7,7
35489,constant,,wd:Q22675015,add_object,2,1,1
86060,constant,,wd:Q22687,add_object,2,1,1
83722,constant,,wd:Q22690,add_object,2,2,2
38399,constant,,wd:Q22698,add_object,2,36,36
46069,constant,,wd:Q227,add_object,2,9,9
88297,constant,,wd:Q22731,add_object,2,1,1
95094,constant,,wd:Q2276661,add_object,2,16,16
43950,constant,,wd:Q2277,add_object,2,16,16
37818,constant,,wd:Q227936,add_object,2,25,25
77200,constant,,wd:Q228,add_object,2,6,6
78713,constant,,wd:Q2280,add_object,2,1,1
94963,constant,,wd:Q228145,add_object,2,18,18
76156,constant,,wd:Q22865,add_object,2,7,7
45327,constant,,wd:Q229,add_object,2,1,1
49753,constant,,wd:Q22927616,add_object,2,433,433
49136,constant,,wd:Q22934992,add_object,2,7,7
49137,constant,,wd:Q22935012,add_object,2,1,1
49138,constant,,wd:Q22935029,add_object,2,9,9
49139,constant,,wd:Q22935045,add_object,2,13,13
49140,constant,,wd:Q22935060,add_object,2,11,11
88908,constant,,wd:Q22936940,add_object,2,10,10
49789,constant,,wd:Q22950320,add_object,2,2,2
82233,constant,,wd:Q22988604,add_object,2,13,13
85296,constant,,wd:Q22996476,add_object,2,1,1
33263,constant,,wd:Q22998436,add_object,2,1,1
37878,constant,,wd:Q230,add_object,2,17,17
87428,constant,,wd:Q23002039,add_object,2,17,17
83666,constant,,wd:Q23002054,add_object,2,4,4
76747,constant,,wd:Q2300236,add_object,2,1,1
82154,constant,,wd:Q230127,add_object,2,3,3
30457,constant,,wd:Q2301325,add_object,2,2,2
49143,constant,,wd:Q23014451,add_object,2,1,1
49145,constant,,wd:Q23014453,add_object,2,2,2
49147,constant,,wd:Q23014457,add_object,2,1,1
88121,constant,,wd:Q230262,add_object,2,1,1
41866,constant,,wd:Q2302897,add_object,2,1,1
80802,constant,,wd:Q23038290,add_object,2,344,344
49729,constant,,wd:Q23038972,add_object,2,1,1
83584,constant,,wd:Q23058,add_object,2,13,13
97788,constant,,wd:Q23058136,add_object,2,334,334
85005,constant,,wd:Q23079,add_object,2,18,18
37885,constant,,wd:Q2309784,add_object,2,12,12
29951,constant,,wd:Q231002,add_object,2,3,3
84622,constant,,wd:Q23109,add_object,2,30,30
81594,constant,,wd:Q23111,add_object,2,15,15
86877,constant,,wd:Q23115,add_object,2,14,14
78804,constant,,wd:Q23148,add_object,2,1,1
81935,constant,,wd:Q23154,add_object,2,1,1
83602,constant,,wd:Q23169,add_object,2,37,37
46072,constant,,wd:Q232,add_object,2,12,12
76789,constant,,wd:Q23204,add_object,2,1,1
85515,constant,,wd:Q23276,add_object,2,6,6
48750,constant,,wd:Q233,add_object,2,3,3
91175,constant,,wd:Q2334148,add_object,2,10,10
87110,constant,,wd:Q233591,add_object,2,1,1
94426,constant,,wd:Q2338259,add_object,2,4,4
49093,constant,,wd:Q23392,add_object,2,3,3
37332,constant,,wd:Q23397,add_object,2,69,69
40202,constant,,wd:Q23402,add_object,2,5,5
80798,constant,,wd:Q23413,add_object,2,141,141
85741,constant,,wd:Q2341654,add_object,2,308,308
32570,constant,,wd:Q23442,add_object,2,119,119
37801,constant,,wd:Q23444,add_object,2,8,8
33531,constant,,wd:Q234460,add_object,2,1,1
77322,constant,,wd:Q23482,add_object,2,2,2
38201,constant,,wd:Q234870,add_object,2,1,1
39001,constant,,wd:Q2352616,add_object,2,24,24
30087,constant,,wd:Q235557,add_object,2,2,2
77638,constant,,wd:Q23556,add_object,2,3,3
89400,constant,,wd:Q235715,add_object,2,10,10
46073,constant,,wd:Q236,add_object,2,1,1
79104,constant,,wd:Q23622,add_object,2,2,2
96006,constant,,wd:Q2362660,add_object,2,27,27
49585,constant,,wd:Q23649983,add_object,2,1,1
95950,constant,,wd:Q2365880,add_object,2,87,87
85452,constant,,wd:Q236680,add_object,2,1,1
45738,constant,,wd:Q2367101,add_object,2,32,32
85158,constant,,wd:Q2369287,add_object,2,1,1
46045,constant,,wd:Q2370000,add_object,2,1,1
37419,constant,,wd:Q23712,add_object,2,83,83
94612,constant,,wd:Q23726798,add_object,2,2,2
45524,constant,,wd:Q237350,add_object,2,304,304
48336,constant,,wd:Q23786,add_object,2,6,6
39860,constant,,wd:Q23790322,add_object,2,1,1
30450,constant,,wd:Q2382443,add_object,2,2,2
35514,constant,,wd:Q23830578,add_object,2,1,1
41886,constant,,wd:Q2383656,add_object,2,1,1
98185,constant,,wd:Q23838648,add_object,2,26,26
37434,constant,,wd:Q2385804,add_object,2,4,4
95852,constant,,wd:Q238587,add_object,2,31,31
80772,constant,,wd:Q238723,add_object,2,1,1
45037,constant,,wd:Q23882,add_object,2,2,2
76536,constant,,wd:Q23894233,add_object,2,2,2
77939,constant,,wd:Q2389789,add_object,2,1,1
82105,constant,,wd:Q239043,add_object,2,1,1
87351,constant,,wd:Q23927052,add_object,2,70,70
36265,constant,,wd:Q239303,add_object,2,13,13
46755,constant,,wd:Q23931115,add_object,2,19,19
46756,constant,,wd:Q23931119,add_object,2,6,6
46745,constant,,wd:Q23931121,add_object,2,5,5
46746,constant,,wd:Q23931124,add_object,2,1,1
46748,constant,,wd:Q23931130,add_object,2,7,7
46749,constant,,wd:Q23931131,add_object,2,4,4
41889,constant,,wd:Q2398348,add_object,2,1,1
39162,constant,,wd:Q2403675,add_object,2,3,3
86608,constant,,wd:Q24046192,add_object,2,1,1
47692,constant,,wd:Q2405480,add_object,2,1,1
37496,constant,,wd:Q241,add_object,2,17,17
36980,constant,,wd:Q241317,add_object,2,1,1
38291,constant,,wd:Q24192067,add_object,2,6,6
38293,constant,,wd:Q24192069,add_object,2,8,8
77983,constant,,wd:Q242,add_object,2,5,5
95271,constant,,wd:Q242108,add_object,2,1,1
33003,constant,,wd:Q2424752,add_object,2,3,3
76253,constant,,wd:Q243133,add_object,2,1,1
81474,constant,,wd:Q24354,add_object,2,26,26
75096,constant,,wd:Q244,add_object,2,1,1
89388,constant,,wd:Q244452,add_object,2,98,98
81101,constant,,wd:Q2446033,add_object,2,2,2
82149,constant,,wd:Q245546,add_object,2,2,2
37820,constant,,wd:Q2455704,add_object,2,33,33
36188,constant,,wd:Q245596,add_object,2,2,2
38244,constant,,wd:Q24633474,add_object,2,1,1
35338,constant,,wd:Q24634210,add_object,2,2,2
79581,constant,,wd:Q24639,add_object,2,1,1
49032,constant,,wd:Q246672,add_object,2,1,1
84683,constant,,wd:Q247073,add_object,2,25,25
29952,constant,,wd:Q2472587,add_object,2,3,3
43453,constant,,wd:Q24746,add_object,2,19,19
43454,constant,,wd:Q24764,add_object,2,12,12
40684,constant,,wd:Q247836,add_object,2,1,1
41980,constant,,wd:Q2479682,add_object,2,1,1
76168,constant,,wd:Q24826,add_object,2,14,14
33308,constant,,wd:Q2485448,add_object,2,3,3
30994,constant,,wd:Q24856,add_object,2,8,8
32820,constant,,wd:Q24862,add_object,2,121,121
81325,constant,,wd:Q24869,add_object,2,2,2
39030,constant,,wd:Q2490839,add_object,2,1,1
48925,constant,,wd:Q249556,add_object,2,8,8
81105,constant,,wd:Q2499127,add_object,2,1,1
83386,constant,,wd:Q2514025,add_object,2,231,231
80238,constant,,wd:Q2516866,add_object,2,1,1
34173,constant,,wd:Q252,add_object,2,202,202
30311,constant,,wd:Q25231,add_object,2,1,1
31302,constant,,wd:Q2526255,add_object,2,3,3
36674,constant,,wd:Q25276,add_object,2,1,1
43913,constant,,wd:Q25295,add_object,2,4,4
77651,constant,,wd:Q253019,add_object,2,75,75
76481,constant,,wd:Q25308,add_object,2,6,6
89611,constant,,wd:Q25312,add_object,2,2,2
78722,constant,,wd:Q25319,add_object,2,1,1
74194,constant,,wd:Q2532287,add_object,2,1,1
86706,constant,,wd:Q25341,add_object,2,2,2
43606,constant,,wd:Q253623,add_object,2,7,7
34462,constant,,wd:Q25379,add_object,2,13,13
80963,constant,,wd:Q25400,add_object,2,7,7
86145,constant,,wd:Q25410,add_object,2,1,1
94148,constant,,wd:Q2542010,add_object,2,1,1
37518,constant,,wd:Q25503887,add_object,2,1,1
87826,constant,,wd:Q2555896,add_object,2,3,3
49819,constant,,wd:Q256020,add_object,2,59,59
77371,constant,,wd:Q25607,add_object,2,1,1
88228,constant,,wd:Q256463,add_object,2,1,1
41994,constant,,wd:Q2566619,add_object,2,4,4
41995,constant,,wd:Q2568982,add_object,2,1,1
41997,constant,,wd:Q2570239,add_object,2,1,1
82575,constant,,wd:Q257391,add_object,2,464,464
45677,constant,,wd:Q2576663,add_object,2,1,1
82554,constant,,wd:Q257780,add_object,2,2,2
37482,constant,,wd:Q258,add_object,2,77,77
81564,constant,,wd:Q2580456,add_object,2,7,7
81108,constant,,wd:Q2580968,add_object,2,1,1
37233,constant,,wd:Q25833,add_object,2,1,1
74295,constant,,wd:Q2590631,add_object,2,11,11
86856,constant,,wd:Q2593777,add_object,2,91,91
79107,constant,,wd:Q26,add_object,2,11,11
45066,constant,,wd:Q2608849,add_object,2,1,1
83055,constant,,wd:Q2609,add_object,2,3,3
83470,constant,,wd:Q260913,add_object,2,21,21
81109,constant,,wd:Q2612318,add_object,2,1,1
82576,constant,,wd:Q261543,add_object,2,22,22
81838,constant,,wd:Q2616791,add_object,2,1,1
42737,constant,,wd:Q262,add_object,2,24,24
46741,constant,,wd:Q26204053,add_object,2,2,2
79492,constant,,wd:Q26211545,add_object,2,40,40
78444,constant,,wd:Q26213387,add_object,2,7,7
48511,constant,,wd:Q262166,add_object,2,194,194
82925,constant,,wd:Q2624417,add_object,2,1,1
42010,constant,,wd:Q2627457,add_object,2,1,1
42011,constant,,wd:Q2628493,add_object,2,2,2
42780,constant,,wd:Q262882,add_object,2,15,15
81196,constant,,wd:Q2634,add_object,2,2,2
43538,constant,,wd:Q2635894,add_object,2,1,1
83468,constant,,wd:Q2643128,add_object,2,1,1
46117,constant,,wd:Q2643890,add_object,2,1,1
45746,constant,,wd:Q26449910,add_object,2,1,1
82558,constant,,wd:Q264645,add_object,2,1,1
46058,constant,,wd:Q265,add_object,2,4,4
42013,constant,,wd:Q2655455,add_object,2,3,3
48682,constant,,wd:Q2658935,add_object,2,1,1
32278,constant,,wd:Q2668072,add_object,2,31,31
46529,constant,,wd:Q26708076,add_object,2,1,1
40692,constant,,wd:Q267766,add_object,2,1,1
81463,constant,,wd:Q2680952,add_object,2,1,1
95955,constant,,wd:Q26840222,add_object,2,143,143
43658,constant,,wd:Q268592,add_object,2,1,1
40693,constant,,wd:Q268597,add_object,2,1,1
88965,constant,,wd:Q26884649,add_object,2,3,3
80351,constant,,wd:Q26887310,add_object,2,62,62
38202,constant,,wd:Q269415,add_object,2,4,4
37631,constant,,wd:Q2695280,add_object,2,1,1
88020,constant,,wd:Q26971668,add_object,2,29,29
42027,constant,,wd:Q2698575,add_object,2,1,1
49951,constant,,wd:Q269949,add_object,2,1,1
30262,constant,,wd:Q27,add_object,2,40,40
42029,constant,,wd:Q2700686,add_object,2,1,1
33177,constant,,wd:Q27020041,add_object,2,3812,3812
86987,constant,,wd:Q270230,add_object,2,1,1
42031,constant,,wd:Q2703245,add_object,2,1,1
81471,constant,,wd:Q27046,add_object,2,124,124
42039,constant,,wd:Q2708290,add_object,2,2,2
42057,constant,,wd:Q2708462,add_object,2,1,1
42060,constant,,wd:Q2709465,add_object,2,1,1
40983,constant,,wd:Q2714202,add_object,2,1,1
32851,constant,,wd:Q271534,add_object,2,1,1
48766,constant,,wd:Q271669,add_object,2,8,8
30331,constant,,wd:Q27169,add_object,2,18,18
40986,constant,,wd:Q2717836,add_object,2,1,1
40987,constant,,wd:Q2720003,add_object,2,3,3
86344,constant,,wd:Q272208,add_object,2,1,1
37789,constant,,wd:Q2730433,add_object,2,1,1
34047,constant,,wd:Q273057,add_object,2,9,9
39833,constant,,wd:Q2736,add_object,2,20,20
40432,constant,,wd:Q2738074,add_object,2,1,1
40990,constant,,wd:Q2742139,add_object,2,1,1
46192,constant,,wd:Q2750108,add_object,2,11,11
31384,constant,,wd:Q27510868,add_object,2,1,1
82491,constant,,wd:Q275118,add_object,2,3,3
82231,constant,,wd:Q27554534,add_object,2,2,2
84168,constant,,wd:Q27555384,add_object,2,433,433
43439,constant,,wd:Q276,add_object,2,4,4
43927,constant,,wd:Q27611,add_object,2,2,2
40696,constant,,wd:Q276595,add_object,2,7,7
42900,constant,,wd:Q27676416,add_object,2,1,1
42905,constant,,wd:Q27676428,add_object,2,4,4
33940,constant,,wd:Q27686,add_object,2,81,81
86694,constant,,wd:Q277338,add_object,2,28,28
32086,constant,,wd:Q277759,add_object,2,25,25
45747,constant,,wd:Q27790873,add_object,2,1,1
45526,constant,,wd:Q278113,add_object,2,2,2
81118,constant,,wd:Q2782104,add_object,2,1,1
31915,constant,,wd:Q27834918,add_object,2,1,1
81120,constant,,wd:Q2786011,add_object,2,2,2
76352,constant,,wd:Q278835,add_object,2,5,5
84311,constant,,wd:Q2790054,add_object,2,4,4
33178,constant,,wd:Q27968055,add_object,2,2,2
34667,constant,,wd:Q279749,add_object,2,2,2
83595,constant,,wd:Q279818,add_object,2,1,1
49743,constant,,wd:Q27995042,add_object,2,23,23
42934,constant,,wd:Q28,add_object,2,49,49
32724,constant,,wd:Q28020127,add_object,2,2,2
48733,constant,,wd:Q28045079,add_object,2,22,22
88617,constant,,wd:Q28045665,add_object,2,6,6
45748,constant,,wd:Q28050380,add_object,2,2,2
40995,constant,,wd:Q2806221,add_object,2,1,1
77123,constant,,wd:Q280658,add_object,2,1,1
75580,constant,,wd:Q2807,add_object,2,5,5
46276,constant,,wd:Q28147634,add_object,2,3,3
47832,constant,,wd:Q28147636,add_object,2,1,1
39357,constant,,wd:Q28149961,add_object,2,2,2
86449,constant,,wd:Q2829505,add_object,2,2,2
88601,constant,,wd:Q28319,add_object,2,1,1
87829,constant,,wd:Q2831984,add_object,2,25,25
76263,constant,,wd:Q28373319,add_object,2,4,4
82358,constant,,wd:Q2844,add_object,2,1,1
74391,constant,,wd:Q28457,add_object,2,51,51
88961,constant,,wd:Q28478883,add_object,2,27,27
45898,constant,,wd:Q285181,add_object,2,2,2
46681,constant,,wd:Q28564,add_object,2,3,3
40699,constant,,wd:Q286026,add_object,2,2,2
35471,constant,,wd:Q28640,add_object,2,6085,6085
95762,constant,,wd:Q2864737,add_object,2,31,31
38171,constant,,wd:Q2865819,add_object,2,7,7
41011,constant,,wd:Q2866420,add_object,2,1,1
41013,constant,,wd:Q2872596,add_object,2,2,2
47673,constant,,wd:Q28737006,add_object,2,2,2
87380,constant,,wd:Q288,add_object,2,1,1
35346,constant,,wd:Q28823,add_object,2,1,1
39165,constant,,wd:Q28836794,add_object,2,1,1
44972,constant,,wd:Q28872924,add_object,2,2,2
37821,constant,,wd:Q2889003,add_object,2,1,1
45750,constant,,wd:Q28961883,add_object,2,2,2
45751,constant,,wd:Q28962042,add_object,2,3,3
83393,constant,,wd:Q2897866,add_object,2,9,9
33352,constant,,wd:Q29,add_object,2,246,246
40706,constant,,wd:Q290354,add_object,2,1,1
36490,constant,,wd:Q29042997,add_object,2,1,1
86972,constant,,wd:Q29108,add_object,2,1,1
81251,constant,,wd:Q29112,add_object,2,2,2
80445,constant,,wd:Q291447,add_object,2,1,1
77668,constant,,wd:Q291471,add_object,2,1,1
46585,constant,,wd:Q29167278,add_object,2,9,9
75305,constant,,wd:Q29168811,add_object,2,5,5
35259,constant,,wd:Q29182,add_object,2,12,12
41025,constant,,wd:Q2918873,add_object,2,1,1
77614,constant,,wd:Q292034,add_object,2,13,13
87997,constant,,wd:Q29234,add_object,2,1,1
78134,constant,,wd:Q292691,add_object,2,2,2
86616,constant,,wd:Q29303,add_object,2,10,10
91247,constant,,wd:Q29385989,add_object,2,2,2
91249,constant,,wd:Q29414133,add_object,2,2,2
41028,constant,,wd:Q2943924,add_object,2,1,1
43685,constant,,wd:Q294414,add_object,2,3,3
79487,constant,,wd:Q29496,add_object,2,1,1
98199,constant,,wd:Q29517555,add_object,2,28,28
78801,constant,,wd:Q29520,add_object,2,1,1
89258,constant,,wd:Q29555881,add_object,2,2,2
75768,constant,,wd:Q2958359,add_object,2,4,4
46294,constant,,wd:Q2977,add_object,2,11,11
46083,constant,,wd:Q298,add_object,2,11,11
30980,constant,,wd:Q2983474,add_object,2,105,105
46535,constant,,wd:Q2983893,add_object,2,5,5
41032,constant,,wd:Q2984595,add_object,2,1,1
49751,constant,,wd:Q2989454,add_object,2,2,2
41033,constant,,wd:Q2993514,add_object,2,1,1
45056,constant,,wd:Q2996394,add_object,2,40,40
39828,constant,,wd:Q29999,add_object,2,2,2
30008,constant,,wd:Q30,add_object,2,762,762
41036,constant,,wd:Q3004758,add_object,2,1,1
45147,constant,,wd:Q30108476,add_object,2,3,3
42960,constant,,wd:Q30146803,add_object,2,1,1
77124,constant,,wd:Q30185,add_object,2,1,1
38487,constant,,wd:Q3024240,add_object,2,25,25
48201,constant,,wd:Q303139,add_object,2,47,47
78509,constant,,wd:Q30340,add_object,2,1,1
74933,constant,,wd:Q303618,add_object,2,5,5
46040,constant,,wd:Q3039938,add_object,2,4,4
42770,constant,,wd:Q30432511,add_object,2,2,2
92161,constant,,wd:Q3044768,add_object,2,39,39
47571,constant,,wd:Q3044918,add_object,2,25,25
32273,constant,,wd:Q3046146,add_object,2,4,4
35026,constant,,wd:Q30676307,add_object,2,9,9
80229,constant,,wd:Q3068,add_object,2,2,2
84116,constant,,wd:Q3093,add_object,2,1,1
38326,constant,,wd:Q309314,add_object,2,1,1
76351,constant,,wd:Q30974,add_object,2,1,1
46251,constant,,wd:Q3098283,add_object,2,1,1
32542,constant,,wd:Q31,add_object,2,108,108
48734,constant,,wd:Q31028314,add_object,2,2,2
48735,constant,,wd:Q31028835,add_object,2,2,2
40724,constant,,wd:Q310438,add_object,2,1,1
79431,constant,,wd:Q310890,add_object,2,106,106
40728,constant,,wd:Q310911,add_object,2,1,1
40729,constant,,wd:Q310927,add_object,2,4,4
31838,constant,,wd:Q311,add_object,2,2,2
40732,constant,,wd:Q311148,add_object,2,1,1
49391,constant,,wd:Q3113478,add_object,2,3,3
40733,constant,,wd:Q311373,add_object,2,1,1
40737,constant,,wd:Q312154,add_object,2,5,5
84389,constant,,wd:Q3126128,add_object,2,1,1
84816,constant,,wd:Q3139,add_object,2,1,1
45897,constant,,wd:Q3146899,add_object,2,42,42
76027,constant,,wd:Q31487,add_object,2,1,1
81648,constant,,wd:Q3154693,add_object,2,3,3
45140,constant,,wd:Q31629,add_object,2,1,1
88904,constant,,wd:Q3165397,add_object,2,1,1
33190,constant,,wd:Q31747,add_object,2,2,2
35659,constant,,wd:Q318,add_object,2,83,83
43532,constant,,wd:Q3181348,add_object,2,11,11
49967,constant,,wd:Q3184121,add_object,2,11,11
83120,constant,,wd:Q31855,add_object,2,17,17
92551,constant,,wd:Q3186904,add_object,2,6,6
92457,constant,,wd:Q3186912,add_object,2,3,3
79175,constant,,wd:Q3191695,add_object,2,7,7
46063,constant,,wd:Q32,add_object,2,5,5
41189,constant,,wd:Q3203049,add_object,2,1,1
74450,constant,,wd:Q3206,add_object,2,2,2
76595,constant,,wd:Q3220391,add_object,2,7,7
74451,constant,,wd:Q3224,add_object,2,24,24
40181,constant,,wd:Q3226599,add_object,2,1,1
42681,constant,,wd:Q3231690,add_object,2,6,6
74452,constant,,wd:Q3235,add_object,2,1,1
37822,constant,,wd:Q3238261,add_object,2,38,38
45528,constant,,wd:Q3245245,add_object,2,1,1
88631,constant,,wd:Q3249,add_object,2,3,3
82039,constant,,wd:Q32494,add_object,2,1,1
35899,constant,,wd:Q3249551,add_object,2,3,3
29954,constant,,wd:Q3254959,add_object,2,1,1
37371,constant,,wd:Q3257686,add_object,2,65,65
37790,constant,,wd:Q3257809,add_object,2,1,1
74453,constant,,wd:Q3258,add_object,2,1,1
93890,constant,,wd:Q326309,add_object,2,4,4
87379,constant,,wd:Q326827,add_object,2,1,1
94885,constant,,wd:Q327149,add_object,2,21,21
43774,constant,,wd:Q327245,add_object,2,1,1
78508,constant,,wd:Q3273004,add_object,2,2,2
37907,constant,,wd:Q327333,add_object,2,19,19
77541,constant,,wd:Q3276175,add_object,2,1,1
41286,constant,,wd:Q3280744,add_object,2,14,14
87714,constant,,wd:Q32880,add_object,2,2,2
40285,constant,,wd:Q329439,add_object,2,7,7
33441,constant,,wd:Q33,add_object,2,59,59
32301,constant,,wd:Q3305213,add_object,2,4089,4089
44221,constant,,wd:Q33146,add_object,2,2,2
32324,constant,,wd:Q33146843,add_object,2,22,22
49393,constant,,wd:Q3314851,add_object,2,275,275
90452,constant,,wd:Q3319478,add_object,2,11,11
41299,constant,,wd:Q3320241,add_object,2,1,1
31768,constant,,wd:Q3320413,add_object,2,1,1
35574,constant,,wd:Q3320743,add_object,2,16,16
33317,constant,,wd:Q33231,add_object,2,25,25
45306,constant,,wd:Q3330103,add_object,2,1,1
31434,constant,,wd:Q3331189,add_object,2,149,149
89609,constant,,wd:Q3334,add_object,2,1,1
45233,constant,,wd:Q333515,add_object,2,105,105
43586,constant,,wd:Q33384,add_object,2,2,2
45683,constant,,wd:Q334,add_object,2,1,1
86314,constant,,wd:Q3342,add_object,2,1,1
30830,constant,,wd:Q33506,add_object,2,61,61
49394,constant,,wd:Q3352252,add_object,2,10,10
87321,constant,,wd:Q3354,add_object,2,2,2
87018,constant,,wd:Q3357,add_object,2,2,2
41302,constant,,wd:Q3359354,add_object,2,1,1
48226,constant,,wd:Q336,add_object,2,1,1
83364,constant,,wd:Q336144,add_object,2,2,2
79607,constant,,wd:Q336286,add_object,2,3,3
40741,constant,,wd:Q336963,add_object,2,1,1
38587,constant,,wd:Q33742,add_object,2,5375,5375
87101,constant,,wd:Q3374262,add_object,2,1,1
39452,constant,,wd:Q337526,add_object,2,1,1
38205,constant,,wd:Q337535,add_object,2,7,7
40308,constant,,wd:Q337567,add_object,2,1,1
81197,constant,,wd:Q3376,add_object,2,1,1
40456,constant,,wd:Q33837,add_object,2,1,1
31304,constant,,wd:Q3387717,add_object,2,1,1
32852,constant,,wd:Q339014,add_object,2,1,1
81867,constant,,wd:Q3391743,add_object,2,15,15
42776,constant,,wd:Q33946,add_object,2,2,2
82827,constant,,wd:Q3395121,add_object,2,39,39
31309,constant,,wd:Q33999,add_object,2,26,26
31891,constant,,wd:Q34,add_object,2,962,962
74977,constant,,wd:Q340,add_object,2,1,1
88251,constant,,wd:Q34023,add_object,2,268,268
39638,constant,,wd:Q34038,add_object,2,3,3
31513,constant,,wd:Q3409032,add_object,2,2,2
42871,constant,,wd:Q341,add_object,2,3,3
83384,constant,,wd:Q3410,add_object,2,4,4
77041,constant,,wd:Q34217,add_object,2,9,9
32351,constant,,wd:Q34266,add_object,2,32,32
74457,constant,,wd:Q34366,add_object,2,2,2
80996,constant,,wd:Q3437,add_object,2,1,1
36681,constant,,wd:Q34442,add_object,2,200,200
38241,constant,,wd:Q34467,add_object,2,2,2
43620,constant,,wd:Q34480001,add_object,2,55,55
43621,constant,,wd:Q34480057,add_object,2,4,4
43417,constant,,wd:Q34508,add_object,2,2,2
41323,constant,,wd:Q3461459,add_object,2,2,2
85169,constant,,wd:Q34627,add_object,2,9,9
31136,constant,,wd:Q3464665,add_object,2,22,22
36015,constant,,wd:Q34651,add_object,2,87,87
41324,constant,,wd:Q3472461,add_object,2,1,1
31156,constant,,wd:Q34740,add_object,2,813,813
85366,constant,,wd:Q34763,add_object,2,11,11
35288,constant,,wd:Q34770,add_object,2,1056,1056
79465,constant,,wd:Q3480335,add_object,2,2,2
33265,constant,,wd:Q349,add_object,2,4,4
86135,constant,,wd:Q3491915,add_object,2,3,3
81138,constant,,wd:Q3499350,add_object,2,1,1
39049,constant,,wd:Q35,add_object,2,325,325
77361,constant,,wd:Q3504085,add_object,2,15,15
78848,constant,,wd:Q35047,add_object,2,6,6
32655,constant,,wd:Q35127,add_object,2,13,13
93390,constant,,wd:Q3521441,add_object,2,2,2
34987,constant,,wd:Q35409,add_object,2,75,75
43748,constant,,wd:Q35497,add_object,2,3,3
94186,constant,,wd:Q3550864,add_object,2,13,13
46781,constant,,wd:Q35509,add_object,2,8,8
32551,constant,,wd:Q355304,add_object,2,29,29
35572,constant,,wd:Q355567,add_object,2,11,11
76869,constant,,wd:Q3558970,add_object,2,159,159
43401,constant,,wd:Q35637,add_object,2,1,1
32452,constant,,wd:Q35657,add_object,2,83,83
38278,constant,,wd:Q3565868,add_object,2,1,1
41336,constant,,wd:Q3570206,add_object,2,1,1
74390,constant,,wd:Q35715,add_object,2,2,2
80618,constant,,wd:Q35760,add_object,2,3,3
38270,constant,,wd:Q357685,add_object,2,1,1
48198,constant,,wd:Q35798,add_object,2,1,1
42943,constant,,wd:Q358,add_object,2,5,5
36679,constant,,wd:Q358078,add_object,2,5,5
86981,constant,,wd:Q3595959,add_object,2,1,1
36220,constant,,wd:Q36,add_object,2,75,75
74459,constant,,wd:Q36074,add_object,2,14,14
30433,constant,,wd:Q36180,add_object,2,16,16
31362,constant,,wd:Q3624078,add_object,2,6528,6528
43382,constant,,wd:Q36279,add_object,2,1,1
76017,constant,,wd:Q3630,add_object,2,1,1
43137,constant,,wd:Q36396,add_object,2,1,1
82848,constant,,wd:Q36471,add_object,2,3,3
40275,constant,,wd:Q36510,add_object,2,3,3
44769,constant,,wd:Q3658341,add_object,2,1,1
87250,constant,,wd:Q3658608,add_object,2,1,1
37817,constant,,wd:Q36602,add_object,2,12,12
76171,constant,,wd:Q36647,add_object,2,1,1
31126,constant,,wd:Q3665646,add_object,2,4,4
74460,constant,,wd:Q36687,add_object,2,6,6
75790,constant,,wd:Q36704,add_object,2,4,4
38206,constant,,wd:Q368215,add_object,2,2,2
37083,constant,,wd:Q36834,add_object,2,6,6
40745,constant,,wd:Q368955,add_object,2,2,2
33641,constant,,wd:Q37,add_object,2,6,6
79109,constant,,wd:Q3700011,add_object,2,40,40
35064,constant,,wd:Q371280,add_object,2,1,1
96194,constant,,wd:Q371803,add_object,2,3,3
80104,constant,,wd:Q37226,add_object,2,1,1
41360,constant,,wd:Q3734125,add_object,2,1,1
87333,constant,,wd:Q37351,add_object,2,1,1
39901,constant,,wd:Q37517,add_object,2,3,3
81059,constant,,wd:Q378120,add_object,2,1,1
80638,constant,,wd:Q37836,add_object,2,2,2
48158,constant,,wd:Q378427,add_object,2,12,12
84174,constant,,wd:Q37853,add_object,2,1,1
87494,constant,,wd:Q378622,add_object,2,1,1
30650,constant,,wd:Q38,add_object,2,436,436
76857,constant,,wd:Q38022,add_object,2,1,1
31113,constant,,wd:Q38033430,add_object,2,5,5
41161,constant,,wd:Q3804892,add_object,2,1,1
95977,constant,,wd:Q3816953,add_object,2,5,5
41164,constant,,wd:Q3828260,add_object,2,1,1
76419,constant,,wd:Q38283,add_object,2,1,1
84476,constant,,wd:Q383092,add_object,2,5,5
48390,constant,,wd:Q384515,add_object,2,1,1
76172,constant,,wd:Q38511,add_object,2,1,1
37591,constant,,wd:Q385405,add_object,2,346,346
84643,constant,,wd:Q385468,add_object,2,1,1
82837,constant,,wd:Q38568,add_object,2,2,2
39886,constant,,wd:Q3863,add_object,2,1974,1974
40209,constant,,wd:Q386426,add_object,2,4,4
29795,constant,,wd:Q386724,add_object,2,6,6
84356,constant,,wd:Q386854,add_object,2,7,7
49104,constant,,wd:Q38720,add_object,2,18,18
42752,constant,,wd:Q38723,add_object,2,5,5
31988,constant,,wd:Q388,add_object,2,4,4
37976,constant,,wd:Q38829,add_object,2,2,2
78100,constant,,wd:Q38872,add_object,2,6,6
30244,constant,,wd:Q3895768,add_object,2,2,2
30651,constant,,wd:Q39,add_object,2,137,137
80750,constant,,wd:Q39121,add_object,2,6,6
35807,constant,,wd:Q3914,add_object,2,26,26
44540,constant,,wd:Q3917681,add_object,2,10,10
36309,constant,,wd:Q3918,add_object,2,36,36
45715,constant,,wd:Q39201,add_object,2,1,1
40573,constant,,wd:Q39275,add_object,2,2,2
89126,constant,,wd:Q3943414,add_object,2,1,1
82093,constant,,wd:Q3947,add_object,2,1053,1053
85182,constant,,wd:Q394701,add_object,2,1,1
48854,constant,,wd:Q39486269,add_object,2,4,4
82498,constant,,wd:Q3950,add_object,2,28,28
45213,constant,,wd:Q3953107,add_object,2,3,3
79565,constant,,wd:Q3955,add_object,2,1,1
75575,constant,,wd:Q3957,add_object,2,57,57
37335,constant,,wd:Q39594,add_object,2,7,7
37564,constant,,wd:Q3960,add_object,2,3,3
31072,constant,,wd:Q39614,add_object,2,62,62
75473,constant,,wd:Q39631,add_object,2,1,1
39910,constant,,wd:Q3965313,add_object,2,9,9
41210,constant,,wd:Q3966622,add_object,2,1,1
35552,constant,,wd:Q39715,add_object,2,8,8
39911,constant,,wd:Q3978005,add_object,2,1,1
77558,constant,,wd:Q398,add_object,2,2,2
38150,constant,,wd:Q398141,add_object,2,4,4
86052,constant,,wd:Q39816,add_object,2,37,37
48942,constant,,wd:Q39875001,add_object,2,1,1
46059,constant,,wd:Q399,add_object,2,218,218
75423,constant,,wd:Q3992,add_object,2,1,1
43348,constant,,wd:Q4,add_object,2,1,1
30652,constant,,wd:Q40,add_object,2,430,430
95615,constant,,wd:Q4002659,add_object,2,38,38
86866,constant,,wd:Q40030,add_object,2,1,1
35803,constant,,wd:Q40056,add_object,2,1,1
48416,constant,,wd:Q4006,add_object,2,1,1
88880,constant,,wd:Q40080,add_object,2,10,10
75427,constant,,wd:Q4009406,add_object,2,1,1
86964,constant,,wd:Q4018,add_object,2,2,2
33500,constant,,wd:Q40218,add_object,2,1,1
37076,constant,,wd:Q4022,add_object,2,289,289
34100,constant,,wd:Q40231,add_object,2,16,16
88151,constant,,wd:Q40244,add_object,2,1,1
37094,constant,,wd:Q403,add_object,2,28,28
78643,constant,,wd:Q4032432,add_object,2,1,1
76203,constant,,wd:Q40348,add_object,2,1,1
43124,constant,,wd:Q40357,add_object,2,3,3
93759,constant,,wd:Q4041880,add_object,2,3,3
76223,constant,,wd:Q40637,add_object,2,2,2
33288,constant,,wd:Q408,add_object,2,309,309
90496,constant,,wd:Q4084290,add_object,2,2,2
84402,constant,,wd:Q408804,add_object,2,9,9
83808,constant,,wd:Q40898,add_object,2,1,1
90572,constant,,wd:Q4090681,add_object,2,1,1
79441,constant,,wd:Q4093,add_object,2,3,3
39454,constant,,wd:Q41,add_object,2,148,148
31484,constant,,wd:Q41176,add_object,2,2731,2731
84317,constant,,wd:Q41185,add_object,2,1,1
41251,constant,,wd:Q4121093,add_object,2,2,2
41252,constant,,wd:Q4123974,add_object,2,1,1
33446,constant,,wd:Q41253,add_object,2,6,6
91106,constant,,wd:Q4125820,add_object,2,1,1
32565,constant,,wd:Q41298,add_object,2,10,10
83370,constant,,wd:Q413,add_object,2,1,1
75281,constant,,wd:Q41323,add_object,2,54,54
79355,constant,,wd:Q41329,add_object,2,3,3
36240,constant,,wd:Q414,add_object,2,72,72
82938,constant,,wd:Q4144610,add_object,2,1,1
75439,constant,,wd:Q41466,add_object,2,12,12
38695,constant,,wd:Q41487,add_object,2,1,1
47882,constant,,wd:Q41554,add_object,2,1,1
80785,constant,,wd:Q41604,add_object,2,2,2
32377,constant,,wd:Q4164871,add_object,2,270,270
30117,constant,,wd:Q4167410,add_object,2,5,5
30118,constant,,wd:Q4167836,add_object,2,791,791
91201,constant,,wd:Q4169648,add_object,2,2,2
29948,constant,,wd:Q41710,add_object,2,42,42
82849,constant,,wd:Q41753,add_object,2,1,1
33463,constant,,wd:Q4176708,add_object,2,1,1
37483,constant,,wd:Q419,add_object,2,74,74
45307,constant,,wd:Q4198907,add_object,2,1,1
74766,constant,,wd:Q420,add_object,2,2,2
90200,constant,,wd:Q4214041,add_object,2,5,5
81575,constant,,wd:Q42168,add_object,2,1,1
95946,constant,,wd:Q42195,add_object,2,93,93
80678,constant,,wd:Q422062,add_object,2,1,1
83620,constant,,wd:Q4220917,add_object,2,2,2
46060,constant,,wd:Q423,add_object,2,1,1
38245,constant,,wd:Q42328566,add_object,2,2,2
32846,constant,,wd:Q4233718,add_object,2,46,46
76608,constant,,wd:Q424,add_object,2,2,2
76295,constant,,wd:Q42462,add_object,2,16,16
36496,constant,,wd:Q427087,add_object,2,149,149
35302,constant,,wd:Q427626,add_object,2,7436,7436
36616,constant,,wd:Q427961,add_object,2,1,1
77758,constant,,wd:Q428047,add_object,2,1,1
41267,constant,,wd:Q4290323,add_object,2,1,1
37784,constant,,wd:Q429220,add_object,2,1,1
86203,constant,,wd:Q42948,add_object,2,133,133
39264,constant,,wd:Q42973,add_object,2,9,9
76668,constant,,wd:Q42998,add_object,2,3,3
36704,constant,,wd:Q43,add_object,2,61,61
49374,constant,,wd:Q430682,add_object,2,85,85
76252,constant,,wd:Q43115,add_object,2,6,6
35042,constant,,wd:Q431289,add_object,2,3,3
80410,constant,,wd:Q43196,add_object,2,1,1
84133,constant,,wd:Q43199,add_object,2,1,1
32850,constant,,wd:Q43200,add_object,2,1,1
29784,constant,,wd:Q43229,add_object,2,88,88
79131,constant,,wd:Q43238,add_object,2,5,5
79420,constant,,wd:Q43287,add_object,2,1,1
79597,constant,,wd:Q43310,add_object,2,2,2
86738,constant,,wd:Q43382,add_object,2,2,2
92167,constant,,wd:Q4339282,add_object,2,3,3
39091,constant,,wd:Q43445,add_object,2,1,1
48114,constant,,wd:Q43450,add_object,2,3,3
78819,constant,,wd:Q43453,add_object,2,1,1
34719,constant,,wd:Q43501,add_object,2,1,1
38491,constant,,wd:Q43702,add_object,2,3,3
92761,constant,,wd:Q4370645,add_object,2,1,1
75977,constant,,wd:Q4373598,add_object,2,1,1
75981,constant,,wd:Q4373603,add_object,2,1,1
84407,constant,,wd:Q43788,add_object,2,1,1
37521,constant,,wd:Q43874039,add_object,2,2,2
34990,constant,,wd:Q4387609,add_object,2,1,1
85267,constant,,wd:Q43934,add_object,2,1,1
85129,constant,,wd:Q4414033,add_object,2,3,3
45177,constant,,wd:Q44148,add_object,2,12,12
85561,constant,,wd:Q44160,add_object,2,1,1
95947,constant,,wd:Q4423781,add_object,2,6,6
38400,constant,,wd:Q44377,add_object,2,1,1
37238,constant,,wd:Q4438121,add_object,2,2,2
80097,constant,,wd:Q44448,add_object,2,9,9
37143,constant,,wd:Q44494,add_object,2,37,37
86884,constant,,wd:Q44539,add_object,2,7,7
34567,constant,,wd:Q44559,add_object,2,8,8
43111,constant,,wd:Q446013,add_object,2,2,2
37968,constant,,wd:Q44613,add_object,2,31,31
47510,constant,,wd:Q44782,add_object,2,1,1
83788,constant,,wd:Q44843,add_object,2,1,1
41372,constant,,wd:Q4485926,add_object,2,1,1
82818,constant,,wd:Q448801,add_object,2,5,5
86138,constant,,wd:Q4498974,add_object,2,15,15
45324,constant,,wd:Q45,add_object,2,23,23
85254,constant,,wd:Q4504495,add_object,2,6,6
44565,constant,,wd:Q451079,add_object,2,5,5
87015,constant,,wd:Q451967,add_object,2,1,1
83964,constant,,wd:Q45412,add_object,2,1,1
48367,constant,,wd:Q4550895,add_object,2,2,2
87865,constant,,wd:Q45559,add_object,2,125,125
76410,constant,,wd:Q456,add_object,2,1,1
35260,constant,,wd:Q45722,add_object,2,11,11
39267,constant,,wd:Q45776,add_object,2,1,1
36820,constant,,wd:Q45823285,add_object,2,2,2
86146,constant,,wd:Q459180,add_object,2,38,38
36010,constant,,wd:Q46,add_object,2,34,34
49022,constant,,wd:Q460889,add_object,2,15,15
36505,constant,,wd:Q4610556,add_object,2,4,4
49507,constant,,wd:Q46169,add_object,2,1,1
79005,constant,,wd:Q46190676,add_object,2,33,33
39213,constant,,wd:Q4663903,add_object,2,1,1
32651,constant,,wd:Q467,add_object,2,1,1
34030,constant,,wd:Q46831,add_object,2,21,21
31109,constant,,wd:Q46970,add_object,2,9,9
34614,constant,,wd:Q47018901,add_object,2,1,1
85483,constant,,wd:Q47050,add_object,2,1,1
37803,constant,,wd:Q47071,add_object,2,8,8
75588,constant,,wd:Q471788,add_object,2,6,6
46737,constant,,wd:Q47272186,add_object,2,1,1
86563,constant,,wd:Q472890,add_object,2,1,1
94968,constant,,wd:Q47328,add_object,2,21,21
84403,constant,,wd:Q47345468,add_object,2,2,2
77206,constant,,wd:Q47358534,add_object,2,3,3
34672,constant,,wd:Q473972,add_object,2,24,24
85497,constant,,wd:Q475050,add_object,2,66,66
87358,constant,,wd:Q47521,add_object,2,19,19
35735,constant,,wd:Q47574,add_object,2,1,1
39170,constant,,wd:Q476028,add_object,2,10,10
36863,constant,,wd:Q476068,add_object,2,5,5
32888,constant,,wd:Q476300,add_object,2,3,3
94313,constant,,wd:Q4781593,add_object,2,7,7
93812,constant,,wd:Q478419,add_object,2,4,4
43930,constant,,wd:Q48,add_object,2,22,22
44781,constant,,wd:Q481289,add_object,2,1,1
44228,constant,,wd:Q4819492,add_object,2,12,12
77494,constant,,wd:Q482,add_object,2,1,1
38538,constant,,wd:Q48204,add_object,2,4,4
74207,constant,,wd:Q48277,add_object,2,1,1
29985,constant,,wd:Q482994,add_object,2,177,177
31287,constant,,wd:Q4830453,add_object,2,305,305
37577,constant,,wd:Q483110,add_object,2,53,53
86646,constant,,wd:Q483242,add_object,2,50,50
87125,constant,,wd:Q48326,add_object,2,1,1
35206,constant,,wd:Q483501,add_object,2,22,22
45758,constant,,wd:Q48352,add_object,2,3,3
48718,constant,,wd:Q484170,add_object,2,751,751
79137,constant,,wd:Q484678,add_object,2,1,1
77044,constant,,wd:Q484876,add_object,2,1,1
75317,constant,,wd:Q485176,add_object,2,1,1
86560,constant,,wd:Q485258,add_object,2,125,125
77546,constant,,wd:Q4853732,add_object,2,2,2
75359,constant,,wd:Q486748,add_object,2,3,3
79917,constant,,wd:Q486839,add_object,2,1,1
33130,constant,,wd:Q486972,add_object,2,827,827
47749,constant,,wd:Q486983,add_object,2,4,4
83018,constant,,wd:Q487522,add_object,2,1,1
43783,constant,,wd:Q488111,add_object,2,3,3
46115,constant,,wd:Q488205,add_object,2,10,10
31950,constant,,wd:Q488383,add_object,2,8,8
32799,constant,,wd:Q4886,add_object,2,3,3
88614,constant,,wd:Q489357,add_object,2,631,631
95259,constant,,wd:Q48948,add_object,2,2,2
76678,constant,,wd:Q48958,add_object,2,1,1
43931,constant,,wd:Q49,add_object,2,8,8
76411,constant,,wd:Q490,add_object,2,2,2
39865,constant,,wd:Q49084,add_object,2,16,16
48199,constant,,wd:Q49133,add_object,2,30,30
84171,constant,,wd:Q49239,add_object,2,1,1
78132,constant,,wd:Q4925477,add_object,2,8,8
79906,constant,,wd:Q4925623,add_object,2,1,1
81627,constant,,wd:Q4925914,add_object,2,1,1
88114,constant,,wd:Q4926740,add_object,2,1,1
80512,constant,,wd:Q4926833,add_object,2,1,1
79660,constant,,wd:Q4927128,add_object,2,1,1
81321,constant,,wd:Q4927524,add_object,2,2,2
74967,constant,,wd:Q4927937,add_object,2,8,8
80925,constant,,wd:Q493522,add_object,2,7,7
83892,constant,,wd:Q494721,add_object,2,8,8
35261,constant,,wd:Q49476,add_object,2,6,6
76159,constant,,wd:Q495,add_object,2,2,2
83432,constant,,wd:Q495635,add_object,2,1,1
34739,constant,,wd:Q4964182,add_object,2,2,2
80105,constant,,wd:Q498162,add_object,2,13,13
45313,constant,,wd:Q49892,add_object,2,4,4
44956,constant,,wd:Q4989906,add_object,2,122,122
49838,constant,,wd:Q4990623,add_object,2,3,3
79683,constant,,wd:Q4991371,add_object,2,1,1
41594,constant,,wd:Q4991585,add_object,2,1,1
78439,constant,,wd:Q499249,add_object,2,2,2
29900,constant,,wd:Q5,add_object,2,27044,27044
35389,constant,,wd:Q500076,add_object,2,1,1
46364,constant,,wd:Q5003624,add_object,2,53,53
35240,constant,,wd:Q50053,add_object,2,4,4
95096,constant,,wd:Q50068795,add_object,2,1,1
88205,constant,,wd:Q50231,add_object,2,170,170
43175,constant,,wd:Q502895,add_object,2,20,20
93945,constant,,wd:Q5030320,add_object,2,2,2
83786,constant,,wd:Q50337,add_object,2,8,8
49261,constant,,wd:Q503601,add_object,2,3,3
35394,constant,,wd:Q504125,add_object,2,2,2
74319,constant,,wd:Q5043,add_object,2,144,144
41611,constant,,wd:Q5047738,add_object,2,1,1
81247,constant,,wd:Q50602,add_object,2,1,1
30080,constant,,wd:Q506240,add_object,2,209,209
84136,constant,,wd:Q506369,add_object,2,7,7
41620,constant,,wd:Q5066732,add_object,2,1,1
45909,constant,,wd:Q506754,add_object,2,1,1
46094,constant,,wd:Q50707,add_object,2,77,77
35027,constant,,wd:Q50751848,add_object,2,19,19
35028,constant,,wd:Q50762402,add_object,2,7,7
35029,constant,,wd:Q50797802,add_object,2,3,3
79694,constant,,wd:Q5084,add_object,2,1247,1247
83523,constant,,wd:Q5092,add_object,2,1,1
45742,constant,,wd:Q5094009,add_object,2,1,1
88951,constant,,wd:Q509568,add_object,2,1,1
37240,constant,,wd:Q509686,add_object,2,5,5
87418,constant,,wd:Q5098,add_object,2,50,50
37588,constant,,wd:Q51,add_object,2,9,9
43164,constant,,wd:Q510324,add_object,2,31,31
30242,constant,,wd:Q5107,add_object,2,218,218
74533,constant,,wd:Q5113,add_object,2,2,2
47965,constant,,wd:Q51139288,add_object,2,1,1
75704,constant,,wd:Q5119,add_object,2,663,663
45300,constant,,wd:Q512187,add_object,2,2,2
81288,constant,,wd:Q5123999,add_object,2,1,1
86875,constant,,wd:Q5124642,add_object,2,6,6
45144,constant,,wd:Q5137576,add_object,2,1,1
40763,constant,,wd:Q514417,add_object,2,2,2
75505,constant,,wd:Q5146,add_object,2,1,1
31447,constant,,wd:Q515,add_object,2,1338,1338
44732,constant,,wd:Q5153359,add_object,2,19,19
81495,constant,,wd:Q518076,add_object,2,1,1
39866,constant,,wd:Q5185279,add_object,2,38,38
41907,constant,,wd:Q5185996,add_object,2,1,1
79284,constant,,wd:Q51929311,add_object,2,18,18
34146,constant,,wd:Q5193377,add_object,2,1,1
41923,constant,,wd:Q5221598,add_object,2,1,1
84574,constant,,wd:Q5225895,add_object,2,2,2
41931,constant,,wd:Q5228004,add_object,2,1,1
35239,constant,,wd:Q523,add_object,2,124,124
87774,constant,,wd:Q52371,add_object,2,1,1
93986,constant,,wd:Q523893,add_object,2,1,1
44150,constant,,wd:Q52454,add_object,2,1,1
95105,constant,,wd:Q524980,add_object,2,4,4
83572,constant,,wd:Q5254911,add_object,2,1,1
95676,constant,,wd:Q526170,add_object,2,10,10
30995,constant,,wd:Q526877,add_object,2,4,4
36999,constant,,wd:Q5287,add_object,2,1,1
83570,constant,,wd:Q5292,add_object,2,66,66
40771,constant,,wd:Q529584,add_object,2,1,1
40772,constant,,wd:Q529976,add_object,2,1,1
34526,constant,,wd:Q532,add_object,2,542,542
33620,constant,,wd:Q5322166,add_object,2,1,1
81400,constant,,wd:Q533866,add_object,2,1,1
36894,constant,,wd:Q5341295,add_object,2,12,12
34952,constant,,wd:Q534932,add_object,2,11,11
41959,constant,,wd:Q5359419,add_object,2,1,1
84970,constant,,wd:Q53621,add_object,2,2,2
40577,constant,,wd:Q53636,add_object,2,1,1
79907,constant,,wd:Q5369,add_object,2,4,4
88552,constant,,wd:Q537127,add_object,2,6,6
42870,constant,,wd:Q5372,add_object,2,15,15
43924,constant,,wd:Q538,add_object,2,2,2
41965,constant,,wd:Q5382158,add_object,2,1,1
29752,constant,,wd:Q53869507,add_object,2,66,66
75547,constant,,wd:Q539581,add_object,2,1,1
30275,constant,,wd:Q5398426,add_object,2,211,211
36666,constant,,wd:Q54050,add_object,2,218,218
49341,constant,,wd:Q54109,add_object,2,1,1
85135,constant,,wd:Q54114,add_object,2,3,3
48894,constant,,wd:Q542,add_object,2,1,1
76948,constant,,wd:Q543654,add_object,2,27,27
34234,constant,,wd:Q543804,add_object,2,14,14
95952,constant,,wd:Q544008,add_object,2,1,1
44020,constant,,wd:Q545,add_object,2,1,1
93688,constant,,wd:Q546003,add_object,2,11,11
83937,constant,,wd:Q5475,add_object,2,1,1
81190,constant,,wd:Q548611,add_object,2,6,6
86654,constant,,wd:Q54888,add_object,2,1,1
95668,constant,,wd:Q54935504,add_object,2,55,55
30958,constant,,wd:Q55,add_object,2,2603,2603
39525,constant,,wd:Q550089,add_object,2,12,12
44705,constant,,wd:Q55043,add_object,2,1,1
95943,constant,,wd:Q55089312,add_object,2,328,328
84376,constant,,wd:Q55271,add_object,2,2,2
84377,constant,,wd:Q55276,add_object,2,1,1
42065,constant,,wd:Q5527608,add_object,2,1,1
32544,constant,,wd:Q55488,add_object,2,119,119
94917,constant,,wd:Q55491,add_object,2,1,1
42070,constant,,wd:Q5555801,add_object,2,1,1
76672,constant,,wd:Q559856,add_object,2,1,1
29861,constant,,wd:Q56061,add_object,2,21,21
42082,constant,,wd:Q5607349,add_object,2,2,2
86768,constant,,wd:Q562061,add_object,2,1,1
36223,constant,,wd:Q5633421,add_object,2,27,27
89074,constant,,wd:Q564954,add_object,2,112,112
46201,constant,,wd:Q570116,add_object,2,1,1
88479,constant,,wd:Q5707594,add_object,2,14,14
32974,constant,,wd:Q571,add_object,2,113,113
44453,constant,,wd:Q5727,add_object,2,2,2
30268,constant,,wd:Q573,add_object,2,1,1
35576,constant,,wd:Q5737899,add_object,2,19,19
36676,constant,,wd:Q5741069,add_object,2,43,43
96144,constant,,wd:Q574961,add_object,2,22,22
34523,constant,,wd:Q575759,add_object,2,24,24
81892,constant,,wd:Q577011,add_object,2,1,1
90960,constant,,wd:Q578004,add_object,2,6,6
46738,constant,,wd:Q57821,add_object,2,7,7
95906,constant,,wd:Q5783996,add_object,2,392,392
42106,constant,,wd:Q5790169,add_object,2,1,1
37538,constant,,wd:Q581714,add_object,2,8,8
93612,constant,,wd:Q582525,add_object,2,107,107
80822,constant,,wd:Q5852411,add_object,2,4,4
39913,constant,,wd:Q5867051,add_object,2,7,7
37823,constant,,wd:Q5867959,add_object,2,6,6
39914,constant,,wd:Q5868144,add_object,2,2,2
34593,constant,,wd:Q58778,add_object,2,1,1
42112,constant,,wd:Q5884387,add_object,2,1,1
87231,constant,,wd:Q5890494,add_object,2,6,6
78430,constant,,wd:Q590870,add_object,2,1,1
88144,constant,,wd:Q59091,add_object,2,1,1
32847,constant,,wd:Q592,add_object,2,1,1
32150,constant,,wd:Q5923,add_object,2,1,1
77438,constant,,wd:Q593644,add_object,2,1,1
84229,constant,,wd:Q594279,add_object,2,1,1
79680,constant,,wd:Q595105,add_object,2,1,1
31065,constant,,wd:Q5958900,add_object,2,220,220
42122,constant,,wd:Q5959520,add_object,2,1,1
78796,constant,,wd:Q597,add_object,2,2,2
40580,constant,,wd:Q59798,add_object,2,7,7
40581,constant,,wd:Q59888,add_object,2,1,1
33650,constant,,wd:Q599151,add_object,2,2,2
43533,constant,,wd:Q5998839,add_object,2,3,3
48700,constant,,wd:Q60,add_object,2,3,3
44762,constant,,wd:Q60186,add_object,2,1,1
43167,constant,,wd:Q6023295,add_object,2,1,1
44589,constant,,wd:Q607241,add_object,2,83,83
87509,constant,,wd:Q6088,add_object,2,1,1
76202,constant,,wd:Q61,add_object,2,1,1
35263,constant,,wd:Q611644,add_object,2,1,1
79289,constant,,wd:Q612,add_object,2,1,1
85875,constant,,wd:Q615150,add_object,2,3,3
42144,constant,,wd:Q6169282,add_object,2,1,1
86721,constant,,wd:Q6169840,add_object,2,2,2
29796,constant,,wd:Q618123,add_object,2,6,6
31112,constant,,wd:Q618779,add_object,2,233,233
89766,constant,,wd:Q61878,add_object,2,2,2
79488,constant,,wd:Q62,add_object,2,1,1
74327,constant,,wd:Q62049,add_object,2,80,80
30602,constant,,wd:Q622852,add_object,2,10,10
88714,constant,,wd:Q6231,add_object,2,1,1
32292,constant,,wd:Q623109,add_object,2,9,9
31122,constant,,wd:Q62447,add_object,2,6,6
49263,constant,,wd:Q624543,add_object,2,1,1
31361,constant,,wd:Q6256,add_object,2,2712,2712
80964,constant,,wd:Q6259,add_object,2,1,1
29947,constant,,wd:Q6266,add_object,2,1,1
81556,constant,,wd:Q627325,add_object,2,1,1
39338,constant,,wd:Q628099,add_object,2,8,8
45355,constant,,wd:Q628179,add_object,2,3,3
76985,constant,,wd:Q6298851,add_object,2,1,1
42146,constant,,wd:Q6301970,add_object,2,2,2
49772,constant,,wd:Q632682,add_object,2,9,9
79584,constant,,wd:Q632842,add_object,2,1,1
38209,constant,,wd:Q633454,add_object,2,16,16
88145,constant,,wd:Q6337803,add_object,2,1,1
45788,constant,,wd:Q634099,add_object,2,83,83
38369,constant,,wd:Q6352575,add_object,2,10,10
76204,constant,,wd:Q639669,add_object,2,21,21
32717,constant,,wd:Q64,add_object,2,6,6
78703,constant,,wd:Q641,add_object,2,1,1
79292,constant,,wd:Q6441,add_object,2,3,3
86383,constant,,wd:Q644371,add_object,2,33,33
35207,constant,,wd:Q644687,add_object,2,4,4
32785,constant,,wd:Q645883,add_object,2,1,1
39276,constant,,wd:Q6465,add_object,2,658,658
40810,constant,,wd:Q646860,add_object,2,1,1
47913,constant,,wd:Q647,add_object,2,1,1
38234,constant,,wd:Q6473564,add_object,2,1,1
76161,constant,,wd:Q648,add_object,2,1,1
42180,constant,,wd:Q6482541,add_object,2,1,1
42182,constant,,wd:Q6488923,add_object,2,2,2
49264,constant,,wd:Q648961,add_object,2,2,2
48698,constant,,wd:Q649,add_object,2,1,1
40812,constant,,wd:Q650106,add_object,2,1,1
35554,constant,,wd:Q652,add_object,2,8,8
42189,constant,,wd:Q6527992,add_object,2,1,1
96012,constant,,wd:Q653002,add_object,2,48,48
39360,constant,,wd:Q654236,add_object,2,9,9
75341,constant,,wd:Q6548,add_object,2,1,1
49099,constant,,wd:Q6557453,add_object,2,1,1
93775,constant,,wd:Q655814,add_object,2,4,4
48617,constant,,wd:Q656720,add_object,2,1,1
77984,constant,,wd:Q657,add_object,2,2,2
31086,constant,,wd:Q6581072,add_object,2,898,898
32653,constant,,wd:Q6581097,add_object,2,3590,3590
87693,constant,,wd:Q6582,add_object,2,1,1
44674,constant,,wd:Q6587194,add_object,2,1,1
83946,constant,,wd:Q6596,add_object,2,1,1
78405,constant,,wd:Q6602,add_object,2,3,3
75371,constant,,wd:Q6607,add_object,2,1,1
84341,constant,,wd:Q6616,add_object,2,1,1
76320,constant,,wd:Q6617100,add_object,2,1,1
84170,constant,,wd:Q6625,add_object,2,1,1
84932,constant,,wd:Q6627746,add_object,2,1,1
89602,constant,,wd:Q662914,add_object,2,2,2
81063,constant,,wd:Q662985,add_object,2,1,1
49265,constant,,wd:Q663314,add_object,2,5,5
47912,constant,,wd:Q66344,add_object,2,1,1
32848,constant,,wd:Q6636,add_object,2,6,6
31033,constant,,wd:Q664,add_object,2,125,125
82569,constant,,wd:Q664835,add_object,2,1,1
36617,constant,,wd:Q665487,add_object,2,1,1
36173,constant,,wd:Q6655,add_object,2,16,16
84245,constant,,wd:Q666063,add_object,2,32,32
37944,constant,,wd:Q6665249,add_object,2,9,9
42781,constant,,wd:Q667509,add_object,2,21,21
32036,constant,,wd:Q668,add_object,2,164,164
94967,constant,,wd:Q671384,add_object,2,71,71
41431,constant,,wd:Q6723368,add_object,2,1,1
79498,constant,,wd:Q677191,add_object,2,3,3
86848,constant,,wd:Q6784672,add_object,2,1,1
36274,constant,,wd:Q679527,add_object,2,9,9
30180,constant,,wd:Q682943,add_object,2,2,2
76611,constant,,wd:Q683,add_object,2,1,1
86249,constant,,wd:Q685309,add_object,2,1,1
76613,constant,,wd:Q686,add_object,2,4,4
44718,constant,,wd:Q687312,add_object,2,1,1
74520,constant,,wd:Q6881511,add_object,2,9,9
31173,constant,,wd:Q68947,add_object,2,401,401
83360,constant,,wd:Q6895044,add_object,2,2,2
49106,constant,,wd:Q691,add_object,2,2,2
45743,constant,,wd:Q6933946,add_object,2,2,2
80046,constant,,wd:Q694,add_object,2,3,3
82583,constant,,wd:Q694372,add_object,2,1,1
46366,constant,,wd:Q6975221,add_object,2,2,2
48749,constant,,wd:Q6979593,add_object,2,6,6
46120,constant,,wd:Q70,add_object,2,12,12
42892,constant,,wd:Q700222,add_object,2,30,30
81808,constant,,wd:Q7003,add_object,2,2,2
80032,constant,,wd:Q701,add_object,2,1,1
44066,constant,,wd:Q70208,add_object,2,47,47
49750,constant,,wd:Q702842,add_object,2,2,2
96011,constant,,wd:Q705551,add_object,2,35,35
34310,constant,,wd:Q7058673,add_object,2,19,19
36922,constant,,wd:Q70695,add_object,2,1,1
33173,constant,,wd:Q7075,add_object,2,8,8
75576,constant,,wd:Q707813,add_object,2,132,132
29905,constant,,wd:Q708676,add_object,2,1,1
32450,constant,,wd:Q709,add_object,2,2,2
85708,constant,,wd:Q710,add_object,2,1,1
38236,constant,,wd:Q7126717,add_object,2,2,2
81835,constant,,wd:Q7128792,add_object,2,1,1
41481,constant,,wd:Q7136012,add_object,2,1,1
78532,constant,,wd:Q713623,add_object,2,1,1
75247,constant,,wd:Q7140664,add_object,2,1,1
83435,constant,,wd:Q715301,add_object,2,2,2
76854,constant,,wd:Q7156,add_object,2,1,1
40827,constant,,wd:Q716132,add_object,2,2,2
46084,constant,,wd:Q717,add_object,2,132,132
43517,constant,,wd:Q7184903,add_object,2,2,2
29916,constant,,wd:Q7187,add_object,2,3091,3091
32443,constant,,wd:Q7188,add_object,2,1,1
31470,constant,,wd:Q7189713,add_object,2,2,2
38622,constant,,wd:Q7194062,add_object,2,1,1
31150,constant,,wd:Q719456,add_object,2,3,3
45527,constant,,wd:Q719675,add_object,2,3,3
78535,constant,,wd:Q72,add_object,2,2,2
35687,constant,,wd:Q723849,add_object,2,1,1
45799,constant,,wd:Q7239,add_object,2,3,3
83698,constant,,wd:Q724,add_object,2,1,1
30850,constant,,wd:Q726,add_object,2,2,2
45310,constant,,wd:Q7269,add_object,2,3,3
76004,constant,,wd:Q727,add_object,2,1,1
45309,constant,,wd:Q7270,add_object,2,3,3
31358,constant,,wd:Q7275,add_object,2,138,138
33977,constant,,wd:Q7278,add_object,2,135,135
94633,constant,,wd:Q727919,add_object,2,39,39
88704,constant,,wd:Q728904,add_object,2,2,2
32545,constant,,wd:Q728937,add_object,2,13,13
33534,constant,,wd:Q7291,add_object,2,25,25
77985,constant,,wd:Q730,add_object,2,1,1
47530,constant,,wd:Q730038,add_object,2,1,1
30708,constant,,wd:Q7302866,add_object,2,1,1
38752,constant,,wd:Q731126,add_object,2,1,1
95888,constant,,wd:Q7321974,add_object,2,76,76
30417,constant,,wd:Q732577,add_object,2,218,218
50011,constant,,wd:Q732717,add_object,2,1,1
83610,constant,,wd:Q7328910,add_object,2,3,3
76616,constant,,wd:Q733,add_object,2,1,1
49674,constant,,wd:Q7333457,add_object,2,1,1
85022,constant,,wd:Q734578,add_object,2,1,1
46707,constant,,wd:Q735188,add_object,2,9,9
89009,constant,,wd:Q735428,add_object,2,4035,4035
75558,constant,,wd:Q736,add_object,2,1,1
33378,constant,,wd:Q7365,add_object,2,2,2
33340,constant,,wd:Q7366,add_object,2,60,60
86672,constant,,wd:Q7367,add_object,2,2,2
88509,constant,,wd:Q7374509,add_object,2,37,37
38117,constant,,wd:Q737498,add_object,2,9,9
31979,constant,,wd:Q7378,add_object,2,1,1
80636,constant,,wd:Q7386,add_object,2,2,2
46085,constant,,wd:Q739,add_object,2,29,29
49100,constant,,wd:Q7391292,add_object,2,2,2
29830,constant,,wd:Q7397,add_object,2,5,5
35189,constant,,wd:Q7406919,add_object,2,1,1
40261,constant,,wd:Q7411,add_object,2,11,11
93776,constant,,wd:Q7415384,add_object,2,14,14
32109,constant,,wd:Q742421,add_object,2,2,2
46022,constant,,wd:Q743004,add_object,2,1,1
31172,constant,,wd:Q7432,add_object,2,7273,7273
48262,constant,,wd:Q744099,add_object,2,7,7
81065,constant,,wd:Q744598,add_object,2,2,2
41743,constant,,wd:Q7456120,add_object,2,1,1
48964,constant,,wd:Q746369,add_object,2,2,2
37136,constant,,wd:Q747074,add_object,2,333,333
83480,constant,,wd:Q748149,add_object,2,25,25
79476,constant,,wd:Q748211,add_object,2,4,4
40839,constant,,wd:Q748899,add_object,2,3,3
46086,constant,,wd:Q750,add_object,2,31,31
82497,constant,,wd:Q751876,add_object,2,75,75
84128,constant,,wd:Q752,add_object,2,1,1
80259,constant,,wd:Q7521081,add_object,2,6,6
33924,constant,,wd:Q752783,add_object,2,3,3
48065,constant,,wd:Q753110,add_object,2,19,19
79087,constant,,wd:Q753219,add_object,2,1,1
81066,constant,,wd:Q753289,add_object,2,5,5
30312,constant,,wd:Q755707,add_object,2,3,3
89219,constant,,wd:Q756082,add_object,2,3,3
84444,constant,,wd:Q756617,add_object,2,3,3
41749,constant,,wd:Q7576582,add_object,2,1,1
30948,constant,,wd:Q759421,add_object,2,1,1
41758,constant,,wd:Q7617621,add_object,2,1,1
87707,constant,,wd:Q7618284,add_object,2,37,37
49582,constant,,wd:Q764,add_object,2,2,2
93567,constant,,wd:Q764876,add_object,2,5,5
40844,constant,,wd:Q765547,add_object,2,2,2
31495,constant,,wd:Q767728,add_object,2,112,112
94195,constant,,wd:Q768519,add_object,2,35,35
85378,constant,,wd:Q768717,add_object,2,1,1
46089,constant,,wd:Q77,add_object,2,8,8
80047,constant,,wd:Q770,add_object,2,3,3
79344,constant,,wd:Q771,add_object,2,29,29
40847,constant,,wd:Q771526,add_object,2,1,1
36503,constant,,wd:Q7725310,add_object,2,1,1
36191,constant,,wd:Q7725634,add_object,2,75,75
74305,constant,,wd:Q7737,add_object,2,2,2
81465,constant,,wd:Q775,add_object,2,3,3
40851,constant,,wd:Q775899,add_object,2,3,3
80048,constant,,wd:Q776,add_object,2,1,1
40853,constant,,wd:Q777327,add_object,2,1,1
44004,constant,,wd:Q7777570,add_object,2,1,1
76620,constant,,wd:Q778,add_object,2,11,11
76291,constant,,wd:Q779,add_object,2,10,10
76622,constant,,wd:Q783,add_object,2,5,5
33906,constant,,wd:Q783794,add_object,2,9,9
77022,constant,,wd:Q784,add_object,2,1,1
76623,constant,,wd:Q786,add_object,2,1,1
80692,constant,,wd:Q786820,add_object,2,14,14
83306,constant,,wd:Q7880,add_object,2,2,2
30604,constant,,wd:Q7889,add_object,2,111,111
46039,constant,,wd:Q789447,add_object,2,4,4
46064,constant,,wd:Q79,add_object,2,4,4
38401,constant,,wd:Q79007,add_object,2,1882,1882
46087,constant,,wd:Q792,add_object,2,11,11
37925,constant,,wd:Q794,add_object,2,153,153
30823,constant,,wd:Q7944,add_object,2,1,1
96132,constant,,wd:Q795228,add_object,2,61,61
32800,constant,,wd:Q79529,add_object,2,7,7
46062,constant,,wd:Q796,add_object,2,1,1
44106,constant,,wd:Q79602,add_object,2,1,1
39080,constant,,wd:Q797,add_object,2,1,1
39783,constant,,wd:Q79913,add_object,2,4,4
46074,constant,,wd:Q801,add_object,2,23,23
82226,constant,,wd:Q80296,add_object,2,4,4
82227,constant,,wd:Q80305,add_object,2,1,1
46088,constant,,wd:Q804,add_object,2,10,10
77162,constant,,wd:Q804311,add_object,2,1,1
41801,constant,,wd:Q8043893,add_object,2,1,1
38299,constant,,wd:Q8047,add_object,2,3,3
76265,constant,,wd:Q805,add_object,2,13,13
35546,constant,,wd:Q8054,add_object,2,1887,1887
34029,constant,,wd:Q8072,add_object,2,4,4
31376,constant,,wd:Q8076,add_object,2,7,7
48283,constant,,wd:Q808462,add_object,2,8,8
35788,constant,,wd:Q809,add_object,2,1,1
82838,constant,,wd:Q80955,add_object,2,1,1
40857,constant,,wd:Q809586,add_object,2,1,1
37892,constant,,wd:Q810,add_object,2,1,1
76909,constant,,wd:Q81096,add_object,2,1,1
76625,constant,,wd:Q811,add_object,2,8,8
81725,constant,,wd:Q811165,add_object,2,1,1
79429,constant,,wd:Q81137,add_object,2,4,4
30630,constant,,wd:Q811430,add_object,2,17,17
48287,constant,,wd:Q811534,add_object,2,7,7
31923,constant,,wd:Q811979,add_object,2,605,605
74484,constant,,wd:Q812,add_object,2,11,11
38754,constant,,wd:Q812285,add_object,2,135,135
46075,constant,,wd:Q813,add_object,2,1,1
31115,constant,,wd:Q8142,add_object,2,2,2
36411,constant,,wd:Q8148,add_object,2,4,4
79444,constant,,wd:Q81513,add_object,2,1,1
88698,constant,,wd:Q815348,add_object,2,2,2
77431,constant,,wd:Q816,add_object,2,2,2
79445,constant,,wd:Q8162,add_object,2,1,1
79095,constant,,wd:Q81666,add_object,2,14,14
81592,constant,,wd:Q81725,add_object,2,1,1
41807,constant,,wd:Q8186572,add_object,2,1,1
33928,constant,,wd:Q8187769,add_object,2,1,1
81588,constant,,wd:Q81888,add_object,2,4,4
48990,constant,,wd:Q820477,add_object,2,3,3
32531,constant,,wd:Q8205328,add_object,2,1,1
84313,constant,,wd:Q82185,add_object,2,2,2
46076,constant,,wd:Q822,add_object,2,46,46
48066,constant,,wd:Q822146,add_object,2,5,5
30004,constant,,wd:Q8229,add_object,2,3600,3600
76504,constant,,wd:Q824,add_object,2,8,8
33464,constant,,wd:Q8261,add_object,2,30,30
33028,constant,,wd:Q8274,add_object,2,31,31
45363,constant,,wd:Q8274529,add_object,2,15,15
30243,constant,,wd:Q82794,add_object,2,8,8
31512,constant,,wd:Q82799,add_object,2,4,4
43925,constant,,wd:Q828,add_object,2,3,3
29975,constant,,wd:Q82955,add_object,2,112,112
86691,constant,,wd:Q83065,add_object,2,3,3
32665,constant,,wd:Q83267,add_object,2,1,1
74579,constant,,wd:Q833,add_object,2,19,19
31378,constant,,wd:Q83310,add_object,2,7,7
46353,constant,,wd:Q833670,add_object,2,1,1
35268,constant,,wd:Q833738,add_object,2,3,3
31526,constant,,wd:Q83405,add_object,2,61,61
35355,constant,,wd:Q8347,add_object,2,1,1
80132,constant,,wd:Q8356,add_object,2,1,1
82232,constant,,wd:Q835714,add_object,2,6,6
35610,constant,,wd:Q836,add_object,2,8,8
34121,constant,,wd:Q83620,add_object,2,6,6
36714,constant,,wd:Q836575,add_object,2,2,2
76628,constant,,wd:Q837,add_object,2,1,1
94316,constant,,wd:Q837089,add_object,2,23,23
82821,constant,,wd:Q8385,add_object,2,1,1
29966,constant,,wd:Q838948,add_object,2,22,22
40219,constant,,wd:Q839954,add_object,2,48,48
32159,constant,,wd:Q84,add_object,2,4,4
95993,constant,,wd:Q840886,add_object,2,30,30
78910,constant,,wd:Q8418,add_object,2,1,1
80586,constant,,wd:Q842112,add_object,2,161,161
30507,constant,,wd:Q842858,add_object,2,93,93
74580,constant,,wd:Q843,add_object,2,45,45
30464,constant,,wd:Q8436,add_object,2,16,16
86139,constant,,wd:Q844930,add_object,2,1,1
75099,constant,,wd:Q846,add_object,2,1,1
41823,constant,,wd:Q8464689,add_object,2,1,1
88510,constant,,wd:Q846659,add_object,2,3,3
30851,constant,,wd:Q847017,add_object,2,6,6
87524,constant,,wd:Q848313,add_object,2,20,20
43109,constant,,wd:Q848944,add_object,2,3,3
75272,constant,,wd:Q849697,add_object,2,3,3
43568,constant,,wd:Q849919,add_object,2,8,8
31350,constant,,wd:Q8502,add_object,2,366,366
40869,constant,,wd:Q850491,add_object,2,1,1
33646,constant,,wd:Q850730,add_object,2,8,8
74581,constant,,wd:Q851,add_object,2,24,24
88632,constant,,wd:Q852190,add_object,2,1,1
75278,constant,,wd:Q8531,add_object,2,1,1
76629,constant,,wd:Q854,add_object,2,11,11
75360,constant,,wd:Q855091,add_object,2,7,7
45332,constant,,wd:Q855697,add_object,2,29,29
96210,constant,,wd:Q855769,add_object,2,31,31
74789,constant,,wd:Q8567,add_object,2,1,1
46077,constant,,wd:Q858,add_object,2,23,23
88274,constant,,wd:Q858633,add_object,2,1,1
40871,constant,,wd:Q860112,add_object,2,2,2
32300,constant,,wd:Q860861,add_object,2,66,66
37241,constant,,wd:Q861184,add_object,2,2,2
80205,constant,,wd:Q861252,add_object,2,18,18
87956,constant,,wd:Q8613,add_object,2,1,1
44238,constant,,wd:Q861911,add_object,2,1,1
46078,constant,,wd:Q863,add_object,2,2,2
94452,constant,,wd:Q8639,add_object,2,1,1
37785,constant,,wd:Q864152,add_object,2,1,1
93648,constant,,wd:Q864221,add_object,2,8,8
32146,constant,,wd:Q865,add_object,2,3,3
94984,constant,,wd:Q866196,add_object,2,406,406
90569,constant,,wd:Q867727,add_object,2,13,13
44807,constant,,wd:Q8679,add_object,2,1,1
79549,constant,,wd:Q8682,add_object,2,2,2
48721,constant,,wd:Q868557,add_object,2,1,1
44941,constant,,wd:Q869,add_object,2,72,72
82577,constant,,wd:Q871419,add_object,2,35,35
42998,constant,,wd:Q87167,add_object,2,5,5
30042,constant,,wd:Q8719053,add_object,2,1,1
46079,constant,,wd:Q874,add_object,2,4,4
30454,constant,,wd:Q874405,add_object,2,1,1
83807,constant,,wd:Q8745,add_object,2,1,1
80971,constant,,wd:Q875538,add_object,2,5,5
82941,constant,,wd:Q8760,add_object,2,1,1
47896,constant,,wd:Q876730,add_object,2,1,1
41827,constant,,wd:Q8768491,add_object,2,1,1
81667,constant,,wd:Q877517,add_object,2,32,32
74961,constant,,wd:Q878,add_object,2,6,6
40265,constant,,wd:Q8785,add_object,2,1,1
42861,constant,,wd:Q879146,add_object,2,2,2
46080,constant,,wd:Q881,add_object,2,58,58
84653,constant,,wd:Q8810,add_object,2,1,1
43787,constant,,wd:Q884,add_object,2,13,13
44814,constant,,wd:Q8853,add_object,2,1,1
46081,constant,,wd:Q889,add_object,2,104,104
44820,constant,,wd:Q8910,add_object,2,1,1
84401,constant,,wd:Q891723,add_object,2,7,7
44822,constant,,wd:Q8918,add_object,2,12,12
44824,constant,,wd:Q8921,add_object,2,4,4
44536,constant,,wd:Q895526,add_object,2,1,1
94235,constant,,wd:Q896734,add_object,2,78,78
46284,constant,,wd:Q899409,add_object,2,2,2
89838,constant,,wd:Q899523,add_object,2,3,3
44455,constant,,wd:Q90,add_object,2,6,6
41641,constant,,wd:Q9005036,add_object,2,1,1
82946,constant,,wd:Q901402,add_object,2,1,1
37628,constant,,wd:Q902,add_object,2,18,18
79460,constant,,wd:Q902104,add_object,2,3,3
88501,constant,,wd:Q9022830,add_object,2,1,1
41660,constant,,wd:Q9055681,add_object,2,1,1
82079,constant,,wd:Q9063,add_object,2,1,1
82135,constant,,wd:Q9078,add_object,2,1,1
43510,constant,,wd:Q9081,add_object,2,2,2
75100,constant,,wd:Q912,add_object,2,3,3
84418,constant,,wd:Q913073,add_object,2,1,1
35019,constant,,wd:Q913415,add_object,2,17,17
49020,constant,,wd:Q9135,add_object,2,1,1
46723,constant,,wd:Q913672,add_object,2,8,8
33253,constant,,wd:Q9143,add_object,2,4,4
49028,constant,,wd:Q915603,add_object,2,21,21
37484,constant,,wd:Q916,add_object,2,57,57
49014,constant,,wd:Q916333,add_object,2,566,566
36435,constant,,wd:Q916620,add_object,2,258,258
31379,constant,,wd:Q91703,add_object,2,1,1
31451,constant,,wd:Q9174,add_object,2,1,1
92525,constant,,wd:Q919631,add_object,2,3,3
75101,constant,,wd:Q921,add_object,2,3,3
76545,constant,,wd:Q923,add_object,2,1,1
74785,constant,,wd:Q924,add_object,2,7,7
32546,constant,,wd:Q924286,add_object,2,1,1
82088,constant,,wd:Q925381,add_object,2,8,8
44827,constant,,wd:Q9256,add_object,2,1,1
36018,constant,,wd:Q9259,add_object,2,19,19
85164,constant,,wd:Q927541,add_object,2,1,1
40258,constant,,wd:Q928,add_object,2,70,70
79899,constant,,wd:Q928830,add_object,2,22,22
77987,constant,,wd:Q929,add_object,2,2,2
92412,constant,,wd:Q929833,add_object,2,1,1
87525,constant,,wd:Q93184,add_object,2,147,147
45126,constant,,wd:Q93204,add_object,2,1,1
87705,constant,,wd:Q9331,add_object,2,1,1
86393,constant,,wd:Q93716,add_object,2,1,1
31671,constant,,wd:Q937857,add_object,2,59,59
43168,constant,,wd:Q939743,add_object,2,15,15
81898,constant,,wd:Q941049,add_object,2,3,3
37331,constant,,wd:Q9430,add_object,2,2,2
40898,constant,,wd:Q945272,add_object,2,1,1
33526,constant,,wd:Q948,add_object,2,3,3
30069,constant,,wd:Q95074,add_object,2,24,24
37485,constant,,wd:Q953,add_object,2,6,6
76630,constant,,wd:Q954,add_object,2,14,14
82150,constant,,wd:Q955824,add_object,2,9,9
77989,constant,,wd:Q958,add_object,2,19,19
87256,constant,,wd:Q9580,add_object,2,1,1
35676,constant,,wd:Q9588,add_object,2,2,2
46138,constant,,wd:Q9592,add_object,2,3,3
40905,constant,,wd:Q959222,add_object,2,1,1
37258,constant,,wd:Q96,add_object,2,299,299
40906,constant,,wd:Q960200,add_object,2,1,1
41681,constant,,wd:Q9613453,add_object,2,1,1
37486,constant,,wd:Q962,add_object,2,5,5
34490,constant,,wd:Q9620,add_object,2,4,4
37487,constant,,wd:Q963,add_object,2,6,6
35688,constant,,wd:Q963099,add_object,2,4,4
37488,constant,,wd:Q965,add_object,2,3,3
87772,constant,,wd:Q965568,add_object,2,6,6
77990,constant,,wd:Q967,add_object,2,1,1
48127,constant,,wd:Q9676,add_object,2,1,1
83592,constant,,wd:Q968159,add_object,2,106,106
45072,constant,,wd:Q970153,add_object,2,1,1
77991,constant,,wd:Q971,add_object,2,2,2
80034,constant,,wd:Q972,add_object,2,2,2
95139,constant,,wd:Q973011,add_object,2,1,1
40911,constant,,wd:Q973314,add_object,2,1,1
75102,constant,,wd:Q974,add_object,2,4,4
40912,constant,,wd:Q975998,add_object,2,11,11
44581,constant,,wd:Q9779,add_object,2,4,4
87136,constant,,wd:Q9788,add_object,2,1,1
37589,constant,,wd:Q98,add_object,2,1,1
74324,constant,,wd:Q9826,add_object,2,16,16
86897,constant,,wd:Q9842,add_object,2,1,1
88474,constant,,wd:Q985488,add_object,2,894,894
92096,constant,,wd:Q986065,add_object,2,893,893
76021,constant,,wd:Q9899,add_object,2,2,2
74792,constant,,wd:Q99,add_object,2,13,13
44124,constant,,wd:Q99775,add_object,2,15,15
44552,constant,,wd:Q99974,add_object,2,1,1
74195,role,subject,,add_object,2,93825,93825
74215,role,object,,add_object,2,14636,14638
89881,role,other_subject,,add_object,2,0,0
74197,role,other_object,,add_object,2,1776,1778
0,none,NONE,,add_object,2,473907,473907
,unrepresentable_summary_not_a_V1_class,,,add_object,2,0,71312
89201,constant,,iri:https://www.mos.ru/,del_subject,3,0,0
74625,constant,,"lit:""0""^^<http://www.w3.org/2001/XMLSchema#decimal>",del_subject,3,0,0
77355,constant,,"lit:""0100-01-01T00:00:00Z""^^<http://www.w3.org/2001/XMLSchema#dateTime>",del_subject,3,0,0
79172,constant,,"lit:""0800-00-00T00:00:00Z""^^<http://www.w3.org/2001/XMLSchema#dateTime>",del_subject,3,0,0
74250,constant,,"lit:""1""^^<http://www.w3.org/2001/XMLSchema#decimal>",del_subject,3,0,0
93263,constant,,"lit:""1.1.1.-""",del_subject,3,0,0
91459,constant,,"lit:""1.3.1.-""",del_subject,3,0,0
76313,constant,,"lit:""10""^^<http://www.w3.org/2001/XMLSchema#decimal>",del_subject,3,0,0
75498,constant,,"lit:""100""^^<http://www.w3.org/2001/XMLSchema#decimal>",del_subject,3,0,0
93609,constant,,"lit:""100.000.767""",del_subject,3,0,0
93505,constant,,"lit:""100.010.656""",del_subject,3,0,0
92677,constant,,"lit:""100.011.482""",del_subject,3,0,0
92113,constant,,"lit:""100.058.440""",del_subject,3,0,0
76489,constant,,"lit:""101""^^<http://www.w3.org/2001/XMLSchema#decimal>",del_subject,3,0,0
75311,constant,,"lit:""102""^^<http://www.w3.org/2001/XMLSchema#decimal>",del_subject,3,0,0
76782,constant,,"lit:""108""^^<http://www.w3.org/2001/XMLSchema#decimal>",del_subject,3,0,0
75438,constant,,"lit:""11""^^<http://www.w3.org/2001/XMLSchema#decimal>",del_subject,3,0,0
77050,constant,,"lit:""110""^^<http://www.w3.org/2001/XMLSchema#decimal>",del_subject,3,0,0
76278,constant,,"lit:""111""^^<http://www.w3.org/2001/XMLSchema#decimal>",del_subject,3,0,0
77214,constant,,"lit:""114""^^<http://www.w3.org/2001/XMLSchema#decimal>",del_subject,3,0,0
75018,constant,,"lit:""115""^^<http://www.w3.org/2001/XMLSchema#decimal>",del_subject,3,0,0
79985,constant,,"lit:""116""^^<http://www.w3.org/2001/XMLSchema#decimal>",del_subject,3,0,0
75775,constant,,"lit:""117""^^<http://www.w3.org/2001/XMLSchema#decimal>",del_subject,3,0,0
76563,constant,,"lit:""12""^^<http://www.w3.org/2001/XMLSchema#decimal>",del_subject,3,0,0
75054,constant,,"lit:""120""^^<http://www.w3.org/2001/XMLSchema#decimal>",del_subject,3,0,0
87500,constant,,"lit:""1200-01-01T00:00:00Z""^^<http://www.w3.org/2001/XMLSchema#dateTime>",del_subject,3,0,0
81605,constant,,"lit:""124""^^<http://www.w3.org/2001/XMLSchema#decimal>",del_subject,3,0,0
82964,constant,,"lit:""126""^^<http://www.w3.org/2001/XMLSchema#decimal>",del_subject,3,0,0
74486,constant,,"lit:""127""^^<http://www.w3.org/2001/XMLSchema#decimal>",del_subject,3,0,0
74627,constant,,"lit:""13""^^<http://www.w3.org/2001/XMLSchema#decimal>",del_subject,3,0,0
76457,constant,,"lit:""130""^^<http://www.w3.org/2001/XMLSchema#decimal>",del_subject,3,0,0
78145,constant,,"lit:""131""^^<http://www.w3.org/2001/XMLSchema#decimal>",del_subject,3,0,0
79403,constant,,"lit:""134""^^<http://www.w3.org/2001/XMLSchema#decimal>",del_subject,3,0,0
81297,constant,,"lit:""135""^^<http://www.w3.org/2001/XMLSchema#decimal>",del_subject,3,0,0
76780,constant,,"lit:""138""^^<http://www.w3.org/2001/XMLSchema#decimal>",del_subject,3,0,0
75256,constant,,"lit:""139""^^<http://www.w3.org/2001/XMLSchema#decimal>",del_subject,3,0,0
77755,constant,,"lit:""14""^^<http://www.w3.org/2001/XMLSchema#decimal>",del_subject,3,0,0
75260,constant,,"lit:""145""^^<http://www.w3.org/2001/XMLSchema#decimal>",del_subject,3,0,0
77550,constant,,"lit:""15""^^<http://www.w3.org/2001/XMLSchema#decimal>",del_subject,3,0,0
81308,constant,,"lit:""150""^^<http://www.w3.org/2001/XMLSchema#decimal>",del_subject,3,0,0
80689,constant,,"lit:""1500-00-00T00:00:00Z""^^<http://www.w3.org/2001/XMLSchema#dateTime>",del_subject,3,0,0
81868,constant,,"lit:""1500-01-01T00:00:00Z""^^<http://www.w3.org/2001/XMLSchema#dateTime>",del_subject,3,0,0
80800,constant,,"lit:""155""^^<http://www.w3.org/2001/XMLSchema#decimal>",del_subject,3,0,0
74692,constant,,"lit:""16""^^<http://www.w3.org/2001/XMLSchema#decimal>",del_subject,3,0,0
84321,constant,,"lit:""1600-00-00T00:00:00Z""^^<http://www.w3.org/2001/XMLSchema#dateTime>",del_subject,3,0,0
76270,constant,,"lit:""162""^^<http://www.w3.org/2001/XMLSchema#decimal>",del_subject,3,0,0
86309,constant,,"lit:""1620-01-01T00:00:00Z""^^<http://www.w3.org/2001/XMLSchema#dateTime>",del_subject,3,0,0
84559,constant,,"lit:""1626-01-01T00:00:00Z""^^<http://www.w3.org/2001/XMLSchema#dateTime>",del_subject,3,0,0
87903,constant,,"lit:""1650-01-01T00:00:00Z""^^<http://www.w3.org/2001/XMLSchema#dateTime>",del_subject,3,0,0
74505,constant,,"lit:""167""^^<http://www.w3.org/2001/XMLSchema#decimal>",del_subject,3,0,0
83455,constant,,"lit:""17""",del_subject,3,0,0
76506,constant,,"lit:""17""^^<http://www.w3.org/2001/XMLSchema#decimal>",del_subject,3,0,0
76289,constant,,"lit:""170""^^<http://www.w3.org/2001/XMLSchema#decimal>",del_subject,3,0,0
84417,constant,,"lit:""1700-00-00T00:00:00Z""^^<http://www.w3.org/2001/XMLSchema#dateTime>",del_subject,3,0,0
76492,constant,,"lit:""174""^^<http://www.w3.org/2001/XMLSchema#decimal>",del_subject,3,0,0
88873,constant,,"lit:""1750-01-01T00:00:00Z""^^<http://www.w3.org/2001/XMLSchema#dateTime>",del_subject,3,0,0
84035,constant,,"lit:""1754-01-01T00:00:00Z""^^<http://www.w3.org/2001/XMLSchema#dateTime>",del_subject,3,0,0
79646,constant,,"lit:""176""^^<http://www.w3.org/2001/XMLSchema#decimal>",del_subject,3,0,0
84991,constant,,"lit:""1761-01-01T00:00:00Z""^^<http://www.w3.org/2001/XMLSchema#dateTime>",del_subject,3,0,0
79438,constant,,"lit:""1763""",del_subject,3,0,0
83843,constant,,"lit:""1763-01-01T00:00:00Z""^^<http://www.w3.org/2001/XMLSchema#dateTime>",del_subject,3,0,0
77485,constant,,"lit:""1766-01-01T00:00:00Z""^^<http://www.w3.org/2001/XMLSchema#dateTime>",del_subject,3,0,0
85825,constant,,"lit:""1769-01-01T00:00:00Z""^^<http://www.w3.org/2001/XMLSchema#dateTime>",del_subject,3,0,0
75405,constant,,"lit:""177""^^<http://www.w3.org/2001/XMLSchema#decimal>",del_subject,3,0,0
85922,constant,,"lit:""1770-01-01T00:00:00Z""^^<http://www.w3.org/2001/XMLSchema#dateTime>",del_subject,3,0,0
81890,constant,,"lit:""1777-01-01T00:00:00Z""^^<http://www.w3.org/2001/XMLSchema#dateTime>",del_subject,3,0,0
82123,constant,,"lit:""1780-01-01T00:00:00Z""^^<http://www.w3.org/2001/XMLSchema#dateTime>",del_subject,3,0,0
85585,constant,,"lit:""1785-01-01T00:00:00Z""^^<http://www.w3.org/2001/XMLSchema#dateTime>",del_subject,3,0,0
83863,constant,,"lit:""1789-01-01T00:00:00Z""^^<http://www.w3.org/2001/XMLSchema#dateTime>",del_subject,3,0,0
87248,constant,,"lit:""1790-01-01T00:00:00Z""^^<http://www.w3.org/2001/XMLSchema#dateTime>",del_subject,3,0,0
86017,constant,,"lit:""1793-01-01T00:00:00Z""^^<http://www.w3.org/2001/XMLSchema#dateTime>",del_subject,3,0,0
85133,constant,,"lit:""1795-01-01T00:00:00Z""^^<http://www.w3.org/2001/XMLSchema#dateTime>",del_subject,3,0,0
88726,constant,,"lit:""1797-01-01T00:00:00Z""^^<http://www.w3.org/2001/XMLSchema#dateTime>",del_subject,3,0,0
74621,constant,,"lit:""18""^^<http://www.w3.org/2001/XMLSchema#decimal>",del_subject,3,0,0
75758,constant,,"lit:""180""^^<http://www.w3.org/2001/XMLSchema#decimal>",del_subject,3,0,0
84639,constant,,"lit:""1800-01-01T00:00:00Z""^^<http://www.w3.org/2001/XMLSchema#dateTime>",del_subject,3,0,0
79151,constant,,"lit:""1802-01-01T00:00:00Z""^^<http://www.w3.org/2001/XMLSchema#dateTime>",del_subject,3,0,0
83842,constant,,"lit:""1805-01-01T00:00:00Z""^^<http://www.w3.org/2001/XMLSchema#dateTime>",del_subject,3,0,0
86871,constant,,"lit:""1806-01-01T00:00:00Z""^^<http://www.w3.org/2001/XMLSchema#dateTime>",del_subject,3,0,0
77655,constant,,"lit:""1809-01-01T00:00:00Z""^^<http://www.w3.org/2001/XMLSchema#dateTime>",del_subject,3,0,0
82892,constant,,"lit:""1810-01-01T00:00:00Z""^^<http://www.w3.org/2001/XMLSchema#dateTime>",del_subject,3,0,0
85153,constant,,"lit:""1813-01-01T00:00:00Z""^^<http://www.w3.org/2001/XMLSchema#dateTime>",del_subject,3,0,0
76467,constant,,"lit:""1814-01-01T00:00:00Z""^^<http://www.w3.org/2001/XMLSchema#dateTime>",del_subject,3,0,0
84602,constant,,"lit:""1815-01-01T00:00:00Z""^^<http://www.w3.org/2001/XMLSchema#dateTime>",del_subject,3,0,0
81682,constant,,"lit:""1816-01-01T00:00:00Z""^^<http://www.w3.org/2001/XMLSchema#dateTime>",del_subject,3,0,0
76963,constant,,"lit:""1819-01-01T00:00:00Z""^^<http://www.w3.org/2001/XMLSchema#dateTime>",del_subject,3,0,0
78914,constant,,"lit:""182""^^<http://www.w3.org/2001/XMLSchema#decimal>",del_subject,3,0,0
78521,constant,,"lit:""1821-01-01T00:00:00Z""^^<http://www.w3.org/2001/XMLSchema#dateTime>",del_subject,3,0,0
82798,constant,,"lit:""1822-01-01T00:00:00Z""^^<http://www.w3.org/2001/XMLSchema#dateTime>",del_subject,3,0,0
79425,constant,,"lit:""1824-01-01T00:00:00Z""^^<http://www.w3.org/2001/XMLSchema#dateTime>",del_subject,3,0,0
84621,constant,,"lit:""1825-01-01T00:00:00Z""^^<http://www.w3.org/2001/XMLSchema#dateTime>",del_subject,3,0,0
85573,constant,,"lit:""1826-01-01T00:00:00Z""^^<http://www.w3.org/2001/XMLSchema#dateTime>",del_subject,3,0,0
80966,constant,,"lit:""1830-00-00T00:00:00Z""^^<http://www.w3.org/2001/XMLSchema#dateTime>",del_subject,3,0,0
78786,constant,,"lit:""1831-01-01T00:00:00Z""^^<http://www.w3.org/2001/XMLSchema#dateTime>",del_subject,3,0,0
82336,constant,,"lit:""1832-01-01T00:00:00Z""^^<http://www.w3.org/2001/XMLSchema#dateTime>",del_subject,3,0,0
82969,constant,,"lit:""1836-01-01T00:00:00Z""^^<http://www.w3.org/2001/XMLSchema#dateTime>",del_subject,3,0,0
79430,constant,,"lit:""1837-01-01T00:00:00Z""^^<http://www.w3.org/2001/XMLSchema#dateTime>",del_subject,3,0,0
82690,constant,,"lit:""1840-00-00T00:00:00Z""^^<http://www.w3.org/2001/XMLSchema#dateTime>",del_subject,3,0,0
80049,constant,,"lit:""1840-01-01T00:00:00Z""^^<http://www.w3.org/2001/XMLSchema#dateTime>",del_subject,3,0,0
84605,constant,,"lit:""1841-01-01T00:00:00Z""^^<http://www.w3.org/2001/XMLSchema#dateTime>",del_subject,3,0,0
74720,constant,,"lit:""1842-01-01T00:00:00Z""^^<http://www.w3.org/2001/XMLSchema#dateTime>",del_subject,3,0,0
85117,constant,,"lit:""1845-00-00T00:00:00Z""^^<http://www.w3.org/2001/XMLSchema#dateTime>",del_subject,3,0,0
82615,constant,,"lit:""1845-01-01T00:00:00Z""^^<http://www.w3.org/2001/XMLSchema#dateTime>",del_subject,3,0,0
85752,constant,,"lit:""1846-00-00T00:00:00Z""^^<http://www.w3.org/2001/XMLSchema#dateTime>",del_subject,3,0,0
84433,constant,,"lit:""1847-01-01T00:00:00Z""^^<http://www.w3.org/2001/XMLSchema#dateTime>",del_subject,3,0,0
87312,constant,,"lit:""1849-00-00T00:00:00Z""^^<http://www.w3.org/2001/XMLSchema#dateTime>",del_subject,3,0,0
80746,constant,,"lit:""1849-01-01T00:00:00Z""^^<http://www.w3.org/2001/XMLSchema#dateTime>",del_subject,3,0,0
84301,constant,,"lit:""1850-00-00T00:00:00Z""^^<http://www.w3.org/2001/XMLSchema#dateTime>",del_subject,3,0,0
80112,constant,,"lit:""1850-01-01T00:00:00Z""^^<http://www.w3.org/2001/XMLSchema#dateTime>",del_subject,3,0,0
85376,constant,,"lit:""1851-00-00T00:00:00Z""^^<http://www.w3.org/2001/XMLSchema#dateTime>",del_subject,3,0,0
78547,constant,,"lit:""1853-01-01T00:00:00Z""^^<http://www.w3.org/2001/XMLSchema#dateTime>",del_subject,3,0,0
76863,constant,,"lit:""1854-00-00T00:00:00Z""^^<http://www.w3.org/2001/XMLSchema#dateTime>",del_subject,3,0,0
75411,constant,,"lit:""1854-01-01T00:00:00Z""^^<http://www.w3.org/2001/XMLSchema#dateTime>",del_subject,3,0,0
86968,constant,,"lit:""1857-00-00T00:00:00Z""^^<http://www.w3.org/2001/XMLSchema#dateTime>",del_subject,3,0,0
80762,constant,,"lit:""1857-01-01T00:00:00Z""^^<http://www.w3.org/2001/XMLSchema#dateTime>",del_subject,3,0,0
74349,constant,,"lit:""1858-01-01T00:00:00Z""^^<http://www.w3.org/2001/XMLSchema#dateTime>",del_subject,3,0,0
83081,constant,,"lit:""186""^^<http://www.w3.org/2001/XMLSchema#decimal>",del_subject,3,0,0
79384,constant,,"lit:""1860-01-01T00:00:00Z""^^<http://www.w3.org/2001/XMLSchema#dateTime>",del_subject,3,0,0
82155,constant,,"lit:""1860-01-17T00:00:00Z""^^<http://www.w3.org/2001/XMLSchema#dateTime>",del_subject,3,0,0
86675,constant,,"lit:""1861-00-00T00:00:00Z""^^<http://www.w3.org/2001/XMLSchema#dateTime>",del_subject,3,0,0
80181,constant,,"lit:""1861-01-01T00:00:00Z""^^<http://www.w3.org/2001/XMLSchema#dateTime>",del_subject,3,0,0
77359,constant,,"lit:""1865-01-01T00:00:00Z""^^<http://www.w3.org/2001/XMLSchema#dateTime>",del_subject,3,0,0
76561,constant,,"lit:""1867-01-01T00:00:00Z""^^<http://www.w3.org/2001/XMLSchema#dateTime>",del_subject,3,0,0
76664,constant,,"lit:""1868-01-01T00:00:00Z""^^<http://www.w3.org/2001/XMLSchema#dateTime>",del_subject,3,0,0
85361,constant,,"lit:""1870-00-00T00:00:00Z""^^<http://www.w3.org/2001/XMLSchema#dateTime>",del_subject,3,0,0
75693,constant,,"lit:""1871-01-01T00:00:00Z""^^<http://www.w3.org/2001/XMLSchema#dateTime>",del_subject,3,0,0
78798,constant,,"lit:""1872-00-00T00:00:00Z""^^<http://www.w3.org/2001/XMLSchema#dateTime>",del_subject,3,0,0
80491,constant,,"lit:""1872-01-01T00:00:00Z""^^<http://www.w3.org/2001/XMLSchema#dateTime>",del_subject,3,0,0
79388,constant,,"lit:""1873-01-01T00:00:00Z""^^<http://www.w3.org/2001/XMLSchema#dateTime>",del_subject,3,0,0
82103,constant,,"lit:""1874-00-00T00:00:00Z""^^<http://www.w3.org/2001/XMLSchema#dateTime>",del_subject,3,0,0
80212,constant,,"lit:""1874-01-01T00:00:00Z""^^<http://www.w3.org/2001/XMLSchema#dateTime>",del_subject,3,0,0
85398,constant,,"lit:""1875-00-00T00:00:00Z""^^<http://www.w3.org/2001/XMLSchema#dateTime>",del_subject,3,0,0
82897,constant,,"lit:""1875-01-01T00:00:00Z""^^<http://www.w3.org/2001/XMLSchema#dateTime>",del_subject,3,0,0
83531,constant,,"lit:""1876-00-00T00:00:00Z""^^<http://www.w3.org/2001/XMLSchema#dateTime>",del_subject,3,0,0
83601,constant,,"lit:""1877-00-00T00:00:00Z""^^<http://www.w3.org/2001/XMLSchema#dateTime>",del_subject,3,0,0
82403,constant,,"lit:""1877-01-01T00:00:00Z""^^<http://www.w3.org/2001/XMLSchema#dateTime>",del_subject,3,0,0
79108,constant,,"lit:""1880-00-00T00:00:00Z""^^<http://www.w3.org/2001/XMLSchema#dateTime>",del_subject,3,0,0
78823,constant,,"lit:""1881-00-00T00:00:00Z""^^<http://www.w3.org/2001/XMLSchema#dateTime>",del_subject,3,0,0
77486,constant,,"lit:""1883-01-01T00:00:00Z""^^<http://www.w3.org/2001/XMLSchema#dateTime>",del_subject,3,0,0
74986,constant,,"lit:""1885-00-00T00:00:00Z""^^<http://www.w3.org/2001/XMLSchema#dateTime>",del_subject,3,0,0
80157,constant,,"lit:""1886-01-01T00:00:00Z""^^<http://www.w3.org/2001/XMLSchema#dateTime>",del_subject,3,0,0
76850,constant,,"lit:""1887-00-00T00:00:00Z""^^<http://www.w3.org/2001/XMLSchema#dateTime>",del_subject,3,0,0
80163,constant,,"lit:""1887-01-01T00:00:00Z""^^<http://www.w3.org/2001/XMLSchema#dateTime>",del_subject,3,0,0
78827,constant,,"lit:""1888-01-01T00:00:00Z""^^<http://www.w3.org/2001/XMLSchema#dateTime>",del_subject,3,0,0
76888,constant,,"lit:""1889-00-00T00:00:00Z""^^<http://www.w3.org/2001/XMLSchema#dateTime>",del_subject,3,0,0
79004,constant,,"lit:""1891-01-01T00:00:00Z""^^<http://www.w3.org/2001/XMLSchema#dateTime>",del_subject,3,0,0
79343,constant,,"lit:""1892-00-00T00:00:00Z""^^<http://www.w3.org/2001/XMLSchema#dateTime>",del_subject,3,0,0
84320,constant,,"lit:""1892-01-01T00:00:00Z""^^<http://www.w3.org/2001/XMLSchema#dateTime>",del_subject,3,0,0
75402,constant,,"lit:""1893-01-01T00:00:00Z""^^<http://www.w3.org/2001/XMLSchema#dateTime>",del_subject,3,0,0
76950,constant,,"lit:""1894-01-01T00:00:00Z""^^<http://www.w3.org/2001/XMLSchema#dateTime>",del_subject,3,0,0
83452,constant,,"lit:""1895-01-01T00:00:00Z""^^<http://www.w3.org/2001/XMLSchema#dateTime>",del_subject,3,0,0
79599,constant,,"lit:""1896-01-01T00:00:00Z""^^<http://www.w3.org/2001/XMLSchema#dateTime>",del_subject,3,0,0
83442,constant,,"lit:""1897-00-00T00:00:00Z""^^<http://www.w3.org/2001/XMLSchema#dateTime>",del_subject,3,0,0
75346,constant,,"lit:""1897-01-01T00:00:00Z""^^<http://www.w3.org/2001/XMLSchema#dateTime>",del_subject,3,0,0
75399,constant,,"lit:""1898-01-01T00:00:00Z""^^<http://www.w3.org/2001/XMLSchema#dateTime>",del_subject,3,0,0
77414,constant,,"lit:""19""^^<http://www.w3.org/2001/XMLSchema#decimal>",del_subject,3,0,0
78537,constant,,"lit:""1900-01-01T00:00:00Z""^^<http://www.w3.org/2001/XMLSchema#dateTime>",del_subject,3,0,0
88002,constant,,"lit:""1902-00-00T00:00:00Z""^^<http://www.w3.org/2001/XMLSchema#dateTime>",del_subject,3,0,0
74784,constant,,"lit:""1902-01-01T00:00:00Z""^^<http://www.w3.org/2001/XMLSchema#dateTime>",del_subject,3,0,0
82860,constant,,"lit:""1903-01-01T00:00:00Z""^^<http://www.w3.org/2001/XMLSchema#dateTime>",del_subject,3,0,0
81809,constant,,"lit:""1904-01-01T00:00:00Z""^^<http://www.w3.org/2001/XMLSchema#dateTime>",del_subject,3,0,0
77433,constant,,"lit:""1905-01-01T00:00:00Z""^^<http://www.w3.org/2001/XMLSchema#dateTime>",del_subject,3,0,0
80187,constant,,"lit:""1906-00-00T00:00:00Z""^^<http://www.w3.org/2001/XMLSchema#dateTime>",del_subject,3,0,0
78797,constant,,"lit:""1906-01-01T00:00:00Z""^^<http://www.w3.org/2001/XMLSchema#dateTime>",del_subject,3,0,0
81832,constant,,"lit:""1907-00-00T00:00:00Z""^^<http://www.w3.org/2001/XMLSchema#dateTime>",del_subject,3,0,0
75697,constant,,"lit:""1909-00-00T00:00:00Z""^^<http://www.w3.org/2001/XMLSchema#dateTime>",del_subject,3,0,0
81582,constant,,"lit:""1909-01-01T00:00:00Z""^^<http://www.w3.org/2001/XMLSchema#dateTime>",del_subject,3,0,0
85908,constant,,"lit:""191""^^<http://www.w3.org/2001/XMLSchema#decimal>",del_subject,3,0,0
74238,constant,,"lit:""1910-01-01T00:00:00Z""^^<http://www.w3.org/2001/XMLSchema#dateTime>",del_subject,3,0,0
74346,constant,,"lit:""1911-01-01T00:00:00Z""^^<http://www.w3.org/2001/XMLSchema#dateTime>",del_subject,3,0,0
76554,constant,,"lit:""1912-01-01T00:00:00Z""^^<http://www.w3.org/2001/XMLSchema#dateTime>",del_subject,3,0,0
77543,constant,,"lit:""1913-01-01T00:00:00Z""^^<http://www.w3.org/2001/XMLSchema#dateTime>",del_subject,3,0,0
76271,constant,,"lit:""1914-01-01T00:00:00Z""^^<http://www.w3.org/2001/XMLSchema#dateTime>",del_subject,3,0,0
83044,constant,,"lit:""1915-00-00T00:00:00Z""^^<http://www.w3.org/2001/XMLSchema#dateTime>",del_subject,3,0,0
78835,constant,,"lit:""1915-01-01T00:00:00Z""^^<http://www.w3.org/2001/XMLSchema#dateTime>",del_subject,3,0,0
81301,constant,,"lit:""1916-00-00T00:00:00Z""^^<http://www.w3.org/2001/XMLSchema#dateTime>",del_subject,3,0,0
77009,constant,,"lit:""1917-00-00T00:00:00Z""^^<http://www.w3.org/2001/XMLSchema#dateTime>",del_subject,3,0,0
78918,constant,,"lit:""1917-01-01T00:00:00Z""^^<http://www.w3.org/2001/XMLSchema#dateTime>",del_subject,3,0,0
75695,constant,,"lit:""1918-00-00T00:00:00Z""^^<http://www.w3.org/2001/XMLSchema#dateTime>",del_subject,3,0,0
76326,constant,,"lit:""1919-00-00T00:00:00Z""^^<http://www.w3.org/2001/XMLSchema#dateTime>",del_subject,3,0,0
74950,constant,,"lit:""1919-01-01T00:00:00Z""^^<http://www.w3.org/2001/XMLSchema#dateTime>",del_subject,3,0,0
77490,constant,,"lit:""1920-01-01T00:00:00Z""^^<http://www.w3.org/2001/XMLSchema#dateTime>",del_subject,3,0,0
80087,constant,,"lit:""1921-00-00T00:00:00Z""^^<http://www.w3.org/2001/XMLSchema#dateTime>",del_subject,3,0,0
79171,constant,,"lit:""1921-01-01T00:00:00Z""^^<http://www.w3.org/2001/XMLSchema#dateTime>",del_subject,3,0,0
83354,constant,,"lit:""1922-00-00T00:00:00Z""^^<http://www.w3.org/2001/XMLSchema#dateTime>",del_subject,3,0,0
79915,constant,,"lit:""1923-00-00T00:00:00Z""^^<http://www.w3.org/2001/XMLSchema#dateTime>",del_subject,3,0,0
79509,constant,,"lit:""1923-01-01T00:00:00Z""^^<http://www.w3.org/2001/XMLSchema#dateTime>",del_subject,3,0,0
75397,constant,,"lit:""1924-00-00T00:00:00Z""^^<http://www.w3.org/2001/XMLSchema#dateTime>",del_subject,3,0,0
75571,constant,,"lit:""1924-01-01T00:00:00Z""^^<http://www.w3.org/2001/XMLSchema#dateTime>",del_subject,3,0,0
76773,constant,,"lit:""1926-00-00T00:00:00Z""^^<http://www.w3.org/2001/XMLSchema#dateTime>",del_subject,3,0,0
79583,constant,,"lit:""1926-01-01T00:00:00Z""^^<http://www.w3.org/2001/XMLSchema#dateTime>",del_subject,3,0,0
79092,constant,,"lit:""1927-01-01T00:00:00Z""^^<http://www.w3.org/2001/XMLSchema#dateTime>",del_subject,3,0,0
74310,constant,,"lit:""1928-01-01T00:00:00Z""^^<http://www.w3.org/2001/XMLSchema#dateTime>",del_subject,3,0,0
78512,constant,,"lit:""1929-00-00T00:00:00Z""^^<http://www.w3.org/2001/XMLSchema#dateTime>",del_subject,3,0,0
76783,constant,,"lit:""1929-01-01T00:00:00Z""^^<http://www.w3.org/2001/XMLSchema#dateTime>",del_subject,3,0,0
84164,constant,,"lit:""1932-00-00T00:00:00Z""^^<http://www.w3.org/2001/XMLSchema#dateTime>",del_subject,3,0,0
76952,constant,,"lit:""1933-00-00T00:00:00Z""^^<http://www.w3.org/2001/XMLSchema#dateTime>",del_subject,3,0,0
76858,constant,,"lit:""1933-01-01T00:00:00Z""^^<http://www.w3.org/2001/XMLSchema#dateTime>",del_subject,3,0,0
79002,constant,,"lit:""1934-00-00T00:00:00Z""^^<http://www.w3.org/2001/XMLSchema#dateTime>",del_subject,3,0,0
77369,constant,,"lit:""1935-00-00T00:00:00Z""^^<http://www.w3.org/2001/XMLSchema#dateTime>",del_subject,3,0,0
76560,constant,,"lit:""1935-01-01T00:00:00Z""^^<http://www.w3.org/2001/XMLSchema#dateTime>",del_subject,3,0,0
77347,constant,,"lit:""1936-01-01T00:00:00Z""^^<http://www.w3.org/2001/XMLSchema#dateTime>",del_subject,3,0,0
75500,constant,,"lit:""1937-01-01T00:00:00Z""^^<http://www.w3.org/2001/XMLSchema#dateTime>",del_subject,3,0,0
79023,constant,,"lit:""1938-00-00T00:00:00Z""^^<http://www.w3.org/2001/XMLSchema#dateTime>",del_subject,3,0,0
82681,constant,,"lit:""1938-01-01T00:00:00Z""^^<http://www.w3.org/2001/XMLSchema#dateTime>",del_subject,3,0,0
76862,constant,,"lit:""1939-01-01T00:00:00Z""^^<http://www.w3.org/2001/XMLSchema#dateTime>",del_subject,3,0,0
78779,constant,,"lit:""1940-00-00T00:00:00Z""^^<http://www.w3.org/2001/XMLSchema#dateTime>",del_subject,3,0,0
79566,constant,,"lit:""1940-01-01T00:00:00Z""^^<http://www.w3.org/2001/XMLSchema#dateTime>",del_subject,3,0,0
79456,constant,,"lit:""1941-00-00T00:00:00Z""^^<http://www.w3.org/2001/XMLSchema#dateTime>",del_subject,3,0,0
74727,constant,,"lit:""1941-01-01T00:00:00Z""^^<http://www.w3.org/2001/XMLSchema#dateTime>",del_subject,3,0,0
77047,constant,,"lit:""1942-00-00T00:00:00Z""^^<http://www.w3.org/2001/XMLSchema#dateTime>",del_subject,3,0,0
76316,constant,,"lit:""1942-01-01T00:00:00Z""^^<http://www.w3.org/2001/XMLSchema#dateTime>",del_subject,3,0,0
75387,constant,,"lit:""1943-01-01T00:00:00Z""^^<http://www.w3.org/2001/XMLSchema#dateTime>",del_subject,3,0,0
81656,constant,,"lit:""1944-01-01T00:00:00Z""^^<http://www.w3.org/2001/XMLSchema#dateTime>",del_subject,3,0,0
77600,constant,,"lit:""1945-01-01T00:00:00Z""^^<http://www.w3.org/2001/XMLSchema#dateTime>",del_subject,3,0,0
75796,constant,,"lit:""1946-00-00T00:00:00Z""^^<http://www.w3.org/2001/XMLSchema#dateTime>",del_subject,3,0,0
77572,constant,,"lit:""1946-01-01T00:00:00Z""^^<http://www.w3.org/2001/XMLSchema#dateTime>",del_subject,3,0,0
79656,constant,,"lit:""1947-00-00T00:00:00Z""^^<http://www.w3.org/2001/XMLSchema#dateTime>",del_subject,3,0,0
79505,constant,,"lit:""1947-01-01T00:00:00Z""^^<http://www.w3.org/2001/XMLSchema#dateTime>",del_subject,3,0,0
77349,constant,,"lit:""1948-00-00T00:00:00Z""^^<http://www.w3.org/2001/XMLSchema#dateTime>",del_subject,3,0,0
77473,constant,,"lit:""1948-01-01T00:00:00Z""^^<http://www.w3.org/2001/XMLSchema#dateTime>",del_subject,3,0,0
77605,constant,,"lit:""1949-00-00T00:00:00Z""^^<http://www.w3.org/2001/XMLSchema#dateTime>",del_subject,3,0,0
77046,constant,,"lit:""1950-00-00T00:00:00Z""^^<http://www.w3.org/2001/XMLSchema#dateTime>",del_subject,3,0,0
78828,constant,,"lit:""1950-01-01T00:00:00Z""^^<http://www.w3.org/2001/XMLSchema#dateTime>",del_subject,3,0,0
75568,constant,,"lit:""1951-01-01T00:00:00Z""^^<http://www.w3.org/2001/XMLSchema#dateTime>",del_subject,3,0,0
76268,constant,,"lit:""1952-01-01T00:00:00Z""^^<http://www.w3.org/2001/XMLSchema#dateTime>",del_subject,3,0,0
76889,constant,,"lit:""1953-01-01T00:00:00Z""^^<http://www.w3.org/2001/XMLSchema#dateTime>",del_subject,3,0,0
81299,constant,,"lit:""1954-00-00T00:00:00Z""^^<http://www.w3.org/2001/XMLSchema#dateTime>",del_subject,3,0,0
75340,constant,,"lit:""1954-01-01T00:00:00Z""^^<http://www.w3.org/2001/XMLSchema#dateTime>",del_subject,3,0,0
79120,constant,,"lit:""1955-00-00T00:00:00Z""^^<http://www.w3.org/2001/XMLSchema#dateTime>",del_subject,3,0,0
74836,constant,,"lit:""1955-01-01T00:00:00Z""^^<http://www.w3.org/2001/XMLSchema#dateTime>",del_subject,3,0,0
78782,constant,,"lit:""1956-00-00T00:00:00Z""^^<http://www.w3.org/2001/XMLSchema#dateTime>",del_subject,3,0,0
75391,constant,,"lit:""1956-01-01T00:00:00Z""^^<http://www.w3.org/2001/XMLSchema#dateTime>",del_subject,3,0,0
75557,constant,,"lit:""1957-00-00T00:00:00Z""^^<http://www.w3.org/2001/XMLSchema#dateTime>",del_subject,3,0,0
74737,constant,,"lit:""1957-01-01T00:00:00Z""^^<http://www.w3.org/2001/XMLSchema#dateTime>",del_subject,3,0,0
81728,constant,,"lit:""1958-00-00T00:00:00Z""^^<http://www.w3.org/2001/XMLSchema#dateTime>",del_subject,3,0,0
76453,constant,,"lit:""1958-01-01T00:00:00Z""^^<http://www.w3.org/2001/XMLSchema#dateTime>",del_subject,3,0,0
80050,constant,,"lit:""1959-00-00T00:00:00Z""^^<http://www.w3.org/2001/XMLSchema#dateTime>",del_subject,3,0,0
76709,constant,,"lit:""1959-01-01T00:00:00Z""^^<http://www.w3.org/2001/XMLSchema#dateTime>",del_subject,3,0,0
79082,constant,,"lit:""1960-00-00T00:00:00Z""^^<http://www.w3.org/2001/XMLSchema#dateTime>",del_subject,3,0,0
77045,constant,,"lit:""1960-01-01T00:00:00Z""^^<http://www.w3.org/2001/XMLSchema#dateTime>",del_subject,3,0,0
74794,constant,,"lit:""1961-01-01T00:00:00Z""^^<http://www.w3.org/2001/XMLSchema#dateTime>",del_subject,3,0,0
79165,constant,,"lit:""1962-00-00T00:00:00Z""^^<http://www.w3.org/2001/XMLSchema#dateTime>",del_subject,3,0,0
74974,constant,,"lit:""1962-01-01T00:00:00Z""^^<http://www.w3.org/2001/XMLSchema#dateTime>",del_subject,3,0,0
76542,constant,,"lit:""1963-01-01T00:00:00Z""^^<http://www.w3.org/2001/XMLSchema#dateTime>",del_subject,3,0,0
75015,constant,,"lit:""1964-01-01T00:00:00Z""^^<http://www.w3.org/2001/XMLSchema#dateTime>",del_subject,3,0,0
78824,constant,,"lit:""1965-00-00T00:00:00Z""^^<http://www.w3.org/2001/XMLSchema#dateTime>",del_subject,3,0,0
78836,constant,,"lit:""1966-00-00T00:00:00Z""^^<http://www.w3.org/2001/XMLSchema#dateTime>",del_subject,3,0,0
74304,constant,,"lit:""1966-01-01T00:00:00Z""^^<http://www.w3.org/2001/XMLSchema#dateTime>",del_subject,3,0,0
75307,constant,,"lit:""1967-01-01T00:00:00Z""^^<http://www.w3.org/2001/XMLSchema#dateTime>",del_subject,3,0,0
76810,constant,,"lit:""1968-01-01T00:00:00Z""^^<http://www.w3.org/2001/XMLSchema#dateTime>",del_subject,3,0,0
79493,constant,,"lit:""1970-00-00T00:00:00Z""^^<http://www.w3.org/2001/XMLSchema#dateTime>",del_subject,3,0,0
76323,constant,,"lit:""1970-01-01T00:00:00Z""^^<http://www.w3.org/2001/XMLSchema#dateTime>",del_subject,3,0,0
76070,constant,,"lit:""1971-00-00T00:00:00Z""^^<http://www.w3.org/2001/XMLSchema#dateTime>",del_subject,3,0,0
76998,constant,,"lit:""1971-01-01T00:00:00Z""^^<http://www.w3.org/2001/XMLSchema#dateTime>",del_subject,3,0,0
77435,constant,,"lit:""1972-00-00T00:00:00Z""^^<http://www.w3.org/2001/XMLSchema#dateTime>",del_subject,3,0,0
75504,constant,,"lit:""1972-01-01T00:00:00Z""^^<http://www.w3.org/2001/XMLSchema#dateTime>",del_subject,3,0,0
77209,constant,,"lit:""1973-00-00T00:00:00Z""^^<http://www.w3.org/2001/XMLSchema#dateTime>",del_subject,3,0,0
74883,constant,,"lit:""1973-01-01T00:00:00Z""^^<http://www.w3.org/2001/XMLSchema#dateTime>",del_subject,3,0,0
78921,constant,,"lit:""1975-00-00T00:00:00Z""^^<http://www.w3.org/2001/XMLSchema#dateTime>",del_subject,3,0,0
78540,constant,,"lit:""1975-01-01T00:00:00Z""^^<http://www.w3.org/2001/XMLSchema#dateTime>",del_subject,3,0,0
76718,constant,,"lit:""1976-00-00T00:00:00Z""^^<http://www.w3.org/2001/XMLSchema#dateTime>",del_subject,3,0,0
76951,constant,,"lit:""1977-00-00T00:00:00Z""^^<http://www.w3.org/2001/XMLSchema#dateTime>",del_subject,3,0,0
74338,constant,,"lit:""1977-01-01T00:00:00Z""^^<http://www.w3.org/2001/XMLSchema#dateTime>",del_subject,3,0,0
76737,constant,,"lit:""1978-00-00T00:00:00Z""^^<http://www.w3.org/2001/XMLSchema#dateTime>",del_subject,3,0,0
77370,constant,,"lit:""1978-01-01T00:00:00Z""^^<http://www.w3.org/2001/XMLSchema#dateTime>",del_subject,3,0,0
76215,constant,,"lit:""1979-00-00T00:00:00Z""^^<http://www.w3.org/2001/XMLSchema#dateTime>",del_subject,3,0,0
76483,constant,,"lit:""1979-01-01T00:00:00Z""^^<http://www.w3.org/2001/XMLSchema#dateTime>",del_subject,3,0,0
74980,constant,,"lit:""1980-01-01T00:00:00Z""^^<http://www.w3.org/2001/XMLSchema#dateTime>",del_subject,3,0,0
78545,constant,,"lit:""1981-01-01T00:00:00Z""^^<http://www.w3.org/2001/XMLSchema#dateTime>",del_subject,3,0,0
77493,constant,,"lit:""1982-00-00T00:00:00Z""^^<http://www.w3.org/2001/XMLSchema#dateTime>",del_subject,3,0,0
74746,constant,,"lit:""1982-01-01T00:00:00Z""^^<http://www.w3.org/2001/XMLSchema#dateTime>",del_subject,3,0,0
77657,constant,,"lit:""1983-01-01T00:00:00Z""^^<http://www.w3.org/2001/XMLSchema#dateTime>",del_subject,3,0,0
76541,constant,,"lit:""1984-00-00T00:00:00Z""^^<http://www.w3.org/2001/XMLSchema#dateTime>",del_subject,3,0,0
74208,constant,,"lit:""1984-01-01T00:00:00Z""^^<http://www.w3.org/2001/XMLSchema#dateTime>",del_subject,3,0,0
76564,constant,,"lit:""1985-00-00T00:00:00Z""^^<http://www.w3.org/2001/XMLSchema#dateTime>",del_subject,3,0,0
74527,constant,,"lit:""1985-01-01T00:00:00Z""^^<http://www.w3.org/2001/XMLSchema#dateTime>",del_subject,3,0,0
79161,constant,,"lit:""1986-00-00T00:00:00Z""^^<http://www.w3.org/2001/XMLSchema#dateTime>",del_subject,3,0,0
75765,constant,,"lit:""1986-01-01T00:00:00Z""^^<http://www.w3.org/2001/XMLSchema#dateTime>",del_subject,3,0,0
75528,constant,,"lit:""1987-00-00T00:00:00Z""^^<http://www.w3.org/2001/XMLSchema#dateTime>",del_subject,3,0,0
77437,constant,,"lit:""1987-01-01T00:00:00Z""^^<http://www.w3.org/2001/XMLSchema#dateTime>",del_subject,3,0,0
78536,constant,,"lit:""1988-00-00T00:00:00Z""^^<http://www.w3.org/2001/XMLSchema#dateTime>",del_subject,3,0,0
74978,constant,,"lit:""1988-01-01T00:00:00Z""^^<http://www.w3.org/2001/XMLSchema#dateTime>",del_subject,3,0,0
76865,constant,,"lit:""1989-01-01T00:00:00Z""^^<http://www.w3.org/2001/XMLSchema#dateTime>",del_subject,3,0,0
74507,constant,,"lit:""1990-00-00T00:00:00Z""^^<http://www.w3.org/2001/XMLSchema#dateTime>",del_subject,3,0,0
74352,constant,,"lit:""1991-00-00T00:00:00Z""^^<http://www.w3.org/2001/XMLSchema#dateTime>",del_subject,3,0,0
76726,constant,,"lit:""1991-01-01T00:00:00Z""^^<http://www.w3.org/2001/XMLSchema#dateTime>",del_subject,3,0,0
76310,constant,,"lit:""1992-00-00T00:00:00Z""^^<http://www.w3.org/2001/XMLSchema#dateTime>",del_subject,3,0,0
80474,constant,,"lit:""1993-00-00T00:00:00Z""^^<http://www.w3.org/2001/XMLSchema#dateTime>",del_subject,3,0,0
75441,constant,,"lit:""1994-00-00T00:00:00Z""^^<http://www.w3.org/2001/XMLSchema#dateTime>",del_subject,3,0,0
74743,constant,,"lit:""1994-01-01T00:00:00Z""^^<http://www.w3.org/2001/XMLSchema#dateTime>",del_subject,3,0,0
75384,constant,,"lit:""1995-00-00T00:00:00Z""^^<http://www.w3.org/2001/XMLSchema#dateTime>",del_subject,3,0,0
77042,constant,,"lit:""1996-01-01T00:00:00Z""^^<http://www.w3.org/2001/XMLSchema#dateTime>",del_subject,3,0,0
78838,constant,,"lit:""1997-00-00T00:00:00Z""^^<http://www.w3.org/2001/XMLSchema#dateTime>",del_subject,3,0,0
78915,constant,,"lit:""1998-00-00T00:00:00Z""^^<http://www.w3.org/2001/XMLSchema#dateTime>",del_subject,3,0,0
76557,constant,,"lit:""1999-00-00T00:00:00Z""^^<http://www.w3.org/2001/XMLSchema#dateTime>",del_subject,3,0,0
75761,constant,,"lit:""1999-01-01T00:00:00Z""^^<http://www.w3.org/2001/XMLSchema#dateTime>",del_subject,3,0,0
74738,constant,,"lit:""2""^^<http://www.w3.org/2001/XMLSchema#decimal>",del_subject,3,0,0
90585,constant,,"lit:""2.1.1.-""",del_subject,3,0,0
91155,constant,,"lit:""2.3.1.-""",del_subject,3,0,0
92158,constant,,"lit:""2.4.1.-""",del_subject,3,0,0
92034,constant,,"lit:""2.7.1.-""",del_subject,3,0,0
79564,constant,,"lit:""20""",del_subject,3,0,0
74628,constant,,"lit:""20""^^<http://www.w3.org/2001/XMLSchema#decimal>",del_subject,3,0,0
82486,constant,,"lit:""200""^^<http://www.w3.org/2001/XMLSchema#decimal>",del_subject,3,0,0
74984,constant,,"lit:""2000-00-00T00:00:00Z""^^<http://www.w3.org/2001/XMLSchema#dateTime>",del_subject,3,0,0
75313,constant,,"lit:""2000-01-01T00:00:00Z""^^<http://www.w3.org/2001/XMLSchema#dateTime>",del_subject,3,0,0
76478,constant,,"lit:""2001-00-00T00:00:00Z""^^<http://www.w3.org/2001/XMLSchema#dateTime>",del_subject,3,0,0
74504,constant,,"lit:""2001-01-01T00:00:00Z""^^<http://www.w3.org/2001/XMLSchema#dateTime>",del_subject,3,0,0
76078,constant,,"lit:""2002-00-00T00:00:00Z""^^<http://www.w3.org/2001/XMLSchema#dateTime>",del_subject,3,0,0
86687,constant,,"lit:""2002-11-01T00:00:00Z""^^<http://www.w3.org/2001/XMLSchema#dateTime>",del_subject,3,0,0
76488,constant,,"lit:""2003-00-00T00:00:00Z""^^<http://www.w3.org/2001/XMLSchema#dateTime>",del_subject,3,0,0
76294,constant,,"lit:""2003-01-01T00:00:00Z""^^<http://www.w3.org/2001/XMLSchema#dateTime>",del_subject,3,0,0
76336,constant,,"lit:""2004-00-00T00:00:00Z""^^<http://www.w3.org/2001/XMLSchema#dateTime>",del_subject,3,0,0
77235,constant,,"lit:""2004-01-01T00:00:00Z""^^<http://www.w3.org/2001/XMLSchema#dateTime>",del_subject,3,0,0
74535,constant,,"lit:""2005-00-00T00:00:00Z""^^<http://www.w3.org/2001/XMLSchema#dateTime>",del_subject,3,0,0
74218,constant,,"lit:""2005-01-01T00:00:00Z""^^<http://www.w3.org/2001/XMLSchema#dateTime>",del_subject,3,0,0
76999,constant,,"lit:""2006-00-00T00:00:00Z""^^<http://www.w3.org/2001/XMLSchema#dateTime>",del_subject,3,0,0
75408,constant,,"lit:""2006-01-01T00:00:00Z""^^<http://www.w3.org/2001/XMLSchema#dateTime>",del_subject,3,0,0
77000,constant,,"lit:""2007-00-00T00:00:00Z""^^<http://www.w3.org/2001/XMLSchema#dateTime>",del_subject,3,0,0
74248,constant,,"lit:""2008-00-00T00:00:00Z""^^<http://www.w3.org/2001/XMLSchema#dateTime>",del_subject,3,0,0
76345,constant,,"lit:""2008-01-01T00:00:00Z""^^<http://www.w3.org/2001/XMLSchema#dateTime>",del_subject,3,0,0
75271,constant,,"lit:""2009-00-00T00:00:00Z""^^<http://www.w3.org/2001/XMLSchema#dateTime>",del_subject,3,0,0
74779,constant,,"lit:""2009-01-01T00:00:00Z""^^<http://www.w3.org/2001/XMLSchema#dateTime>",del_subject,3,0,0
76517,constant,,"lit:""2010-00-00T00:00:00Z""^^<http://www.w3.org/2001/XMLSchema#dateTime>",del_subject,3,0,0
76304,constant,,"lit:""2011-00-00T00:00:00Z""^^<http://www.w3.org/2001/XMLSchema#dateTime>",del_subject,3,0,0
75694,constant,,"lit:""2012-00-00T00:00:00Z""^^<http://www.w3.org/2001/XMLSchema#dateTime>",del_subject,3,0,0
77001,constant,,"lit:""2013-00-00T00:00:00Z""^^<http://www.w3.org/2001/XMLSchema#dateTime>",del_subject,3,0,0
74251,constant,,"lit:""2014-00-00T00:00:00Z""^^<http://www.w3.org/2001/XMLSchema#dateTime>",del_subject,3,0,0
74246,constant,,"lit:""2015-00-00T00:00:00Z""^^<http://www.w3.org/2001/XMLSchema#dateTime>",del_subject,3,0,0
79156,constant,,"lit:""2016-00-00T00:00:00Z""^^<http://www.w3.org/2001/XMLSchema#dateTime>",del_subject,3,0,0
79553,constant,,"lit:""2017-00-00T00:00:00Z""^^<http://www.w3.org/2001/XMLSchema#dateTime>",del_subject,3,0,0
85948,constant,,"lit:""205""^^<http://www.w3.org/2001/XMLSchema#decimal>",del_subject,3,0,0
79645,constant,,"lit:""207""^^<http://www.w3.org/2001/XMLSchema#decimal>",del_subject,3,0,0
78904,constant,,"lit:""21""^^<http://www.w3.org/2001/XMLSchema#decimal>",del_subject,3,0,0
83047,constant,,"lit:""210""",del_subject,3,0,0
85482,constant,,"lit:""210""^^<http://www.w3.org/2001/XMLSchema#decimal>",del_subject,3,0,0
82599,constant,,"lit:""212""^^<http://www.w3.org/2001/XMLSchema#decimal>",del_subject,3,0,0
79162,constant,,"lit:""215""^^<http://www.w3.org/2001/XMLSchema#decimal>",del_subject,3,0,0
84202,constant,,"lit:""219""^^<http://www.w3.org/2001/XMLSchema#decimal>",del_subject,3,0,0
76332,constant,,"lit:""22""^^<http://www.w3.org/2001/XMLSchema#decimal>",del_subject,3,0,0
77568,constant,,"lit:""220""",del_subject,3,0,0
74566,constant,,"lit:""220""^^<http://www.w3.org/2001/XMLSchema#decimal>",del_subject,3,0,0
76866,constant,,"lit:""23""^^<http://www.w3.org/2001/XMLSchema#decimal>",del_subject,3,0,0
81050,constant,,"lit:""235""^^<http://www.w3.org/2001/XMLSchema#decimal>",del_subject,3,0,0
86222,constant,,"lit:""237""^^<http://www.w3.org/2001/XMLSchema#decimal>",del_subject,3,0,0
77036,constant,,"lit:""24""^^<http://www.w3.org/2001/XMLSchema#decimal>",del_subject,3,0,0
78454,constant,,"lit:""240""^^<http://www.w3.org/2001/XMLSchema#decimal>",del_subject,3,0,0
86612,constant,,"lit:""24748""",del_subject,3,0,0
77428,constant,,"lit:""25""^^<http://www.w3.org/2001/XMLSchema#decimal>",del_subject,3,0,0
79979,constant,,"lit:""26""^^<http://www.w3.org/2001/XMLSchema#decimal>",del_subject,3,0,0
80023,constant,,"lit:""27""^^<http://www.w3.org/2001/XMLSchema#decimal>",del_subject,3,0,0
82309,constant,,"lit:""2702""",del_subject,3,0,0
92684,constant,,"lit:""27206810008""",del_subject,3,0,0
91416,constant,,"lit:""27206816016""",del_subject,3,0,0
91910,constant,,"lit:""27209828001""",del_subject,3,0,0
92449,constant,,"lit:""27212802003""",del_subject,3,0,0
93565,constant,,"lit:""27212810005""",del_subject,3,0,0
92756,constant,,"lit:""27218807001""",del_subject,3,0,0
92165,constant,,"lit:""27227802011""",del_subject,3,0,0
93517,constant,,"lit:""27227804001""",del_subject,3,0,0
93915,constant,,"lit:""27227804005""",del_subject,3,0,0
92773,constant,,"lit:""27227810015""",del_subject,3,0,0
86070,constant,,"lit:""27236""",del_subject,3,0,0
82680,constant,,"lit:""28""^^<http://www.w3.org/2001/XMLSchema#decimal>",del_subject,3,0,0
86671,constant,,"lit:""29""^^<http://www.w3.org/2001/XMLSchema#decimal>",del_subject,3,0,0
78067,constant,,"lit:""3""^^<http://www.w3.org/2001/XMLSchema#decimal>",del_subject,3,0,0
92633,constant,,"lit:""3.1.3.-""",del_subject,3,0,0
93460,constant,,"lit:""3.6.1.-""",del_subject,3,0,0
76490,constant,,"lit:""30""^^<http://www.w3.org/2001/XMLSchema#decimal>",del_subject,3,0,0
76494,constant,,"lit:""31""^^<http://www.w3.org/2001/XMLSchema#decimal>",del_subject,3,0,0
81332,constant,,"lit:""32""^^<http://www.w3.org/2001/XMLSchema#decimal>",del_subject,3,0,0
79167,constant,,"lit:""33""^^<http://www.w3.org/2001/XMLSchema#decimal>",del_subject,3,0,0
82822,constant,,"lit:""35""^^<http://www.w3.org/2001/XMLSchema#decimal>",del_subject,3,0,0
77581,constant,,"lit:""36""^^<http://www.w3.org/2001/XMLSchema#decimal>",del_subject,3,0,0
86784,constant,,"lit:""37""^^<http://www.w3.org/2001/XMLSchema#decimal>",del_subject,3,0,0
84492,constant,,"lit:""379""",del_subject,3,0,0
83634,constant,,"lit:""38""^^<http://www.w3.org/2001/XMLSchema#decimal>",del_subject,3,0,0
79897,constant,,"lit:""39""^^<http://www.w3.org/2001/XMLSchema#decimal>",del_subject,3,0,0
74626,constant,,"lit:""4""^^<http://www.w3.org/2001/XMLSchema#decimal>",del_subject,3,0,0
77429,constant,,"lit:""40""^^<http://www.w3.org/2001/XMLSchema#decimal>",del_subject,3,0,0
85320,constant,,"lit:""41""^^<http://www.w3.org/2001/XMLSchema#decimal>",del_subject,3,0,0
80167,constant,,"lit:""410""^^<http://www.w3.org/2001/XMLSchema#decimal>",del_subject,3,0,0
80552,constant,,"lit:""42""^^<http://www.w3.org/2001/XMLSchema#decimal>",del_subject,3,0,0
83216,constant,,"lit:""43""^^<http://www.w3.org/2001/XMLSchema#decimal>",del_subject,3,0,0
81600,constant,,"lit:""44""",del_subject,3,0,0
79884,constant,,"lit:""44""^^<http://www.w3.org/2001/XMLSchema#decimal>",del_subject,3,0,0
83552,constant,,"lit:""45""^^<http://www.w3.org/2001/XMLSchema#decimal>",del_subject,3,0,0
82369,constant,,"lit:""47""^^<http://www.w3.org/2001/XMLSchema#decimal>",del_subject,3,0,0
82920,constant,,"lit:""48""^^<http://www.w3.org/2001/XMLSchema#decimal>",del_subject,3,0,0
76335,constant,,"lit:""5""^^<http://www.w3.org/2001/XMLSchema#decimal>",del_subject,3,0,0
93429,constant,,"lit:""5.4.99.-""",del_subject,3,0,0
77968,constant,,"lit:""50""^^<http://www.w3.org/2001/XMLSchema#decimal>",del_subject,3,0,0
84590,constant,,"lit:""51""^^<http://www.w3.org/2001/XMLSchema#decimal>",del_subject,3,0,0
74900,constant,,"lit:""511""",del_subject,3,0,0
80189,constant,,"lit:""52""^^<http://www.w3.org/2001/XMLSchema#decimal>",del_subject,3,0,0
77760,constant,,"lit:""53""^^<http://www.w3.org/2001/XMLSchema#decimal>",del_subject,3,0,0
83898,constant,,"lit:""54""^^<http://www.w3.org/2001/XMLSchema#decimal>",del_subject,3,0,0
76491,constant,,"lit:""55""^^<http://www.w3.org/2001/XMLSchema#decimal>",del_subject,3,0,0
80024,constant,,"lit:""57""^^<http://www.w3.org/2001/XMLSchema#decimal>",del_subject,3,0,0
82183,constant,,"lit:""58""^^<http://www.w3.org/2001/XMLSchema#decimal>",del_subject,3,0,0
93926,constant,,"lit:""58233804005""",del_subject,3,0,0
94106,constant,,"lit:""58233804076""",del_subject,3,0,0
94034,constant,,"lit:""58233812058""",del_subject,3,0,0
94068,constant,,"lit:""58233820039""",del_subject,3,0,0
93728,constant,,"lit:""58233820047""",del_subject,3,0,0
92446,constant,,"lit:""58247820049""",del_subject,3,0,0
91203,constant,,"lit:""58247865015""",del_subject,3,0,0
94143,constant,,"lit:""58247875026""",del_subject,3,0,0
93626,constant,,"lit:""58249832023""",del_subject,3,0,0
77491,constant,,"lit:""59""^^<http://www.w3.org/2001/XMLSchema#decimal>",del_subject,3,0,0
75055,constant,,"lit:""6""^^<http://www.w3.org/2001/XMLSchema#decimal>",del_subject,3,0,0
93297,constant,,"lit:""6.2.1.-""",del_subject,3,0,0
76495,constant,,"lit:""60""^^<http://www.w3.org/2001/XMLSchema#decimal>",del_subject,3,0,0
82352,constant,,"lit:""61""^^<http://www.w3.org/2001/XMLSchema#decimal>",del_subject,3,0,0
81223,constant,,"lit:""616""",del_subject,3,0,0
78897,constant,,"lit:""62""^^<http://www.w3.org/2001/XMLSchema#decimal>",del_subject,3,0,0
81333,constant,,"lit:""64""^^<http://www.w3.org/2001/XMLSchema#decimal>",del_subject,3,0,0
80534,constant,,"lit:""65""^^<http://www.w3.org/2001/XMLSchema#decimal>",del_subject,3,0,0
82371,constant,,"lit:""66""^^<http://www.w3.org/2001/XMLSchema#decimal>",del_subject,3,0,0
78898,constant,,"lit:""67""^^<http://www.w3.org/2001/XMLSchema#decimal>",del_subject,3,0,0
79561,constant,,"lit:""68""^^<http://www.w3.org/2001/XMLSchema#decimal>",del_subject,3,0,0
75175,constant,,"lit:""7""^^<http://www.w3.org/2001/XMLSchema#decimal>",del_subject,3,0,0
81287,constant,,"lit:""70""^^<http://www.w3.org/2001/XMLSchema#decimal>",del_subject,3,0,0
77002,constant,,"lit:""71""^^<http://www.w3.org/2001/XMLSchema#decimal>",del_subject,3,0,0
80760,constant,,"lit:""72""^^<http://www.w3.org/2001/XMLSchema#decimal>",del_subject,3,0,0
77554,constant,,"lit:""74""^^<http://www.w3.org/2001/XMLSchema#decimal>",del_subject,3,0,0
75573,constant,,"lit:""75""",del_subject,3,0,0
75302,constant,,"lit:""75""^^<http://www.w3.org/2001/XMLSchema#decimal>",del_subject,3,0,0
76312,constant,,"lit:""8""^^<http://www.w3.org/2001/XMLSchema#decimal>",del_subject,3,0,0
75056,constant,,"lit:""80""^^<http://www.w3.org/2001/XMLSchema#decimal>",del_subject,3,0,0
75057,constant,,"lit:""84""^^<http://www.w3.org/2001/XMLSchema#decimal>",del_subject,3,0,0
77357,constant,,"lit:""85""^^<http://www.w3.org/2001/XMLSchema#decimal>",del_subject,3,0,0
74325,constant,,"lit:""89""^^<http://www.w3.org/2001/XMLSchema#decimal>",del_subject,3,0,0
79800,constant,,"lit:""890""",del_subject,3,0,0
77039,constant,,"lit:""91""^^<http://www.w3.org/2001/XMLSchema#decimal>",del_subject,3,0,0
74343,constant,,"lit:""92""^^<http://www.w3.org/2001/XMLSchema#decimal>",del_subject,3,0,0
75308,constant,,"lit:""95""^^<http://www.w3.org/2001/XMLSchema#decimal>",del_subject,3,0,0
74309,constant,,"lit:""97""^^<http://www.w3.org/2001/XMLSchema#decimal>",del_subject,3,0,0
76324,constant,,"lit:""98""^^<http://www.w3.org/2001/XMLSchema#decimal>",del_subject,3,0,0
75392,constant,,"lit:""99""^^<http://www.w3.org/2001/XMLSchema#decimal>",del_subject,3,0,0
86899,constant,,"lit:""Antonio""@mul",del_subject,3,0,0
88988,constant,,"lit:""Bill""@mul",del_subject,3,0,0
94418,constant,,"lit:""Cancer""",del_subject,3,0,0
95583,constant,,"lit:""Charles""@mul",del_subject,3,0,0
86797,constant,,"lit:""David""@mul",del_subject,3,0,0
89281,constant,,"lit:""Frank""@mul",del_subject,3,0,0
87172,constant,,"lit:""Ivan""@mul",del_subject,3,0,0
86427,constant,,"lit:""Jean""@mul",del_subject,3,0,0
89207,constant,,"lit:""John""@mul",del_subject,3,0,0
98461,constant,,"lit:""Jos\u00E9""@mul",del_subject,3,0,0
87168,constant,,"lit:""Joseph""@mul",del_subject,3,0,0
82378,constant,,"lit:""Karl""@mul",del_subject,3,0,0
88637,constant,,"lit:""Mike""@mul",del_subject,3,0,0
86024,constant,,"lit:""Peter""@mul",del_subject,3,0,0
95820,constant,,"lit:""Richard""@mul",del_subject,3,0,0
87923,constant,,"lit:""Robert""@mul",del_subject,3,0,0
94336,constant,,"lit:""Siemens""",del_subject,3,0,0
87432,constant,,"lit:""Thomas""@mul",del_subject,3,0,0
89462,constant,,"lit:""Walter""@mul",del_subject,3,0,0
84873,constant,,"lit:""ara""",del_subject,3,0,0
79288,constant,,wd:Q100,del_subject,3,0,0
44110,constant,,wd:Q100047,del_subject,3,0,0
31900,constant,,wd:Q1002697,del_subject,3,0,0
32539,constant,,wd:Q1004,del_subject,3,0,0
77994,constant,,wd:Q1006,del_subject,3,0,0
37490,constant,,wd:Q1008,del_subject,3,0,0
37893,constant,,wd:Q1011,del_subject,3,0,0
77996,constant,,wd:Q1013,del_subject,3,0,0
30938,constant,,wd:Q101352,del_subject,3,0,0
37492,constant,,wd:Q1014,del_subject,3,0,0
77997,constant,,wd:Q1016,del_subject,3,0,0
35241,constant,,wd:Q101600,del_subject,3,0,0
77998,constant,,wd:Q1019,del_subject,3,0,0
82043,constant,,wd:Q101959,del_subject,3,0,0
76632,constant,,wd:Q1020,del_subject,3,0,0
43710,constant,,wd:Q102496,del_subject,3,0,0
82044,constant,,wd:Q102720,del_subject,3,0,0
39774,constant,,wd:Q1028,del_subject,3,0,0
43693,constant,,wd:Q1028181,del_subject,3,0,0
75103,constant,,wd:Q1029,del_subject,3,0,0
48159,constant,,wd:Q1030,del_subject,3,0,0
36373,constant,,wd:Q103163,del_subject,3,0,0
77999,constant,,wd:Q1032,del_subject,3,0,0
82091,constant,,wd:Q103217,del_subject,3,0,0
34111,constant,,wd:Q1033,del_subject,3,0,0
78829,constant,,wd:Q10333,del_subject,3,0,0
32854,constant,,wd:Q1035954,del_subject,3,0,0
76634,constant,,wd:Q1036,del_subject,3,0,0
36733,constant,,wd:Q10387575,del_subject,3,0,0
36734,constant,,wd:Q10387684,del_subject,3,0,0
83356,constant,,wd:Q1040,del_subject,3,0,0
76635,constant,,wd:Q1041,del_subject,3,0,0
42195,constant,,wd:Q10413723,del_subject,3,0,0
43455,constant,,wd:Q104157,del_subject,3,0,0
32928,constant,,wd:Q10416961,del_subject,3,0,0
48278,constant,,wd:Q1043967,del_subject,3,0,0
44848,constant,,wd:Q10441,del_subject,3,0,0
44849,constant,,wd:Q10446,del_subject,3,0,0
37505,constant,,wd:Q1045,del_subject,3,0,0
42200,constant,,wd:Q10457964,del_subject,3,0,0
36654,constant,,wd:Q1047437,del_subject,3,0,0
40226,constant,,wd:Q1047971,del_subject,3,0,0
48100,constant,,wd:Q1048314,del_subject,3,0,0
43956,constant,,wd:Q1048525,del_subject,3,0,0
35286,constant,,wd:Q1048835,del_subject,3,0,0
77925,constant,,wd:Q1049,del_subject,3,0,0
49388,constant,,wd:Q1049520,del_subject,3,0,0
86535,constant,,wd:Q105112,del_subject,3,0,0
36579,constant,,wd:Q10511368,del_subject,3,0,0
88634,constant,,wd:Q10513450,del_subject,3,0,0
74890,constant,,wd:Q10514065,del_subject,3,0,0
38217,constant,,wd:Q1052025,del_subject,3,0,0
45669,constant,,wd:Q1053574,del_subject,3,0,0
44878,constant,,wd:Q10538,del_subject,3,0,0
79552,constant,,wd:Q1054813,del_subject,3,0,0
75646,constant,,wd:Q1055,del_subject,3,0,0
47499,constant,,wd:Q105731,del_subject,3,0,0
44889,constant,,wd:Q10580,del_subject,3,0,0
82046,constant,,wd:Q105853,del_subject,3,0,0
89814,constant,,wd:Q10589,del_subject,3,0,0
79551,constant,,wd:Q1059478,del_subject,3,0,0
89196,constant,,wd:Q1062083,del_subject,3,0,0
40494,constant,,wd:Q106345,del_subject,3,0,0
42258,constant,,wd:Q10634678,del_subject,3,0,0
49665,constant,,wd:Q106410,del_subject,3,0,0
42263,constant,,wd:Q10645546,del_subject,3,0,0
30459,constant,,wd:Q10648343,del_subject,3,0,0
87931,constant,,wd:Q1065118,del_subject,3,0,0
33298,constant,,wd:Q10655178,del_subject,3,0,0
82816,constant,,wd:Q106658,del_subject,3,0,0
48919,constant,,wd:Q1066707,del_subject,3,0,0
76407,constant,,wd:Q1066984,del_subject,3,0,0
84033,constant,,wd:Q10686,del_subject,3,0,0
78406,constant,,wd:Q10690,del_subject,3,0,0
83227,constant,,wd:Q1070590,del_subject,3,0,0
94086,constant,,wd:Q1070990,del_subject,3,0,0
80155,constant,,wd:Q1071,del_subject,3,0,0
42357,constant,,wd:Q10725452,del_subject,3,0,0
45775,constant,,wd:Q10729054,del_subject,3,0,0
45776,constant,,wd:Q10729125,del_subject,3,0,0
85123,constant,,wd:Q10732476,del_subject,3,0,0
80294,constant,,wd:Q10742,del_subject,3,0,0
48819,constant,,wd:Q107425,del_subject,3,0,0
39596,constant,,wd:Q1075,del_subject,3,0,0
45303,constant,,wd:Q1075404,del_subject,3,0,0
40934,constant,,wd:Q1075697,del_subject,3,0,0
31836,constant,,wd:Q1075988,del_subject,3,0,0
46826,constant,,wd:Q1076486,del_subject,3,0,0
48128,constant,,wd:Q1076968,del_subject,3,0,0
78496,constant,,wd:Q1077097,del_subject,3,0,0
30399,constant,,wd:Q107715,del_subject,3,0,0
45077,constant,,wd:Q10800557,del_subject,3,0,0
42945,constant,,wd:Q1081138,del_subject,3,0,0
46202,constant,,wd:Q108325,del_subject,3,0,0
35278,constant,,wd:Q10833314,del_subject,3,0,0
33946,constant,,wd:Q10843402,del_subject,3,0,0
74809,constant,,wd:Q1085,del_subject,3,0,0
83812,constant,,wd:Q10862983,del_subject,3,0,0
46799,constant,,wd:Q10870555,del_subject,3,0,0
37928,constant,,wd:Q10871364,del_subject,3,0,0
35757,constant,,wd:Q10873124,del_subject,3,0,0
46301,constant,,wd:Q10876391,del_subject,3,0,0
46190,constant,,wd:Q1088552,del_subject,3,0,0
83226,constant,,wd:Q109128,del_subject,3,0,0
44222,constant,,wd:Q1092939,del_subject,3,0,0
83447,constant,,wd:Q1093,del_subject,3,0,0
77553,constant,,wd:Q1093580,del_subject,3,0,0
83717,constant,,wd:Q1093829,del_subject,3,0,0
87916,constant,,wd:Q109607,del_subject,3,0,0
77499,constant,,wd:Q11004,del_subject,3,0,0
81466,constant,,wd:Q1101,del_subject,3,0,0
43593,constant,,wd:Q11019,del_subject,3,0,0
77937,constant,,wd:Q11027623,del_subject,3,0,0
48860,constant,,wd:Q11028,del_subject,3,0,0
43372,constant,,wd:Q11032,del_subject,3,0,0
46630,constant,,wd:Q11060274,del_subject,3,0,0
76875,constant,,wd:Q11063,del_subject,3,0,0
35465,constant,,wd:Q1107,del_subject,3,0,0
84838,constant,,wd:Q11086742,del_subject,3,0,0
81769,constant,,wd:Q1110794,del_subject,3,0,0
77031,constant,,wd:Q11122389,del_subject,3,0,0
85187,constant,,wd:Q1113,del_subject,3,0,0
84185,constant,,wd:Q1114448,del_subject,3,0,0
33626,constant,,wd:Q1114461,del_subject,3,0,0
84735,constant,,wd:Q1115575,del_subject,3,0,0
29800,constant,,wd:Q11173,del_subject,3,0,0
48015,constant,,wd:Q1117704,del_subject,3,0,0
84731,constant,,wd:Q1120838,del_subject,3,0,0
74906,constant,,wd:Q112099,del_subject,3,0,0
31391,constant,,wd:Q1124,del_subject,3,0,0
32890,constant,,wd:Q1125239,del_subject,3,0,0
30765,constant,,wd:Q11266439,del_subject,3,0,0
82618,constant,,wd:Q1127,del_subject,3,0,0
46191,constant,,wd:Q1128397,del_subject,3,0,0
44672,constant,,wd:Q1129409,del_subject,3,0,0
79898,constant,,wd:Q11299,del_subject,3,0,0
38657,constant,,wd:Q11303,del_subject,3,0,0
82963,constant,,wd:Q1131296,del_subject,3,0,0
37929,constant,,wd:Q11336312,del_subject,3,0,0
75273,constant,,wd:Q11338576,del_subject,3,0,0
34397,constant,,wd:Q11344,del_subject,3,0,0
37137,constant,,wd:Q1134686,del_subject,3,0,0
37632,constant,,wd:Q11348,del_subject,3,0,0
40942,constant,,wd:Q1135685,del_subject,3,0,0
93313,constant,,wd:Q1137767,del_subject,3,0,0
83891,constant,,wd:Q1137833,del_subject,3,0,0
89808,constant,,wd:Q1138186,del_subject,3,0,0
45520,constant,,wd:Q11394,del_subject,3,0,0
37493,constant,,wd:Q114,del_subject,3,0,0
39779,constant,,wd:Q11412,del_subject,3,0,0
79160,constant,,wd:Q11420,del_subject,3,0,0
29831,constant,,wd:Q11424,del_subject,3,0,0
43609,constant,,wd:Q1143604,del_subject,3,0,0
33983,constant,,wd:Q11446,del_subject,3,0,0
48782,constant,,wd:Q1144661,del_subject,3,0,0
36413,constant,,wd:Q11448906,del_subject,3,0,0
83794,constant,,wd:Q1145012,del_subject,3,0,0
86381,constant,,wd:Q1146531,del_subject,3,0,0
74371,constant,,wd:Q11472,del_subject,3,0,0
86685,constant,,wd:Q1147395,del_subject,3,0,0
44553,constant,,wd:Q114750,del_subject,3,0,0
40496,constant,,wd:Q114906,del_subject,3,0,0
86032,constant,,wd:Q1149652,del_subject,3,0,0
46582,constant,,wd:Q1151291,del_subject,3,0,0
45042,constant,,wd:Q11513034,del_subject,3,0,0
83512,constant,,wd:Q11513337,del_subject,3,0,0
49250,constant,,wd:Q1153191,del_subject,3,0,0
80470,constant,,wd:Q1154710,del_subject,3,0,0
30456,constant,,wd:Q1156073,del_subject,3,0,0
30817,constant,,wd:Q11563,del_subject,3,0,0
36591,constant,,wd:Q1156854,del_subject,3,0,0
85309,constant,,wd:Q11569986,del_subject,3,0,0
76349,constant,,wd:Q1158477,del_subject,3,0,0
86192,constant,,wd:Q1159023,del_subject,3,0,0
32160,constant,,wd:Q116,del_subject,3,0,0
88696,constant,,wd:Q11607585,del_subject,3,0,0
34033,constant,,wd:Q1161185,del_subject,3,0,0
40499,constant,,wd:Q116209,del_subject,3,0,0
34693,constant,,wd:Q11631,del_subject,3,0,0
79458,constant,,wd:Q1166,del_subject,3,0,0
75508,constant,,wd:Q1166840,del_subject,3,0,0
89487,constant,,wd:Q11687,del_subject,3,0,0
47922,constant,,wd:Q11691,del_subject,3,0,0
80188,constant,,wd:Q11691318,del_subject,3,0,0
39361,constant,,wd:Q1169875,del_subject,3,0,0
37495,constant,,wd:Q117,del_subject,3,0,0
36370,constant,,wd:Q11707,del_subject,3,0,0
40946,constant,,wd:Q1171483,del_subject,3,0,0
43527,constant,,wd:Q11722303,del_subject,3,0,0
78878,constant,,wd:Q11751,del_subject,3,0,0
84319,constant,,wd:Q11755880,del_subject,3,0,0
84840,constant,,wd:Q11772,del_subject,3,0,0
94708,constant,,wd:Q11774097,del_subject,3,0,0
44547,constant,,wd:Q11774891,del_subject,3,0,0
86574,constant,,wd:Q11796413,del_subject,3,0,0
86804,constant,,wd:Q11828004,del_subject,3,0,0
37922,constant,,wd:Q1183,del_subject,3,0,0
31527,constant,,wd:Q1183543,del_subject,3,0,0
85015,constant,,wd:Q1187580,del_subject,3,0,0
76408,constant,,wd:Q1187811,del_subject,3,0,0
31514,constant,,wd:Q11879590,del_subject,3,0,0
36348,constant,,wd:Q1188447,del_subject,3,0,0
95270,constant,,wd:Q1188693,del_subject,3,0,0
32276,constant,,wd:Q1190554,del_subject,3,0,0
34192,constant,,wd:Q11911,del_subject,3,0,0
87117,constant,,wd:Q1191549,del_subject,3,0,0
89614,constant,,wd:Q1191622,del_subject,3,0,0
43776,constant,,wd:Q1192305,del_subject,3,0,0
34195,constant,,wd:Q11925,del_subject,3,0,0
34198,constant,,wd:Q11943,del_subject,3,0,0
49489,constant,,wd:Q1194951,del_subject,3,0,0
85812,constant,,wd:Q11959,del_subject,3,0,0
43610,constant,,wd:Q1196258,del_subject,3,0,0
34199,constant,,wd:Q11972,del_subject,3,0,0
38220,constant,,wd:Q1199815,del_subject,3,0,0
85307,constant,,wd:Q12004,del_subject,3,0,0
82962,constant,,wd:Q1204,del_subject,3,0,0
40953,constant,,wd:Q1205104,del_subject,3,0,0
88311,constant,,wd:Q1207,del_subject,3,0,0
32713,constant,,wd:Q1208,del_subject,3,0,0
48852,constant,,wd:Q1210334,del_subject,3,0,0
86865,constant,,wd:Q1211,del_subject,3,0,0
82880,constant,,wd:Q121233,del_subject,3,0,0
45364,constant,,wd:Q12126757,del_subject,3,0,0
82102,constant,,wd:Q12132683,del_subject,3,0,0
34295,constant,,wd:Q12135,del_subject,3,0,0
34591,constant,,wd:Q121359,del_subject,3,0,0
30483,constant,,wd:Q12136,del_subject,3,0,0
84429,constant,,wd:Q1214,del_subject,3,0,0
42862,constant,,wd:Q12143,del_subject,3,0,0
34203,constant,,wd:Q12146,del_subject,3,0,0
94935,constant,,wd:Q121783,del_subject,3,0,0
75019,constant,,wd:Q12191,del_subject,3,0,0
80787,constant,,wd:Q12192,del_subject,3,0,0
82082,constant,,wd:Q12202,del_subject,3,0,0
79474,constant,,wd:Q12204,del_subject,3,0,0
76505,constant,,wd:Q1221,del_subject,3,0,0
76448,constant,,wd:Q1221156,del_subject,3,0,0
44223,constant,,wd:Q1225300,del_subject,3,0,0
79446,constant,,wd:Q1227,del_subject,3,0,0
37414,constant,,wd:Q12280,del_subject,3,0,0
36730,constant,,wd:Q12284,del_subject,3,0,0
35279,constant,,wd:Q12299841,del_subject,3,0,0
31515,constant,,wd:Q12308941,del_subject,3,0,0
30347,constant,,wd:Q12312385,del_subject,3,0,0
79381,constant,,wd:Q1231865,del_subject,3,0,0
38723,constant,,wd:Q12323,del_subject,3,0,0
85292,constant,,wd:Q123258,del_subject,3,0,0
74705,constant,,wd:Q123480,del_subject,3,0,0
37516,constant,,wd:Q12358501,del_subject,3,0,0
37517,constant,,wd:Q12361770,del_subject,3,0,0
43772,constant,,wd:Q123705,del_subject,3,0,0
95945,constant,,wd:Q12376420,del_subject,3,0,0
40959,constant,,wd:Q1241332,del_subject,3,0,0
34206,constant,,wd:Q12433,del_subject,3,0,0
79543,constant,,wd:Q12439,del_subject,3,0,0
78821,constant,,wd:Q1244442,del_subject,3,0,0
48565,constant,,wd:Q124490,del_subject,3,0,0
35611,constant,,wd:Q1246,del_subject,3,0,0
32550,constant,,wd:Q124714,del_subject,3,0,0
31121,constant,,wd:Q1248784,del_subject,3,0,0
81472,constant,,wd:Q1249148,del_subject,3,0,0
38485,constant,,wd:Q1250464,del_subject,3,0,0
84628,constant,,wd:Q1250916,del_subject,3,0,0
93566,constant,,wd:Q1251128,del_subject,3,0,0
80245,constant,,wd:Q12518,del_subject,3,0,0
42833,constant,,wd:Q125191,del_subject,3,0,0
83239,constant,,wd:Q1253472,del_subject,3,0,0
48525,constant,,wd:Q1254933,del_subject,3,0,0
85347,constant,,wd:Q12559,del_subject,3,0,0
44951,constant,,wd:Q12560,del_subject,3,0,0
81430,constant,,wd:Q1259759,del_subject,3,0,0
83799,constant,,wd:Q1259917,del_subject,3,0,0
77211,constant,,wd:Q1261,del_subject,3,0,0
49013,constant,,wd:Q1261214,del_subject,3,0,0
34209,constant,,wd:Q12640,del_subject,3,0,0
85137,constant,,wd:Q12661,del_subject,3,0,0
86788,constant,,wd:Q1266818,del_subject,3,0,0
84632,constant,,wd:Q1267632,del_subject,3,0,0
83276,constant,,wd:Q12679,del_subject,3,0,0
38164,constant,,wd:Q1268453,del_subject,3,0,0
84479,constant,,wd:Q12689,del_subject,3,0,0
36752,constant,,wd:Q127,del_subject,3,0,0
78998,constant,,wd:Q127134,del_subject,3,0,0
34212,constant,,wd:Q12724,del_subject,3,0,0
86315,constant,,wd:Q12736,del_subject,3,0,0
32464,constant,,wd:Q12737077,del_subject,3,0,0
78919,constant,,wd:Q127448,del_subject,3,0,0
35023,constant,,wd:Q12766245,del_subject,3,0,0
93409,constant,,wd:Q1278554,del_subject,3,0,0
82506,constant,,wd:Q12788,del_subject,3,0,0
89805,constant,,wd:Q127910,del_subject,3,0,0
75361,constant,,wd:Q12800682,del_subject,3,0,0
88613,constant,,wd:Q128069,del_subject,3,0,0
38191,constant,,wd:Q128093,del_subject,3,0,0
94823,constant,,wd:Q12809484,del_subject,3,0,0
40960,constant,,wd:Q1280997,del_subject,3,0,0
31297,constant,,wd:Q128124,del_subject,3,0,0
75577,constant,,wd:Q12813115,del_subject,3,0,0
40286,constant,,wd:Q1281618,del_subject,3,0,0
83784,constant,,wd:Q128186,del_subject,3,0,0
88755,constant,,wd:Q12857432,del_subject,3,0,0
81924,constant,,wd:Q1288568,del_subject,3,0,0
82810,constant,,wd:Q1289426,del_subject,3,0,0
79833,constant,,wd:Q129286,del_subject,3,0,0
82924,constant,,wd:Q129499,del_subject,3,0,0
48699,constant,,wd:Q1297,del_subject,3,0,0
31911,constant,,wd:Q12973014,del_subject,3,0,0
33614,constant,,wd:Q1298668,del_subject,3,0,0
37044,constant,,wd:Q13002315,del_subject,3,0,0
44584,constant,,wd:Q13027888,del_subject,3,0,0
88580,constant,,wd:Q130308,del_subject,3,0,0
95951,constant,,wd:Q1303167,del_subject,3,0,0
40968,constant,,wd:Q1304844,del_subject,3,0,0
40969,constant,,wd:Q1306244,del_subject,3,0,0
40970,constant,,wd:Q1307373,del_subject,3,0,0
40972,constant,,wd:Q1308636,del_subject,3,0,0
89604,constant,,wd:Q13100073,del_subject,3,0,0
38274,constant,,wd:Q1311958,del_subject,3,0,0
40507,constant,,wd:Q131224,del_subject,3,0,0
86977,constant,,wd:Q131329,del_subject,3,0,0
88887,constant,,wd:Q131371,del_subject,3,0,0
77665,constant,,wd:Q131378,del_subject,3,0,0
41171,constant,,wd:Q1314162,del_subject,3,0,0
35636,constant,,wd:Q131436,del_subject,3,0,0
81253,constant,,wd:Q131499,del_subject,3,0,0
38739,constant,,wd:Q131569,del_subject,3,0,0
87123,constant,,wd:Q131596,del_subject,3,0,0
49459,constant,,wd:Q131647,del_subject,3,0,0
35143,constant,,wd:Q131681,del_subject,3,0,0
30431,constant,,wd:Q131734,del_subject,3,0,0
43479,constant,,wd:Q1318295,del_subject,3,0,0
41175,constant,,wd:Q1318931,del_subject,3,0,0
86792,constant,,wd:Q1318941,del_subject,3,0,0
38674,constant,,wd:Q13196750,del_subject,3,0,0
36757,constant,,wd:Q132,del_subject,3,0,0
86554,constant,,wd:Q1320047,del_subject,3,0,0
74341,constant,,wd:Q1321,del_subject,3,0,0
80183,constant,,wd:Q13217644,del_subject,3,0,0
74735,constant,,wd:Q13218690,del_subject,3,0,0
31186,constant,,wd:Q13219666,del_subject,3,0,0
77373,constant,,wd:Q13220204,del_subject,3,0,0
76322,constant,,wd:Q13221722,del_subject,3,0,0
35737,constant,,wd:Q132241,del_subject,3,0,0
85461,constant,,wd:Q1323122,del_subject,3,0,0
75362,constant,,wd:Q13235160,del_subject,3,0,0
80994,constant,,wd:Q132404,del_subject,3,0,0
40519,constant,,wd:Q132650,del_subject,3,0,0
83792,constant,,wd:Q132720,del_subject,3,0,0
88590,constant,,wd:Q132783,del_subject,3,0,0
35944,constant,,wd:Q132821,del_subject,3,0,0
80823,constant,,wd:Q132936,del_subject,3,0,0
84862,constant,,wd:Q1329623,del_subject,3,0,0
78718,constant,,wd:Q13298,del_subject,3,0,0
36632,constant,,wd:Q133056,del_subject,3,0,0
40522,constant,,wd:Q133101,del_subject,3,0,0
92690,constant,,wd:Q133118,del_subject,3,0,0
93518,constant,,wd:Q133156,del_subject,3,0,0
46113,constant,,wd:Q1331793,del_subject,3,0,0
40523,constant,,wd:Q133289,del_subject,3,0,0
29950,constant,,wd:Q133311,del_subject,3,0,0
41183,constant,,wd:Q1335129,del_subject,3,0,0
80756,constant,,wd:Q13357858,del_subject,3,0,0
32154,constant,,wd:Q13362,del_subject,3,0,0
36207,constant,,wd:Q13366129,del_subject,3,0,0
87853,constant,,wd:Q13367,del_subject,3,0,0
41074,constant,,wd:Q1336872,del_subject,3,0,0
96214,constant,,wd:Q13370189,del_subject,3,0,0
86620,constant,,wd:Q13373,del_subject,3,0,0
85271,constant,,wd:Q13375,del_subject,3,0,0
40529,constant,,wd:Q133781,del_subject,3,0,0
87574,constant,,wd:Q13381572,del_subject,3,0,0
44257,constant,,wd:Q13381863,del_subject,3,0,0
48554,constant,,wd:Q13382576,del_subject,3,0,0
49033,constant,,wd:Q13382603,del_subject,3,0,0
84610,constant,,wd:Q13382608,del_subject,3,0,0
30488,constant,,wd:Q13382981,del_subject,3,0,0
86712,constant,,wd:Q133879,del_subject,3,0,0
30490,constant,,wd:Q13388442,del_subject,3,0,0
77503,constant,,wd:Q13390680,del_subject,3,0,0
48927,constant,,wd:Q1339195,del_subject,3,0,0
88891,constant,,wd:Q133924,del_subject,3,0,0
79455,constant,,wd:Q13393265,del_subject,3,0,0
40535,constant,,wd:Q134036,del_subject,3,0,0
30942,constant,,wd:Q13406463,del_subject,3,0,0
29960,constant,,wd:Q13406554,del_subject,3,0,0
42948,constant,,wd:Q13406835,del_subject,3,0,0
42950,constant,,wd:Q13406849,del_subject,3,0,0
42953,constant,,wd:Q13406891,del_subject,3,0,0
84938,constant,,wd:Q134091,del_subject,3,0,0
36014,constant,,wd:Q13414953,del_subject,3,0,0
84985,constant,,wd:Q13415036,del_subject,3,0,0
79629,constant,,wd:Q134161,del_subject,3,0,0
30460,constant,,wd:Q13417114,del_subject,3,0,0
79374,constant,,wd:Q13418253,del_subject,3,0,0
49015,constant,,wd:Q13423591,del_subject,3,0,0
93253,constant,,wd:Q1343246,del_subject,3,0,0
80033,constant,,wd:Q134390,del_subject,3,0,0
44117,constant,,wd:Q1344,del_subject,3,0,0
33930,constant,,wd:Q13442814,del_subject,3,0,0
76343,constant,,wd:Q1344963,del_subject,3,0,0
76413,constant,,wd:Q1345,del_subject,3,0,0
29983,constant,,wd:Q134556,del_subject,3,0,0
92623,constant,,wd:Q1345904,del_subject,3,0,0
80350,constant,,wd:Q134635,del_subject,3,0,0
93893,constant,,wd:Q135122,del_subject,3,0,0
38192,constant,,wd:Q135288,del_subject,3,0,0
42380,constant,,wd:Q13568724,del_subject,3,0,0
40543,constant,,wd:Q135769,del_subject,3,0,0
83218,constant,,wd:Q13582652,del_subject,3,0,0
44898,constant,,wd:Q13617,del_subject,3,0,0
88674,constant,,wd:Q13626398,del_subject,3,0,0
39763,constant,,wd:Q1362956,del_subject,3,0,0
86469,constant,,wd:Q1365114,del_subject,3,0,0
34538,constant,,wd:Q13653224,del_subject,3,0,0
80273,constant,,wd:Q1366112,del_subject,3,0,0
41083,constant,,wd:Q1368348,del_subject,3,0,0
74485,constant,,wd:Q1370,del_subject,3,0,0
84342,constant,,wd:Q1371,del_subject,3,0,0
79017,constant,,wd:Q137773,del_subject,3,0,0
74998,constant,,wd:Q13785927,del_subject,3,0,0
47993,constant,,wd:Q13789518,del_subject,3,0,0
85498,constant,,wd:Q138089,del_subject,3,0,0
41085,constant,,wd:Q1382545,del_subject,3,0,0
76671,constant,,wd:Q1384,del_subject,3,0,0
84478,constant,,wd:Q1387,del_subject,3,0,0
85116,constant,,wd:Q1391,del_subject,3,0,0
80514,constant,,wd:Q1393,del_subject,3,0,0
74748,constant,,wd:Q13955,del_subject,3,0,0
81583,constant,,wd:Q1397,del_subject,3,0,0
79901,constant,,wd:Q1400,del_subject,3,0,0
35474,constant,,wd:Q1400264,del_subject,3,0,0
32569,constant,,wd:Q1402592,del_subject,3,0,0
45356,constant,,wd:Q1406,del_subject,3,0,0
30852,constant,,wd:Q14073567,del_subject,3,0,0
74783,constant,,wd:Q1408,del_subject,3,0,0
35439,constant,,wd:Q14089670,del_subject,3,0,0
40564,constant,,wd:Q140970,del_subject,3,0,0
32793,constant,,wd:Q1412,del_subject,3,0,0
47996,constant,,wd:Q14124496,del_subject,3,0,0
88457,constant,,wd:Q14128148,del_subject,3,0,0
40586,constant,,wd:Q141307,del_subject,3,0,0
47811,constant,,wd:Q1414443,del_subject,3,0,0
78805,constant,,wd:Q1415,del_subject,3,0,0
92530,constant,,wd:Q1416890,del_subject,3,0,0
30653,constant,,wd:Q142,del_subject,3,0,0
83614,constant,,wd:Q1420,del_subject,3,0,0
78850,constant,,wd:Q14212,del_subject,3,0,0
83052,constant,,wd:Q1422,del_subject,3,0,0
40590,constant,,wd:Q142326,del_subject,3,0,0
85524,constant,,wd:Q1423891,del_subject,3,0,0
85185,constant,,wd:Q142552,del_subject,3,0,0
35424,constant,,wd:Q1428,del_subject,3,0,0
85813,constant,,wd:Q14328,del_subject,3,0,0
92727,constant,,wd:Q14349519,del_subject,3,0,0
42738,constant,,wd:Q14350,del_subject,3,0,0
47671,constant,,wd:Q14387135,del_subject,3,0,0
75258,constant,,wd:Q1439,del_subject,3,0,0
31982,constant,,wd:Q144,del_subject,3,0,0
33030,constant,,wd:Q14406742,del_subject,3,0,0
75509,constant,,wd:Q1441346,del_subject,3,0,0
37327,constant,,wd:Q14451490,del_subject,3,0,0
40601,constant,,wd:Q144576,del_subject,3,0,0
79375,constant,,wd:Q14467526,del_subject,3,0,0
92416,constant,,wd:Q14489348,del_subject,3,0,0
33204,constant,,wd:Q145,del_subject,3,0,0
29820,constant,,wd:Q14514600,del_subject,3,0,0
42412,constant,,wd:Q14537748,del_subject,3,0,0
74334,constant,,wd:Q1454,del_subject,3,0,0
43660,constant,,wd:Q14544535,del_subject,3,0,0
43661,constant,,wd:Q14544541,del_subject,3,0,0
48770,constant,,wd:Q14544563,del_subject,3,0,0
48771,constant,,wd:Q14544569,del_subject,3,0,0
42809,constant,,wd:Q14544581,del_subject,3,0,0
42808,constant,,wd:Q14544582,del_subject,3,0,0
37269,constant,,wd:Q14545608,del_subject,3,0,0
37271,constant,,wd:Q14545628,del_subject,3,0,0
32426,constant,,wd:Q14545639,del_subject,3,0,0
37273,constant,,wd:Q14545646,del_subject,3,0,0
74323,constant,,wd:Q1456,del_subject,3,0,0
38675,constant,,wd:Q14565199,del_subject,3,0,0
96024,constant,,wd:Q1459037,del_subject,3,0,0
41093,constant,,wd:Q1460935,del_subject,3,0,0
40605,constant,,wd:Q146095,del_subject,3,0,0
79568,constant,,wd:Q14626626,del_subject,3,0,0
32370,constant,,wd:Q1464509,del_subject,3,0,0
80031,constant,,wd:Q14649171,del_subject,3,0,0
84410,constant,,wd:Q146567,del_subject,3,0,0
49244,constant,,wd:Q14659,del_subject,3,0,0
45871,constant,,wd:Q14660,del_subject,3,0,0
42428,constant,,wd:Q14660135,del_subject,3,0,0
45021,constant,,wd:Q1471477,del_subject,3,0,0
79916,constant,,wd:Q1472321,del_subject,3,0,0
85776,constant,,wd:Q1473276,del_subject,3,0,0
42431,constant,,wd:Q14738505,del_subject,3,0,0
42851,constant,,wd:Q1474493,del_subject,3,0,0
30461,constant,,wd:Q14756018,del_subject,3,0,0
77579,constant,,wd:Q1476,del_subject,3,0,0
83987,constant,,wd:Q14770218,del_subject,3,0,0
74249,constant,,wd:Q1478437,del_subject,3,0,0
48748,constant,,wd:Q1478443,del_subject,3,0,0
78706,constant,,wd:Q1479,del_subject,3,0,0
34824,constant,,wd:Q148,del_subject,3,0,0
42433,constant,,wd:Q14817227,del_subject,3,0,0
33082,constant,,wd:Q14827288,del_subject,3,0,0
49872,constant,,wd:Q14828018,del_subject,3,0,0
40612,constant,,wd:Q148336,del_subject,3,0,0
40050,constant,,wd:Q14839548,del_subject,3,0,0
89783,constant,,wd:Q14852127,del_subject,3,0,0
92718,constant,,wd:Q14859873,del_subject,3,0,0
36179,constant,,wd:Q14864328,del_subject,3,0,0
36177,constant,,wd:Q14864330,del_subject,3,0,0
36178,constant,,wd:Q14864331,del_subject,3,0,0
89886,constant,,wd:Q14865768,del_subject,3,0,0
40378,constant,,wd:Q14870285,del_subject,3,0,0
40380,constant,,wd:Q14870298,del_subject,3,0,0
40381,constant,,wd:Q14870299,del_subject,3,0,0
38479,constant,,wd:Q148837,del_subject,3,0,0
33031,constant,,wd:Q14897293,del_subject,3,0,0
48164,constant,,wd:Q14915512,del_subject,3,0,0
48163,constant,,wd:Q14915515,del_subject,3,0,0
48165,constant,,wd:Q14915516,del_subject,3,0,0
48166,constant,,wd:Q14915517,del_subject,3,0,0
83800,constant,,wd:Q14915627,del_subject,3,0,0
76162,constant,,wd:Q1492,del_subject,3,0,0
47519,constant,,wd:Q14920391,del_subject,3,0,0
47521,constant,,wd:Q14920392,del_subject,3,0,0
47522,constant,,wd:Q14920393,del_subject,3,0,0
47520,constant,,wd:Q14920394,del_subject,3,0,0
35287,constant,,wd:Q14934048,del_subject,3,0,0
84358,constant,,wd:Q14936243,del_subject,3,0,0
76518,constant,,wd:Q1494,del_subject,3,0,0
49910,constant,,wd:Q14943752,del_subject,3,0,0
75333,constant,,wd:Q14960,del_subject,3,0,0
48744,constant,,wd:Q149621,del_subject,3,0,0
33380,constant,,wd:Q1497364,del_subject,3,0,0
45088,constant,,wd:Q1497375,del_subject,3,0,0
38193,constant,,wd:Q149757,del_subject,3,0,0
77382,constant,,wd:Q149789,del_subject,3,0,0
76076,constant,,wd:Q149918,del_subject,3,0,0
77221,constant,,wd:Q1499623,del_subject,3,0,0
87412,constant,,wd:Q1499767,del_subject,3,0,0
43928,constant,,wd:Q15,del_subject,3,0,0
35555,constant,,wd:Q150,del_subject,3,0,0
89950,constant,,wd:Q1500350,del_subject,3,0,0
77350,constant,,wd:Q15043775,del_subject,3,0,0
33226,constant,,wd:Q15056995,del_subject,3,0,0
75753,constant,,wd:Q15060255,del_subject,3,0,0
40624,constant,,wd:Q150604,del_subject,3,0,0
43957,constant,,wd:Q15061650,del_subject,3,0,0
32335,constant,,wd:Q15069452,del_subject,3,0,0
83897,constant,,wd:Q15078955,del_subject,3,0,0
45872,constant,,wd:Q15079663,del_subject,3,0,0
43418,constant,,wd:Q15079786,del_subject,3,0,0
37133,constant,,wd:Q15089,del_subject,3,0,0
84318,constant,,wd:Q1509,del_subject,3,0,0
85313,constant,,wd:Q15091,del_subject,3,0,0
36140,constant,,wd:Q15117302,del_subject,3,0,0
85014,constant,,wd:Q15125752,del_subject,3,0,0
86594,constant,,wd:Q15127012,del_subject,3,0,0
37427,constant,,wd:Q15141321,del_subject,3,0,0
78867,constant,,wd:Q15149663,del_subject,3,0,0
82828,constant,,wd:Q1516079,del_subject,3,0,0
85870,constant,,wd:Q15174,del_subject,3,0,0
81254,constant,,wd:Q151747,del_subject,3,0,0
32349,constant,,wd:Q15180,del_subject,3,0,0
77426,constant,,wd:Q1520223,del_subject,3,0,0
86781,constant,,wd:Q152081,del_subject,3,0,0
77216,constant,,wd:Q1522,del_subject,3,0,0
45735,constant,,wd:Q152357,del_subject,3,0,0
48530,constant,,wd:Q15238535,del_subject,3,0,0
43673,constant,,wd:Q15238609,del_subject,3,0,0
38488,constant,,wd:Q15239622,del_subject,3,0,0
75710,constant,,wd:Q1524,del_subject,3,0,0
84430,constant,,wd:Q15243209,del_subject,3,0,0
94140,constant,,wd:Q1524550,del_subject,3,0,0
75440,constant,,wd:Q15259995,del_subject,3,0,0
75534,constant,,wd:Q1527,del_subject,3,0,0
38000,constant,,wd:Q15275719,del_subject,3,0,0
44696,constant,,wd:Q15284,del_subject,3,0,0
86777,constant,,wd:Q1529096,del_subject,3,0,0
83813,constant,,wd:Q15296811,del_subject,3,0,0
88672,constant,,wd:Q15304003,del_subject,3,0,0
39937,constant,,wd:Q15304597,del_subject,3,0,0
89364,constant,,wd:Q153306,del_subject,3,0,0
76450,constant,,wd:Q1537,del_subject,3,0,0
33984,constant,,wd:Q1539532,del_subject,3,0,0
41100,constant,,wd:Q1540893,del_subject,3,0,0
29832,constant,,wd:Q15416,del_subject,3,0,0
96133,constant,,wd:Q1542668,del_subject,3,0,0
82047,constant,,wd:Q154293,del_subject,3,0,0
35321,constant,,wd:Q1543615,del_subject,3,0,0
81271,constant,,wd:Q1546,del_subject,3,0,0
95023,constant,,wd:Q1546995,del_subject,3,0,0
79312,constant,,wd:Q15470,del_subject,3,0,0
31558,constant,,wd:Q154804,del_subject,3,0,0
75994,constant,,wd:Q1549591,del_subject,3,0,0
32481,constant,,wd:Q155,del_subject,3,0,0
36653,constant,,wd:Q155076,del_subject,3,0,0
35870,constant,,wd:Q155239,del_subject,3,0,0
80992,constant,,wd:Q1553,del_subject,3,0,0
35337,constant,,wd:Q1555508,del_subject,3,0,0
41103,constant,,wd:Q1556014,del_subject,3,0,0
79027,constant,,wd:Q1558,del_subject,3,0,0
86352,constant,,wd:Q156150,del_subject,3,0,0
40376,constant,,wd:Q15617994,del_subject,3,0,0
30462,constant,,wd:Q15618652,del_subject,3,0,0
82132,constant,,wd:Q15621289,del_subject,3,0,0
32973,constant,,wd:Q15623926,del_subject,3,0,0
30039,constant,,wd:Q15632617,del_subject,3,0,0
31092,constant,,wd:Q15642541,del_subject,3,0,0
88602,constant,,wd:Q156449,del_subject,3,0,0
40627,constant,,wd:Q156533,del_subject,3,0,0
81860,constant,,wd:Q156569,del_subject,3,0,0
35036,constant,,wd:Q1565911,del_subject,3,0,0
42818,constant,,wd:Q156598,del_subject,3,0,0
88473,constant,,wd:Q15661340,del_subject,3,0,0
40629,constant,,wd:Q156692,del_subject,3,0,0
95455,constant,,wd:Q1568434,del_subject,3,0,0
47947,constant,,wd:Q1568567,del_subject,3,0,0
40630,constant,,wd:Q156901,del_subject,3,0,0
42878,constant,,wd:Q15697324,del_subject,3,0,0
46285,constant,,wd:Q15700818,del_subject,3,0,0
46286,constant,,wd:Q15700831,del_subject,3,0,0
46287,constant,,wd:Q15700834,del_subject,3,0,0
43383,constant,,wd:Q157031,del_subject,3,0,0
43519,constant,,wd:Q15708736,del_subject,3,0,0
33644,constant,,wd:Q15711994,del_subject,3,0,0
89591,constant,,wd:Q15725677,del_subject,3,0,0
75585,constant,,wd:Q15730712,del_subject,3,0,0
79369,constant,,wd:Q15731830,del_subject,3,0,0
85391,constant,,wd:Q15733003,del_subject,3,0,0
40632,constant,,wd:Q157503,del_subject,3,0,0
48544,constant,,wd:Q15754720,del_subject,3,0,0
45540,constant,,wd:Q157570,del_subject,3,0,0
93979,constant,,wd:Q1577547,del_subject,3,0,0
83501,constant,,wd:Q15786,del_subject,3,0,0
40637,constant,,wd:Q158032,del_subject,3,0,0
85980,constant,,wd:Q1581,del_subject,3,0,0
45837,constant,,wd:Q15836568,del_subject,3,0,0
47746,constant,,wd:Q158454,del_subject,3,0,0
83948,constant,,wd:Q158501,del_subject,3,0,0
93423,constant,,wd:Q158717,del_subject,3,0,0
81326,constant,,wd:Q158852,del_subject,3,0,0
84575,constant,,wd:Q1589009,del_subject,3,0,0
32350,constant,,wd:Q159,del_subject,3,0,0
39639,constant,,wd:Q15911738,del_subject,3,0,0
74212,constant,,wd:Q15921732,del_subject,3,0,0
78473,constant,,wd:Q15921764,del_subject,3,0,0
82338,constant,,wd:Q15930574,del_subject,3,0,0
40643,constant,,wd:Q159372,del_subject,3,0,0
35761,constant,,wd:Q15944511,del_subject,3,0,0
94058,constant,,wd:Q159729,del_subject,3,0,0
77316,constant,,wd:Q15974307,del_subject,3,0,0
81191,constant,,wd:Q15978299,del_subject,3,0,0
31383,constant,,wd:Q15978631,del_subject,3,0,0
47801,constant,,wd:Q159821,del_subject,3,0,0
74351,constant,,wd:Q15991303,del_subject,3,0,0
30841,constant,,wd:Q16,del_subject,3,0,0
76543,constant,,wd:Q16002466,del_subject,3,0,0
35751,constant,,wd:Q160112,del_subject,3,0,0
38304,constant,,wd:Q16017119,del_subject,3,0,0
42710,constant,,wd:Q160236,del_subject,3,0,0
31370,constant,,wd:Q16029547,del_subject,3,0,0
82797,constant,,wd:Q1603,del_subject,3,0,0
82030,constant,,wd:Q1605665,del_subject,3,0,0
43826,constant,,wd:Q160742,del_subject,3,0,0
86039,constant,,wd:Q160927,del_subject,3,0,0
85362,constant,,wd:Q1612,del_subject,3,0,0
87676,constant,,wd:Q16144,del_subject,3,0,0
85896,constant,,wd:Q161491,del_subject,3,0,0
42742,constant,,wd:Q1616075,del_subject,3,0,0
79112,constant,,wd:Q16162,del_subject,3,0,0
81624,constant,,wd:Q161705,del_subject,3,0,0
82151,constant,,wd:Q161741,del_subject,3,0,0
48828,constant,,wd:Q161885,del_subject,3,0,0
40648,constant,,wd:Q162097,del_subject,3,0,0
38319,constant,,wd:Q1622272,del_subject,3,0,0
81073,constant,,wd:Q1624461,del_subject,3,0,0
45541,constant,,wd:Q162875,del_subject,3,0,0
29822,constant,,wd:Q16334295,del_subject,3,0,0
81331,constant,,wd:Q163534,del_subject,3,0,0
35854,constant,,wd:Q163740,del_subject,3,0,0
75995,constant,,wd:Q1637706,del_subject,3,0,0
82482,constant,,wd:Q163948,del_subject,3,0,0
96113,constant,,wd:Q1641836,del_subject,3,0,0
76275,constant,,wd:Q16428906,del_subject,3,0,0
43636,constant,,wd:Q16438244,del_subject,3,0,0
44667,constant,,wd:Q164597,del_subject,3,0,0
84759,constant,,wd:Q1649,del_subject,3,0,0
30452,constant,,wd:Q164950,del_subject,3,0,0
37334,constant,,wd:Q165,del_subject,3,0,0
47601,constant,,wd:Q1650915,del_subject,3,0,0
31182,constant,,wd:Q16510064,del_subject,3,0,0
35024,constant,,wd:Q16517556,del_subject,3,0,0
30002,constant,,wd:Q16521,del_subject,3,0,0
40655,constant,,wd:Q165260,del_subject,3,0,0
81203,constant,,wd:Q16556,del_subject,3,0,0
82875,constant,,wd:Q16560,del_subject,3,0,0
38448,constant,,wd:Q166118,del_subject,3,0,0
37246,constant,,wd:Q166142,del_subject,3,0,0
85484,constant,,wd:Q166196,del_subject,3,0,0
37792,constant,,wd:Q16645086,del_subject,3,0,0
45097,constant,,wd:Q1664720,del_subject,3,0,0
37786,constant,,wd:Q1670336,del_subject,3,0,0
35230,constant,,wd:Q167037,del_subject,3,0,0
48246,constant,,wd:Q16707842,del_subject,3,0,0
40121,constant,,wd:Q167270,del_subject,3,0,0
88040,constant,,wd:Q167273,del_subject,3,0,0
34715,constant,,wd:Q167346,del_subject,3,0,0
36735,constant,,wd:Q16739336,del_subject,3,0,0
85808,constant,,wd:Q1675463,del_subject,3,0,0
76229,constant,,wd:Q167874,del_subject,3,0,0
48985,constant,,wd:Q16831714,del_subject,3,0,0
85373,constant,,wd:Q16868070,del_subject,3,0,0
81676,constant,,wd:Q16869,del_subject,3,0,0
47826,constant,,wd:Q16887380,del_subject,3,0,0
74477,constant,,wd:Q16889133,del_subject,3,0,0
39341,constant,,wd:Q16917,del_subject,3,0,0
35340,constant,,wd:Q169336,del_subject,3,0,0
82475,constant,,wd:Q16947657,del_subject,3,0,0
75312,constant,,wd:Q16957,del_subject,3,0,0
79454,constant,,wd:Q169661,del_subject,3,0,0
32638,constant,,wd:Q16970,del_subject,3,0,0
48363,constant,,wd:Q169872,del_subject,3,0,0
29984,constant,,wd:Q169930,del_subject,3,0,0
39818,constant,,wd:Q17,del_subject,3,0,0
44551,constant,,wd:Q1700481,del_subject,3,0,0
38481,constant,,wd:Q170156,del_subject,3,0,0
32641,constant,,wd:Q170584,del_subject,3,0,0
48102,constant,,wd:Q170758,del_subject,3,0,0
82960,constant,,wd:Q171150,del_subject,3,0,0
35571,constant,,wd:Q171318,del_subject,3,0,0
79383,constant,,wd:Q171357,del_subject,3,0,0
42716,constant,,wd:Q171441,del_subject,3,0,0
39171,constant,,wd:Q17146139,del_subject,3,0,0
48710,constant,,wd:Q17149090,del_subject,3,0,0
42518,constant,,wd:Q17166772,del_subject,3,0,0
43951,constant,,wd:Q17167,del_subject,3,0,0
81330,constant,,wd:Q171689,del_subject,3,0,0
76238,constant,,wd:Q171852,del_subject,3,0,0
85775,constant,,wd:Q1720,del_subject,3,0,0
33579,constant,,wd:Q172579,del_subject,3,0,0
76530,constant,,wd:Q1726,del_subject,3,0,0
97982,constant,,wd:Q17272482,del_subject,3,0,0
42533,constant,,wd:Q17286905,del_subject,3,0,0
39233,constant,,wd:Q17297633,del_subject,3,0,0
77639,constant,,wd:Q173,del_subject,3,0,0
77318,constant,,wd:Q1731,del_subject,3,0,0
86770,constant,,wd:Q1731155,del_subject,3,0,0
43384,constant,,wd:Q17329259,del_subject,3,0,0
80781,constant,,wd:Q1733,del_subject,3,0,0
30154,constant,,wd:Q17339814,del_subject,3,0,0
49063,constant,,wd:Q1734,del_subject,3,0,0
85104,constant,,wd:Q17343829,del_subject,3,0,0
77613,constant,,wd:Q1735,del_subject,3,0,0
35699,constant,,wd:Q17350442,del_subject,3,0,0
38740,constant,,wd:Q17362920,del_subject,3,0,0
80078,constant,,wd:Q173756,del_subject,3,0,0
30032,constant,,wd:Q17376908,del_subject,3,0,0
86188,constant,,wd:Q173813,del_subject,3,0,0
75705,constant,,wd:Q174,del_subject,3,0,0
75783,constant,,wd:Q1741,del_subject,3,0,0
33205,constant,,wd:Q174193,del_subject,3,0,0
35020,constant,,wd:Q1744024,del_subject,3,0,0
74210,constant,,wd:Q17442446,del_subject,3,0,0
30504,constant,,wd:Q17451,del_subject,3,0,0
76893,constant,,wd:Q174736,del_subject,3,0,0
38402,constant,,wd:Q174782,del_subject,3,0,0
93800,constant,,wd:Q17489143,del_subject,3,0,0
33882,constant,,wd:Q17489659,del_subject,3,0,0
83660,constant,,wd:Q1749269,del_subject,3,0,0
86971,constant,,wd:Q17497,del_subject,3,0,0
88326,constant,,wd:Q17505902,del_subject,3,0,0
34597,constant,,wd:Q1750705,del_subject,3,0,0
82508,constant,,wd:Q175129,del_subject,3,0,0
80237,constant,,wd:Q175151,del_subject,3,0,0
35281,constant,,wd:Q17516936,del_subject,3,0,0
76864,constant,,wd:Q17517379,del_subject,3,0,0
80690,constant,,wd:Q17523984,del_subject,3,0,0
81312,constant,,wd:Q17535155,del_subject,3,0,0
35539,constant,,wd:Q17537576,del_subject,3,0,0
75456,constant,,wd:Q1754,del_subject,3,0,0
49251,constant,,wd:Q17553950,del_subject,3,0,0
43103,constant,,wd:Q17558136,del_subject,3,0,0
76953,constant,,wd:Q1757,del_subject,3,0,0
41125,constant,,wd:Q1757703,del_subject,3,0,0
79290,constant,,wd:Q1761,del_subject,3,0,0
38630,constant,,wd:Q1762059,del_subject,3,0,0
49017,constant,,wd:Q176251,del_subject,3,0,0
87024,constant,,wd:Q17633526,del_subject,3,0,0
83474,constant,,wd:Q1763527,del_subject,3,0,0
43549,constant,,wd:Q176799,del_subject,3,0,0
49016,constant,,wd:Q17698911,del_subject,3,0,0
95855,constant,,wd:Q17701409,del_subject,3,0,0
38170,constant,,wd:Q177220,del_subject,3,0,0
76415,constant,,wd:Q1781,del_subject,3,0,0
48984,constant,,wd:Q1785071,del_subject,3,0,0
49616,constant,,wd:Q178561,del_subject,3,0,0
84555,constant,,wd:Q17865069,del_subject,3,0,0
37906,constant,,wd:Q178706,del_subject,3,0,0
87722,constant,,wd:Q1787111,del_subject,3,0,0
86874,constant,,wd:Q1788716,del_subject,3,0,0
32405,constant,,wd:Q178885,del_subject,3,0,0
86686,constant,,wd:Q179049,del_subject,3,0,0
78709,constant,,wd:Q1792,del_subject,3,0,0
46374,constant,,wd:Q1792159,del_subject,3,0,0
47909,constant,,wd:Q1792644,del_subject,3,0,0
80075,constant,,wd:Q179351,del_subject,3,0,0
76356,constant,,wd:Q1794,del_subject,3,0,0
39862,constant,,wd:Q179700,del_subject,3,0,0
44947,constant,,wd:Q179876,del_subject,3,0,0
80019,constant,,wd:Q1799,del_subject,3,0,0
88554,constant,,wd:Q1799072,del_subject,3,0,0
43929,constant,,wd:Q18,del_subject,3,0,0
74775,constant,,wd:Q180,del_subject,3,0,0
83477,constant,,wd:Q18001597,del_subject,3,0,0
86667,constant,,wd:Q18011418,del_subject,3,0,0
79467,constant,,wd:Q18012526,del_subject,3,0,0
81544,constant,,wd:Q18012535,del_subject,3,0,0
82209,constant,,wd:Q18013783,del_subject,3,0,0
48385,constant,,wd:Q18015642,del_subject,3,0,0
48386,constant,,wd:Q18018860,del_subject,3,0,0
87576,constant,,wd:Q1802801,del_subject,3,0,0
79154,constant,,wd:Q18029644,del_subject,3,0,0
76974,constant,,wd:Q18042461,del_subject,3,0,0
87339,constant,,wd:Q180445,del_subject,3,0,0
75356,constant,,wd:Q18057751,del_subject,3,0,0
39548,constant,,wd:Q180684,del_subject,3,0,0
86619,constant,,wd:Q180788,del_subject,3,0,0
82621,constant,,wd:Q18094,del_subject,3,0,0
37037,constant,,wd:Q18127,del_subject,3,0,0
34440,constant,,wd:Q18131152,del_subject,3,0,0
48851,constant,,wd:Q181348,del_subject,3,0,0
80022,constant,,wd:Q18145837,del_subject,3,0,0
35322,constant,,wd:Q1814990,del_subject,3,0,0
83949,constant,,wd:Q18177333,del_subject,3,0,0
78157,constant,,wd:Q18190448,del_subject,3,0,0
87763,constant,,wd:Q18201505,del_subject,3,0,0
95456,constant,,wd:Q1820897,del_subject,3,0,0
83715,constant,,wd:Q18216057,del_subject,3,0,0
38482,constant,,wd:Q182547,del_subject,3,0,0
35407,constant,,wd:Q1825472,del_subject,3,0,0
84114,constant,,wd:Q182872,del_subject,3,0,0
29996,constant,,wd:Q183,del_subject,3,0,0
76585,constant,,wd:Q18340514,del_subject,3,0,0
77156,constant,,wd:Q183487,del_subject,3,0,0
75358,constant,,wd:Q183945,del_subject,3,0,0
29757,constant,,wd:Q184,del_subject,3,0,0
46137,constant,,wd:Q1841,del_subject,3,0,0
82896,constant,,wd:Q184163,del_subject,3,0,0
33390,constant,,wd:Q184188,del_subject,3,0,0
83723,constant,,wd:Q18419,del_subject,3,0,0
45298,constant,,wd:Q184558,del_subject,3,0,0
96016,constant,,wd:Q1848918,del_subject,3,0,0
45642,constant,,wd:Q18510612,del_subject,3,0,0
87002,constant,,wd:Q185134,del_subject,3,0,0
35871,constant,,wd:Q185187,del_subject,3,0,0
33391,constant,,wd:Q18524218,del_subject,3,0,0
39214,constant,,wd:Q1852859,del_subject,3,0,0
77496,constant,,wd:Q18536594,del_subject,3,0,0
41147,constant,,wd:Q1856753,del_subject,3,0,0
76833,constant,,wd:Q185836,del_subject,3,0,0
33497,constant,,wd:Q1860,del_subject,3,0,0
94407,constant,,wd:Q18600731,del_subject,3,0,0
42958,constant,,wd:Q18600785,del_subject,3,0,0
84859,constant,,wd:Q18607899,del_subject,3,0,0
77208,constant,,wd:Q18608583,del_subject,3,0,0
74893,constant,,wd:Q186096,del_subject,3,0,0
30766,constant,,wd:Q18616576,del_subject,3,0,0
45407,constant,,wd:Q18621601,del_subject,3,0,0
83049,constant,,wd:Q18624259,del_subject,3,0,0
86515,constant,,wd:Q18656,del_subject,3,0,0
94938,constant,,wd:Q18663566,del_subject,3,0,0
45722,constant,,wd:Q18665330,del_subject,3,0,0
45723,constant,,wd:Q18665334,del_subject,3,0,0
45724,constant,,wd:Q18665339,del_subject,3,0,0
37159,constant,,wd:Q18674739,del_subject,3,0,0
89819,constant,,wd:Q186946,del_subject,3,0,0
40660,constant,,wd:Q187014,del_subject,3,0,0
30864,constant,,wd:Q18702210,del_subject,3,0,0
88299,constant,,wd:Q18721,del_subject,3,0,0
37336,constant,,wd:Q187223,del_subject,3,0,0
79061,constant,,wd:Q187346,del_subject,3,0,0
49125,constant,,wd:Q187588,del_subject,3,0,0
88328,constant,,wd:Q18761202,del_subject,3,0,0
35520,constant,,wd:Q188,del_subject,3,0,0
95739,constant,,wd:Q188143,del_subject,3,0,0
77547,constant,,wd:Q18844224,del_subject,3,0,0
36796,constant,,wd:Q188451,del_subject,3,0,0
48745,constant,,wd:Q188509,del_subject,3,0,0
89225,constant,,wd:Q18867465,del_subject,3,0,0
83755,constant,,wd:Q188712,del_subject,3,0,0
36271,constant,,wd:Q188740,del_subject,3,0,0
85124,constant,,wd:Q188984,del_subject,3,0,0
30654,constant,,wd:Q189,del_subject,3,0,0
36304,constant,,wd:Q189004,del_subject,3,0,0
78909,constant,,wd:Q1891,del_subject,3,0,0
45287,constant,,wd:Q18915989,del_subject,3,0,0
88720,constant,,wd:Q189288,del_subject,3,0,0
40476,constant,,wd:Q18952,del_subject,3,0,0
36475,constant,,wd:Q189533,del_subject,3,0,0
44109,constant,,wd:Q189567,del_subject,3,0,0
41154,constant,,wd:Q1896675,del_subject,3,0,0
43469,constant,,wd:Q189760,del_subject,3,0,0
75275,constant,,wd:Q1899,del_subject,3,0,0
49230,constant,,wd:Q189962,del_subject,3,0,0
81249,constant,,wd:Q19020,del_subject,3,0,0
75107,constant,,wd:Q1904,del_subject,3,0,0
88361,constant,,wd:Q190429,del_subject,3,0,0
83499,constant,,wd:Q1907114,del_subject,3,0,0
83469,constant,,wd:Q190804,del_subject,3,0,0
82932,constant,,wd:Q190943,del_subject,3,0,0
32937,constant,,wd:Q191,del_subject,3,0,0
36506,constant,,wd:Q191067,del_subject,3,0,0
41155,constant,,wd:Q1911170,del_subject,3,0,0
33277,constant,,wd:Q1914636,del_subject,3,0,0
82159,constant,,wd:Q19184926,del_subject,3,0,0
86177,constant,,wd:Q19204627,del_subject,3,0,0
83221,constant,,wd:Q1920728,del_subject,3,0,0
75555,constant,,wd:Q192287,del_subject,3,0,0
45737,constant,,wd:Q1922956,del_subject,3,0,0
84406,constant,,wd:Q192299,del_subject,3,0,0
87113,constant,,wd:Q1925963,del_subject,3,0,0
44710,constant,,wd:Q192601,del_subject,3,0,0
92421,constant,,wd:Q192864,del_subject,3,0,0
95905,constant,,wd:Q1928672,del_subject,3,0,0
30438,constant,,wd:Q1930187,del_subject,3,0,0
37028,constant,,wd:Q19305384,del_subject,3,0,0
94393,constant,,wd:Q1931024,del_subject,3,0,0
89473,constant,,wd:Q193407,del_subject,3,0,0
46170,constant,,wd:Q19346745,del_subject,3,0,0
47532,constant,,wd:Q193564,del_subject,3,0,0
49460,constant,,wd:Q193622,del_subject,3,0,0
85437,constant,,wd:Q193638,del_subject,3,0,0
45685,constant,,wd:Q19389637,del_subject,3,0,0
81242,constant,,wd:Q1939370,del_subject,3,0,0
34717,constant,,wd:Q194195,del_subject,3,0,0
49076,constant,,wd:Q194203,del_subject,3,0,0
87649,constant,,wd:Q194420,del_subject,3,0,0
41525,constant,,wd:Q1944939,del_subject,3,0,0
41526,constant,,wd:Q1945822,del_subject,3,0,0
89649,constant,,wd:Q19470,del_subject,3,0,0
95976,constant,,wd:Q19473,del_subject,3,0,0
29779,constant,,wd:Q19474404,del_subject,3,0,0
86518,constant,,wd:Q19481,del_subject,3,0,0
35784,constant,,wd:Q1948674,del_subject,3,0,0
41531,constant,,wd:Q1949541,del_subject,3,0,0
86064,constant,,wd:Q19498,del_subject,3,0,0
86519,constant,,wd:Q19500,del_subject,3,0,0
87580,constant,,wd:Q1952033,del_subject,3,0,0
83059,constant,,wd:Q1952852,del_subject,3,0,0
49344,constant,,wd:Q19558910,del_subject,3,0,0
88993,constant,,wd:Q19589,del_subject,3,0,0
36871,constant,,wd:Q1964689,del_subject,3,0,0
34996,constant,,wd:Q196600,del_subject,3,0,0
45089,constant,,wd:Q1967614,del_subject,3,0,0
75560,constant,,wd:Q19692233,del_subject,3,0,0
81080,constant,,wd:Q1969345,del_subject,3,0,0
38112,constant,,wd:Q19723444,del_subject,3,0,0
75112,constant,,wd:Q1974,del_subject,3,0,0
48995,constant,,wd:Q198,del_subject,3,0,0
30264,constant,,wd:Q1980247,del_subject,3,0,0
30996,constant,,wd:Q1983062,del_subject,3,0,0
78459,constant,,wd:Q1985538,del_subject,3,0,0
50168,constant,,wd:Q19860854,del_subject,3,0,0
82402,constant,,wd:Q19887878,del_subject,3,0,0
48772,constant,,wd:Q19887923,del_subject,3,0,0
48774,constant,,wd:Q19887925,del_subject,3,0,0
48778,constant,,wd:Q19887932,del_subject,3,0,0
43662,constant,,wd:Q19887954,del_subject,3,0,0
43663,constant,,wd:Q19887955,del_subject,3,0,0
43669,constant,,wd:Q19887964,del_subject,3,0,0
43670,constant,,wd:Q19887965,del_subject,3,0,0
42811,constant,,wd:Q19887985,del_subject,3,0,0
42810,constant,,wd:Q19887987,del_subject,3,0,0
37793,constant,,wd:Q19888339,del_subject,3,0,0
37798,constant,,wd:Q19888422,del_subject,3,0,0
39363,constant,,wd:Q19888517,del_subject,3,0,0
39365,constant,,wd:Q19888562,del_subject,3,0,0
39367,constant,,wd:Q19888591,del_subject,3,0,0
33521,constant,,wd:Q19891,del_subject,3,0,0
33522,constant,,wd:Q19892,del_subject,3,0,0
45745,constant,,wd:Q19916539,del_subject,3,0,0
40662,constant,,wd:Q199251,del_subject,3,0,0
86450,constant,,wd:Q19953632,del_subject,3,0,0
47932,constant,,wd:Q19988329,del_subject,3,0,0
31453,constant,,wd:Q2,del_subject,3,0,0
30649,constant,,wd:Q20,del_subject,3,0,0
32808,constant,,wd:Q200,del_subject,3,0,0
36450,constant,,wd:Q2001305,del_subject,3,0,0
77313,constant,,wd:Q200250,del_subject,3,0,0
48321,constant,,wd:Q20037067,del_subject,3,0,0
43524,constant,,wd:Q200547,del_subject,3,0,0
33462,constant,,wd:Q2005755,del_subject,3,0,0
34541,constant,,wd:Q20058666,del_subject,3,0,0
88122,constant,,wd:Q2006279,del_subject,3,0,0
40283,constant,,wd:Q20074337,del_subject,3,0,0
89902,constant,,wd:Q200779,del_subject,3,0,0
32809,constant,,wd:Q201,del_subject,3,0,0
76244,constant,,wd:Q2012050,del_subject,3,0,0
47849,constant,,wd:Q201469,del_subject,3,0,0
37787,constant,,wd:Q2015138,del_subject,3,0,0
81264,constant,,wd:Q201658,del_subject,3,0,0
30435,constant,,wd:Q201788,del_subject,3,0,0
93435,constant,,wd:Q2018386,del_subject,3,0,0
81589,constant,,wd:Q2023000,del_subject,3,0,0
45736,constant,,wd:Q202466,del_subject,3,0,0
74466,constant,,wd:Q202686,del_subject,3,0,0
37537,constant,,wd:Q202866,del_subject,3,0,0
92553,constant,,wd:Q203,del_subject,3,0,0
85125,constant,,wd:Q203384,del_subject,3,0,0
44158,constant,,wd:Q2039348,del_subject,3,0,0
48343,constant,,wd:Q204179,del_subject,3,0,0
78539,constant,,wd:Q2044,del_subject,3,0,0
44668,constant,,wd:Q204481,del_subject,3,0,0
89756,constant,,wd:Q204613,del_subject,3,0,0
82488,constant,,wd:Q204622,del_subject,3,0,0
76848,constant,,wd:Q204632,del_subject,3,0,0
88981,constant,,wd:Q2051997,del_subject,3,0,0
82836,constant,,wd:Q2052,del_subject,3,0,0
89719,constant,,wd:Q205295,del_subject,3,0,0
33505,constant,,wd:Q205355,del_subject,3,0,0
78803,constant,,wd:Q20540385,del_subject,3,0,0
41577,constant,,wd:Q2056201,del_subject,3,0,0
86642,constant,,wd:Q205679,del_subject,3,0,0
34050,constant,,wd:Q2057971,del_subject,3,0,0
34423,constant,,wd:Q2061186,del_subject,3,0,0
84292,constant,,wd:Q2061957,del_subject,3,0,0
86730,constant,,wd:Q206312,del_subject,3,0,0
88472,constant,,wd:Q206381,del_subject,3,0,0
46634,constant,,wd:Q20639847,del_subject,3,0,0
33132,constant,,wd:Q20643955,del_subject,3,0,0
35668,constant,,wd:Q20644795,del_subject,3,0,0
35670,constant,,wd:Q20644796,del_subject,3,0,0
35671,constant,,wd:Q20644797,del_subject,3,0,0
93474,constant,,wd:Q20646667,del_subject,3,0,0
93395,constant,,wd:Q20646670,del_subject,3,0,0
40220,constant,,wd:Q2065736,del_subject,3,0,0
45235,constant,,wd:Q2066131,del_subject,3,0,0
83588,constant,,wd:Q206615,del_subject,3,0,0
39867,constant,,wd:Q20667187,del_subject,3,0,0
45704,constant,,wd:Q20672087,del_subject,3,0,0
45707,constant,,wd:Q20672088,del_subject,3,0,0
45708,constant,,wd:Q20672089,del_subject,3,0,0
45705,constant,,wd:Q20672090,del_subject,3,0,0
45706,constant,,wd:Q20672091,del_subject,3,0,0
76725,constant,,wd:Q206763,del_subject,3,0,0
82902,constant,,wd:Q206988,del_subject,3,0,0
49435,constant,,wd:Q2069919,del_subject,3,0,0
40666,constant,,wd:Q206998,del_subject,3,0,0
88360,constant,,wd:Q20719696,del_subject,3,0,0
88670,constant,,wd:Q2072238,del_subject,3,0,0
39308,constant,,wd:Q20732405,del_subject,3,0,0
36667,constant,,wd:Q207326,del_subject,3,0,0
86062,constant,,wd:Q2074,del_subject,3,0,0
45146,constant,,wd:Q20747146,del_subject,3,0,0
81729,constant,,wd:Q20747295,del_subject,3,0,0
38700,constant,,wd:Q2074737,del_subject,3,0,0
32402,constant,,wd:Q207628,del_subject,3,0,0
33393,constant,,wd:Q207694,del_subject,3,0,0
46580,constant,,wd:Q207766,del_subject,3,0,0
29817,constant,,wd:Q207869,del_subject,3,0,0
35585,constant,,wd:Q2079150,del_subject,3,0,0
49533,constant,,wd:Q207961,del_subject,3,0,0
75432,constant,,wd:Q208175,del_subject,3,0,0
41584,constant,,wd:Q2082228,del_subject,3,0,0
87165,constant,,wd:Q208511,del_subject,3,0,0
31660,constant,,wd:Q2085381,del_subject,3,0,0
86328,constant,,wd:Q20871353,del_subject,3,0,0
30656,constant,,wd:Q2088357,del_subject,3,0,0
80775,constant,,wd:Q208850,del_subject,3,0,0
37166,constant,,wd:Q209163,del_subject,3,0,0
75729,constant,,wd:Q2093070,del_subject,3,0,0
31448,constant,,wd:Q2095,del_subject,3,0,0
82489,constant,,wd:Q209549,del_subject,3,0,0
86803,constant,,wd:Q2096,del_subject,3,0,0
40667,constant,,wd:Q209602,del_subject,3,0,0
35683,constant,,wd:Q209939,del_subject,3,0,0
44216,constant,,wd:Q210081,del_subject,3,0,0
32536,constant,,wd:Q21014462,del_subject,3,0,0
44079,constant,,wd:Q210167,del_subject,3,0,0
34149,constant,,wd:Q21025364,del_subject,3,0,0
40208,constant,,wd:Q210272,del_subject,3,0,0
44588,constant,,wd:Q21029893,del_subject,3,0,0
79462,constant,,wd:Q2103,del_subject,3,0,0
49875,constant,,wd:Q21032547,del_subject,3,0,0
49876,constant,,wd:Q21032552,del_subject,3,0,0
33900,constant,,wd:Q210392,del_subject,3,0,0
86893,constant,,wd:Q210661,del_subject,3,0,0
82490,constant,,wd:Q210720,del_subject,3,0,0
37377,constant,,wd:Q211,del_subject,3,0,0
45522,constant,,wd:Q211005,del_subject,3,0,0
33509,constant,,wd:Q211265,del_subject,3,0,0
96017,constant,,wd:Q211477,del_subject,3,0,0
35880,constant,,wd:Q211503,del_subject,3,0,0
35466,constant,,wd:Q21191019,del_subject,3,0,0
31005,constant,,wd:Q21191270,del_subject,3,0,0
85907,constant,,wd:Q21198,del_subject,3,0,0
38149,constant,,wd:Q212,del_subject,3,0,0
79640,constant,,wd:Q21203,del_subject,3,0,0
87930,constant,,wd:Q21208,del_subject,3,0,0
89490,constant,,wd:Q212198,del_subject,3,0,0
82113,constant,,wd:Q212238,del_subject,3,0,0
30291,constant,,wd:Q21286738,del_subject,3,0,0
48801,constant,,wd:Q21290864,del_subject,3,0,0
34267,constant,,wd:Q213,del_subject,3,0,0
48717,constant,,wd:Q213441,del_subject,3,0,0
48064,constant,,wd:Q2134665,del_subject,3,0,0
37819,constant,,wd:Q2136103,del_subject,3,0,0
49019,constant,,wd:Q213934,del_subject,3,0,0
33642,constant,,wd:Q214,del_subject,3,0,0
79203,constant,,wd:Q2140,del_subject,3,0,0
78542,constant,,wd:Q2141,del_subject,3,0,0
95904,constant,,wd:Q214252,del_subject,3,0,0
78712,constant,,wd:Q2145,del_subject,3,0,0
39227,constant,,wd:Q214519,del_subject,3,0,0
30474,constant,,wd:Q214609,del_subject,3,0,0
48458,constant,,wd:Q21469493,del_subject,3,0,0
41840,constant,,wd:Q2147082,del_subject,3,0,0
43972,constant,,wd:Q214867,del_subject,3,0,0
75268,constant,,wd:Q214917,del_subject,3,0,0
37777,constant,,wd:Q215,del_subject,3,0,0
29747,constant,,wd:Q21502404,del_subject,3,0,0
29770,constant,,wd:Q21502410,del_subject,3,0,0
29860,constant,,wd:Q21510865,del_subject,3,0,0
74328,constant,,wd:Q21518270,del_subject,3,0,0
32972,constant,,wd:Q215380,del_subject,3,0,0
81849,constant,,wd:Q215536,del_subject,3,0,0
29818,constant,,wd:Q215627,del_subject,3,0,0
30594,constant,,wd:Q21571488,del_subject,3,0,0
81666,constant,,wd:Q216048,del_subject,3,0,0
87850,constant,,wd:Q2163153,del_subject,3,0,0
44534,constant,,wd:Q216353,del_subject,3,0,0
87945,constant,,wd:Q21672098,del_subject,3,0,0
35004,constant,,wd:Q216866,del_subject,3,0,0
35158,constant,,wd:Q216916,del_subject,3,0,0
95736,constant,,wd:Q21694746,del_subject,3,0,0
46066,constant,,wd:Q217,del_subject,3,0,0
40671,constant,,wd:Q217478,del_subject,3,0,0
42788,constant,,wd:Q2177636,del_subject,3,0,0
34064,constant,,wd:Q218,del_subject,3,0,0
41844,constant,,wd:Q2183754,del_subject,3,0,0
49752,constant,,wd:Q21869758,del_subject,3,0,0
33599,constant,,wd:Q21874050,del_subject,3,0,0
29958,constant,,wd:Q2188189,del_subject,3,0,0
46065,constant,,wd:Q219,del_subject,3,0,0
45523,constant,,wd:Q219127,del_subject,3,0,0
45774,constant,,wd:Q219538,del_subject,3,0,0
79559,constant,,wd:Q2198484,del_subject,3,0,0
94448,constant,,wd:Q219980,del_subject,3,0,0
38699,constant,,wd:Q220,del_subject,3,0,0
42739,constant,,wd:Q220505,del_subject,3,0,0
49255,constant,,wd:Q220659,del_subject,3,0,0
35573,constant,,wd:Q2207288,del_subject,3,0,0
46068,constant,,wd:Q221,del_subject,3,0,0
83406,constant,,wd:Q2215841,del_subject,3,0,0
80030,constant,,wd:Q221978,del_subject,3,0,0
46067,constant,,wd:Q222,del_subject,3,0,0
30423,constant,,wd:Q2221906,del_subject,3,0,0
79491,constant,,wd:Q2225692,del_subject,3,0,0
35684,constant,,wd:Q222910,del_subject,3,0,0
75162,constant,,wd:Q223,del_subject,3,0,0
87431,constant,,wd:Q223286,del_subject,3,0,0
35347,constant,,wd:Q223393,del_subject,3,0,0
41851,constant,,wd:Q2234462,del_subject,3,0,0
49376,constant,,wd:Q2235308,del_subject,3,0,0
30475,constant,,wd:Q223557,del_subject,3,0,0
40480,constant,,wd:Q22364,del_subject,3,0,0
75233,constant,,wd:Q223832,del_subject,3,0,0
29819,constant,,wd:Q2239243,del_subject,3,0,0
46070,constant,,wd:Q224,del_subject,3,0,0
46071,constant,,wd:Q225,del_subject,3,0,0
41858,constant,,wd:Q2253527,del_subject,3,0,0
76417,constant,,wd:Q2256,del_subject,3,0,0
45074,constant,,wd:Q2259451,del_subject,3,0,0
93511,constant,,wd:Q2261792,del_subject,3,0,0
96008,constant,,wd:Q2264864,del_subject,3,0,0
77315,constant,,wd:Q2264924,del_subject,3,0,0
89218,constant,,wd:Q22651,del_subject,3,0,0
44664,constant,,wd:Q22652,del_subject,3,0,0
34123,constant,,wd:Q22667,del_subject,3,0,0
84786,constant,,wd:Q22671,del_subject,3,0,0
31217,constant,,wd:Q226730,del_subject,3,0,0
35489,constant,,wd:Q22675015,del_subject,3,0,0
86060,constant,,wd:Q22687,del_subject,3,0,0
83722,constant,,wd:Q22690,del_subject,3,0,0
38399,constant,,wd:Q22698,del_subject,3,0,0
46069,constant,,wd:Q227,del_subject,3,0,0
88297,constant,,wd:Q22731,del_subject,3,0,0
95094,constant,,wd:Q2276661,del_subject,3,0,0
43950,constant,,wd:Q2277,del_subject,3,0,0
37818,constant,,wd:Q227936,del_subject,3,0,0
77200,constant,,wd:Q228,del_subject,3,0,0
78713,constant,,wd:Q2280,del_subject,3,0,0
94963,constant,,wd:Q228145,del_subject,3,0,0
76156,constant,,wd:Q22865,del_subject,3,0,0
45327,constant,,wd:Q229,del_subject,3,0,0
49753,constant,,wd:Q22927616,del_subject,3,0,0
49136,constant,,wd:Q22934992,del_subject,3,0,0
49137,constant,,wd:Q22935012,del_subject,3,0,0
49138,constant,,wd:Q22935029,del_subject,3,0,0
49139,constant,,wd:Q22935045,del_subject,3,0,0
49140,constant,,wd:Q22935060,del_subject,3,0,0
88908,constant,,wd:Q22936940,del_subject,3,0,0
49789,constant,,wd:Q22950320,del_subject,3,0,0
82233,constant,,wd:Q22988604,del_subject,3,0,0
85296,constant,,wd:Q22996476,del_subject,3,0,0
33263,constant,,wd:Q22998436,del_subject,3,0,0
37878,constant,,wd:Q230,del_subject,3,0,0
87428,constant,,wd:Q23002039,del_subject,3,0,0
83666,constant,,wd:Q23002054,del_subject,3,0,0
76747,constant,,wd:Q2300236,del_subject,3,0,0
82154,constant,,wd:Q230127,del_subject,3,0,0
30457,constant,,wd:Q2301325,del_subject,3,0,0
49143,constant,,wd:Q23014451,del_subject,3,0,0
49145,constant,,wd:Q23014453,del_subject,3,0,0
49147,constant,,wd:Q23014457,del_subject,3,0,0
88121,constant,,wd:Q230262,del_subject,3,0,0
41866,constant,,wd:Q2302897,del_subject,3,0,0
80802,constant,,wd:Q23038290,del_subject,3,0,0
49729,constant,,wd:Q23038972,del_subject,3,0,0
83584,constant,,wd:Q23058,del_subject,3,0,0
97788,constant,,wd:Q23058136,del_subject,3,0,0
85005,constant,,wd:Q23079,del_subject,3,0,0
37885,constant,,wd:Q2309784,del_subject,3,0,0
29951,constant,,wd:Q231002,del_subject,3,0,0
84622,constant,,wd:Q23109,del_subject,3,0,0
81594,constant,,wd:Q23111,del_subject,3,0,0
86877,constant,,wd:Q23115,del_subject,3,0,0
78804,constant,,wd:Q23148,del_subject,3,0,0
81935,constant,,wd:Q23154,del_subject,3,0,0
83602,constant,,wd:Q23169,del_subject,3,0,0
46072,constant,,wd:Q232,del_subject,3,0,0
76789,constant,,wd:Q23204,del_subject,3,0,0
85515,constant,,wd:Q23276,del_subject,3,0,0
48750,constant,,wd:Q233,del_subject,3,0,0
91175,constant,,wd:Q2334148,del_subject,3,0,0
87110,constant,,wd:Q233591,del_subject,3,0,0
94426,constant,,wd:Q2338259,del_subject,3,0,0
49093,constant,,wd:Q23392,del_subject,3,0,0
37332,constant,,wd:Q23397,del_subject,3,0,0
40202,constant,,wd:Q23402,del_subject,3,0,0
80798,constant,,wd:Q23413,del_subject,3,0,0
85741,constant,,wd:Q2341654,del_subject,3,0,0
32570,constant,,wd:Q23442,del_subject,3,0,0
37801,constant,,wd:Q23444,del_subject,3,0,0
33531,constant,,wd:Q234460,del_subject,3,0,0
77322,constant,,wd:Q23482,del_subject,3,0,0
38201,constant,,wd:Q234870,del_subject,3,0,0
39001,constant,,wd:Q2352616,del_subject,3,0,0
30087,constant,,wd:Q235557,del_subject,3,0,0
77638,constant,,wd:Q23556,del_subject,3,0,0
89400,constant,,wd:Q235715,del_subject,3,0,0
46073,constant,,wd:Q236,del_subject,3,0,0
79104,constant,,wd:Q23622,del_subject,3,0,0
96006,constant,,wd:Q2362660,del_subject,3,0,0
49585,constant,,wd:Q23649983,del_subject,3,0,0
95950,constant,,wd:Q2365880,del_subject,3,0,0
85452,constant,,wd:Q236680,del_subject,3,0,0
45738,constant,,wd:Q2367101,del_subject,3,0,0
85158,constant,,wd:Q2369287,del_subject,3,0,0
46045,constant,,wd:Q2370000,del_subject,3,0,0
37419,constant,,wd:Q23712,del_subject,3,0,0
94612,constant,,wd:Q23726798,del_subject,3,0,0
45524,constant,,wd:Q237350,del_subject,3,0,0
48336,constant,,wd:Q23786,del_subject,3,0,0
39860,constant,,wd:Q23790322,del_subject,3,0,0
30450,constant,,wd:Q2382443,del_subject,3,0,0
35514,constant,,wd:Q23830578,del_subject,3,0,0
41886,constant,,wd:Q2383656,del_subject,3,0,0
98185,constant,,wd:Q23838648,del_subject,3,0,0
37434,constant,,wd:Q2385804,del_subject,3,0,0
95852,constant,,wd:Q238587,del_subject,3,0,0
80772,constant,,wd:Q238723,del_subject,3,0,0
45037,constant,,wd:Q23882,del_subject,3,0,0
76536,constant,,wd:Q23894233,del_subject,3,0,0
77939,constant,,wd:Q2389789,del_subject,3,0,0
82105,constant,,wd:Q239043,del_subject,3,0,0
87351,constant,,wd:Q23927052,del_subject,3,0,0
36265,constant,,wd:Q239303,del_subject,3,0,0
46755,constant,,wd:Q23931115,del_subject,3,0,0
46756,constant,,wd:Q23931119,del_subject,3,0,0
46745,constant,,wd:Q23931121,del_subject,3,0,0
46746,constant,,wd:Q23931124,del_subject,3,0,0
46748,constant,,wd:Q23931130,del_subject,3,0,0
46749,constant,,wd:Q23931131,del_subject,3,0,0
41889,constant,,wd:Q2398348,del_subject,3,0,0
39162,constant,,wd:Q2403675,del_subject,3,0,0
86608,constant,,wd:Q24046192,del_subject,3,0,0
47692,constant,,wd:Q2405480,del_subject,3,0,0
37496,constant,,wd:Q241,del_subject,3,0,0
36980,constant,,wd:Q241317,del_subject,3,0,0
38291,constant,,wd:Q24192067,del_subject,3,0,0
38293,constant,,wd:Q24192069,del_subject,3,0,0
77983,constant,,wd:Q242,del_subject,3,0,0
95271,constant,,wd:Q242108,del_subject,3,0,0
33003,constant,,wd:Q2424752,del_subject,3,0,0
76253,constant,,wd:Q243133,del_subject,3,0,0
81474,constant,,wd:Q24354,del_subject,3,0,0
75096,constant,,wd:Q244,del_subject,3,0,0
89388,constant,,wd:Q244452,del_subject,3,0,0
81101,constant,,wd:Q2446033,del_subject,3,0,0
82149,constant,,wd:Q245546,del_subject,3,0,0
37820,constant,,wd:Q2455704,del_subject,3,0,0
36188,constant,,wd:Q245596,del_subject,3,0,0
38244,constant,,wd:Q24633474,del_subject,3,0,0
35338,constant,,wd:Q24634210,del_subject,3,0,0
79581,constant,,wd:Q24639,del_subject,3,0,0
49032,constant,,wd:Q246672,del_subject,3,0,0
84683,constant,,wd:Q247073,del_subject,3,0,0
29952,constant,,wd:Q2472587,del_subject,3,0,0
43453,constant,,wd:Q24746,del_subject,3,0,0
43454,constant,,wd:Q24764,del_subject,3,0,0
40684,constant,,wd:Q247836,del_subject,3,0,0
41980,constant,,wd:Q2479682,del_subject,3,0,0
76168,constant,,wd:Q24826,del_subject,3,0,0
33308,constant,,wd:Q2485448,del_subject,3,0,0
30994,constant,,wd:Q24856,del_subject,3,0,0
32820,constant,,wd:Q24862,del_subject,3,0,0
81325,constant,,wd:Q24869,del_subject,3,0,0
39030,constant,,wd:Q2490839,del_subject,3,0,0
48925,constant,,wd:Q249556,del_subject,3,0,0
81105,constant,,wd:Q2499127,del_subject,3,0,0
83386,constant,,wd:Q2514025,del_subject,3,0,0
80238,constant,,wd:Q2516866,del_subject,3,0,0
34173,constant,,wd:Q252,del_subject,3,0,0
30311,constant,,wd:Q25231,del_subject,3,0,0
31302,constant,,wd:Q2526255,del_subject,3,0,0
36674,constant,,wd:Q25276,del_subject,3,0,0
43913,constant,,wd:Q25295,del_subject,3,0,0
77651,constant,,wd:Q253019,del_subject,3,0,0
76481,constant,,wd:Q25308,del_subject,3,0,0
89611,constant,,wd:Q25312,del_subject,3,0,0
78722,constant,,wd:Q25319,del_subject,3,0,0
74194,constant,,wd:Q2532287,del_subject,3,0,0
86706,constant,,wd:Q25341,del_subject,3,0,0
43606,constant,,wd:Q253623,del_subject,3,0,0
34462,constant,,wd:Q25379,del_subject,3,0,0
80963,constant,,wd:Q25400,del_subject,3,0,0
86145,constant,,wd:Q25410,del_subject,3,0,0
94148,constant,,wd:Q2542010,del_subject,3,0,0
37518,constant,,wd:Q25503887,del_subject,3,0,0
87826,constant,,wd:Q2555896,del_subject,3,0,0
49819,constant,,wd:Q256020,del_subject,3,0,0
77371,constant,,wd:Q25607,del_subject,3,0,0
88228,constant,,wd:Q256463,del_subject,3,0,0
41994,constant,,wd:Q2566619,del_subject,3,0,0
41995,constant,,wd:Q2568982,del_subject,3,0,0
41997,constant,,wd:Q2570239,del_subject,3,0,0
82575,constant,,wd:Q257391,del_subject,3,0,0
45677,constant,,wd:Q2576663,del_subject,3,0,0
82554,constant,,wd:Q257780,del_subject,3,0,0
37482,constant,,wd:Q258,del_subject,3,0,0
81564,constant,,wd:Q2580456,del_subject,3,0,0
81108,constant,,wd:Q2580968,del_subject,3,0,0
37233,constant,,wd:Q25833,del_subject,3,0,0
74295,constant,,wd:Q2590631,del_subject,3,0,0
86856,constant,,wd:Q2593777,del_subject,3,0,0
79107,constant,,wd:Q26,del_subject,3,0,0
45066,constant,,wd:Q2608849,del_subject,3,0,0
83055,constant,,wd:Q2609,del_subject,3,0,0
83470,constant,,wd:Q260913,del_subject,3,0,0
81109,constant,,wd:Q2612318,del_subject,3,0,0
82576,constant,,wd:Q261543,del_subject,3,0,0
81838,constant,,wd:Q2616791,del_subject,3,0,0
42737,constant,,wd:Q262,del_subject,3,0,0
46741,constant,,wd:Q26204053,del_subject,3,0,0
79492,constant,,wd:Q26211545,del_subject,3,0,0
78444,constant,,wd:Q26213387,del_subject,3,0,0
48511,constant,,wd:Q262166,del_subject,3,0,0
82925,constant,,wd:Q2624417,del_subject,3,0,0
42010,constant,,wd:Q2627457,del_subject,3,0,0
42011,constant,,wd:Q2628493,del_subject,3,0,0
42780,constant,,wd:Q262882,del_subject,3,0,0
81196,constant,,wd:Q2634,del_subject,3,0,0
43538,constant,,wd:Q2635894,del_subject,3,0,0
83468,constant,,wd:Q2643128,del_subject,3,0,0
46117,constant,,wd:Q2643890,del_subject,3,0,0
45746,constant,,wd:Q26449910,del_subject,3,0,0
82558,constant,,wd:Q264645,del_subject,3,0,0
46058,constant,,wd:Q265,del_subject,3,0,0
42013,constant,,wd:Q2655455,del_subject,3,0,0
48682,constant,,wd:Q2658935,del_subject,3,0,0
32278,constant,,wd:Q2668072,del_subject,3,0,0
46529,constant,,wd:Q26708076,del_subject,3,0,0
40692,constant,,wd:Q267766,del_subject,3,0,0
81463,constant,,wd:Q2680952,del_subject,3,0,0
95955,constant,,wd:Q26840222,del_subject,3,0,0
43658,constant,,wd:Q268592,del_subject,3,0,0
40693,constant,,wd:Q268597,del_subject,3,0,0
88965,constant,,wd:Q26884649,del_subject,3,0,0
80351,constant,,wd:Q26887310,del_subject,3,0,0
38202,constant,,wd:Q269415,del_subject,3,0,0
37631,constant,,wd:Q2695280,del_subject,3,0,0
88020,constant,,wd:Q26971668,del_subject,3,0,0
42027,constant,,wd:Q2698575,del_subject,3,0,0
49951,constant,,wd:Q269949,del_subject,3,0,0
30262,constant,,wd:Q27,del_subject,3,0,0
42029,constant,,wd:Q2700686,del_subject,3,0,0
33177,constant,,wd:Q27020041,del_subject,3,0,0
86987,constant,,wd:Q270230,del_subject,3,0,0
42031,constant,,wd:Q2703245,del_subject,3,0,0
81471,constant,,wd:Q27046,del_subject,3,0,0
42039,constant,,wd:Q2708290,del_subject,3,0,0
42057,constant,,wd:Q2708462,del_subject,3,0,0
42060,constant,,wd:Q2709465,del_subject,3,0,0
40983,constant,,wd:Q2714202,del_subject,3,0,0
32851,constant,,wd:Q271534,del_subject,3,0,0
48766,constant,,wd:Q271669,del_subject,3,0,0
30331,constant,,wd:Q27169,del_subject,3,0,0
40986,constant,,wd:Q2717836,del_subject,3,0,0
40987,constant,,wd:Q2720003,del_subject,3,0,0
86344,constant,,wd:Q272208,del_subject,3,0,0
37789,constant,,wd:Q2730433,del_subject,3,0,0
34047,constant,,wd:Q273057,del_subject,3,0,0
39833,constant,,wd:Q2736,del_subject,3,0,0
40432,constant,,wd:Q2738074,del_subject,3,0,0
40990,constant,,wd:Q2742139,del_subject,3,0,0
46192,constant,,wd:Q2750108,del_subject,3,0,0
31384,constant,,wd:Q27510868,del_subject,3,0,0
82491,constant,,wd:Q275118,del_subject,3,0,0
82231,constant,,wd:Q27554534,del_subject,3,0,0
84168,constant,,wd:Q27555384,del_subject,3,0,0
43439,constant,,wd:Q276,del_subject,3,0,0
43927,constant,,wd:Q27611,del_subject,3,0,0
40696,constant,,wd:Q276595,del_subject,3,0,0
42900,constant,,wd:Q27676416,del_subject,3,0,0
42905,constant,,wd:Q27676428,del_subject,3,0,0
33940,constant,,wd:Q27686,del_subject,3,0,0
86694,constant,,wd:Q277338,del_subject,3,0,0
32086,constant,,wd:Q277759,del_subject,3,0,0
45747,constant,,wd:Q27790873,del_subject,3,0,0
45526,constant,,wd:Q278113,del_subject,3,0,0
81118,constant,,wd:Q2782104,del_subject,3,0,0
31915,constant,,wd:Q27834918,del_subject,3,0,0
81120,constant,,wd:Q2786011,del_subject,3,0,0
76352,constant,,wd:Q278835,del_subject,3,0,0
84311,constant,,wd:Q2790054,del_subject,3,0,0
33178,constant,,wd:Q27968055,del_subject,3,0,0
34667,constant,,wd:Q279749,del_subject,3,0,0
83595,constant,,wd:Q279818,del_subject,3,0,0
49743,constant,,wd:Q27995042,del_subject,3,0,0
42934,constant,,wd:Q28,del_subject,3,0,0
32724,constant,,wd:Q28020127,del_subject,3,0,0
48733,constant,,wd:Q28045079,del_subject,3,0,0
88617,constant,,wd:Q28045665,del_subject,3,0,0
45748,constant,,wd:Q28050380,del_subject,3,0,0
40995,constant,,wd:Q2806221,del_subject,3,0,0
77123,constant,,wd:Q280658,del_subject,3,0,0
75580,constant,,wd:Q2807,del_subject,3,0,0
46276,constant,,wd:Q28147634,del_subject,3,0,0
47832,constant,,wd:Q28147636,del_subject,3,0,0
39357,constant,,wd:Q28149961,del_subject,3,0,0
86449,constant,,wd:Q2829505,del_subject,3,0,0
88601,constant,,wd:Q28319,del_subject,3,0,0
87829,constant,,wd:Q2831984,del_subject,3,0,0
76263,constant,,wd:Q28373319,del_subject,3,0,0
82358,constant,,wd:Q2844,del_subject,3,0,0
74391,constant,,wd:Q28457,del_subject,3,0,0
88961,constant,,wd:Q28478883,del_subject,3,0,0
45898,constant,,wd:Q285181,del_subject,3,0,0
46681,constant,,wd:Q28564,del_subject,3,0,0
40699,constant,,wd:Q286026,del_subject,3,0,0
35471,constant,,wd:Q28640,del_subject,3,0,0
95762,constant,,wd:Q2864737,del_subject,3,0,0
38171,constant,,wd:Q2865819,del_subject,3,0,0
41011,constant,,wd:Q2866420,del_subject,3,0,0
41013,constant,,wd:Q2872596,del_subject,3,0,0
47673,constant,,wd:Q28737006,del_subject,3,0,0
87380,constant,,wd:Q288,del_subject,3,0,0
35346,constant,,wd:Q28823,del_subject,3,0,0
39165,constant,,wd:Q28836794,del_subject,3,0,0
44972,constant,,wd:Q28872924,del_subject,3,0,0
37821,constant,,wd:Q2889003,del_subject,3,0,0
45750,constant,,wd:Q28961883,del_subject,3,0,0
45751,constant,,wd:Q28962042,del_subject,3,0,0
83393,constant,,wd:Q2897866,del_subject,3,0,0
33352,constant,,wd:Q29,del_subject,3,0,0
40706,constant,,wd:Q290354,del_subject,3,0,0
36490,constant,,wd:Q29042997,del_subject,3,0,0
86972,constant,,wd:Q29108,del_subject,3,0,0
81251,constant,,wd:Q29112,del_subject,3,0,0
80445,constant,,wd:Q291447,del_subject,3,0,0
77668,constant,,wd:Q291471,del_subject,3,0,0
46585,constant,,wd:Q29167278,del_subject,3,0,0
75305,constant,,wd:Q29168811,del_subject,3,0,0
35259,constant,,wd:Q29182,del_subject,3,0,0
41025,constant,,wd:Q2918873,del_subject,3,0,0
77614,constant,,wd:Q292034,del_subject,3,0,0
87997,constant,,wd:Q29234,del_subject,3,0,0
78134,constant,,wd:Q292691,del_subject,3,0,0
86616,constant,,wd:Q29303,del_subject,3,0,0
91247,constant,,wd:Q29385989,del_subject,3,0,0
91249,constant,,wd:Q29414133,del_subject,3,0,0
41028,constant,,wd:Q2943924,del_subject,3,0,0
43685,constant,,wd:Q294414,del_subject,3,0,0
79487,constant,,wd:Q29496,del_subject,3,0,0
98199,constant,,wd:Q29517555,del_subject,3,0,0
78801,constant,,wd:Q29520,del_subject,3,0,0
89258,constant,,wd:Q29555881,del_subject,3,0,0
75768,constant,,wd:Q2958359,del_subject,3,0,0
46294,constant,,wd:Q2977,del_subject,3,0,0
46083,constant,,wd:Q298,del_subject,3,0,0
30980,constant,,wd:Q2983474,del_subject,3,0,0
46535,constant,,wd:Q2983893,del_subject,3,0,0
41032,constant,,wd:Q2984595,del_subject,3,0,0
49751,constant,,wd:Q2989454,del_subject,3,0,0
41033,constant,,wd:Q2993514,del_subject,3,0,0
45056,constant,,wd:Q2996394,del_subject,3,0,0
39828,constant,,wd:Q29999,del_subject,3,0,0
30008,constant,,wd:Q30,del_subject,3,0,0
41036,constant,,wd:Q3004758,del_subject,3,0,0
45147,constant,,wd:Q30108476,del_subject,3,0,0
42960,constant,,wd:Q30146803,del_subject,3,0,0
77124,constant,,wd:Q30185,del_subject,3,0,0
38487,constant,,wd:Q3024240,del_subject,3,0,0
48201,constant,,wd:Q303139,del_subject,3,0,0
78509,constant,,wd:Q30340,del_subject,3,0,0
74933,constant,,wd:Q303618,del_subject,3,0,0
46040,constant,,wd:Q3039938,del_subject,3,0,0
42770,constant,,wd:Q30432511,del_subject,3,0,0
92161,constant,,wd:Q3044768,del_subject,3,0,0
47571,constant,,wd:Q3044918,del_subject,3,0,0
32273,constant,,wd:Q3046146,del_subject,3,0,0
35026,constant,,wd:Q30676307,del_subject,3,0,0
80229,constant,,wd:Q3068,del_subject,3,0,0
84116,constant,,wd:Q3093,del_subject,3,0,0
38326,constant,,wd:Q309314,del_subject,3,0,0
76351,constant,,wd:Q30974,del_subject,3,0,0
46251,constant,,wd:Q3098283,del_subject,3,0,0
32542,constant,,wd:Q31,del_subject,3,0,0
48734,constant,,wd:Q31028314,del_subject,3,0,0
48735,constant,,wd:Q31028835,del_subject,3,0,0
40724,constant,,wd:Q310438,del_subject,3,0,0
79431,constant,,wd:Q310890,del_subject,3,0,0
40728,constant,,wd:Q310911,del_subject,3,0,0
40729,constant,,wd:Q310927,del_subject,3,0,0
31838,constant,,wd:Q311,del_subject,3,0,0
40732,constant,,wd:Q311148,del_subject,3,0,0
49391,constant,,wd:Q3113478,del_subject,3,0,0
40733,constant,,wd:Q311373,del_subject,3,0,0
40737,constant,,wd:Q312154,del_subject,3,0,0
84389,constant,,wd:Q3126128,del_subject,3,0,0
84816,constant,,wd:Q3139,del_subject,3,0,0
45897,constant,,wd:Q3146899,del_subject,3,0,0
76027,constant,,wd:Q31487,del_subject,3,0,0
81648,constant,,wd:Q3154693,del_subject,3,0,0
45140,constant,,wd:Q31629,del_subject,3,0,0
88904,constant,,wd:Q3165397,del_subject,3,0,0
33190,constant,,wd:Q31747,del_subject,3,0,0
35659,constant,,wd:Q318,del_subject,3,0,0
43532,constant,,wd:Q3181348,del_subject,3,0,0
49967,constant,,wd:Q3184121,del_subject,3,0,0
83120,constant,,wd:Q31855,del_subject,3,0,0
92551,constant,,wd:Q3186904,del_subject,3,0,0
92457,constant,,wd:Q3186912,del_subject,3,0,0
79175,constant,,wd:Q3191695,del_subject,3,0,0
46063,constant,,wd:Q32,del_subject,3,0,0
41189,constant,,wd:Q3203049,del_subject,3,0,0
74450,constant,,wd:Q3206,del_subject,3,0,0
76595,constant,,wd:Q3220391,del_subject,3,0,0
74451,constant,,wd:Q3224,del_subject,3,0,0
40181,constant,,wd:Q3226599,del_subject,3,0,0
42681,constant,,wd:Q3231690,del_subject,3,0,0
74452,constant,,wd:Q3235,del_subject,3,0,0
37822,constant,,wd:Q3238261,del_subject,3,0,0
45528,constant,,wd:Q3245245,del_subject,3,0,0
88631,constant,,wd:Q3249,del_subject,3,0,0
82039,constant,,wd:Q32494,del_subject,3,0,0
35899,constant,,wd:Q3249551,del_subject,3,0,0
29954,constant,,wd:Q3254959,del_subject,3,0,0
37371,constant,,wd:Q3257686,del_subject,3,0,0
37790,constant,,wd:Q3257809,del_subject,3,0,0
74453,constant,,wd:Q3258,del_subject,3,0,0
93890,constant,,wd:Q326309,del_subject,3,0,0
87379,constant,,wd:Q326827,del_subject,3,0,0
94885,constant,,wd:Q327149,del_subject,3,0,0
43774,constant,,wd:Q327245,del_subject,3,0,0
78508,constant,,wd:Q3273004,del_subject,3,0,0
37907,constant,,wd:Q327333,del_subject,3,0,0
77541,constant,,wd:Q3276175,del_subject,3,0,0
41286,constant,,wd:Q3280744,del_subject,3,0,0
87714,constant,,wd:Q32880,del_subject,3,0,0
40285,constant,,wd:Q329439,del_subject,3,0,0
33441,constant,,wd:Q33,del_subject,3,0,0
32301,constant,,wd:Q3305213,del_subject,3,0,0
44221,constant,,wd:Q33146,del_subject,3,0,0
32324,constant,,wd:Q33146843,del_subject,3,0,0
49393,constant,,wd:Q3314851,del_subject,3,0,0
90452,constant,,wd:Q3319478,del_subject,3,0,0
41299,constant,,wd:Q3320241,del_subject,3,0,0
31768,constant,,wd:Q3320413,del_subject,3,0,0
35574,constant,,wd:Q3320743,del_subject,3,0,0
33317,constant,,wd:Q33231,del_subject,3,0,0
45306,constant,,wd:Q3330103,del_subject,3,0,0
31434,constant,,wd:Q3331189,del_subject,3,0,0
89609,constant,,wd:Q3334,del_subject,3,0,0
45233,constant,,wd:Q333515,del_subject,3,0,0
43586,constant,,wd:Q33384,del_subject,3,0,0
45683,constant,,wd:Q334,del_subject,3,0,0
86314,constant,,wd:Q3342,del_subject,3,0,0
30830,constant,,wd:Q33506,del_subject,3,0,0
49394,constant,,wd:Q3352252,del_subject,3,0,0
87321,constant,,wd:Q3354,del_subject,3,0,0
87018,constant,,wd:Q3357,del_subject,3,0,0
41302,constant,,wd:Q3359354,del_subject,3,0,0
48226,constant,,wd:Q336,del_subject,3,0,0
83364,constant,,wd:Q336144,del_subject,3,0,0
79607,constant,,wd:Q336286,del_subject,3,0,0
40741,constant,,wd:Q336963,del_subject,3,0,0
38587,constant,,wd:Q33742,del_subject,3,0,0
87101,constant,,wd:Q3374262,del_subject,3,0,0
39452,constant,,wd:Q337526,del_subject,3,0,0
38205,constant,,wd:Q337535,del_subject,3,0,0
40308,constant,,wd:Q337567,del_subject,3,0,0
81197,constant,,wd:Q3376,del_subject,3,0,0
40456,constant,,wd:Q33837,del_subject,3,0,0
31304,constant,,wd:Q3387717,del_subject,3,0,0
32852,constant,,wd:Q339014,del_subject,3,0,0
81867,constant,,wd:Q3391743,del_subject,3,0,0
42776,constant,,wd:Q33946,del_subject,3,0,0
82827,constant,,wd:Q3395121,del_subject,3,0,0
31309,constant,,wd:Q33999,del_subject,3,0,0
31891,constant,,wd:Q34,del_subject,3,0,0
74977,constant,,wd:Q340,del_subject,3,0,0
88251,constant,,wd:Q34023,del_subject,3,0,0
39638,constant,,wd:Q34038,del_subject,3,0,0
31513,constant,,wd:Q3409032,del_subject,3,0,0
42871,constant,,wd:Q341,del_subject,3,0,0
83384,constant,,wd:Q3410,del_subject,3,0,0
77041,constant,,wd:Q34217,del_subject,3,0,0
32351,constant,,wd:Q34266,del_subject,3,0,0
74457,constant,,wd:Q34366,del_subject,3,0,0
80996,constant,,wd:Q3437,del_subject,3,0,0
36681,constant,,wd:Q34442,del_subject,3,0,0
38241,constant,,wd:Q34467,del_subject,3,0,0
43620,constant,,wd:Q34480001,del_subject,3,0,0
43621,constant,,wd:Q34480057,del_subject,3,0,0
43417,constant,,wd:Q34508,del_subject,3,0,0
41323,constant,,wd:Q3461459,del_subject,3,0,0
85169,constant,,wd:Q34627,del_subject,3,0,0
31136,constant,,wd:Q3464665,del_subject,3,0,0
36015,constant,,wd:Q34651,del_subject,3,0,0
41324,constant,,wd:Q3472461,del_subject,3,0,0
31156,constant,,wd:Q34740,del_subject,3,0,0
85366,constant,,wd:Q34763,del_subject,3,0,0
35288,constant,,wd:Q34770,del_subject,3,0,0
79465,constant,,wd:Q3480335,del_subject,3,0,0
33265,constant,,wd:Q349,del_subject,3,0,0
86135,constant,,wd:Q3491915,del_subject,3,0,0
81138,constant,,wd:Q3499350,del_subject,3,0,0
39049,constant,,wd:Q35,del_subject,3,0,0
77361,constant,,wd:Q3504085,del_subject,3,0,0
78848,constant,,wd:Q35047,del_subject,3,0,0
32655,constant,,wd:Q35127,del_subject,3,0,0
93390,constant,,wd:Q3521441,del_subject,3,0,0
34987,constant,,wd:Q35409,del_subject,3,0,0
43748,constant,,wd:Q35497,del_subject,3,0,0
94186,constant,,wd:Q3550864,del_subject,3,0,0
46781,constant,,wd:Q35509,del_subject,3,0,0
32551,constant,,wd:Q355304,del_subject,3,0,0
35572,constant,,wd:Q355567,del_subject,3,0,0
76869,constant,,wd:Q3558970,del_subject,3,0,0
43401,constant,,wd:Q35637,del_subject,3,0,0
32452,constant,,wd:Q35657,del_subject,3,0,0
38278,constant,,wd:Q3565868,del_subject,3,0,0
41336,constant,,wd:Q3570206,del_subject,3,0,0
74390,constant,,wd:Q35715,del_subject,3,0,0
80618,constant,,wd:Q35760,del_subject,3,0,0
38270,constant,,wd:Q357685,del_subject,3,0,0
48198,constant,,wd:Q35798,del_subject,3,0,0
42943,constant,,wd:Q358,del_subject,3,0,0
36679,constant,,wd:Q358078,del_subject,3,0,0
86981,constant,,wd:Q3595959,del_subject,3,0,0
36220,constant,,wd:Q36,del_subject,3,0,0
74459,constant,,wd:Q36074,del_subject,3,0,0
30433,constant,,wd:Q36180,del_subject,3,0,0
31362,constant,,wd:Q3624078,del_subject,3,0,0
43382,constant,,wd:Q36279,del_subject,3,0,0
76017,constant,,wd:Q3630,del_subject,3,0,0
43137,constant,,wd:Q36396,del_subject,3,0,0
82848,constant,,wd:Q36471,del_subject,3,0,0
40275,constant,,wd:Q36510,del_subject,3,0,0
44769,constant,,wd:Q3658341,del_subject,3,0,0
87250,constant,,wd:Q3658608,del_subject,3,0,0
37817,constant,,wd:Q36602,del_subject,3,0,0
76171,constant,,wd:Q36647,del_subject,3,0,0
31126,constant,,wd:Q3665646,del_subject,3,0,0
74460,constant,,wd:Q36687,del_subject,3,0,0
75790,constant,,wd:Q36704,del_subject,3,0,0
38206,constant,,wd:Q368215,del_subject,3,0,0
37083,constant,,wd:Q36834,del_subject,3,0,0
40745,constant,,wd:Q368955,del_subject,3,0,0
33641,constant,,wd:Q37,del_subject,3,0,0
79109,constant,,wd:Q3700011,del_subject,3,0,0
35064,constant,,wd:Q371280,del_subject,3,0,0
96194,constant,,wd:Q371803,del_subject,3,0,0
80104,constant,,wd:Q37226,del_subject,3,0,0
41360,constant,,wd:Q3734125,del_subject,3,0,0
87333,constant,,wd:Q37351,del_subject,3,0,0
39901,constant,,wd:Q37517,del_subject,3,0,0
81059,constant,,wd:Q378120,del_subject,3,0,0
80638,constant,,wd:Q37836,del_subject,3,0,0
48158,constant,,wd:Q378427,del_subject,3,0,0
84174,constant,,wd:Q37853,del_subject,3,0,0
87494,constant,,wd:Q378622,del_subject,3,0,0
30650,constant,,wd:Q38,del_subject,3,0,0
76857,constant,,wd:Q38022,del_subject,3,0,0
31113,constant,,wd:Q38033430,del_subject,3,0,0
41161,constant,,wd:Q3804892,del_subject,3,0,0
95977,constant,,wd:Q3816953,del_subject,3,0,0
41164,constant,,wd:Q3828260,del_subject,3,0,0
76419,constant,,wd:Q38283,del_subject,3,0,0
84476,constant,,wd:Q383092,del_subject,3,0,0
48390,constant,,wd:Q384515,del_subject,3,0,0
76172,constant,,wd:Q38511,del_subject,3,0,0
37591,constant,,wd:Q385405,del_subject,3,0,0
84643,constant,,wd:Q385468,del_subject,3,0,0
82837,constant,,wd:Q38568,del_subject,3,0,0
39886,constant,,wd:Q3863,del_subject,3,0,0
40209,constant,,wd:Q386426,del_subject,3,0,0
29795,constant,,wd:Q386724,del_subject,3,0,0
84356,constant,,wd:Q386854,del_subject,3,0,0
49104,constant,,wd:Q38720,del_subject,3,0,0
42752,constant,,wd:Q38723,del_subject,3,0,0
31988,constant,,wd:Q388,del_subject,3,0,0
37976,constant,,wd:Q38829,del_subject,3,0,0
78100,constant,,wd:Q38872,del_subject,3,0,0
30244,constant,,wd:Q3895768,del_subject,3,0,0
30651,constant,,wd:Q39,del_subject,3,0,0
80750,constant,,wd:Q39121,del_subject,3,0,0
35807,constant,,wd:Q3914,del_subject,3,0,0
44540,constant,,wd:Q3917681,del_subject,3,0,0
36309,constant,,wd:Q3918,del_subject,3,0,0
45715,constant,,wd:Q39201,del_subject,3,0,0
40573,constant,,wd:Q39275,del_subject,3,0,0
89126,constant,,wd:Q3943414,del_subject,3,0,0
82093,constant,,wd:Q3947,del_subject,3,0,0
85182,constant,,wd:Q394701,del_subject,3,0,0
48854,constant,,wd:Q39486269,del_subject,3,0,0
82498,constant,,wd:Q3950,del_subject,3,0,0
45213,constant,,wd:Q3953107,del_subject,3,0,0
79565,constant,,wd:Q3955,del_subject,3,0,0
75575,constant,,wd:Q3957,del_subject,3,0,0
37335,constant,,wd:Q39594,del_subject,3,0,0
37564,constant,,wd:Q3960,del_subject,3,0,0
31072,constant,,wd:Q39614,del_subject,3,0,0
75473,constant,,wd:Q39631,del_subject,3,0,0
39910,constant,,wd:Q3965313,del_subject,3,0,0
41210,constant,,wd:Q3966622,del_subject,3,0,0
35552,constant,,wd:Q39715,del_subject,3,0,0
39911,constant,,wd:Q3978005,del_subject,3,0,0
77558,constant,,wd:Q398,del_subject,3,0,0
38150,constant,,wd:Q398141,del_subject,3,0,0
86052,constant,,wd:Q39816,del_subject,3,0,0
48942,constant,,wd:Q39875001,del_subject,3,0,0
46059,constant,,wd:Q399,del_subject,3,0,0
75423,constant,,wd:Q3992,del_subject,3,0,0
43348,constant,,wd:Q4,del_subject,3,0,0
30652,constant,,wd:Q40,del_subject,3,0,0
95615,constant,,wd:Q4002659,del_subject,3,0,0
86866,constant,,wd:Q40030,del_subject,3,0,0
35803,constant,,wd:Q40056,del_subject,3,0,0
48416,constant,,wd:Q4006,del_subject,3,0,0
88880,constant,,wd:Q40080,del_subject,3,0,0
75427,constant,,wd:Q4009406,del_subject,3,0,0
86964,constant,,wd:Q4018,del_subject,3,0,0
33500,constant,,wd:Q40218,del_subject,3,0,0
37076,constant,,wd:Q4022,del_subject,3,0,0
34100,constant,,wd:Q40231,del_subject,3,0,0
88151,constant,,wd:Q40244,del_subject,3,0,0
37094,constant,,wd:Q403,del_subject,3,0,0
78643,constant,,wd:Q4032432,del_subject,3,0,0
76203,constant,,wd:Q40348,del_subject,3,0,0
43124,constant,,wd:Q40357,del_subject,3,0,0
93759,constant,,wd:Q4041880,del_subject,3,0,0
76223,constant,,wd:Q40637,del_subject,3,0,0
33288,constant,,wd:Q408,del_subject,3,0,0
90496,constant,,wd:Q4084290,del_subject,3,0,0
84402,constant,,wd:Q408804,del_subject,3,0,0
83808,constant,,wd:Q40898,del_subject,3,0,0
90572,constant,,wd:Q4090681,del_subject,3,0,0
79441,constant,,wd:Q4093,del_subject,3,0,0
39454,constant,,wd:Q41,del_subject,3,0,0
31484,constant,,wd:Q41176,del_subject,3,0,0
84317,constant,,wd:Q41185,del_subject,3,0,0
41251,constant,,wd:Q4121093,del_subject,3,0,0
41252,constant,,wd:Q4123974,del_subject,3,0,0
33446,constant,,wd:Q41253,del_subject,3,0,0
91106,constant,,wd:Q4125820,del_subject,3,0,0
32565,constant,,wd:Q41298,del_subject,3,0,0
83370,constant,,wd:Q413,del_subject,3,0,0
75281,constant,,wd:Q41323,del_subject,3,0,0
79355,constant,,wd:Q41329,del_subject,3,0,0
36240,constant,,wd:Q414,del_subject,3,0,0
82938,constant,,wd:Q4144610,del_subject,3,0,0
75439,constant,,wd:Q41466,del_subject,3,0,0
38695,constant,,wd:Q41487,del_subject,3,0,0
47882,constant,,wd:Q41554,del_subject,3,0,0
80785,constant,,wd:Q41604,del_subject,3,0,0
32377,constant,,wd:Q4164871,del_subject,3,0,0
30117,constant,,wd:Q4167410,del_subject,3,0,0
30118,constant,,wd:Q4167836,del_subject,3,0,0
91201,constant,,wd:Q4169648,del_subject,3,0,0
29948,constant,,wd:Q41710,del_subject,3,0,0
82849,constant,,wd:Q41753,del_subject,3,0,0
33463,constant,,wd:Q4176708,del_subject,3,0,0
37483,constant,,wd:Q419,del_subject,3,0,0
45307,constant,,wd:Q4198907,del_subject,3,0,0
74766,constant,,wd:Q420,del_subject,3,0,0
90200,constant,,wd:Q4214041,del_subject,3,0,0
81575,constant,,wd:Q42168,del_subject,3,0,0
95946,constant,,wd:Q42195,del_subject,3,0,0
80678,constant,,wd:Q422062,del_subject,3,0,0
83620,constant,,wd:Q4220917,del_subject,3,0,0
46060,constant,,wd:Q423,del_subject,3,0,0
38245,constant,,wd:Q42328566,del_subject,3,0,0
32846,constant,,wd:Q4233718,del_subject,3,0,0
76608,constant,,wd:Q424,del_subject,3,0,0
76295,constant,,wd:Q42462,del_subject,3,0,0
36496,constant,,wd:Q427087,del_subject,3,0,0
35302,constant,,wd:Q427626,del_subject,3,0,0
36616,constant,,wd:Q427961,del_subject,3,0,0
77758,constant,,wd:Q428047,del_subject,3,0,0
41267,constant,,wd:Q4290323,del_subject,3,0,0
37784,constant,,wd:Q429220,del_subject,3,0,0
86203,constant,,wd:Q42948,del_subject,3,0,0
39264,constant,,wd:Q42973,del_subject,3,0,0
76668,constant,,wd:Q42998,del_subject,3,0,0
36704,constant,,wd:Q43,del_subject,3,0,0
49374,constant,,wd:Q430682,del_subject,3,0,0
76252,constant,,wd:Q43115,del_subject,3,0,0
35042,constant,,wd:Q431289,del_subject,3,0,0
80410,constant,,wd:Q43196,del_subject,3,0,0
84133,constant,,wd:Q43199,del_subject,3,0,0
32850,constant,,wd:Q43200,del_subject,3,0,0
29784,constant,,wd:Q43229,del_subject,3,0,0
79131,constant,,wd:Q43238,del_subject,3,0,0
79420,constant,,wd:Q43287,del_subject,3,0,0
79597,constant,,wd:Q43310,del_subject,3,0,0
86738,constant,,wd:Q43382,del_subject,3,0,0
92167,constant,,wd:Q4339282,del_subject,3,0,0
39091,constant,,wd:Q43445,del_subject,3,0,0
48114,constant,,wd:Q43450,del_subject,3,0,0
78819,constant,,wd:Q43453,del_subject,3,0,0
34719,constant,,wd:Q43501,del_subject,3,0,0
38491,constant,,wd:Q43702,del_subject,3,0,0
92761,constant,,wd:Q4370645,del_subject,3,0,0
75977,constant,,wd:Q4373598,del_subject,3,0,0
75981,constant,,wd:Q4373603,del_subject,3,0,0
84407,constant,,wd:Q43788,del_subject,3,0,0
37521,constant,,wd:Q43874039,del_subject,3,0,0
34990,constant,,wd:Q4387609,del_subject,3,0,0
85267,constant,,wd:Q43934,del_subject,3,0,0
85129,constant,,wd:Q4414033,del_subject,3,0,0
45177,constant,,wd:Q44148,del_subject,3,0,0
85561,constant,,wd:Q44160,del_subject,3,0,0
95947,constant,,wd:Q4423781,del_subject,3,0,0
38400,constant,,wd:Q44377,del_subject,3,0,0
37238,constant,,wd:Q4438121,del_subject,3,0,0
80097,constant,,wd:Q44448,del_subject,3,0,0
37143,constant,,wd:Q44494,del_subject,3,0,0
86884,constant,,wd:Q44539,del_subject,3,0,0
34567,constant,,wd:Q44559,del_subject,3,0,0
43111,constant,,wd:Q446013,del_subject,3,0,0
37968,constant,,wd:Q44613,del_subject,3,0,0
47510,constant,,wd:Q44782,del_subject,3,0,0
83788,constant,,wd:Q44843,del_subject,3,0,0
41372,constant,,wd:Q4485926,del_subject,3,0,0
82818,constant,,wd:Q448801,del_subject,3,0,0
86138,constant,,wd:Q4498974,del_subject,3,0,0
45324,constant,,wd:Q45,del_subject,3,0,0
85254,constant,,wd:Q4504495,del_subject,3,0,0
44565,constant,,wd:Q451079,del_subject,3,0,0
87015,constant,,wd:Q451967,del_subject,3,0,0
83964,constant,,wd:Q45412,del_subject,3,0,0
48367,constant,,wd:Q4550895,del_subject,3,0,0
87865,constant,,wd:Q45559,del_subject,3,0,0
76410,constant,,wd:Q456,del_subject,3,0,0
35260,constant,,wd:Q45722,del_subject,3,0,0
39267,constant,,wd:Q45776,del_subject,3,0,0
36820,constant,,wd:Q45823285,del_subject,3,0,0
86146,constant,,wd:Q459180,del_subject,3,0,0
36010,constant,,wd:Q46,del_subject,3,0,0
49022,constant,,wd:Q460889,del_subject,3,0,0
36505,constant,,wd:Q4610556,del_subject,3,0,0
49507,constant,,wd:Q46169,del_subject,3,0,0
79005,constant,,wd:Q46190676,del_subject,3,0,0
39213,constant,,wd:Q4663903,del_subject,3,0,0
32651,constant,,wd:Q467,del_subject,3,0,0
34030,constant,,wd:Q46831,del_subject,3,0,0
31109,constant,,wd:Q46970,del_subject,3,0,0
34614,constant,,wd:Q47018901,del_subject,3,0,0
85483,constant,,wd:Q47050,del_subject,3,0,0
37803,constant,,wd:Q47071,del_subject,3,0,0
75588,constant,,wd:Q471788,del_subject,3,0,0
46737,constant,,wd:Q47272186,del_subject,3,0,0
86563,constant,,wd:Q472890,del_subject,3,0,0
94968,constant,,wd:Q47328,del_subject,3,0,0
84403,constant,,wd:Q47345468,del_subject,3,0,0
77206,constant,,wd:Q47358534,del_subject,3,0,0
34672,constant,,wd:Q473972,del_subject,3,0,0
85497,constant,,wd:Q475050,del_subject,3,0,0
87358,constant,,wd:Q47521,del_subject,3,0,0
35735,constant,,wd:Q47574,del_subject,3,0,0
39170,constant,,wd:Q476028,del_subject,3,0,0
36863,constant,,wd:Q476068,del_subject,3,0,0
32888,constant,,wd:Q476300,del_subject,3,0,0
94313,constant,,wd:Q4781593,del_subject,3,0,0
93812,constant,,wd:Q478419,del_subject,3,0,0
43930,constant,,wd:Q48,del_subject,3,0,0
44781,constant,,wd:Q481289,del_subject,3,0,0
44228,constant,,wd:Q4819492,del_subject,3,0,0
77494,constant,,wd:Q482,del_subject,3,0,0
38538,constant,,wd:Q48204,del_subject,3,0,0
74207,constant,,wd:Q48277,del_subject,3,0,0
29985,constant,,wd:Q482994,del_subject,3,0,0
31287,constant,,wd:Q4830453,del_subject,3,0,0
37577,constant,,wd:Q483110,del_subject,3,0,0
86646,constant,,wd:Q483242,del_subject,3,0,0
87125,constant,,wd:Q48326,del_subject,3,0,0
35206,constant,,wd:Q483501,del_subject,3,0,0
45758,constant,,wd:Q48352,del_subject,3,0,0
48718,constant,,wd:Q484170,del_subject,3,0,0
79137,constant,,wd:Q484678,del_subject,3,0,0
77044,constant,,wd:Q484876,del_subject,3,0,0
75317,constant,,wd:Q485176,del_subject,3,0,0
86560,constant,,wd:Q485258,del_subject,3,0,0
77546,constant,,wd:Q4853732,del_subject,3,0,0
75359,constant,,wd:Q486748,del_subject,3,0,0
79917,constant,,wd:Q486839,del_subject,3,0,0
33130,constant,,wd:Q486972,del_subject,3,0,0
47749,constant,,wd:Q486983,del_subject,3,0,0
83018,constant,,wd:Q487522,del_subject,3,0,0
43783,constant,,wd:Q488111,del_subject,3,0,0
46115,constant,,wd:Q488205,del_subject,3,0,0
31950,constant,,wd:Q488383,del_subject,3,0,0
32799,constant,,wd:Q4886,del_subject,3,0,0
88614,constant,,wd:Q489357,del_subject,3,0,0
95259,constant,,wd:Q48948,del_subject,3,0,0
76678,constant,,wd:Q48958,del_subject,3,0,0
43931,constant,,wd:Q49,del_subject,3,0,0
76411,constant,,wd:Q490,del_subject,3,0,0
39865,constant,,wd:Q49084,del_subject,3,0,0
48199,constant,,wd:Q49133,del_subject,3,0,0
84171,constant,,wd:Q49239,del_subject,3,0,0
78132,constant,,wd:Q4925477,del_subject,3,0,0
79906,constant,,wd:Q4925623,del_subject,3,0,0
81627,constant,,wd:Q4925914,del_subject,3,0,0
88114,constant,,wd:Q4926740,del_subject,3,0,0
80512,constant,,wd:Q4926833,del_subject,3,0,0
79660,constant,,wd:Q4927128,del_subject,3,0,0
81321,constant,,wd:Q4927524,del_subject,3,0,0
74967,constant,,wd:Q4927937,del_subject,3,0,0
80925,constant,,wd:Q493522,del_subject,3,0,0
83892,constant,,wd:Q494721,del_subject,3,0,0
35261,constant,,wd:Q49476,del_subject,3,0,0
76159,constant,,wd:Q495,del_subject,3,0,0
83432,constant,,wd:Q495635,del_subject,3,0,0
34739,constant,,wd:Q4964182,del_subject,3,0,0
80105,constant,,wd:Q498162,del_subject,3,0,0
45313,constant,,wd:Q49892,del_subject,3,0,0
44956,constant,,wd:Q4989906,del_subject,3,0,0
49838,constant,,wd:Q4990623,del_subject,3,0,0
79683,constant,,wd:Q4991371,del_subject,3,0,0
41594,constant,,wd:Q4991585,del_subject,3,0,0
78439,constant,,wd:Q499249,del_subject,3,0,0
29900,constant,,wd:Q5,del_subject,3,0,0
35389,constant,,wd:Q500076,del_subject,3,0,0
46364,constant,,wd:Q5003624,del_subject,3,0,0
35240,constant,,wd:Q50053,del_subject,3,0,0
95096,constant,,wd:Q50068795,del_subject,3,0,0
88205,constant,,wd:Q50231,del_subject,3,0,0
43175,constant,,wd:Q502895,del_subject,3,0,0
93945,constant,,wd:Q5030320,del_subject,3,0,0
83786,constant,,wd:Q50337,del_subject,3,0,0
49261,constant,,wd:Q503601,del_subject,3,0,0
35394,constant,,wd:Q504125,del_subject,3,0,0
74319,constant,,wd:Q5043,del_subject,3,0,0
41611,constant,,wd:Q5047738,del_subject,3,0,0
81247,constant,,wd:Q50602,del_subject,3,0,0
30080,constant,,wd:Q506240,del_subject,3,0,0
84136,constant,,wd:Q506369,del_subject,3,0,0
41620,constant,,wd:Q5066732,del_subject,3,0,0
45909,constant,,wd:Q506754,del_subject,3,0,0
46094,constant,,wd:Q50707,del_subject,3,0,0
35027,constant,,wd:Q50751848,del_subject,3,0,0
35028,constant,,wd:Q50762402,del_subject,3,0,0
35029,constant,,wd:Q50797802,del_subject,3,0,0
79694,constant,,wd:Q5084,del_subject,3,0,0
83523,constant,,wd:Q5092,del_subject,3,0,0
45742,constant,,wd:Q5094009,del_subject,3,0,0
88951,constant,,wd:Q509568,del_subject,3,0,0
37240,constant,,wd:Q509686,del_subject,3,0,0
87418,constant,,wd:Q5098,del_subject,3,0,0
37588,constant,,wd:Q51,del_subject,3,0,0
43164,constant,,wd:Q510324,del_subject,3,0,0
30242,constant,,wd:Q5107,del_subject,3,0,0
74533,constant,,wd:Q5113,del_subject,3,0,0
47965,constant,,wd:Q51139288,del_subject,3,0,0
75704,constant,,wd:Q5119,del_subject,3,0,0
45300,constant,,wd:Q512187,del_subject,3,0,0
81288,constant,,wd:Q5123999,del_subject,3,0,0
86875,constant,,wd:Q5124642,del_subject,3,0,0
45144,constant,,wd:Q5137576,del_subject,3,0,0
40763,constant,,wd:Q514417,del_subject,3,0,0
75505,constant,,wd:Q5146,del_subject,3,0,0
31447,constant,,wd:Q515,del_subject,3,0,0
44732,constant,,wd:Q5153359,del_subject,3,0,0
81495,constant,,wd:Q518076,del_subject,3,0,0
39866,constant,,wd:Q5185279,del_subject,3,0,0
41907,constant,,wd:Q5185996,del_subject,3,0,0
79284,constant,,wd:Q51929311,del_subject,3,0,0
34146,constant,,wd:Q5193377,del_subject,3,0,0
41923,constant,,wd:Q5221598,del_subject,3,0,0
84574,constant,,wd:Q5225895,del_subject,3,0,0
41931,constant,,wd:Q5228004,del_subject,3,0,0
35239,constant,,wd:Q523,del_subject,3,0,0
87774,constant,,wd:Q52371,del_subject,3,0,0
93986,constant,,wd:Q523893,del_subject,3,0,0
44150,constant,,wd:Q52454,del_subject,3,0,0
95105,constant,,wd:Q524980,del_subject,3,0,0
83572,constant,,wd:Q5254911,del_subject,3,0,0
95676,constant,,wd:Q526170,del_subject,3,0,0
30995,constant,,wd:Q526877,del_subject,3,0,0
36999,constant,,wd:Q5287,del_subject,3,0,0
83570,constant,,wd:Q5292,del_subject,3,0,0
40771,constant,,wd:Q529584,del_subject,3,0,0
40772,constant,,wd:Q529976,del_subject,3,0,0
34526,constant,,wd:Q532,del_subject,3,0,0
33620,constant,,wd:Q5322166,del_subject,3,0,0
81400,constant,,wd:Q533866,del_subject,3,0,0
36894,constant,,wd:Q5341295,del_subject,3,0,0
34952,constant,,wd:Q534932,del_subject,3,0,0
41959,constant,,wd:Q5359419,del_subject,3,0,0
84970,constant,,wd:Q53621,del_subject,3,0,0
40577,constant,,wd:Q53636,del_subject,3,0,0
79907,constant,,wd:Q5369,del_subject,3,0,0
88552,constant,,wd:Q537127,del_subject,3,0,0
42870,constant,,wd:Q5372,del_subject,3,0,0
43924,constant,,wd:Q538,del_subject,3,0,0
41965,constant,,wd:Q5382158,del_subject,3,0,0
29752,constant,,wd:Q53869507,del_subject,3,0,0
75547,constant,,wd:Q539581,del_subject,3,0,0
30275,constant,,wd:Q5398426,del_subject,3,0,0
36666,constant,,wd:Q54050,del_subject,3,0,0
49341,constant,,wd:Q54109,del_subject,3,0,0
85135,constant,,wd:Q54114,del_subject,3,0,0
48894,constant,,wd:Q542,del_subject,3,0,0
76948,constant,,wd:Q543654,del_subject,3,0,0
34234,constant,,wd:Q543804,del_subject,3,0,0
95952,constant,,wd:Q544008,del_subject,3,0,0
44020,constant,,wd:Q545,del_subject,3,0,0
93688,constant,,wd:Q546003,del_subject,3,0,0
83937,constant,,wd:Q5475,del_subject,3,0,0
81190,constant,,wd:Q548611,del_subject,3,0,0
86654,constant,,wd:Q54888,del_subject,3,0,0
95668,constant,,wd:Q54935504,del_subject,3,0,0
30958,constant,,wd:Q55,del_subject,3,0,0
39525,constant,,wd:Q550089,del_subject,3,0,0
44705,constant,,wd:Q55043,del_subject,3,0,0
95943,constant,,wd:Q55089312,del_subject,3,0,0
84376,constant,,wd:Q55271,del_subject,3,0,0
84377,constant,,wd:Q55276,del_subject,3,0,0
42065,constant,,wd:Q5527608,del_subject,3,0,0
32544,constant,,wd:Q55488,del_subject,3,0,0
94917,constant,,wd:Q55491,del_subject,3,0,0
42070,constant,,wd:Q5555801,del_subject,3,0,0
76672,constant,,wd:Q559856,del_subject,3,0,0
29861,constant,,wd:Q56061,del_subject,3,0,0
42082,constant,,wd:Q5607349,del_subject,3,0,0
86768,constant,,wd:Q562061,del_subject,3,0,0
36223,constant,,wd:Q5633421,del_subject,3,0,0
89074,constant,,wd:Q564954,del_subject,3,0,0
46201,constant,,wd:Q570116,del_subject,3,0,0
88479,constant,,wd:Q5707594,del_subject,3,0,0
32974,constant,,wd:Q571,del_subject,3,0,0
44453,constant,,wd:Q5727,del_subject,3,0,0
30268,constant,,wd:Q573,del_subject,3,0,0
35576,constant,,wd:Q5737899,del_subject,3,0,0
36676,constant,,wd:Q5741069,del_subject,3,0,0
96144,constant,,wd:Q574961,del_subject,3,0,0
34523,constant,,wd:Q575759,del_subject,3,0,0
81892,constant,,wd:Q577011,del_subject,3,0,0
90960,constant,,wd:Q578004,del_subject,3,0,0
46738,constant,,wd:Q57821,del_subject,3,0,0
95906,constant,,wd:Q5783996,del_subject,3,0,0
42106,constant,,wd:Q5790169,del_subject,3,0,0
37538,constant,,wd:Q581714,del_subject,3,0,0
93612,constant,,wd:Q582525,del_subject,3,0,0
80822,constant,,wd:Q5852411,del_subject,3,0,0
39913,constant,,wd:Q5867051,del_subject,3,0,0
37823,constant,,wd:Q5867959,del_subject,3,0,0
39914,constant,,wd:Q5868144,del_subject,3,0,0
34593,constant,,wd:Q58778,del_subject,3,0,0
42112,constant,,wd:Q5884387,del_subject,3,0,0
87231,constant,,wd:Q5890494,del_subject,3,0,0
78430,constant,,wd:Q590870,del_subject,3,0,0
88144,constant,,wd:Q59091,del_subject,3,0,0
32847,constant,,wd:Q592,del_subject,3,0,0
32150,constant,,wd:Q5923,del_subject,3,0,0
77438,constant,,wd:Q593644,del_subject,3,0,0
84229,constant,,wd:Q594279,del_subject,3,0,0
79680,constant,,wd:Q595105,del_subject,3,0,0
31065,constant,,wd:Q5958900,del_subject,3,0,0
42122,constant,,wd:Q5959520,del_subject,3,0,0
78796,constant,,wd:Q597,del_subject,3,0,0
40580,constant,,wd:Q59798,del_subject,3,0,0
40581,constant,,wd:Q59888,del_subject,3,0,0
33650,constant,,wd:Q599151,del_subject,3,0,0
43533,constant,,wd:Q5998839,del_subject,3,0,0
48700,constant,,wd:Q60,del_subject,3,0,0
44762,constant,,wd:Q60186,del_subject,3,0,0
43167,constant,,wd:Q6023295,del_subject,3,0,0
44589,constant,,wd:Q607241,del_subject,3,0,0
87509,constant,,wd:Q6088,del_subject,3,0,0
76202,constant,,wd:Q61,del_subject,3,0,0
35263,constant,,wd:Q611644,del_subject,3,0,0
79289,constant,,wd:Q612,del_subject,3,0,0
85875,constant,,wd:Q615150,del_subject,3,0,0
42144,constant,,wd:Q6169282,del_subject,3,0,0
86721,constant,,wd:Q6169840,del_subject,3,0,0
29796,constant,,wd:Q618123,del_subject,3,0,0
31112,constant,,wd:Q618779,del_subject,3,0,0
89766,constant,,wd:Q61878,del_subject,3,0,0
79488,constant,,wd:Q62,del_subject,3,0,0
74327,constant,,wd:Q62049,del_subject,3,0,0
30602,constant,,wd:Q622852,del_subject,3,0,0
88714,constant,,wd:Q6231,del_subject,3,0,0
32292,constant,,wd:Q623109,del_subject,3,0,0
31122,constant,,wd:Q62447,del_subject,3,0,0
49263,constant,,wd:Q624543,del_subject,3,0,0
31361,constant,,wd:Q6256,del_subject,3,0,0
80964,constant,,wd:Q6259,del_subject,3,0,0
29947,constant,,wd:Q6266,del_subject,3,0,0
81556,constant,,wd:Q627325,del_subject,3,0,0
39338,constant,,wd:Q628099,del_subject,3,0,0
45355,constant,,wd:Q628179,del_subject,3,0,0
76985,constant,,wd:Q6298851,del_subject,3,0,0
42146,constant,,wd:Q6301970,del_subject,3,0,0
49772,constant,,wd:Q632682,del_subject,3,0,0
79584,constant,,wd:Q632842,del_subject,3,0,0
38209,constant,,wd:Q633454,del_subject,3,0,0
88145,constant,,wd:Q6337803,del_subject,3,0,0
45788,constant,,wd:Q634099,del_subject,3,0,0
38369,constant,,wd:Q6352575,del_subject,3,0,0
76204,constant,,wd:Q639669,del_subject,3,0,0
32717,constant,,wd:Q64,del_subject,3,0,0
78703,constant,,wd:Q641,del_subject,3,0,0
79292,constant,,wd:Q6441,del_subject,3,0,0
86383,constant,,wd:Q644371,del_subject,3,0,0
35207,constant,,wd:Q644687,del_subject,3,0,0
32785,constant,,wd:Q645883,del_subject,3,0,0
39276,constant,,wd:Q6465,del_subject,3,0,0
40810,constant,,wd:Q646860,del_subject,3,0,0
47913,constant,,wd:Q647,del_subject,3,0,0
38234,constant,,wd:Q6473564,del_subject,3,0,0
76161,constant,,wd:Q648,del_subject,3,0,0
42180,constant,,wd:Q6482541,del_subject,3,0,0
42182,constant,,wd:Q6488923,del_subject,3,0,0
49264,constant,,wd:Q648961,del_subject,3,0,0
48698,constant,,wd:Q649,del_subject,3,0,0
40812,constant,,wd:Q650106,del_subject,3,0,0
35554,constant,,wd:Q652,del_subject,3,0,0
42189,constant,,wd:Q6527992,del_subject,3,0,0
96012,constant,,wd:Q653002,del_subject,3,0,0
39360,constant,,wd:Q654236,del_subject,3,0,0
75341,constant,,wd:Q6548,del_subject,3,0,0
49099,constant,,wd:Q6557453,del_subject,3,0,0
93775,constant,,wd:Q655814,del_subject,3,0,0
48617,constant,,wd:Q656720,del_subject,3,0,0
77984,constant,,wd:Q657,del_subject,3,0,0
31086,constant,,wd:Q6581072,del_subject,3,0,0
32653,constant,,wd:Q6581097,del_subject,3,0,0
87693,constant,,wd:Q6582,del_subject,3,0,0
44674,constant,,wd:Q6587194,del_subject,3,0,0
83946,constant,,wd:Q6596,del_subject,3,0,0
78405,constant,,wd:Q6602,del_subject,3,0,0
75371,constant,,wd:Q6607,del_subject,3,0,0
84341,constant,,wd:Q6616,del_subject,3,0,0
76320,constant,,wd:Q6617100,del_subject,3,0,0
84170,constant,,wd:Q6625,del_subject,3,0,0
84932,constant,,wd:Q6627746,del_subject,3,0,0
89602,constant,,wd:Q662914,del_subject,3,0,0
81063,constant,,wd:Q662985,del_subject,3,0,0
49265,constant,,wd:Q663314,del_subject,3,0,0
47912,constant,,wd:Q66344,del_subject,3,0,0
32848,constant,,wd:Q6636,del_subject,3,0,0
31033,constant,,wd:Q664,del_subject,3,0,0
82569,constant,,wd:Q664835,del_subject,3,0,0
36617,constant,,wd:Q665487,del_subject,3,0,0
36173,constant,,wd:Q6655,del_subject,3,0,0
84245,constant,,wd:Q666063,del_subject,3,0,0
37944,constant,,wd:Q6665249,del_subject,3,0,0
42781,constant,,wd:Q667509,del_subject,3,0,0
32036,constant,,wd:Q668,del_subject,3,0,0
94967,constant,,wd:Q671384,del_subject,3,0,0
41431,constant,,wd:Q6723368,del_subject,3,0,0
79498,constant,,wd:Q677191,del_subject,3,0,0
86848,constant,,wd:Q6784672,del_subject,3,0,0
36274,constant,,wd:Q679527,del_subject,3,0,0
30180,constant,,wd:Q682943,del_subject,3,0,0
76611,constant,,wd:Q683,del_subject,3,0,0
86249,constant,,wd:Q685309,del_subject,3,0,0
76613,constant,,wd:Q686,del_subject,3,0,0
44718,constant,,wd:Q687312,del_subject,3,0,0
74520,constant,,wd:Q6881511,del_subject,3,0,0
31173,constant,,wd:Q68947,del_subject,3,0,0
83360,constant,,wd:Q6895044,del_subject,3,0,0
49106,constant,,wd:Q691,del_subject,3,0,0
45743,constant,,wd:Q6933946,del_subject,3,0,0
80046,constant,,wd:Q694,del_subject,3,0,0
82583,constant,,wd:Q694372,del_subject,3,0,0
46366,constant,,wd:Q6975221,del_subject,3,0,0
48749,constant,,wd:Q6979593,del_subject,3,0,0
46120,constant,,wd:Q70,del_subject,3,0,0
42892,constant,,wd:Q700222,del_subject,3,0,0
81808,constant,,wd:Q7003,del_subject,3,0,0
80032,constant,,wd:Q701,del_subject,3,0,0
44066,constant,,wd:Q70208,del_subject,3,0,0
49750,constant,,wd:Q702842,del_subject,3,0,0
96011,constant,,wd:Q705551,del_subject,3,0,0
34310,constant,,wd:Q7058673,del_subject,3,0,0
36922,constant,,wd:Q70695,del_subject,3,0,0
33173,constant,,wd:Q7075,del_subject,3,0,0
75576,constant,,wd:Q707813,del_subject,3,0,0
29905,constant,,wd:Q708676,del_subject,3,0,0
32450,constant,,wd:Q709,del_subject,3,0,0
85708,constant,,wd:Q710,del_subject,3,0,0
38236,constant,,wd:Q7126717,del_subject,3,0,0
81835,constant,,wd:Q7128792,del_subject,3,0,0
41481,constant,,wd:Q7136012,del_subject,3,0,0
78532,constant,,wd:Q713623,del_subject,3,0,0
75247,constant,,wd:Q7140664,del_subject,3,0,0
83435,constant,,wd:Q715301,del_subject,3,0,0
76854,constant,,wd:Q7156,del_subject,3,0,0
40827,constant,,wd:Q716132,del_subject,3,0,0
46084,constant,,wd:Q717,del_subject,3,0,0
43517,constant,,wd:Q7184903,del_subject,3,0,0
29916,constant,,wd:Q7187,del_subject,3,0,0
32443,constant,,wd:Q7188,del_subject,3,0,0
31470,constant,,wd:Q7189713,del_subject,3,0,0
38622,constant,,wd:Q7194062,del_subject,3,0,0
31150,constant,,wd:Q719456,del_subject,3,0,0
45527,constant,,wd:Q719675,del_subject,3,0,0
78535,constant,,wd:Q72,del_subject,3,0,0
35687,constant,,wd:Q723849,del_subject,3,0,0
45799,constant,,wd:Q7239,del_subject,3,0,0
83698,constant,,wd:Q724,del_subject,3,0,0
30850,constant,,wd:Q726,del_subject,3,0,0
45310,constant,,wd:Q7269,del_subject,3,0,0
76004,constant,,wd:Q727,del_subject,3,0,0
45309,constant,,wd:Q7270,del_subject,3,0,0
31358,constant,,wd:Q7275,del_subject,3,0,0
33977,constant,,wd:Q7278,del_subject,3,0,0
94633,constant,,wd:Q727919,del_subject,3,0,0
88704,constant,,wd:Q728904,del_subject,3,0,0
32545,constant,,wd:Q728937,del_subject,3,0,0
33534,constant,,wd:Q7291,del_subject,3,0,0
77985,constant,,wd:Q730,del_subject,3,0,0
47530,constant,,wd:Q730038,del_subject,3,0,0
30708,constant,,wd:Q7302866,del_subject,3,0,0
38752,constant,,wd:Q731126,del_subject,3,0,0
95888,constant,,wd:Q7321974,del_subject,3,0,0
30417,constant,,wd:Q732577,del_subject,3,0,0
50011,constant,,wd:Q732717,del_subject,3,0,0
83610,constant,,wd:Q7328910,del_subject,3,0,0
76616,constant,,wd:Q733,del_subject,3,0,0
49674,constant,,wd:Q7333457,del_subject,3,0,0
85022,constant,,wd:Q734578,del_subject,3,0,0
46707,constant,,wd:Q735188,del_subject,3,0,0
89009,constant,,wd:Q735428,del_subject,3,0,0
75558,constant,,wd:Q736,del_subject,3,0,0
33378,constant,,wd:Q7365,del_subject,3,0,0
33340,constant,,wd:Q7366,del_subject,3,0,0
86672,constant,,wd:Q7367,del_subject,3,0,0
88509,constant,,wd:Q7374509,del_subject,3,0,0
38117,constant,,wd:Q737498,del_subject,3,0,0
31979,constant,,wd:Q7378,del_subject,3,0,0
80636,constant,,wd:Q7386,del_subject,3,0,0
46085,constant,,wd:Q739,del_subject,3,0,0
49100,constant,,wd:Q7391292,del_subject,3,0,0
29830,constant,,wd:Q7397,del_subject,3,0,0
35189,constant,,wd:Q7406919,del_subject,3,0,0
40261,constant,,wd:Q7411,del_subject,3,0,0
93776,constant,,wd:Q7415384,del_subject,3,0,0
32109,constant,,wd:Q742421,del_subject,3,0,0
46022,constant,,wd:Q743004,del_subject,3,0,0
31172,constant,,wd:Q7432,del_subject,3,0,0
48262,constant,,wd:Q744099,del_subject,3,0,0
81065,constant,,wd:Q744598,del_subject,3,0,0
41743,constant,,wd:Q7456120,del_subject,3,0,0
48964,constant,,wd:Q746369,del_subject,3,0,0
37136,constant,,wd:Q747074,del_subject,3,0,0
83480,constant,,wd:Q748149,del_subject,3,0,0
79476,constant,,wd:Q748211,del_subject,3,0,0
40839,constant,,wd:Q748899,del_subject,3,0,0
46086,constant,,wd:Q750,del_subject,3,0,0
82497,constant,,wd:Q751876,del_subject,3,0,0
84128,constant,,wd:Q752,del_subject,3,0,0
80259,constant,,wd:Q7521081,del_subject,3,0,0
33924,constant,,wd:Q752783,del_subject,3,0,0
48065,constant,,wd:Q753110,del_subject,3,0,0
79087,constant,,wd:Q753219,del_subject,3,0,0
81066,constant,,wd:Q753289,del_subject,3,0,0
30312,constant,,wd:Q755707,del_subject,3,0,0
89219,constant,,wd:Q756082,del_subject,3,0,0
84444,constant,,wd:Q756617,del_subject,3,0,0
41749,constant,,wd:Q7576582,del_subject,3,0,0
30948,constant,,wd:Q759421,del_subject,3,0,0
41758,constant,,wd:Q7617621,del_subject,3,0,0
87707,constant,,wd:Q7618284,del_subject,3,0,0
49582,constant,,wd:Q764,del_subject,3,0,0
93567,constant,,wd:Q764876,del_subject,3,0,0
40844,constant,,wd:Q765547,del_subject,3,0,0
31495,constant,,wd:Q767728,del_subject,3,0,0
94195,constant,,wd:Q768519,del_subject,3,0,0
85378,constant,,wd:Q768717,del_subject,3,0,0
46089,constant,,wd:Q77,del_subject,3,0,0
80047,constant,,wd:Q770,del_subject,3,0,0
79344,constant,,wd:Q771,del_subject,3,0,0
40847,constant,,wd:Q771526,del_subject,3,0,0
36503,constant,,wd:Q7725310,del_subject,3,0,0
36191,constant,,wd:Q7725634,del_subject,3,0,0
74305,constant,,wd:Q7737,del_subject,3,0,0
81465,constant,,wd:Q775,del_subject,3,0,0
40851,constant,,wd:Q775899,del_subject,3,0,0
80048,constant,,wd:Q776,del_subject,3,0,0
40853,constant,,wd:Q777327,del_subject,3,0,0
44004,constant,,wd:Q7777570,del_subject,3,0,0
76620,constant,,wd:Q778,del_subject,3,0,0
76291,constant,,wd:Q779,del_subject,3,0,0
76622,constant,,wd:Q783,del_subject,3,0,0
33906,constant,,wd:Q783794,del_subject,3,0,0
77022,constant,,wd:Q784,del_subject,3,0,0
76623,constant,,wd:Q786,del_subject,3,0,0
80692,constant,,wd:Q786820,del_subject,3,0,0
83306,constant,,wd:Q7880,del_subject,3,0,0
30604,constant,,wd:Q7889,del_subject,3,0,0
46039,constant,,wd:Q789447,del_subject,3,0,0
46064,constant,,wd:Q79,del_subject,3,0,0
38401,constant,,wd:Q79007,del_subject,3,0,0
46087,constant,,wd:Q792,del_subject,3,0,0
37925,constant,,wd:Q794,del_subject,3,0,0
30823,constant,,wd:Q7944,del_subject,3,0,0
96132,constant,,wd:Q795228,del_subject,3,0,0
32800,constant,,wd:Q79529,del_subject,3,0,0
46062,constant,,wd:Q796,del_subject,3,0,0
44106,constant,,wd:Q79602,del_subject,3,0,0
39080,constant,,wd:Q797,del_subject,3,0,0
39783,constant,,wd:Q79913,del_subject,3,0,0
46074,constant,,wd:Q801,del_subject,3,0,0
82226,constant,,wd:Q80296,del_subject,3,0,0
82227,constant,,wd:Q80305,del_subject,3,0,0
46088,constant,,wd:Q804,del_subject,3,0,0
77162,constant,,wd:Q804311,del_subject,3,0,0
41801,constant,,wd:Q8043893,del_subject,3,0,0
38299,constant,,wd:Q8047,del_subject,3,0,0
76265,constant,,wd:Q805,del_subject,3,0,0
35546,constant,,wd:Q8054,del_subject,3,0,0
34029,constant,,wd:Q8072,del_subject,3,0,0
31376,constant,,wd:Q8076,del_subject,3,0,0
48283,constant,,wd:Q808462,del_subject,3,0,0
35788,constant,,wd:Q809,del_subject,3,0,0
82838,constant,,wd:Q80955,del_subject,3,0,0
40857,constant,,wd:Q809586,del_subject,3,0,0
37892,constant,,wd:Q810,del_subject,3,0,0
76909,constant,,wd:Q81096,del_subject,3,0,0
76625,constant,,wd:Q811,del_subject,3,0,0
81725,constant,,wd:Q811165,del_subject,3,0,0
79429,constant,,wd:Q81137,del_subject,3,0,0
30630,constant,,wd:Q811430,del_subject,3,0,0
48287,constant,,wd:Q811534,del_subject,3,0,0
31923,constant,,wd:Q811979,del_subject,3,0,0
74484,constant,,wd:Q812,del_subject,3,0,0
38754,constant,,wd:Q812285,del_subject,3,0,0
46075,constant,,wd:Q813,del_subject,3,0,0
31115,constant,,wd:Q8142,del_subject,3,0,0
36411,constant,,wd:Q8148,del_subject,3,0,0
79444,constant,,wd:Q81513,del_subject,3,0,0
88698,constant,,wd:Q815348,del_subject,3,0,0
77431,constant,,wd:Q816,del_subject,3,0,0
79445,constant,,wd:Q8162,del_subject,3,0,0
79095,constant,,wd:Q81666,del_subject,3,0,0
81592,constant,,wd:Q81725,del_subject,3,0,0
41807,constant,,wd:Q8186572,del_subject,3,0,0
33928,constant,,wd:Q8187769,del_subject,3,0,0
81588,constant,,wd:Q81888,del_subject,3,0,0
48990,constant,,wd:Q820477,del_subject,3,0,0
32531,constant,,wd:Q8205328,del_subject,3,0,0
84313,constant,,wd:Q82185,del_subject,3,0,0
46076,constant,,wd:Q822,del_subject,3,0,0
48066,constant,,wd:Q822146,del_subject,3,0,0
30004,constant,,wd:Q8229,del_subject,3,0,0
76504,constant,,wd:Q824,del_subject,3,0,0
33464,constant,,wd:Q8261,del_subject,3,0,0
33028,constant,,wd:Q8274,del_subject,3,0,0
45363,constant,,wd:Q8274529,del_subject,3,0,0
30243,constant,,wd:Q82794,del_subject,3,0,0
31512,constant,,wd:Q82799,del_subject,3,0,0
43925,constant,,wd:Q828,del_subject,3,0,0
29975,constant,,wd:Q82955,del_subject,3,0,0
86691,constant,,wd:Q83065,del_subject,3,0,0
32665,constant,,wd:Q83267,del_subject,3,0,0
74579,constant,,wd:Q833,del_subject,3,0,0
31378,constant,,wd:Q83310,del_subject,3,0,0
46353,constant,,wd:Q833670,del_subject,3,0,0
35268,constant,,wd:Q833738,del_subject,3,0,0
31526,constant,,wd:Q83405,del_subject,3,0,0
35355,constant,,wd:Q8347,del_subject,3,0,0
80132,constant,,wd:Q8356,del_subject,3,0,0
82232,constant,,wd:Q835714,del_subject,3,0,0
35610,constant,,wd:Q836,del_subject,3,0,0
34121,constant,,wd:Q83620,del_subject,3,0,0
36714,constant,,wd:Q836575,del_subject,3,0,0
76628,constant,,wd:Q837,del_subject,3,0,0
94316,constant,,wd:Q837089,del_subject,3,0,0
82821,constant,,wd:Q8385,del_subject,3,0,0
29966,constant,,wd:Q838948,del_subject,3,0,0
40219,constant,,wd:Q839954,del_subject,3,0,0
32159,constant,,wd:Q84,del_subject,3,0,0
95993,constant,,wd:Q840886,del_subject,3,0,0
78910,constant,,wd:Q8418,del_subject,3,0,0
80586,constant,,wd:Q842112,del_subject,3,0,0
30507,constant,,wd:Q842858,del_subject,3,0,0
74580,constant,,wd:Q843,del_subject,3,0,0
30464,constant,,wd:Q8436,del_subject,3,0,0
86139,constant,,wd:Q844930,del_subject,3,0,0
75099,constant,,wd:Q846,del_subject,3,0,0
41823,constant,,wd:Q8464689,del_subject,3,0,0
88510,constant,,wd:Q846659,del_subject,3,0,0
30851,constant,,wd:Q847017,del_subject,3,0,0
87524,constant,,wd:Q848313,del_subject,3,0,0
43109,constant,,wd:Q848944,del_subject,3,0,0
75272,constant,,wd:Q849697,del_subject,3,0,0
43568,constant,,wd:Q849919,del_subject,3,0,0
31350,constant,,wd:Q8502,del_subject,3,0,0
40869,constant,,wd:Q850491,del_subject,3,0,0
33646,constant,,wd:Q850730,del_subject,3,0,0
74581,constant,,wd:Q851,del_subject,3,0,0
88632,constant,,wd:Q852190,del_subject,3,0,0
75278,constant,,wd:Q8531,del_subject,3,0,0
76629,constant,,wd:Q854,del_subject,3,0,0
75360,constant,,wd:Q855091,del_subject,3,0,0
45332,constant,,wd:Q855697,del_subject,3,0,0
96210,constant,,wd:Q855769,del_subject,3,0,0
74789,constant,,wd:Q8567,del_subject,3,0,0
46077,constant,,wd:Q858,del_subject,3,0,0
88274,constant,,wd:Q858633,del_subject,3,0,0
40871,constant,,wd:Q860112,del_subject,3,0,0
32300,constant,,wd:Q860861,del_subject,3,0,0
37241,constant,,wd:Q861184,del_subject,3,0,0
80205,constant,,wd:Q861252,del_subject,3,0,0
87956,constant,,wd:Q8613,del_subject,3,0,0
44238,constant,,wd:Q861911,del_subject,3,0,0
46078,constant,,wd:Q863,del_subject,3,0,0
94452,constant,,wd:Q8639,del_subject,3,0,0
37785,constant,,wd:Q864152,del_subject,3,0,0
93648,constant,,wd:Q864221,del_subject,3,0,0
32146,constant,,wd:Q865,del_subject,3,0,0
94984,constant,,wd:Q866196,del_subject,3,0,0
90569,constant,,wd:Q867727,del_subject,3,0,0
44807,constant,,wd:Q8679,del_subject,3,0,0
79549,constant,,wd:Q8682,del_subject,3,0,0
48721,constant,,wd:Q868557,del_subject,3,0,0
44941,constant,,wd:Q869,del_subject,3,0,0
82577,constant,,wd:Q871419,del_subject,3,0,0
42998,constant,,wd:Q87167,del_subject,3,0,0
30042,constant,,wd:Q8719053,del_subject,3,0,0
46079,constant,,wd:Q874,del_subject,3,0,0
30454,constant,,wd:Q874405,del_subject,3,0,0
83807,constant,,wd:Q8745,del_subject,3,0,0
80971,constant,,wd:Q875538,del_subject,3,0,0
82941,constant,,wd:Q8760,del_subject,3,0,0
47896,constant,,wd:Q876730,del_subject,3,0,0
41827,constant,,wd:Q8768491,del_subject,3,0,0
81667,constant,,wd:Q877517,del_subject,3,0,0
74961,constant,,wd:Q878,del_subject,3,0,0
40265,constant,,wd:Q8785,del_subject,3,0,0
42861,constant,,wd:Q879146,del_subject,3,0,0
46080,constant,,wd:Q881,del_subject,3,0,0
84653,constant,,wd:Q8810,del_subject,3,0,0
43787,constant,,wd:Q884,del_subject,3,0,0
44814,constant,,wd:Q8853,del_subject,3,0,0
46081,constant,,wd:Q889,del_subject,3,0,0
44820,constant,,wd:Q8910,del_subject,3,0,0
84401,constant,,wd:Q891723,del_subject,3,0,0
44822,constant,,wd:Q8918,del_subject,3,0,0
44824,constant,,wd:Q8921,del_subject,3,0,0
44536,constant,,wd:Q895526,del_subject,3,0,0
94235,constant,,wd:Q896734,del_subject,3,0,0
46284,constant,,wd:Q899409,del_subject,3,0,0
89838,constant,,wd:Q899523,del_subject,3,0,0
44455,constant,,wd:Q90,del_subject,3,0,0
41641,constant,,wd:Q9005036,del_subject,3,0,0
82946,constant,,wd:Q901402,del_subject,3,0,0
37628,constant,,wd:Q902,del_subject,3,0,0
79460,constant,,wd:Q902104,del_subject,3,0,0
88501,constant,,wd:Q9022830,del_subject,3,0,0
41660,constant,,wd:Q9055681,del_subject,3,0,0
82079,constant,,wd:Q9063,del_subject,3,0,0
82135,constant,,wd:Q9078,del_subject,3,0,0
43510,constant,,wd:Q9081,del_subject,3,0,0
75100,constant,,wd:Q912,del_subject,3,0,0
84418,constant,,wd:Q913073,del_subject,3,0,0
35019,constant,,wd:Q913415,del_subject,3,0,0
49020,constant,,wd:Q9135,del_subject,3,0,0
46723,constant,,wd:Q913672,del_subject,3,0,0
33253,constant,,wd:Q9143,del_subject,3,0,0
49028,constant,,wd:Q915603,del_subject,3,0,0
37484,constant,,wd:Q916,del_subject,3,0,0
49014,constant,,wd:Q916333,del_subject,3,0,0
36435,constant,,wd:Q916620,del_subject,3,0,0
31379,constant,,wd:Q91703,del_subject,3,0,0
31451,constant,,wd:Q9174,del_subject,3,0,0
92525,constant,,wd:Q919631,del_subject,3,0,0
75101,constant,,wd:Q921,del_subject,3,0,0
76545,constant,,wd:Q923,del_subject,3,0,0
74785,constant,,wd:Q924,del_subject,3,0,0
32546,constant,,wd:Q924286,del_subject,3,0,0
82088,constant,,wd:Q925381,del_subject,3,0,0
44827,constant,,wd:Q9256,del_subject,3,0,0
36018,constant,,wd:Q9259,del_subject,3,0,0
85164,constant,,wd:Q927541,del_subject,3,0,0
40258,constant,,wd:Q928,del_subject,3,0,0
79899,constant,,wd:Q928830,del_subject,3,0,0
77987,constant,,wd:Q929,del_subject,3,0,0
92412,constant,,wd:Q929833,del_subject,3,0,0
87525,constant,,wd:Q93184,del_subject,3,0,0
45126,constant,,wd:Q93204,del_subject,3,0,0
87705,constant,,wd:Q9331,del_subject,3,0,0
86393,constant,,wd:Q93716,del_subject,3,0,0
31671,constant,,wd:Q937857,del_subject,3,0,0
43168,constant,,wd:Q939743,del_subject,3,0,0
81898,constant,,wd:Q941049,del_subject,3,0,0
37331,constant,,wd:Q9430,del_subject,3,0,0
40898,constant,,wd:Q945272,del_subject,3,0,0
33526,constant,,wd:Q948,del_subject,3,0,0
30069,constant,,wd:Q95074,del_subject,3,0,0
37485,constant,,wd:Q953,del_subject,3,0,0
76630,constant,,wd:Q954,del_subject,3,0,0
82150,constant,,wd:Q955824,del_subject,3,0,0
77989,constant,,wd:Q958,del_subject,3,0,0
87256,constant,,wd:Q9580,del_subject,3,0,0
35676,constant,,wd:Q9588,del_subject,3,0,0
46138,constant,,wd:Q9592,del_subject,3,0,0
40905,constant,,wd:Q959222,del_subject,3,0,0
37258,constant,,wd:Q96,del_subject,3,0,0
40906,constant,,wd:Q960200,del_subject,3,0,0
41681,constant,,wd:Q9613453,del_subject,3,0,0
37486,constant,,wd:Q962,del_subject,3,0,0
34490,constant,,wd:Q9620,del_subject,3,0,0
37487,constant,,wd:Q963,del_subject,3,0,0
35688,constant,,wd:Q963099,del_subject,3,0,0
37488,constant,,wd:Q965,del_subject,3,0,0
87772,constant,,wd:Q965568,del_subject,3,0,0
77990,constant,,wd:Q967,del_subject,3,0,0
48127,constant,,wd:Q9676,del_subject,3,0,0
83592,constant,,wd:Q968159,del_subject,3,0,0
45072,constant,,wd:Q970153,del_subject,3,0,0
77991,constant,,wd:Q971,del_subject,3,0,0
80034,constant,,wd:Q972,del_subject,3,0,0
95139,constant,,wd:Q973011,del_subject,3,0,0
40911,constant,,wd:Q973314,del_subject,3,0,0
75102,constant,,wd:Q974,del_subject,3,0,0
40912,constant,,wd:Q975998,del_subject,3,0,0
44581,constant,,wd:Q9779,del_subject,3,0,0
87136,constant,,wd:Q9788,del_subject,3,0,0
37589,constant,,wd:Q98,del_subject,3,0,0
74324,constant,,wd:Q9826,del_subject,3,0,0
86897,constant,,wd:Q9842,del_subject,3,0,0
88474,constant,,wd:Q985488,del_subject,3,0,0
92096,constant,,wd:Q986065,del_subject,3,0,0
76021,constant,,wd:Q9899,del_subject,3,0,0
74792,constant,,wd:Q99,del_subject,3,0,0
44124,constant,,wd:Q99775,del_subject,3,0,0
44552,constant,,wd:Q99974,del_subject,3,0,0
74195,role,subject,,del_subject,3,378298,381219
74215,role,object,,del_subject,3,0,0
89881,role,other_subject,,del_subject,3,126621,133378
74197,role,other_object,,del_subject,3,0,0
0,none,NONE,,del_subject,3,349492,411130
,unrepresentable_summary_not_a_V1_class,,,del_subject,3,0,0
32491,constant,,wd:P1001,del_predicate,4,0,0
34158,constant,,wd:P1005,del_predicate,4,0,0
33873,constant,,wd:P101,del_predicate,4,0,0
33424,constant,,wd:P1014,del_predicate,4,0,0
30068,constant,,wd:P1015,del_predicate,4,0,0
30025,constant,,wd:P102,del_predicate,4,0,0
30223,constant,,wd:P103,del_predicate,4,0,0
35551,constant,,wd:P1030,del_predicate,4,0,0
30019,constant,,wd:P1037,del_predicate,4,0,0
30050,constant,,wd:P1038,del_predicate,4,0,0
30990,constant,,wd:P105,del_predicate,4,0,0
43595,constant,,wd:P1050,del_predicate,4,0,0
34401,constant,,wd:P1053,del_predicate,4,0,0
29766,constant,,wd:P106,del_predicate,4,0,0
35067,constant,,wd:P1066,del_predicate,4,0,0
31559,constant,,wd:P108,del_predicate,4,0,0
30632,constant,,wd:P1082,del_predicate,4,0,0
38679,constant,,wd:P1085,del_predicate,4,0,0
40239,constant,,wd:P111,del_predicate,4,0,0
30987,constant,,wd:P1113,del_predicate,4,0,0
32442,constant,,wd:P112,del_predicate,4,0,0
32618,constant,,wd:P1120,del_predicate,4,0,0
37424,constant,,wd:P1142,del_predicate,4,0,0
38001,constant,,wd:P1149,del_predicate,4,0,0
33661,constant,,wd:P115,del_predicate,4,0,0
29939,constant,,wd:P1151,del_predicate,4,0,0
33923,constant,,wd:P1158,del_predicate,4,0,0
31097,constant,,wd:P119,del_predicate,4,0,0
30746,constant,,wd:P1195,del_predicate,4,0,0
42703,constant,,wd:P1196,del_predicate,4,0,0
30759,constant,,wd:P1204,del_predicate,4,0,0
31293,constant,,wd:P1207,del_predicate,4,0,0
30397,constant,,wd:P1216,del_predicate,4,0,0
36739,constant,,wd:P123,del_predicate,4,0,0
29965,constant,,wd:P1257,del_predicate,4,0,0
33460,constant,,wd:P1258,del_predicate,4,0,0
45671,constant,,wd:P1265,del_predicate,4,0,0
35758,constant,,wd:P1266,del_predicate,4,0,0
32533,constant,,wd:P1269,del_predicate,4,0,0
37613,constant,,wd:P127,del_predicate,4,0,0
38704,constant,,wd:P1280,del_predicate,4,0,0
33652,constant,,wd:P1297,del_predicate,4,0,0
30122,constant,,wd:P131,del_predicate,4,0,0
32376,constant,,wd:P1313,del_predicate,4,0,0
32494,constant,,wd:P1321,del_predicate,4,0,0
30643,constant,,wd:P1327,del_predicate,4,0,0
32566,constant,,wd:P1332,del_predicate,4,0,0
32567,constant,,wd:P1333,del_predicate,4,0,0
35044,constant,,wd:P1335,del_predicate,4,0,0
35553,constant,,wd:P1341,del_predicate,4,0,0
31496,constant,,wd:P1343,del_predicate,4,0,0
30298,constant,,wd:P1344,del_predicate,4,0,0
33150,constant,,wd:P1346,del_predicate,4,0,0
31218,constant,,wd:P136,del_predicate,4,0,0
35591,constant,,wd:P1365,del_predicate,4,0,0
35592,constant,,wd:P1366,del_predicate,4,0,0
34326,constant,,wd:P137,del_predicate,4,0,0
34808,constant,,wd:P1376,del_predicate,4,0,0
33576,constant,,wd:P138,del_predicate,4,0,0
43771,constant,,wd:P1382,del_predicate,4,0,0
43038,constant,,wd:P1398,del_predicate,4,0,0
35235,constant,,wd:P140,del_predicate,4,0,0
40253,constant,,wd:P1402,del_predicate,4,0,0
39176,constant,,wd:P1403,del_predicate,4,0,0
29961,constant,,wd:P141,del_predicate,4,0,0
32695,constant,,wd:P1412,del_predicate,4,0,0
33994,constant,,wd:P1416,del_predicate,4,0,0
30790,constant,,wd:P1419,del_predicate,4,0,0
44999,constant,,wd:P1420,del_predicate,4,0,0
34750,constant,,wd:P1423,del_predicate,4,0,0
40434,constant,,wd:P1424,del_predicate,4,0,0
39257,constant,,wd:P1427,del_predicate,4,0,0
39614,constant,,wd:P1433,del_predicate,4,0,0
34437,constant,,wd:P1434,del_predicate,4,0,0
29973,constant,,wd:P1435,del_predicate,4,0,0
37806,constant,,wd:P144,del_predicate,4,0,0
34407,constant,,wd:P1441,del_predicate,4,0,0
33609,constant,,wd:P1444,del_predicate,4,0,0
34438,constant,,wd:P1445,del_predicate,4,0,0
32628,constant,,wd:P1448,del_predicate,4,0,0
36626,constant,,wd:P1456,del_predicate,4,0,0
31437,constant,,wd:P1464,del_predicate,4,0,0
30953,constant,,wd:P1465,del_predicate,4,0,0
29787,constant,,wd:P1476,del_predicate,4,0,0
33406,constant,,wd:P15,del_predicate,4,0,0
38301,constant,,wd:P1531,del_predicate,4,0,0
33307,constant,,wd:P1532,del_predicate,4,0,0
30048,constant,,wd:P1533,del_predicate,4,0,0
38432,constant,,wd:P1536,del_predicate,4,0,0
36565,constant,,wd:P1541,del_predicate,4,0,0
32015,constant,,wd:P155,del_predicate,4,0,0
30239,constant,,wd:P1552,del_predicate,4,0,0
42593,constant,,wd:P1554,del_predicate,4,0,0
36598,constant,,wd:P1559,del_predicate,4,0,0
32016,constant,,wd:P156,del_predicate,4,0,0
36439,constant,,wd:P1562,del_predicate,4,0,0
31226,constant,,wd:P1566,del_predicate,4,0,0
42997,constant,,wd:P1574,del_predicate,4,0,0
43174,constant,,wd:P1582,del_predicate,4,0,0
33351,constant,,wd:P1586,del_predicate,4,0,0
30287,constant,,wd:P1589,del_predicate,4,0,0
38091,constant,,wd:P159,del_predicate,4,0,0
34574,constant,,wd:P1599,del_predicate,4,0,0
33569,constant,,wd:P1621,del_predicate,4,0,0
35588,constant,,wd:P1629,del_predicate,4,0,0
35233,constant,,wd:P1636,del_predicate,4,0,0
33125,constant,,wd:P1644,del_predicate,4,0,0
37385,constant,,wd:P1649,del_predicate,4,0,0
30512,constant,,wd:P166,del_predicate,4,0,0
43997,constant,,wd:P167,del_predicate,4,0,0
36398,constant,,wd:P1670,del_predicate,4,0,0
32372,constant,,wd:P1672,del_predicate,4,0,0
36637,constant,,wd:P1679,del_predicate,4,0,0
39501,constant,,wd:P1680,del_predicate,4,0,0
34130,constant,,wd:P1699,del_predicate,4,0,0
29758,constant,,wd:P17,del_predicate,4,0,0
30533,constant,,wd:P170,del_predicate,4,0,0
31178,constant,,wd:P1700,del_predicate,4,0,0
31319,constant,,wd:P1705,del_predicate,4,0,0
29923,constant,,wd:P171,del_predicate,4,0,0
42977,constant,,wd:P1728,del_predicate,4,0,0
33339,constant,,wd:P1729,del_predicate,4,0,0
33635,constant,,wd:P1740,del_predicate,4,0,0
31014,constant,,wd:P1748,del_predicate,4,0,0
32625,constant,,wd:P1749,del_predicate,4,0,0
35227,constant,,wd:P175,del_predicate,4,0,0
36006,constant,,wd:P1753,del_predicate,4,0,0
30750,constant,,wd:P1754,del_predicate,4,0,0
32017,constant,,wd:P176,del_predicate,4,0,0
35095,constant,,wd:P1762,del_predicate,4,0,0
36995,constant,,wd:P177,del_predicate,4,0,0
34027,constant,,wd:P179,del_predicate,4,0,0
35181,constant,,wd:P1792,del_predicate,4,0,0
30213,constant,,wd:P18,del_predicate,4,0,0
37279,constant,,wd:P180,del_predicate,4,0,0
36436,constant,,wd:P183,del_predicate,4,0,0
34292,constant,,wd:P1838,del_predicate,4,0,0
33536,constant,,wd:P184,del_predicate,4,0,0
35148,constant,,wd:P1848,del_predicate,4,0,0
34086,constant,,wd:P185,del_predicate,4,0,0
32414,constant,,wd:P1855,del_predicate,4,0,0
35452,constant,,wd:P186,del_predicate,4,0,0
36350,constant,,wd:P1875,del_predicate,4,0,0
38682,constant,,wd:P1889,del_predicate,4,0,0
48517,constant,,wd:P189,del_predicate,4,0,0
34820,constant,,wd:P1891,del_predicate,4,0,0
30111,constant,,wd:P19,del_predicate,4,0,0
35562,constant,,wd:P190,del_predicate,4,0,0
30836,constant,,wd:P1923,del_predicate,4,0,0
34398,constant,,wd:P194,del_predicate,4,0,0
36455,constant,,wd:P1946,del_predicate,4,0,0
31909,constant,,wd:P195,del_predicate,4,0,0
33257,constant,,wd:P196,del_predicate,4,0,0
33875,constant,,wd:P1960,del_predicate,4,0,0
33222,constant,,wd:P1969,del_predicate,4,0,0
32018,constant,,wd:P197,del_predicate,4,0,0
33259,constant,,wd:P1970,del_predicate,4,0,0
35666,constant,,wd:P1981,del_predicate,4,0,0
30219,constant,,wd:P1984,del_predicate,4,0,0
32303,constant,,wd:P1999,del_predicate,4,0,0
30419,constant,,wd:P20,del_predicate,4,0,0
37805,constant,,wd:P2006,del_predicate,4,0,0
33949,constant,,wd:P2009,del_predicate,4,0,0
37012,constant,,wd:P201,del_predicate,4,0,0
35068,constant,,wd:P2013,del_predicate,4,0,0
31098,constant,,wd:P2019,del_predicate,4,0,0
30233,constant,,wd:P2025,del_predicate,4,0,0
45045,constant,,wd:P2026,del_predicate,4,0,0
31139,constant,,wd:P2033,del_predicate,4,0,0
39740,constant,,wd:P2038,del_predicate,4,0,0
32006,constant,,wd:P2043,del_predicate,4,0,0
35437,constant,,wd:P2046,del_predicate,4,0,0
32008,constant,,wd:P2048,del_predicate,4,0,0
37937,constant,,wd:P2053,del_predicate,4,0,0
38346,constant,,wd:P206,del_predicate,4,0,0
29852,constant,,wd:P21,del_predicate,4,0,0
32183,constant,,wd:P2100,del_predicate,4,0,0
30175,constant,,wd:P2108,del_predicate,4,0,0
31209,constant,,wd:P212,del_predicate,4,0,0
34787,constant,,wd:P213,del_predicate,4,0,0
36262,constant,,wd:P214,del_predicate,4,0,0
39106,constant,,wd:P2153,del_predicate,4,0,0
31189,constant,,wd:P2168,del_predicate,4,0,0
33153,constant,,wd:P219,del_predicate,4,0,0
30963,constant,,wd:P2193,del_predicate,4,0,0
29865,constant,,wd:P22,del_predicate,4,0,0
34907,constant,,wd:P220,del_predicate,4,0,0
31955,constant,,wd:P2243,del_predicate,4,0,0
33014,constant,,wd:P2244,del_predicate,4,0,0
29963,constant,,wd:P225,del_predicate,4,0,0
32630,constant,,wd:P2267,del_predicate,4,0,0
31921,constant,,wd:P227,del_predicate,4,0,0
33196,constant,,wd:P2283,del_predicate,4,0,0
30166,constant,,wd:P2328,del_predicate,4,0,0
31192,constant,,wd:P2334,del_predicate,4,0,0
33978,constant,,wd:P234,del_predicate,4,0,0
30824,constant,,wd:P2346,del_predicate,4,0,0
34020,constant,,wd:P2348,del_predicate,4,0,0
32836,constant,,wd:P2354,del_predicate,4,0,0
36249,constant,,wd:P2359,del_predicate,4,0,0
33612,constant,,wd:P236,del_predicate,4,0,0
30357,constant,,wd:P2369,del_predicate,4,0,0
33260,constant,,wd:P2375,del_predicate,4,0,0
35007,constant,,wd:P2387,del_predicate,4,0,0
34105,constant,,wd:P2388,del_predicate,4,0,0
39098,constant,,wd:P2389,del_predicate,4,0,0
32332,constant,,wd:P239,del_predicate,4,0,0
30451,constant,,wd:P242,del_predicate,4,0,0
30055,constant,,wd:P2435,del_predicate,4,0,0
31567,constant,,wd:P244,del_predicate,4,0,0
31289,constant,,wd:P2447,del_predicate,4,0,0
30247,constant,,wd:P2465,del_predicate,4,0,0
32674,constant,,wd:P2473,del_predicate,4,0,0
37985,constant,,wd:P2499,del_predicate,4,0,0
31212,constant,,wd:P25,del_predicate,4,0,0
36581,constant,,wd:P2500,del_predicate,4,0,0
36996,constant,,wd:P2505,del_predicate,4,0,0
34486,constant,,wd:P2508,del_predicate,4,0,0
36288,constant,,wd:P2517,del_predicate,4,0,0
35523,constant,,wd:P2518,del_predicate,4,0,0
33627,constant,,wd:P2519,del_predicate,4,0,0
31073,constant,,wd:P2529,del_predicate,4,0,0
49247,constant,,wd:P2541,del_predicate,4,0,0
44593,constant,,wd:P2568,del_predicate,4,0,0
35560,constant,,wd:P2578,del_predicate,4,0,0
39134,constant,,wd:P2579,del_predicate,4,0,0
31031,constant,,wd:P2580,del_predicate,4,0,0
29941,constant,,wd:P26,del_predicate,4,0,0
31191,constant,,wd:P2603,del_predicate,4,0,0
34505,constant,,wd:P2604,del_predicate,4,0,0
37553,constant,,wd:P2605,del_predicate,4,0,0
39852,constant,,wd:P2620,del_predicate,4,0,0
30848,constant,,wd:P2626,del_predicate,4,0,0
34721,constant,,wd:P2636,del_predicate,4,0,0
37992,constant,,wd:P2639,del_predicate,4,0,0
31070,constant,,wd:P264,del_predicate,4,0,0
43207,constant,,wd:P2648,del_predicate,4,0,0
36976,constant,,wd:P2673,del_predicate,4,0,0
36975,constant,,wd:P2674,del_predicate,4,0,0
42754,constant,,wd:P268,del_predicate,4,0,0
38603,constant,,wd:P2682,del_predicate,4,0,0
39899,constant,,wd:P269,del_predicate,4,0,0
31943,constant,,wd:P27,del_predicate,4,0,0
32541,constant,,wd:P2704,del_predicate,4,0,0
34076,constant,,wd:P271,del_predicate,4,0,0
37155,constant,,wd:P2732,del_predicate,4,0,0
37914,constant,,wd:P2743,del_predicate,4,0,0
34126,constant,,wd:P275,del_predicate,4,0,0
33208,constant,,wd:P2755,del_predicate,4,0,0
29768,constant,,wd:P276,del_predicate,4,0,0
35031,constant,,wd:P2762,del_predicate,4,0,0
30183,constant,,wd:P2767,del_predicate,4,0,0
31679,constant,,wd:P2776,del_predicate,4,0,0
29803,constant,,wd:P279,del_predicate,4,0,0
34240,constant,,wd:P281,del_predicate,4,0,0
30006,constant,,wd:P282,del_predicate,4,0,0
32432,constant,,wd:P2850,del_predicate,4,0,0
32009,constant,,wd:P2868,del_predicate,4,0,0
35413,constant,,wd:P2889,del_predicate,4,0,0
34725,constant,,wd:P289,del_predicate,4,0,0
49796,constant,,wd:P2896,del_predicate,4,0,0
31638,constant,,wd:P291,del_predicate,4,0,0
34054,constant,,wd:P2923,del_predicate,4,0,0
34962,constant,,wd:P2927,del_predicate,4,0,0
32558,constant,,wd:P2959,del_predicate,4,0,0
30075,constant,,wd:P297,del_predicate,4,0,0
37054,constant,,wd:P2978,del_predicate,4,0,0
33654,constant,,wd:P298,del_predicate,4,0,0
38531,constant,,wd:P2980,del_predicate,4,0,0
30076,constant,,wd:P30,del_predicate,4,0,0
33681,constant,,wd:P301,del_predicate,4,0,0
34468,constant,,wd:P304,del_predicate,4,0,0
34941,constant,,wd:P305,del_predicate,4,0,0
30353,constant,,wd:P3056,del_predicate,4,0,0
31990,constant,,wd:P306,del_predicate,4,0,0
37316,constant,,wd:P3095,del_predicate,4,0,0
29762,constant,,wd:P31,del_predicate,4,0,0
31352,constant,,wd:P3133,del_predicate,4,0,0
29751,constant,,wd:P3136,del_predicate,4,0,0
30993,constant,,wd:P3143,del_predicate,4,0,0
43807,constant,,wd:P3144,del_predicate,4,0,0
33126,constant,,wd:P3145,del_predicate,4,0,0
32577,constant,,wd:P3152,del_predicate,4,0,0
37095,constant,,wd:P3190,del_predicate,4,0,0
38732,constant,,wd:P3204,del_predicate,4,0,0
30186,constant,,wd:P3212,del_predicate,4,0,0
35343,constant,,wd:P3220,del_predicate,4,0,0
34873,constant,,wd:P3250,del_predicate,4,0,0
32534,constant,,wd:P3259,del_predicate,4,0,0
45118,constant,,wd:P3261,del_predicate,4,0,0
40071,constant,,wd:P3262,del_predicate,4,0,0
32975,constant,,wd:P3373,del_predicate,4,0,0
38362,constant,,wd:P3432,del_predicate,4,0,0
34079,constant,,wd:P3448,del_predicate,4,0,0
32189,constant,,wd:P345,del_predicate,4,0,0
30638,constant,,wd:P3450,del_predicate,4,0,0
37014,constant,,wd:P347,del_predicate,4,0,0
35889,constant,,wd:P3473,del_predicate,4,0,0
32055,constant,,wd:P348,del_predicate,4,0,0
32871,constant,,wd:P349,del_predicate,4,0,0
30096,constant,,wd:P3515,del_predicate,4,0,0
35169,constant,,wd:P3537,del_predicate,4,0,0
43171,constant,,wd:P355,del_predicate,4,0,0
37536,constant,,wd:P356,del_predicate,4,0,0
42849,constant,,wd:P3563,del_predicate,4,0,0
36665,constant,,wd:P36,del_predicate,4,0,0
30842,constant,,wd:P360,del_predicate,4,0,0
30094,constant,,wd:P361,del_predicate,4,0,0
32827,constant,,wd:P364,del_predicate,4,0,0
35478,constant,,wd:P366,del_predicate,4,0,0
32554,constant,,wd:P3695,del_predicate,4,0,0
36700,constant,,wd:P3713,del_predicate,4,0,0
30235,constant,,wd:P373,del_predicate,4,0,0
32437,constant,,wd:P3730,del_predicate,4,0,0
42732,constant,,wd:P3749,del_predicate,4,0,0
30856,constant,,wd:P375,del_predicate,4,0,0
39327,constant,,wd:P376,del_predicate,4,0,0
31476,constant,,wd:P377,del_predicate,4,0,0
33944,constant,,wd:P3780,del_predicate,4,0,0
31202,constant,,wd:P3786,del_predicate,4,0,0
39063,constant,,wd:P3808,del_predicate,4,0,0
36409,constant,,wd:P3821,del_predicate,4,0,0
36270,constant,,wd:P3837,del_predicate,4,0,0
39870,constant,,wd:P3857,del_predicate,4,0,0
32697,constant,,wd:P3862,del_predicate,4,0,0
30332,constant,,wd:P39,del_predicate,4,0,0
29743,constant,,wd:P397,del_predicate,4,0,0
34606,constant,,wd:P398,del_predicate,4,0,0
45674,constant,,wd:P3982,del_predicate,4,0,0
30991,constant,,wd:P40,del_predicate,4,0,0
30135,constant,,wd:P400,del_predicate,4,0,0
36677,constant,,wd:P402,del_predicate,4,0,0
30482,constant,,wd:P403,del_predicate,4,0,0
30295,constant,,wd:P404,del_predicate,4,0,0
29760,constant,,wd:P407,del_predicate,4,0,0
31666,constant,,wd:P4086,del_predicate,4,0,0
36112,constant,,wd:P409,del_predicate,4,0,0
35102,constant,,wd:P4093,del_predicate,4,0,0
31130,constant,,wd:P41,del_predicate,4,0,0
30250,constant,,wd:P411,del_predicate,4,0,0
35913,constant,,wd:P4112,del_predicate,4,0,0
35749,constant,,wd:P413,del_predicate,4,0,0
39752,constant,,wd:P4147,del_predicate,4,0,0
40187,constant,,wd:P4193,del_predicate,4,0,0
31152,constant,,wd:P421,del_predicate,4,0,0
30421,constant,,wd:P4224,del_predicate,4,0,0
47545,constant,,wd:P4229,del_predicate,4,0,0
30038,constant,,wd:P423,del_predicate,4,0,0
34659,constant,,wd:P4247,del_predicate,4,0,0
31892,constant,,wd:P428,del_predicate,4,0,0
34512,constant,,wd:P4285,del_predicate,4,0,0
30820,constant,,wd:P434,del_predicate,4,0,0
30794,constant,,wd:P436,del_predicate,4,0,0
32488,constant,,wd:P437,del_predicate,4,0,0
31353,constant,,wd:P4434,del_predicate,4,0,0
34584,constant,,wd:P451,del_predicate,4,0,0
45399,constant,,wd:P4511,del_predicate,4,0,0
42658,constant,,wd:P452,del_predicate,4,0,0
33432,constant,,wd:P455,del_predicate,4,0,0
30444,constant,,wd:P4561,del_predicate,4,0,0
36385,constant,,wd:P4568,del_predicate,4,0,0
35590,constant,,wd:P460,del_predicate,4,0,0
31188,constant,,wd:P461,del_predicate,4,0,0
31198,constant,,wd:P4614,del_predicate,4,0,0
30216,constant,,wd:P463,del_predicate,4,0,0
30040,constant,,wd:P466,del_predicate,4,0,0
33008,constant,,wd:P4663,del_predicate,4,0,0
34596,constant,,wd:P4665,del_predicate,4,0,0
45548,constant,,wd:P4688,del_predicate,4,0,0
33542,constant,,wd:P47,del_predicate,4,0,0
30734,constant,,wd:P4710,del_predicate,4,0,0
36012,constant,,wd:P473,del_predicate,4,0,0
33145,constant,,wd:P477,del_predicate,4,0,0
34903,constant,,wd:P480,del_predicate,4,0,0
43712,constant,,wd:P4807,del_predicate,4,0,0
32737,constant,,wd:P4904,del_predicate,4,0,0
31002,constant,,wd:P4908,del_predicate,4,0,0
38649,constant,,wd:P4913,del_predicate,4,0,0
33289,constant,,wd:P495,del_predicate,4,0,0
33973,constant,,wd:P50,del_predicate,4,0,0
31035,constant,,wd:P5008,del_predicate,4,0,0
38673,constant,,wd:P5025,del_predicate,4,0,0
42834,constant,,wd:P5033,del_predicate,4,0,0
30286,constant,,wd:P5087,del_predicate,4,0,0
33295,constant,,wd:P5125,del_predicate,4,0,0
32568,constant,,wd:P5130,del_predicate,4,0,0
35511,constant,,wd:P5133,del_predicate,4,0,0
35740,constant,,wd:P5138,del_predicate,4,0,0
30340,constant,,wd:P517,del_predicate,4,0,0
35108,constant,,wd:P5236,del_predicate,4,0,0
32000,constant,,wd:P527,del_predicate,4,0,0
34908,constant,,wd:P53,del_predicate,4,0,0
39812,constant,,wd:P5324,del_predicate,4,0,0
33336,constant,,wd:P54,del_predicate,4,0,0
43490,constant,,wd:P549,del_predicate,4,0,0
36202,constant,,wd:P551,del_predicate,4,0,0
38155,constant,,wd:P556,del_predicate,4,0,0
30620,constant,,wd:P562,del_predicate,4,0,0
37418,constant,,wd:P566,del_predicate,4,0,0
44682,constant,,wd:P567,del_predicate,4,0,0
44683,constant,,wd:P568,del_predicate,4,0,0
30067,constant,,wd:P569,del_predicate,4,0,0
30303,constant,,wd:P57,del_predicate,4,0,0
30131,constant,,wd:P570,del_predicate,4,0,0
29991,constant,,wd:P571,del_predicate,4,0,0
32388,constant,,wd:P576,del_predicate,4,0,0
32489,constant,,wd:P577,del_predicate,4,0,0
42947,constant,,wd:P579,del_predicate,4,0,0
36462,constant,,wd:P58,del_predicate,4,0,0
30015,constant,,wd:P580,del_predicate,4,0,0
35128,constant,,wd:P586,del_predicate,4,0,0
34842,constant,,wd:P590,del_predicate,4,0,0
34913,constant,,wd:P599,del_predicate,4,0,0
44942,constant,,wd:P619,del_predicate,4,0,0
36430,constant,,wd:P620,del_predicate,4,0,0
30078,constant,,wd:P625,del_predicate,4,0,0
32899,constant,,wd:P627,del_predicate,4,0,0
44555,constant,,wd:P629,del_predicate,4,0,0
30860,constant,,wd:P641,del_predicate,4,0,0
35544,constant,,wd:P646,del_predicate,4,0,0
36707,constant,,wd:P648,del_predicate,4,0,0
35146,constant,,wd:P651,del_predicate,4,0,0
31183,constant,,wd:P652,del_predicate,4,0,0
33486,constant,,wd:P658,del_predicate,4,0,0
39566,constant,,wd:P664,del_predicate,4,0,0
35498,constant,,wd:P669,del_predicate,4,0,0
42801,constant,,wd:P688,del_predicate,4,0,0
37252,constant,,wd:P69,del_predicate,4,0,0
32843,constant,,wd:P702,del_predicate,4,0,0
31386,constant,,wd:P703,del_predicate,4,0,0
37565,constant,,wd:P706,del_predicate,4,0,0
36021,constant,,wd:P708,del_predicate,4,0,0
35098,constant,,wd:P712,del_predicate,4,0,0
31536,constant,,wd:P713,del_predicate,4,0,0
33469,constant,,wd:P724,del_predicate,4,0,0
40132,constant,,wd:P725,del_predicate,4,0,0
39564,constant,,wd:P729,del_predicate,4,0,0
33538,constant,,wd:P734,del_predicate,4,0,0
30260,constant,,wd:P735,del_predicate,4,0,0
30355,constant,,wd:P741,del_predicate,4,0,0
33127,constant,,wd:P747,del_predicate,4,0,0
38089,constant,,wd:P749,del_predicate,4,0,0
32455,constant,,wd:P775,del_predicate,4,0,0
33408,constant,,wd:P780,del_predicate,4,0,0
30102,constant,,wd:P784,del_predicate,4,0,0
32828,constant,,wd:P785,del_predicate,4,0,0
30712,constant,,wd:P786,del_predicate,4,0,0
33495,constant,,wd:P787,del_predicate,4,0,0
38660,constant,,wd:P788,del_predicate,4,0,0
30101,constant,,wd:P789,del_predicate,4,0,0
32902,constant,,wd:P793,del_predicate,4,0,0
35920,constant,,wd:P800,del_predicate,4,0,0
30090,constant,,wd:P802,del_predicate,4,0,0
34841,constant,,wd:P804,del_predicate,4,0,0
30018,constant,,wd:P805,del_predicate,4,0,0
34758,constant,,wd:P806,del_predicate,4,0,0
32438,constant,,wd:P809,del_predicate,4,0,0
34999,constant,,wd:P81,del_predicate,4,0,0
30292,constant,,wd:P814,del_predicate,4,0,0
43835,constant,,wd:P815,del_predicate,4,0,0
33539,constant,,wd:P828,del_predicate,4,0,0
30825,constant,,wd:P830,del_predicate,4,0,0
30828,constant,,wd:P856,del_predicate,4,0,0
38066,constant,,wd:P858,del_predicate,4,0,0
43563,constant,,wd:P885,del_predicate,4,0,0
36216,constant,,wd:P894,del_predicate,4,0,0
34861,constant,,wd:P901,del_predicate,4,0,0
34572,constant,,wd:P902,del_predicate,4,0,0
33451,constant,,wd:P905,del_predicate,4,0,0
37005,constant,,wd:P906,del_predicate,4,0,0
30780,constant,,wd:P910,del_predicate,4,0,0
34133,constant,,wd:P921,del_predicate,4,0,0
31313,constant,,wd:P937,del_predicate,4,0,0
32684,constant,,wd:P94,del_predicate,4,0,0
30966,constant,,wd:P949,del_predicate,4,0,0
34673,constant,,wd:P950,del_predicate,4,0,0
37416,constant,,wd:P957,del_predicate,4,0,0
31141,constant,,wd:P971,del_predicate,4,0,0
43359,constant,,wd:P974,del_predicate,4,0,0
74195,role,subject,,del_predicate,4,3,3
74214,role,predicate,,del_predicate,4,443749,452960
74196,role,other_predicate,,del_predicate,4,61167,61634
0,none,NONE,,del_predicate,4,349492,411130
,unrepresentable_summary_not_a_V1_class,,,del_predicate,4,0,0
89201,constant,,iri:https://www.mos.ru/,del_object,5,0,0
74625,constant,,"lit:""0""^^<http://www.w3.org/2001/XMLSchema#decimal>",del_object,5,0,0
77355,constant,,"lit:""0100-01-01T00:00:00Z""^^<http://www.w3.org/2001/XMLSchema#dateTime>",del_object,5,0,0
79172,constant,,"lit:""0800-00-00T00:00:00Z""^^<http://www.w3.org/2001/XMLSchema#dateTime>",del_object,5,0,0
74250,constant,,"lit:""1""^^<http://www.w3.org/2001/XMLSchema#decimal>",del_object,5,0,0
93263,constant,,"lit:""1.1.1.-""",del_object,5,0,0
91459,constant,,"lit:""1.3.1.-""",del_object,5,0,0
76313,constant,,"lit:""10""^^<http://www.w3.org/2001/XMLSchema#decimal>",del_object,5,0,0
75498,constant,,"lit:""100""^^<http://www.w3.org/2001/XMLSchema#decimal>",del_object,5,0,0
93609,constant,,"lit:""100.000.767""",del_object,5,0,0
93505,constant,,"lit:""100.010.656""",del_object,5,0,0
92677,constant,,"lit:""100.011.482""",del_object,5,0,0
92113,constant,,"lit:""100.058.440""",del_object,5,0,0
76489,constant,,"lit:""101""^^<http://www.w3.org/2001/XMLSchema#decimal>",del_object,5,0,0
75311,constant,,"lit:""102""^^<http://www.w3.org/2001/XMLSchema#decimal>",del_object,5,0,0
76782,constant,,"lit:""108""^^<http://www.w3.org/2001/XMLSchema#decimal>",del_object,5,0,0
75438,constant,,"lit:""11""^^<http://www.w3.org/2001/XMLSchema#decimal>",del_object,5,0,0
77050,constant,,"lit:""110""^^<http://www.w3.org/2001/XMLSchema#decimal>",del_object,5,0,0
76278,constant,,"lit:""111""^^<http://www.w3.org/2001/XMLSchema#decimal>",del_object,5,0,0
77214,constant,,"lit:""114""^^<http://www.w3.org/2001/XMLSchema#decimal>",del_object,5,0,0
75018,constant,,"lit:""115""^^<http://www.w3.org/2001/XMLSchema#decimal>",del_object,5,0,0
79985,constant,,"lit:""116""^^<http://www.w3.org/2001/XMLSchema#decimal>",del_object,5,0,0
75775,constant,,"lit:""117""^^<http://www.w3.org/2001/XMLSchema#decimal>",del_object,5,0,0
76563,constant,,"lit:""12""^^<http://www.w3.org/2001/XMLSchema#decimal>",del_object,5,0,0
75054,constant,,"lit:""120""^^<http://www.w3.org/2001/XMLSchema#decimal>",del_object,5,0,0
87500,constant,,"lit:""1200-01-01T00:00:00Z""^^<http://www.w3.org/2001/XMLSchema#dateTime>",del_object,5,0,0
81605,constant,,"lit:""124""^^<http://www.w3.org/2001/XMLSchema#decimal>",del_object,5,0,0
82964,constant,,"lit:""126""^^<http://www.w3.org/2001/XMLSchema#decimal>",del_object,5,0,0
74486,constant,,"lit:""127""^^<http://www.w3.org/2001/XMLSchema#decimal>",del_object,5,0,0
74627,constant,,"lit:""13""^^<http://www.w3.org/2001/XMLSchema#decimal>",del_object,5,0,0
76457,constant,,"lit:""130""^^<http://www.w3.org/2001/XMLSchema#decimal>",del_object,5,0,0
78145,constant,,"lit:""131""^^<http://www.w3.org/2001/XMLSchema#decimal>",del_object,5,0,0
79403,constant,,"lit:""134""^^<http://www.w3.org/2001/XMLSchema#decimal>",del_object,5,0,0
81297,constant,,"lit:""135""^^<http://www.w3.org/2001/XMLSchema#decimal>",del_object,5,0,0
76780,constant,,"lit:""138""^^<http://www.w3.org/2001/XMLSchema#decimal>",del_object,5,0,0
75256,constant,,"lit:""139""^^<http://www.w3.org/2001/XMLSchema#decimal>",del_object,5,0,0
77755,constant,,"lit:""14""^^<http://www.w3.org/2001/XMLSchema#decimal>",del_object,5,0,0
75260,constant,,"lit:""145""^^<http://www.w3.org/2001/XMLSchema#decimal>",del_object,5,0,0
77550,constant,,"lit:""15""^^<http://www.w3.org/2001/XMLSchema#decimal>",del_object,5,0,0
81308,constant,,"lit:""150""^^<http://www.w3.org/2001/XMLSchema#decimal>",del_object,5,0,0
80689,constant,,"lit:""1500-00-00T00:00:00Z""^^<http://www.w3.org/2001/XMLSchema#dateTime>",del_object,5,0,0
81868,constant,,"lit:""1500-01-01T00:00:00Z""^^<http://www.w3.org/2001/XMLSchema#dateTime>",del_object,5,0,0
80800,constant,,"lit:""155""^^<http://www.w3.org/2001/XMLSchema#decimal>",del_object,5,0,0
74692,constant,,"lit:""16""^^<http://www.w3.org/2001/XMLSchema#decimal>",del_object,5,0,0
84321,constant,,"lit:""1600-00-00T00:00:00Z""^^<http://www.w3.org/2001/XMLSchema#dateTime>",del_object,5,0,0
76270,constant,,"lit:""162""^^<http://www.w3.org/2001/XMLSchema#decimal>",del_object,5,0,0
86309,constant,,"lit:""1620-01-01T00:00:00Z""^^<http://www.w3.org/2001/XMLSchema#dateTime>",del_object,5,0,0
84559,constant,,"lit:""1626-01-01T00:00:00Z""^^<http://www.w3.org/2001/XMLSchema#dateTime>",del_object,5,0,0
87903,constant,,"lit:""1650-01-01T00:00:00Z""^^<http://www.w3.org/2001/XMLSchema#dateTime>",del_object,5,0,0
74505,constant,,"lit:""167""^^<http://www.w3.org/2001/XMLSchema#decimal>",del_object,5,0,0
83455,constant,,"lit:""17""",del_object,5,0,0
76506,constant,,"lit:""17""^^<http://www.w3.org/2001/XMLSchema#decimal>",del_object,5,0,0
76289,constant,,"lit:""170""^^<http://www.w3.org/2001/XMLSchema#decimal>",del_object,5,0,0
84417,constant,,"lit:""1700-00-00T00:00:00Z""^^<http://www.w3.org/2001/XMLSchema#dateTime>",del_object,5,0,0
76492,constant,,"lit:""174""^^<http://www.w3.org/2001/XMLSchema#decimal>",del_object,5,0,0
88873,constant,,"lit:""1750-01-01T00:00:00Z""^^<http://www.w3.org/2001/XMLSchema#dateTime>",del_object,5,0,0
84035,constant,,"lit:""1754-01-01T00:00:00Z""^^<http://www.w3.org/2001/XMLSchema#dateTime>",del_object,5,0,0
79646,constant,,"lit:""176""^^<http://www.w3.org/2001/XMLSchema#decimal>",del_object,5,0,0
84991,constant,,"lit:""1761-01-01T00:00:00Z""^^<http://www.w3.org/2001/XMLSchema#dateTime>",del_object,5,0,0
79438,constant,,"lit:""1763""",del_object,5,0,0
83843,constant,,"lit:""1763-01-01T00:00:00Z""^^<http://www.w3.org/2001/XMLSchema#dateTime>",del_object,5,0,0
77485,constant,,"lit:""1766-01-01T00:00:00Z""^^<http://www.w3.org/2001/XMLSchema#dateTime>",del_object,5,0,0
85825,constant,,"lit:""1769-01-01T00:00:00Z""^^<http://www.w3.org/2001/XMLSchema#dateTime>",del_object,5,0,0
75405,constant,,"lit:""177""^^<http://www.w3.org/2001/XMLSchema#decimal>",del_object,5,0,0
85922,constant,,"lit:""1770-01-01T00:00:00Z""^^<http://www.w3.org/2001/XMLSchema#dateTime>",del_object,5,0,0
81890,constant,,"lit:""1777-01-01T00:00:00Z""^^<http://www.w3.org/2001/XMLSchema#dateTime>",del_object,5,0,0
82123,constant,,"lit:""1780-01-01T00:00:00Z""^^<http://www.w3.org/2001/XMLSchema#dateTime>",del_object,5,0,0
85585,constant,,"lit:""1785-01-01T00:00:00Z""^^<http://www.w3.org/2001/XMLSchema#dateTime>",del_object,5,0,0
83863,constant,,"lit:""1789-01-01T00:00:00Z""^^<http://www.w3.org/2001/XMLSchema#dateTime>",del_object,5,0,0
87248,constant,,"lit:""1790-01-01T00:00:00Z""^^<http://www.w3.org/2001/XMLSchema#dateTime>",del_object,5,0,0
86017,constant,,"lit:""1793-01-01T00:00:00Z""^^<http://www.w3.org/2001/XMLSchema#dateTime>",del_object,5,0,0
85133,constant,,"lit:""1795-01-01T00:00:00Z""^^<http://www.w3.org/2001/XMLSchema#dateTime>",del_object,5,0,0
88726,constant,,"lit:""1797-01-01T00:00:00Z""^^<http://www.w3.org/2001/XMLSchema#dateTime>",del_object,5,0,0
74621,constant,,"lit:""18""^^<http://www.w3.org/2001/XMLSchema#decimal>",del_object,5,0,0
75758,constant,,"lit:""180""^^<http://www.w3.org/2001/XMLSchema#decimal>",del_object,5,0,0
84639,constant,,"lit:""1800-01-01T00:00:00Z""^^<http://www.w3.org/2001/XMLSchema#dateTime>",del_object,5,0,0
79151,constant,,"lit:""1802-01-01T00:00:00Z""^^<http://www.w3.org/2001/XMLSchema#dateTime>",del_object,5,0,0
83842,constant,,"lit:""1805-01-01T00:00:00Z""^^<http://www.w3.org/2001/XMLSchema#dateTime>",del_object,5,0,0
86871,constant,,"lit:""1806-01-01T00:00:00Z""^^<http://www.w3.org/2001/XMLSchema#dateTime>",del_object,5,0,0
77655,constant,,"lit:""1809-01-01T00:00:00Z""^^<http://www.w3.org/2001/XMLSchema#dateTime>",del_object,5,0,0
82892,constant,,"lit:""1810-01-01T00:00:00Z""^^<http://www.w3.org/2001/XMLSchema#dateTime>",del_object,5,0,0
85153,constant,,"lit:""1813-01-01T00:00:00Z""^^<http://www.w3.org/2001/XMLSchema#dateTime>",del_object,5,0,0
76467,constant,,"lit:""1814-01-01T00:00:00Z""^^<http://www.w3.org/2001/XMLSchema#dateTime>",del_object,5,0,0
84602,constant,,"lit:""1815-01-01T00:00:00Z""^^<http://www.w3.org/2001/XMLSchema#dateTime>",del_object,5,0,0
81682,constant,,"lit:""1816-01-01T00:00:00Z""^^<http://www.w3.org/2001/XMLSchema#dateTime>",del_object,5,0,0
76963,constant,,"lit:""1819-01-01T00:00:00Z""^^<http://www.w3.org/2001/XMLSchema#dateTime>",del_object,5,0,0
78914,constant,,"lit:""182""^^<http://www.w3.org/2001/XMLSchema#decimal>",del_object,5,0,0
78521,constant,,"lit:""1821-01-01T00:00:00Z""^^<http://www.w3.org/2001/XMLSchema#dateTime>",del_object,5,0,0
82798,constant,,"lit:""1822-01-01T00:00:00Z""^^<http://www.w3.org/2001/XMLSchema#dateTime>",del_object,5,0,0
79425,constant,,"lit:""1824-01-01T00:00:00Z""^^<http://www.w3.org/2001/XMLSchema#dateTime>",del_object,5,0,0
84621,constant,,"lit:""1825-01-01T00:00:00Z""^^<http://www.w3.org/2001/XMLSchema#dateTime>",del_object,5,0,0
85573,constant,,"lit:""1826-01-01T00:00:00Z""^^<http://www.w3.org/2001/XMLSchema#dateTime>",del_object,5,0,0
80966,constant,,"lit:""1830-00-00T00:00:00Z""^^<http://www.w3.org/2001/XMLSchema#dateTime>",del_object,5,0,0
78786,constant,,"lit:""1831-01-01T00:00:00Z""^^<http://www.w3.org/2001/XMLSchema#dateTime>",del_object,5,0,0
82336,constant,,"lit:""1832-01-01T00:00:00Z""^^<http://www.w3.org/2001/XMLSchema#dateTime>",del_object,5,0,0
82969,constant,,"lit:""1836-01-01T00:00:00Z""^^<http://www.w3.org/2001/XMLSchema#dateTime>",del_object,5,0,0
79430,constant,,"lit:""1837-01-01T00:00:00Z""^^<http://www.w3.org/2001/XMLSchema#dateTime>",del_object,5,0,0
82690,constant,,"lit:""1840-00-00T00:00:00Z""^^<http://www.w3.org/2001/XMLSchema#dateTime>",del_object,5,0,0
80049,constant,,"lit:""1840-01-01T00:00:00Z""^^<http://www.w3.org/2001/XMLSchema#dateTime>",del_object,5,0,0
84605,constant,,"lit:""1841-01-01T00:00:00Z""^^<http://www.w3.org/2001/XMLSchema#dateTime>",del_object,5,0,0
74720,constant,,"lit:""1842-01-01T00:00:00Z""^^<http://www.w3.org/2001/XMLSchema#dateTime>",del_object,5,0,0
85117,constant,,"lit:""1845-00-00T00:00:00Z""^^<http://www.w3.org/2001/XMLSchema#dateTime>",del_object,5,0,0
82615,constant,,"lit:""1845-01-01T00:00:00Z""^^<http://www.w3.org/2001/XMLSchema#dateTime>",del_object,5,0,0
85752,constant,,"lit:""1846-00-00T00:00:00Z""^^<http://www.w3.org/2001/XMLSchema#dateTime>",del_object,5,0,0
84433,constant,,"lit:""1847-01-01T00:00:00Z""^^<http://www.w3.org/2001/XMLSchema#dateTime>",del_object,5,0,0
87312,constant,,"lit:""1849-00-00T00:00:00Z""^^<http://www.w3.org/2001/XMLSchema#dateTime>",del_object,5,0,0
80746,constant,,"lit:""1849-01-01T00:00:00Z""^^<http://www.w3.org/2001/XMLSchema#dateTime>",del_object,5,0,0
84301,constant,,"lit:""1850-00-00T00:00:00Z""^^<http://www.w3.org/2001/XMLSchema#dateTime>",del_object,5,0,0
80112,constant,,"lit:""1850-01-01T00:00:00Z""^^<http://www.w3.org/2001/XMLSchema#dateTime>",del_object,5,0,0
85376,constant,,"lit:""1851-00-00T00:00:00Z""^^<http://www.w3.org/2001/XMLSchema#dateTime>",del_object,5,0,0
78547,constant,,"lit:""1853-01-01T00:00:00Z""^^<http://www.w3.org/2001/XMLSchema#dateTime>",del_object,5,0,0
76863,constant,,"lit:""1854-00-00T00:00:00Z""^^<http://www.w3.org/2001/XMLSchema#dateTime>",del_object,5,0,0
75411,constant,,"lit:""1854-01-01T00:00:00Z""^^<http://www.w3.org/2001/XMLSchema#dateTime>",del_object,5,0,0
86968,constant,,"lit:""1857-00-00T00:00:00Z""^^<http://www.w3.org/2001/XMLSchema#dateTime>",del_object,5,0,0
80762,constant,,"lit:""1857-01-01T00:00:00Z""^^<http://www.w3.org/2001/XMLSchema#dateTime>",del_object,5,0,0
74349,constant,,"lit:""1858-01-01T00:00:00Z""^^<http://www.w3.org/2001/XMLSchema#dateTime>",del_object,5,0,0
83081,constant,,"lit:""186""^^<http://www.w3.org/2001/XMLSchema#decimal>",del_object,5,0,0
79384,constant,,"lit:""1860-01-01T00:00:00Z""^^<http://www.w3.org/2001/XMLSchema#dateTime>",del_object,5,0,0
82155,constant,,"lit:""1860-01-17T00:00:00Z""^^<http://www.w3.org/2001/XMLSchema#dateTime>",del_object,5,0,0
86675,constant,,"lit:""1861-00-00T00:00:00Z""^^<http://www.w3.org/2001/XMLSchema#dateTime>",del_object,5,0,0
80181,constant,,"lit:""1861-01-01T00:00:00Z""^^<http://www.w3.org/2001/XMLSchema#dateTime>",del_object,5,0,0
77359,constant,,"lit:""1865-01-01T00:00:00Z""^^<http://www.w3.org/2001/XMLSchema#dateTime>",del_object,5,0,0
76561,constant,,"lit:""1867-01-01T00:00:00Z""^^<http://www.w3.org/2001/XMLSchema#dateTime>",del_object,5,0,0
76664,constant,,"lit:""1868-01-01T00:00:00Z""^^<http://www.w3.org/2001/XMLSchema#dateTime>",del_object,5,0,0
85361,constant,,"lit:""1870-00-00T00:00:00Z""^^<http://www.w3.org/2001/XMLSchema#dateTime>",del_object,5,0,0
75693,constant,,"lit:""1871-01-01T00:00:00Z""^^<http://www.w3.org/2001/XMLSchema#dateTime>",del_object,5,0,0
78798,constant,,"lit:""1872-00-00T00:00:00Z""^^<http://www.w3.org/2001/XMLSchema#dateTime>",del_object,5,0,0
80491,constant,,"lit:""1872-01-01T00:00:00Z""^^<http://www.w3.org/2001/XMLSchema#dateTime>",del_object,5,0,0
79388,constant,,"lit:""1873-01-01T00:00:00Z""^^<http://www.w3.org/2001/XMLSchema#dateTime>",del_object,5,0,0
82103,constant,,"lit:""1874-00-00T00:00:00Z""^^<http://www.w3.org/2001/XMLSchema#dateTime>",del_object,5,0,0
80212,constant,,"lit:""1874-01-01T00:00:00Z""^^<http://www.w3.org/2001/XMLSchema#dateTime>",del_object,5,0,0
85398,constant,,"lit:""1875-00-00T00:00:00Z""^^<http://www.w3.org/2001/XMLSchema#dateTime>",del_object,5,0,0
82897,constant,,"lit:""1875-01-01T00:00:00Z""^^<http://www.w3.org/2001/XMLSchema#dateTime>",del_object,5,0,0
83531,constant,,"lit:""1876-00-00T00:00:00Z""^^<http://www.w3.org/2001/XMLSchema#dateTime>",del_object,5,0,0
83601,constant,,"lit:""1877-00-00T00:00:00Z""^^<http://www.w3.org/2001/XMLSchema#dateTime>",del_object,5,0,0
82403,constant,,"lit:""1877-01-01T00:00:00Z""^^<http://www.w3.org/2001/XMLSchema#dateTime>",del_object,5,0,0
79108,constant,,"lit:""1880-00-00T00:00:00Z""^^<http://www.w3.org/2001/XMLSchema#dateTime>",del_object,5,0,0
78823,constant,,"lit:""1881-00-00T00:00:00Z""^^<http://www.w3.org/2001/XMLSchema#dateTime>",del_object,5,0,0
77486,constant,,"lit:""1883-01-01T00:00:00Z""^^<http://www.w3.org/2001/XMLSchema#dateTime>",del_object,5,0,0
74986,constant,,"lit:""1885-00-00T00:00:00Z""^^<http://www.w3.org/2001/XMLSchema#dateTime>",del_object,5,0,0
80157,constant,,"lit:""1886-01-01T00:00:00Z""^^<http://www.w3.org/2001/XMLSchema#dateTime>",del_object,5,0,0
76850,constant,,"lit:""1887-00-00T00:00:00Z""^^<http://www.w3.org/2001/XMLSchema#dateTime>",del_object,5,0,0
80163,constant,,"lit:""1887-01-01T00:00:00Z""^^<http://www.w3.org/2001/XMLSchema#dateTime>",del_object,5,0,0
78827,constant,,"lit:""1888-01-01T00:00:00Z""^^<http://www.w3.org/2001/XMLSchema#dateTime>",del_object,5,0,0
76888,constant,,"lit:""1889-00-00T00:00:00Z""^^<http://www.w3.org/2001/XMLSchema#dateTime>",del_object,5,0,0
79004,constant,,"lit:""1891-01-01T00:00:00Z""^^<http://www.w3.org/2001/XMLSchema#dateTime>",del_object,5,0,0
79343,constant,,"lit:""1892-00-00T00:00:00Z""^^<http://www.w3.org/2001/XMLSchema#dateTime>",del_object,5,0,0
84320,constant,,"lit:""1892-01-01T00:00:00Z""^^<http://www.w3.org/2001/XMLSchema#dateTime>",del_object,5,0,0
75402,constant,,"lit:""1893-01-01T00:00:00Z""^^<http://www.w3.org/2001/XMLSchema#dateTime>",del_object,5,0,0
76950,constant,,"lit:""1894-01-01T00:00:00Z""^^<http://www.w3.org/2001/XMLSchema#dateTime>",del_object,5,0,0
83452,constant,,"lit:""1895-01-01T00:00:00Z""^^<http://www.w3.org/2001/XMLSchema#dateTime>",del_object,5,0,0
79599,constant,,"lit:""1896-01-01T00:00:00Z""^^<http://www.w3.org/2001/XMLSchema#dateTime>",del_object,5,0,0
83442,constant,,"lit:""1897-00-00T00:00:00Z""^^<http://www.w3.org/2001/XMLSchema#dateTime>",del_object,5,0,0
75346,constant,,"lit:""1897-01-01T00:00:00Z""^^<http://www.w3.org/2001/XMLSchema#dateTime>",del_object,5,0,0
75399,constant,,"lit:""1898-01-01T00:00:00Z""^^<http://www.w3.org/2001/XMLSchema#dateTime>",del_object,5,0,0
77414,constant,,"lit:""19""^^<http://www.w3.org/2001/XMLSchema#decimal>",del_object,5,0,0
78537,constant,,"lit:""1900-01-01T00:00:00Z""^^<http://www.w3.org/2001/XMLSchema#dateTime>",del_object,5,0,0
88002,constant,,"lit:""1902-00-00T00:00:00Z""^^<http://www.w3.org/2001/XMLSchema#dateTime>",del_object,5,0,0
74784,constant,,"lit:""1902-01-01T00:00:00Z""^^<http://www.w3.org/2001/XMLSchema#dateTime>",del_object,5,0,0
82860,constant,,"lit:""1903-01-01T00:00:00Z""^^<http://www.w3.org/2001/XMLSchema#dateTime>",del_object,5,0,0
81809,constant,,"lit:""1904-01-01T00:00:00Z""^^<http://www.w3.org/2001/XMLSchema#dateTime>",del_object,5,0,0
77433,constant,,"lit:""1905-01-01T00:00:00Z""^^<http://www.w3.org/2001/XMLSchema#dateTime>",del_object,5,0,0
80187,constant,,"lit:""1906-00-00T00:00:00Z""^^<http://www.w3.org/2001/XMLSchema#dateTime>",del_object,5,0,0
78797,constant,,"lit:""1906-01-01T00:00:00Z""^^<http://www.w3.org/2001/XMLSchema#dateTime>",del_object,5,0,0
81832,constant,,"lit:""1907-00-00T00:00:00Z""^^<http://www.w3.org/2001/XMLSchema#dateTime>",del_object,5,0,0
75697,constant,,"lit:""1909-00-00T00:00:00Z""^^<http://www.w3.org/2001/XMLSchema#dateTime>",del_object,5,0,0
81582,constant,,"lit:""1909-01-01T00:00:00Z""^^<http://www.w3.org/2001/XMLSchema#dateTime>",del_object,5,0,0
85908,constant,,"lit:""191""^^<http://www.w3.org/2001/XMLSchema#decimal>",del_object,5,0,0
74238,constant,,"lit:""1910-01-01T00:00:00Z""^^<http://www.w3.org/2001/XMLSchema#dateTime>",del_object,5,0,0
74346,constant,,"lit:""1911-01-01T00:00:00Z""^^<http://www.w3.org/2001/XMLSchema#dateTime>",del_object,5,0,0
76554,constant,,"lit:""1912-01-01T00:00:00Z""^^<http://www.w3.org/2001/XMLSchema#dateTime>",del_object,5,0,0
77543,constant,,"lit:""1913-01-01T00:00:00Z""^^<http://www.w3.org/2001/XMLSchema#dateTime>",del_object,5,0,0
76271,constant,,"lit:""1914-01-01T00:00:00Z""^^<http://www.w3.org/2001/XMLSchema#dateTime>",del_object,5,0,0
83044,constant,,"lit:""1915-00-00T00:00:00Z""^^<http://www.w3.org/2001/XMLSchema#dateTime>",del_object,5,0,0
78835,constant,,"lit:""1915-01-01T00:00:00Z""^^<http://www.w3.org/2001/XMLSchema#dateTime>",del_object,5,0,0
81301,constant,,"lit:""1916-00-00T00:00:00Z""^^<http://www.w3.org/2001/XMLSchema#dateTime>",del_object,5,0,0
77009,constant,,"lit:""1917-00-00T00:00:00Z""^^<http://www.w3.org/2001/XMLSchema#dateTime>",del_object,5,0,0
78918,constant,,"lit:""1917-01-01T00:00:00Z""^^<http://www.w3.org/2001/XMLSchema#dateTime>",del_object,5,0,0
75695,constant,,"lit:""1918-00-00T00:00:00Z""^^<http://www.w3.org/2001/XMLSchema#dateTime>",del_object,5,0,0
76326,constant,,"lit:""1919-00-00T00:00:00Z""^^<http://www.w3.org/2001/XMLSchema#dateTime>",del_object,5,0,0
74950,constant,,"lit:""1919-01-01T00:00:00Z""^^<http://www.w3.org/2001/XMLSchema#dateTime>",del_object,5,0,0
77490,constant,,"lit:""1920-01-01T00:00:00Z""^^<http://www.w3.org/2001/XMLSchema#dateTime>",del_object,5,0,0
80087,constant,,"lit:""1921-00-00T00:00:00Z""^^<http://www.w3.org/2001/XMLSchema#dateTime>",del_object,5,0,0
79171,constant,,"lit:""1921-01-01T00:00:00Z""^^<http://www.w3.org/2001/XMLSchema#dateTime>",del_object,5,0,0
83354,constant,,"lit:""1922-00-00T00:00:00Z""^^<http://www.w3.org/2001/XMLSchema#dateTime>",del_object,5,0,0
79915,constant,,"lit:""1923-00-00T00:00:00Z""^^<http://www.w3.org/2001/XMLSchema#dateTime>",del_object,5,0,0
79509,constant,,"lit:""1923-01-01T00:00:00Z""^^<http://www.w3.org/2001/XMLSchema#dateTime>",del_object,5,0,0
75397,constant,,"lit:""1924-00-00T00:00:00Z""^^<http://www.w3.org/2001/XMLSchema#dateTime>",del_object,5,0,0
75571,constant,,"lit:""1924-01-01T00:00:00Z""^^<http://www.w3.org/2001/XMLSchema#dateTime>",del_object,5,0,0
76773,constant,,"lit:""1926-00-00T00:00:00Z""^^<http://www.w3.org/2001/XMLSchema#dateTime>",del_object,5,0,0
79583,constant,,"lit:""1926-01-01T00:00:00Z""^^<http://www.w3.org/2001/XMLSchema#dateTime>",del_object,5,0,0
79092,constant,,"lit:""1927-01-01T00:00:00Z""^^<http://www.w3.org/2001/XMLSchema#dateTime>",del_object,5,0,0
74310,constant,,"lit:""1928-01-01T00:00:00Z""^^<http://www.w3.org/2001/XMLSchema#dateTime>",del_object,5,0,0
78512,constant,,"lit:""1929-00-00T00:00:00Z""^^<http://www.w3.org/2001/XMLSchema#dateTime>",del_object,5,0,0
76783,constant,,"lit:""1929-01-01T00:00:00Z""^^<http://www.w3.org/2001/XMLSchema#dateTime>",del_object,5,0,0
84164,constant,,"lit:""1932-00-00T00:00:00Z""^^<http://www.w3.org/2001/XMLSchema#dateTime>",del_object,5,0,0
76952,constant,,"lit:""1933-00-00T00:00:00Z""^^<http://www.w3.org/2001/XMLSchema#dateTime>",del_object,5,0,0
76858,constant,,"lit:""1933-01-01T00:00:00Z""^^<http://www.w3.org/2001/XMLSchema#dateTime>",del_object,5,0,0
79002,constant,,"lit:""1934-00-00T00:00:00Z""^^<http://www.w3.org/2001/XMLSchema#dateTime>",del_object,5,0,0
77369,constant,,"lit:""1935-00-00T00:00:00Z""^^<http://www.w3.org/2001/XMLSchema#dateTime>",del_object,5,0,0
76560,constant,,"lit:""1935-01-01T00:00:00Z""^^<http://www.w3.org/2001/XMLSchema#dateTime>",del_object,5,0,0
77347,constant,,"lit:""1936-01-01T00:00:00Z""^^<http://www.w3.org/2001/XMLSchema#dateTime>",del_object,5,0,0
75500,constant,,"lit:""1937-01-01T00:00:00Z""^^<http://www.w3.org/2001/XMLSchema#dateTime>",del_object,5,0,0
79023,constant,,"lit:""1938-00-00T00:00:00Z""^^<http://www.w3.org/2001/XMLSchema#dateTime>",del_object,5,0,0
82681,constant,,"lit:""1938-01-01T00:00:00Z""^^<http://www.w3.org/2001/XMLSchema#dateTime>",del_object,5,0,0
76862,constant,,"lit:""1939-01-01T00:00:00Z""^^<http://www.w3.org/2001/XMLSchema#dateTime>",del_object,5,0,0
78779,constant,,"lit:""1940-00-00T00:00:00Z""^^<http://www.w3.org/2001/XMLSchema#dateTime>",del_object,5,0,0
79566,constant,,"lit:""1940-01-01T00:00:00Z""^^<http://www.w3.org/2001/XMLSchema#dateTime>",del_object,5,0,0
79456,constant,,"lit:""1941-00-00T00:00:00Z""^^<http://www.w3.org/2001/XMLSchema#dateTime>",del_object,5,0,0
74727,constant,,"lit:""1941-01-01T00:00:00Z""^^<http://www.w3.org/2001/XMLSchema#dateTime>",del_object,5,0,0
77047,constant,,"lit:""1942-00-00T00:00:00Z""^^<http://www.w3.org/2001/XMLSchema#dateTime>",del_object,5,0,0
76316,constant,,"lit:""1942-01-01T00:00:00Z""^^<http://www.w3.org/2001/XMLSchema#dateTime>",del_object,5,0,0
75387,constant,,"lit:""1943-01-01T00:00:00Z""^^<http://www.w3.org/2001/XMLSchema#dateTime>",del_object,5,0,0
81656,constant,,"lit:""1944-01-01T00:00:00Z""^^<http://www.w3.org/2001/XMLSchema#dateTime>",del_object,5,0,0
77600,constant,,"lit:""1945-01-01T00:00:00Z""^^<http://www.w3.org/2001/XMLSchema#dateTime>",del_object,5,0,0
75796,constant,,"lit:""1946-00-00T00:00:00Z""^^<http://www.w3.org/2001/XMLSchema#dateTime>",del_object,5,0,0
77572,constant,,"lit:""1946-01-01T00:00:00Z""^^<http://www.w3.org/2001/XMLSchema#dateTime>",del_object,5,0,0
79656,constant,,"lit:""1947-00-00T00:00:00Z""^^<http://www.w3.org/2001/XMLSchema#dateTime>",del_object,5,0,0
79505,constant,,"lit:""1947-01-01T00:00:00Z""^^<http://www.w3.org/2001/XMLSchema#dateTime>",del_object,5,0,0
77349,constant,,"lit:""1948-00-00T00:00:00Z""^^<http://www.w3.org/2001/XMLSchema#dateTime>",del_object,5,0,0
77473,constant,,"lit:""1948-01-01T00:00:00Z""^^<http://www.w3.org/2001/XMLSchema#dateTime>",del_object,5,0,0
77605,constant,,"lit:""1949-00-00T00:00:00Z""^^<http://www.w3.org/2001/XMLSchema#dateTime>",del_object,5,0,0
77046,constant,,"lit:""1950-00-00T00:00:00Z""^^<http://www.w3.org/2001/XMLSchema#dateTime>",del_object,5,0,0
78828,constant,,"lit:""1950-01-01T00:00:00Z""^^<http://www.w3.org/2001/XMLSchema#dateTime>",del_object,5,0,0
75568,constant,,"lit:""1951-01-01T00:00:00Z""^^<http://www.w3.org/2001/XMLSchema#dateTime>",del_object,5,0,0
76268,constant,,"lit:""1952-01-01T00:00:00Z""^^<http://www.w3.org/2001/XMLSchema#dateTime>",del_object,5,0,0
76889,constant,,"lit:""1953-01-01T00:00:00Z""^^<http://www.w3.org/2001/XMLSchema#dateTime>",del_object,5,0,0
81299,constant,,"lit:""1954-00-00T00:00:00Z""^^<http://www.w3.org/2001/XMLSchema#dateTime>",del_object,5,0,0
75340,constant,,"lit:""1954-01-01T00:00:00Z""^^<http://www.w3.org/2001/XMLSchema#dateTime>",del_object,5,0,0
79120,constant,,"lit:""1955-00-00T00:00:00Z""^^<http://www.w3.org/2001/XMLSchema#dateTime>",del_object,5,0,0
74836,constant,,"lit:""1955-01-01T00:00:00Z""^^<http://www.w3.org/2001/XMLSchema#dateTime>",del_object,5,0,0
78782,constant,,"lit:""1956-00-00T00:00:00Z""^^<http://www.w3.org/2001/XMLSchema#dateTime>",del_object,5,0,0
75391,constant,,"lit:""1956-01-01T00:00:00Z""^^<http://www.w3.org/2001/XMLSchema#dateTime>",del_object,5,0,0
75557,constant,,"lit:""1957-00-00T00:00:00Z""^^<http://www.w3.org/2001/XMLSchema#dateTime>",del_object,5,0,0
74737,constant,,"lit:""1957-01-01T00:00:00Z""^^<http://www.w3.org/2001/XMLSchema#dateTime>",del_object,5,0,0
81728,constant,,"lit:""1958-00-00T00:00:00Z""^^<http://www.w3.org/2001/XMLSchema#dateTime>",del_object,5,0,0
76453,constant,,"lit:""1958-01-01T00:00:00Z""^^<http://www.w3.org/2001/XMLSchema#dateTime>",del_object,5,0,0
80050,constant,,"lit:""1959-00-00T00:00:00Z""^^<http://www.w3.org/2001/XMLSchema#dateTime>",del_object,5,0,0
76709,constant,,"lit:""1959-01-01T00:00:00Z""^^<http://www.w3.org/2001/XMLSchema#dateTime>",del_object,5,0,0
79082,constant,,"lit:""1960-00-00T00:00:00Z""^^<http://www.w3.org/2001/XMLSchema#dateTime>",del_object,5,0,0
77045,constant,,"lit:""1960-01-01T00:00:00Z""^^<http://www.w3.org/2001/XMLSchema#dateTime>",del_object,5,0,0
74794,constant,,"lit:""1961-01-01T00:00:00Z""^^<http://www.w3.org/2001/XMLSchema#dateTime>",del_object,5,0,0
79165,constant,,"lit:""1962-00-00T00:00:00Z""^^<http://www.w3.org/2001/XMLSchema#dateTime>",del_object,5,0,0
74974,constant,,"lit:""1962-01-01T00:00:00Z""^^<http://www.w3.org/2001/XMLSchema#dateTime>",del_object,5,0,0
76542,constant,,"lit:""1963-01-01T00:00:00Z""^^<http://www.w3.org/2001/XMLSchema#dateTime>",del_object,5,0,0
75015,constant,,"lit:""1964-01-01T00:00:00Z""^^<http://www.w3.org/2001/XMLSchema#dateTime>",del_object,5,0,0
78824,constant,,"lit:""1965-00-00T00:00:00Z""^^<http://www.w3.org/2001/XMLSchema#dateTime>",del_object,5,0,0
78836,constant,,"lit:""1966-00-00T00:00:00Z""^^<http://www.w3.org/2001/XMLSchema#dateTime>",del_object,5,0,0
74304,constant,,"lit:""1966-01-01T00:00:00Z""^^<http://www.w3.org/2001/XMLSchema#dateTime>",del_object,5,0,0
75307,constant,,"lit:""1967-01-01T00:00:00Z""^^<http://www.w3.org/2001/XMLSchema#dateTime>",del_object,5,0,0
76810,constant,,"lit:""1968-01-01T00:00:00Z""^^<http://www.w3.org/2001/XMLSchema#dateTime>",del_object,5,0,0
79493,constant,,"lit:""1970-00-00T00:00:00Z""^^<http://www.w3.org/2001/XMLSchema#dateTime>",del_object,5,0,0
76323,constant,,"lit:""1970-01-01T00:00:00Z""^^<http://www.w3.org/2001/XMLSchema#dateTime>",del_object,5,0,0
76070,constant,,"lit:""1971-00-00T00:00:00Z""^^<http://www.w3.org/2001/XMLSchema#dateTime>",del_object,5,0,0
76998,constant,,"lit:""1971-01-01T00:00:00Z""^^<http://www.w3.org/2001/XMLSchema#dateTime>",del_object,5,0,0
77435,constant,,"lit:""1972-00-00T00:00:00Z""^^<http://www.w3.org/2001/XMLSchema#dateTime>",del_object,5,0,0
75504,constant,,"lit:""1972-01-01T00:00:00Z""^^<http://www.w3.org/2001/XMLSchema#dateTime>",del_object,5,0,0
77209,constant,,"lit:""1973-00-00T00:00:00Z""^^<http://www.w3.org/2001/XMLSchema#dateTime>",del_object,5,0,0
74883,constant,,"lit:""1973-01-01T00:00:00Z""^^<http://www.w3.org/2001/XMLSchema#dateTime>",del_object,5,0,0
78921,constant,,"lit:""1975-00-00T00:00:00Z""^^<http://www.w3.org/2001/XMLSchema#dateTime>",del_object,5,0,0
78540,constant,,"lit:""1975-01-01T00:00:00Z""^^<http://www.w3.org/2001/XMLSchema#dateTime>",del_object,5,0,0
76718,constant,,"lit:""1976-00-00T00:00:00Z""^^<http://www.w3.org/2001/XMLSchema#dateTime>",del_object,5,0,0
76951,constant,,"lit:""1977-00-00T00:00:00Z""^^<http://www.w3.org/2001/XMLSchema#dateTime>",del_object,5,0,0
74338,constant,,"lit:""1977-01-01T00:00:00Z""^^<http://www.w3.org/2001/XMLSchema#dateTime>",del_object,5,0,0
76737,constant,,"lit:""1978-00-00T00:00:00Z""^^<http://www.w3.org/2001/XMLSchema#dateTime>",del_object,5,0,0
77370,constant,,"lit:""1978-01-01T00:00:00Z""^^<http://www.w3.org/2001/XMLSchema#dateTime>",del_object,5,0,0
76215,constant,,"lit:""1979-00-00T00:00:00Z""^^<http://www.w3.org/2001/XMLSchema#dateTime>",del_object,5,0,0
76483,constant,,"lit:""1979-01-01T00:00:00Z""^^<http://www.w3.org/2001/XMLSchema#dateTime>",del_object,5,0,0
74980,constant,,"lit:""1980-01-01T00:00:00Z""^^<http://www.w3.org/2001/XMLSchema#dateTime>",del_object,5,0,0
78545,constant,,"lit:""1981-01-01T00:00:00Z""^^<http://www.w3.org/2001/XMLSchema#dateTime>",del_object,5,0,0
77493,constant,,"lit:""1982-00-00T00:00:00Z""^^<http://www.w3.org/2001/XMLSchema#dateTime>",del_object,5,0,0
74746,constant,,"lit:""1982-01-01T00:00:00Z""^^<http://www.w3.org/2001/XMLSchema#dateTime>",del_object,5,0,0
77657,constant,,"lit:""1983-01-01T00:00:00Z""^^<http://www.w3.org/2001/XMLSchema#dateTime>",del_object,5,0,0
76541,constant,,"lit:""1984-00-00T00:00:00Z""^^<http://www.w3.org/2001/XMLSchema#dateTime>",del_object,5,0,0
74208,constant,,"lit:""1984-01-01T00:00:00Z""^^<http://www.w3.org/2001/XMLSchema#dateTime>",del_object,5,0,0
76564,constant,,"lit:""1985-00-00T00:00:00Z""^^<http://www.w3.org/2001/XMLSchema#dateTime>",del_object,5,0,0
74527,constant,,"lit:""1985-01-01T00:00:00Z""^^<http://www.w3.org/2001/XMLSchema#dateTime>",del_object,5,0,0
79161,constant,,"lit:""1986-00-00T00:00:00Z""^^<http://www.w3.org/2001/XMLSchema#dateTime>",del_object,5,0,0
75765,constant,,"lit:""1986-01-01T00:00:00Z""^^<http://www.w3.org/2001/XMLSchema#dateTime>",del_object,5,0,0
75528,constant,,"lit:""1987-00-00T00:00:00Z""^^<http://www.w3.org/2001/XMLSchema#dateTime>",del_object,5,0,0
77437,constant,,"lit:""1987-01-01T00:00:00Z""^^<http://www.w3.org/2001/XMLSchema#dateTime>",del_object,5,0,0
78536,constant,,"lit:""1988-00-00T00:00:00Z""^^<http://www.w3.org/2001/XMLSchema#dateTime>",del_object,5,0,0
74978,constant,,"lit:""1988-01-01T00:00:00Z""^^<http://www.w3.org/2001/XMLSchema#dateTime>",del_object,5,0,0
76865,constant,,"lit:""1989-01-01T00:00:00Z""^^<http://www.w3.org/2001/XMLSchema#dateTime>",del_object,5,0,0
74507,constant,,"lit:""1990-00-00T00:00:00Z""^^<http://www.w3.org/2001/XMLSchema#dateTime>",del_object,5,0,0
74352,constant,,"lit:""1991-00-00T00:00:00Z""^^<http://www.w3.org/2001/XMLSchema#dateTime>",del_object,5,0,0
76726,constant,,"lit:""1991-01-01T00:00:00Z""^^<http://www.w3.org/2001/XMLSchema#dateTime>",del_object,5,0,0
76310,constant,,"lit:""1992-00-00T00:00:00Z""^^<http://www.w3.org/2001/XMLSchema#dateTime>",del_object,5,0,0
80474,constant,,"lit:""1993-00-00T00:00:00Z""^^<http://www.w3.org/2001/XMLSchema#dateTime>",del_object,5,0,0
75441,constant,,"lit:""1994-00-00T00:00:00Z""^^<http://www.w3.org/2001/XMLSchema#dateTime>",del_object,5,0,0
74743,constant,,"lit:""1994-01-01T00:00:00Z""^^<http://www.w3.org/2001/XMLSchema#dateTime>",del_object,5,0,0
75384,constant,,"lit:""1995-00-00T00:00:00Z""^^<http://www.w3.org/2001/XMLSchema#dateTime>",del_object,5,0,0
77042,constant,,"lit:""1996-01-01T00:00:00Z""^^<http://www.w3.org/2001/XMLSchema#dateTime>",del_object,5,0,0
78838,constant,,"lit:""1997-00-00T00:00:00Z""^^<http://www.w3.org/2001/XMLSchema#dateTime>",del_object,5,0,0
78915,constant,,"lit:""1998-00-00T00:00:00Z""^^<http://www.w3.org/2001/XMLSchema#dateTime>",del_object,5,0,0
76557,constant,,"lit:""1999-00-00T00:00:00Z""^^<http://www.w3.org/2001/XMLSchema#dateTime>",del_object,5,0,0
75761,constant,,"lit:""1999-01-01T00:00:00Z""^^<http://www.w3.org/2001/XMLSchema#dateTime>",del_object,5,0,0
74738,constant,,"lit:""2""^^<http://www.w3.org/2001/XMLSchema#decimal>",del_object,5,0,0
90585,constant,,"lit:""2.1.1.-""",del_object,5,0,0
91155,constant,,"lit:""2.3.1.-""",del_object,5,0,0
92158,constant,,"lit:""2.4.1.-""",del_object,5,0,0
92034,constant,,"lit:""2.7.1.-""",del_object,5,0,0
79564,constant,,"lit:""20""",del_object,5,0,0
74628,constant,,"lit:""20""^^<http://www.w3.org/2001/XMLSchema#decimal>",del_object,5,0,0
82486,constant,,"lit:""200""^^<http://www.w3.org/2001/XMLSchema#decimal>",del_object,5,0,0
74984,constant,,"lit:""2000-00-00T00:00:00Z""^^<http://www.w3.org/2001/XMLSchema#dateTime>",del_object,5,0,0
75313,constant,,"lit:""2000-01-01T00:00:00Z""^^<http://www.w3.org/2001/XMLSchema#dateTime>",del_object,5,0,0
76478,constant,,"lit:""2001-00-00T00:00:00Z""^^<http://www.w3.org/2001/XMLSchema#dateTime>",del_object,5,0,0
74504,constant,,"lit:""2001-01-01T00:00:00Z""^^<http://www.w3.org/2001/XMLSchema#dateTime>",del_object,5,0,0
76078,constant,,"lit:""2002-00-00T00:00:00Z""^^<http://www.w3.org/2001/XMLSchema#dateTime>",del_object,5,0,0
86687,constant,,"lit:""2002-11-01T00:00:00Z""^^<http://www.w3.org/2001/XMLSchema#dateTime>",del_object,5,0,0
76488,constant,,"lit:""2003-00-00T00:00:00Z""^^<http://www.w3.org/2001/XMLSchema#dateTime>",del_object,5,0,0
76294,constant,,"lit:""2003-01-01T00:00:00Z""^^<http://www.w3.org/2001/XMLSchema#dateTime>",del_object,5,0,0
76336,constant,,"lit:""2004-00-00T00:00:00Z""^^<http://www.w3.org/2001/XMLSchema#dateTime>",del_object,5,0,0
77235,constant,,"lit:""2004-01-01T00:00:00Z""^^<http://www.w3.org/2001/XMLSchema#dateTime>",del_object,5,0,0
74535,constant,,"lit:""2005-00-00T00:00:00Z""^^<http://www.w3.org/2001/XMLSchema#dateTime>",del_object,5,0,0
74218,constant,,"lit:""2005-01-01T00:00:00Z""^^<http://www.w3.org/2001/XMLSchema#dateTime>",del_object,5,0,0
76999,constant,,"lit:""2006-00-00T00:00:00Z""^^<http://www.w3.org/2001/XMLSchema#dateTime>",del_object,5,0,0
75408,constant,,"lit:""2006-01-01T00:00:00Z""^^<http://www.w3.org/2001/XMLSchema#dateTime>",del_object,5,0,0
77000,constant,,"lit:""2007-00-00T00:00:00Z""^^<http://www.w3.org/2001/XMLSchema#dateTime>",del_object,5,0,0
74248,constant,,"lit:""2008-00-00T00:00:00Z""^^<http://www.w3.org/2001/XMLSchema#dateTime>",del_object,5,0,0
76345,constant,,"lit:""2008-01-01T00:00:00Z""^^<http://www.w3.org/2001/XMLSchema#dateTime>",del_object,5,0,0
75271,constant,,"lit:""2009-00-00T00:00:00Z""^^<http://www.w3.org/2001/XMLSchema#dateTime>",del_object,5,0,0
74779,constant,,"lit:""2009-01-01T00:00:00Z""^^<http://www.w3.org/2001/XMLSchema#dateTime>",del_object,5,0,0
76517,constant,,"lit:""2010-00-00T00:00:00Z""^^<http://www.w3.org/2001/XMLSchema#dateTime>",del_object,5,0,0
76304,constant,,"lit:""2011-00-00T00:00:00Z""^^<http://www.w3.org/2001/XMLSchema#dateTime>",del_object,5,0,0
75694,constant,,"lit:""2012-00-00T00:00:00Z""^^<http://www.w3.org/2001/XMLSchema#dateTime>",del_object,5,0,0
77001,constant,,"lit:""2013-00-00T00:00:00Z""^^<http://www.w3.org/2001/XMLSchema#dateTime>",del_object,5,0,0
74251,constant,,"lit:""2014-00-00T00:00:00Z""^^<http://www.w3.org/2001/XMLSchema#dateTime>",del_object,5,0,0
74246,constant,,"lit:""2015-00-00T00:00:00Z""^^<http://www.w3.org/2001/XMLSchema#dateTime>",del_object,5,0,0
79156,constant,,"lit:""2016-00-00T00:00:00Z""^^<http://www.w3.org/2001/XMLSchema#dateTime>",del_object,5,0,0
79553,constant,,"lit:""2017-00-00T00:00:00Z""^^<http://www.w3.org/2001/XMLSchema#dateTime>",del_object,5,0,0
85948,constant,,"lit:""205""^^<http://www.w3.org/2001/XMLSchema#decimal>",del_object,5,0,0
79645,constant,,"lit:""207""^^<http://www.w3.org/2001/XMLSchema#decimal>",del_object,5,0,0
78904,constant,,"lit:""21""^^<http://www.w3.org/2001/XMLSchema#decimal>",del_object,5,0,0
83047,constant,,"lit:""210""",del_object,5,0,0
85482,constant,,"lit:""210""^^<http://www.w3.org/2001/XMLSchema#decimal>",del_object,5,0,0
82599,constant,,"lit:""212""^^<http://www.w3.org/2001/XMLSchema#decimal>",del_object,5,0,0
79162,constant,,"lit:""215""^^<http://www.w3.org/2001/XMLSchema#decimal>",del_object,5,0,0
84202,constant,,"lit:""219""^^<http://www.w3.org/2001/XMLSchema#decimal>",del_object,5,0,0
76332,constant,,"lit:""22""^^<http://www.w3.org/2001/XMLSchema#decimal>",del_object,5,0,0
77568,constant,,"lit:""220""",del_object,5,0,0
74566,constant,,"lit:""220""^^<http://www.w3.org/2001/XMLSchema#decimal>",del_object,5,0,0
76866,constant,,"lit:""23""^^<http://www.w3.org/2001/XMLSchema#decimal>",del_object,5,0,0
81050,constant,,"lit:""235""^^<http://www.w3.org/2001/XMLSchema#decimal>",del_object,5,0,0
86222,constant,,"lit:""237""^^<http://www.w3.org/2001/XMLSchema#decimal>",del_object,5,0,0
77036,constant,,"lit:""24""^^<http://www.w3.org/2001/XMLSchema#decimal>",del_object,5,0,0
78454,constant,,"lit:""240""^^<http://www.w3.org/2001/XMLSchema#decimal>",del_object,5,0,0
86612,constant,,"lit:""24748""",del_object,5,0,0
77428,constant,,"lit:""25""^^<http://www.w3.org/2001/XMLSchema#decimal>",del_object,5,0,0
79979,constant,,"lit:""26""^^<http://www.w3.org/2001/XMLSchema#decimal>",del_object,5,0,0
80023,constant,,"lit:""27""^^<http://www.w3.org/2001/XMLSchema#decimal>",del_object,5,0,0
82309,constant,,"lit:""2702""",del_object,5,0,0
92684,constant,,"lit:""27206810008""",del_object,5,0,0
91416,constant,,"lit:""27206816016""",del_object,5,0,0
91910,constant,,"lit:""27209828001""",del_object,5,0,0
92449,constant,,"lit:""27212802003""",del_object,5,0,0
93565,constant,,"lit:""27212810005""",del_object,5,0,0
92756,constant,,"lit:""27218807001""",del_object,5,0,0
92165,constant,,"lit:""27227802011""",del_object,5,0,0
93517,constant,,"lit:""27227804001""",del_object,5,0,0
93915,constant,,"lit:""27227804005""",del_object,5,0,0
92773,constant,,"lit:""27227810015""",del_object,5,0,0
86070,constant,,"lit:""27236""",del_object,5,0,0
82680,constant,,"lit:""28""^^<http://www.w3.org/2001/XMLSchema#decimal>",del_object,5,0,0
86671,constant,,"lit:""29""^^<http://www.w3.org/2001/XMLSchema#decimal>",del_object,5,0,0
78067,constant,,"lit:""3""^^<http://www.w3.org/2001/XMLSchema#decimal>",del_object,5,0,0
92633,constant,,"lit:""3.1.3.-""",del_object,5,0,0
93460,constant,,"lit:""3.6.1.-""",del_object,5,0,0
76490,constant,,"lit:""30""^^<http://www.w3.org/2001/XMLSchema#decimal>",del_object,5,0,0
76494,constant,,"lit:""31""^^<http://www.w3.org/2001/XMLSchema#decimal>",del_object,5,0,0
81332,constant,,"lit:""32""^^<http://www.w3.org/2001/XMLSchema#decimal>",del_object,5,0,0
79167,constant,,"lit:""33""^^<http://www.w3.org/2001/XMLSchema#decimal>",del_object,5,0,0
82822,constant,,"lit:""35""^^<http://www.w3.org/2001/XMLSchema#decimal>",del_object,5,0,0
77581,constant,,"lit:""36""^^<http://www.w3.org/2001/XMLSchema#decimal>",del_object,5,0,0
86784,constant,,"lit:""37""^^<http://www.w3.org/2001/XMLSchema#decimal>",del_object,5,0,0
84492,constant,,"lit:""379""",del_object,5,0,0
83634,constant,,"lit:""38""^^<http://www.w3.org/2001/XMLSchema#decimal>",del_object,5,0,0
79897,constant,,"lit:""39""^^<http://www.w3.org/2001/XMLSchema#decimal>",del_object,5,0,0
74626,constant,,"lit:""4""^^<http://www.w3.org/2001/XMLSchema#decimal>",del_object,5,0,0
77429,constant,,"lit:""40""^^<http://www.w3.org/2001/XMLSchema#decimal>",del_object,5,0,0
85320,constant,,"lit:""41""^^<http://www.w3.org/2001/XMLSchema#decimal>",del_object,5,0,0
80167,constant,,"lit:""410""^^<http://www.w3.org/2001/XMLSchema#decimal>",del_object,5,0,0
80552,constant,,"lit:""42""^^<http://www.w3.org/2001/XMLSchema#decimal>",del_object,5,0,0
83216,constant,,"lit:""43""^^<http://www.w3.org/2001/XMLSchema#decimal>",del_object,5,0,0
81600,constant,,"lit:""44""",del_object,5,0,0
79884,constant,,"lit:""44""^^<http://www.w3.org/2001/XMLSchema#decimal>",del_object,5,0,0
83552,constant,,"lit:""45""^^<http://www.w3.org/2001/XMLSchema#decimal>",del_object,5,0,0
82369,constant,,"lit:""47""^^<http://www.w3.org/2001/XMLSchema#decimal>",del_object,5,0,0
82920,constant,,"lit:""48""^^<http://www.w3.org/2001/XMLSchema#decimal>",del_object,5,0,0
76335,constant,,"lit:""5""^^<http://www.w3.org/2001/XMLSchema#decimal>",del_object,5,0,0
93429,constant,,"lit:""5.4.99.-""",del_object,5,0,0
77968,constant,,"lit:""50""^^<http://www.w3.org/2001/XMLSchema#decimal>",del_object,5,0,0
84590,constant,,"lit:""51""^^<http://www.w3.org/2001/XMLSchema#decimal>",del_object,5,0,0
74900,constant,,"lit:""511""",del_object,5,0,0
80189,constant,,"lit:""52""^^<http://www.w3.org/2001/XMLSchema#decimal>",del_object,5,0,0
77760,constant,,"lit:""53""^^<http://www.w3.org/2001/XMLSchema#decimal>",del_object,5,0,0
83898,constant,,"lit:""54""^^<http://www.w3.org/2001/XMLSchema#decimal>",del_object,5,0,0
76491,constant,,"lit:""55""^^<http://www.w3.org/2001/XMLSchema#decimal>",del_object,5,0,0
80024,constant,,"lit:""57""^^<http://www.w3.org/2001/XMLSchema#decimal>",del_object,5,0,0
82183,constant,,"lit:""58""^^<http://www.w3.org/2001/XMLSchema#decimal>",del_object,5,0,0
93926,constant,,"lit:""58233804005""",del_object,5,0,0
94106,constant,,"lit:""58233804076""",del_object,5,0,0
94034,constant,,"lit:""58233812058""",del_object,5,0,0
94068,constant,,"lit:""58233820039""",del_object,5,0,0
93728,constant,,"lit:""58233820047""",del_object,5,0,0
92446,constant,,"lit:""58247820049""",del_object,5,0,0
91203,constant,,"lit:""58247865015""",del_object,5,0,0
94143,constant,,"lit:""58247875026""",del_object,5,0,0
93626,constant,,"lit:""58249832023""",del_object,5,0,0
77491,constant,,"lit:""59""^^<http://www.w3.org/2001/XMLSchema#decimal>",del_object,5,0,0
75055,constant,,"lit:""6""^^<http://www.w3.org/2001/XMLSchema#decimal>",del_object,5,0,0
93297,constant,,"lit:""6.2.1.-""",del_object,5,0,0
76495,constant,,"lit:""60""^^<http://www.w3.org/2001/XMLSchema#decimal>",del_object,5,0,0
82352,constant,,"lit:""61""^^<http://www.w3.org/2001/XMLSchema#decimal>",del_object,5,0,0
81223,constant,,"lit:""616""",del_object,5,0,0
78897,constant,,"lit:""62""^^<http://www.w3.org/2001/XMLSchema#decimal>",del_object,5,0,0
81333,constant,,"lit:""64""^^<http://www.w3.org/2001/XMLSchema#decimal>",del_object,5,0,0
80534,constant,,"lit:""65""^^<http://www.w3.org/2001/XMLSchema#decimal>",del_object,5,0,0
82371,constant,,"lit:""66""^^<http://www.w3.org/2001/XMLSchema#decimal>",del_object,5,0,0
78898,constant,,"lit:""67""^^<http://www.w3.org/2001/XMLSchema#decimal>",del_object,5,0,0
79561,constant,,"lit:""68""^^<http://www.w3.org/2001/XMLSchema#decimal>",del_object,5,0,0
75175,constant,,"lit:""7""^^<http://www.w3.org/2001/XMLSchema#decimal>",del_object,5,0,0
81287,constant,,"lit:""70""^^<http://www.w3.org/2001/XMLSchema#decimal>",del_object,5,0,0
77002,constant,,"lit:""71""^^<http://www.w3.org/2001/XMLSchema#decimal>",del_object,5,0,0
80760,constant,,"lit:""72""^^<http://www.w3.org/2001/XMLSchema#decimal>",del_object,5,0,0
77554,constant,,"lit:""74""^^<http://www.w3.org/2001/XMLSchema#decimal>",del_object,5,0,0
75573,constant,,"lit:""75""",del_object,5,0,0
75302,constant,,"lit:""75""^^<http://www.w3.org/2001/XMLSchema#decimal>",del_object,5,0,0
76312,constant,,"lit:""8""^^<http://www.w3.org/2001/XMLSchema#decimal>",del_object,5,0,0
75056,constant,,"lit:""80""^^<http://www.w3.org/2001/XMLSchema#decimal>",del_object,5,0,0
75057,constant,,"lit:""84""^^<http://www.w3.org/2001/XMLSchema#decimal>",del_object,5,0,0
77357,constant,,"lit:""85""^^<http://www.w3.org/2001/XMLSchema#decimal>",del_object,5,0,0
74325,constant,,"lit:""89""^^<http://www.w3.org/2001/XMLSchema#decimal>",del_object,5,0,0
79800,constant,,"lit:""890""",del_object,5,0,0
77039,constant,,"lit:""91""^^<http://www.w3.org/2001/XMLSchema#decimal>",del_object,5,0,0
74343,constant,,"lit:""92""^^<http://www.w3.org/2001/XMLSchema#decimal>",del_object,5,0,0
75308,constant,,"lit:""95""^^<http://www.w3.org/2001/XMLSchema#decimal>",del_object,5,0,0
74309,constant,,"lit:""97""^^<http://www.w3.org/2001/XMLSchema#decimal>",del_object,5,0,0
76324,constant,,"lit:""98""^^<http://www.w3.org/2001/XMLSchema#decimal>",del_object,5,0,0
75392,constant,,"lit:""99""^^<http://www.w3.org/2001/XMLSchema#decimal>",del_object,5,0,0
86899,constant,,"lit:""Antonio""@mul",del_object,5,0,0
88988,constant,,"lit:""Bill""@mul",del_object,5,0,0
94418,constant,,"lit:""Cancer""",del_object,5,0,0
95583,constant,,"lit:""Charles""@mul",del_object,5,0,0
86797,constant,,"lit:""David""@mul",del_object,5,0,0
89281,constant,,"lit:""Frank""@mul",del_object,5,0,0
87172,constant,,"lit:""Ivan""@mul",del_object,5,0,0
86427,constant,,"lit:""Jean""@mul",del_object,5,0,0
89207,constant,,"lit:""John""@mul",del_object,5,0,0
98461,constant,,"lit:""Jos\u00E9""@mul",del_object,5,0,0
87168,constant,,"lit:""Joseph""@mul",del_object,5,0,0
82378,constant,,"lit:""Karl""@mul",del_object,5,0,0
88637,constant,,"lit:""Mike""@mul",del_object,5,0,0
86024,constant,,"lit:""Peter""@mul",del_object,5,0,0
95820,constant,,"lit:""Richard""@mul",del_object,5,0,0
87923,constant,,"lit:""Robert""@mul",del_object,5,0,0
94336,constant,,"lit:""Siemens""",del_object,5,0,0
87432,constant,,"lit:""Thomas""@mul",del_object,5,0,0
89462,constant,,"lit:""Walter""@mul",del_object,5,0,0
84873,constant,,"lit:""ara""",del_object,5,0,0
79288,constant,,wd:Q100,del_object,5,0,0
44110,constant,,wd:Q100047,del_object,5,0,0
31900,constant,,wd:Q1002697,del_object,5,0,0
32539,constant,,wd:Q1004,del_object,5,0,0
77994,constant,,wd:Q1006,del_object,5,0,0
37490,constant,,wd:Q1008,del_object,5,0,0
37893,constant,,wd:Q1011,del_object,5,0,0
77996,constant,,wd:Q1013,del_object,5,0,0
30938,constant,,wd:Q101352,del_object,5,0,0
37492,constant,,wd:Q1014,del_object,5,0,0
77997,constant,,wd:Q1016,del_object,5,0,0
35241,constant,,wd:Q101600,del_object,5,0,0
77998,constant,,wd:Q1019,del_object,5,0,0
82043,constant,,wd:Q101959,del_object,5,0,0
76632,constant,,wd:Q1020,del_object,5,0,0
43710,constant,,wd:Q102496,del_object,5,0,0
82044,constant,,wd:Q102720,del_object,5,0,0
39774,constant,,wd:Q1028,del_object,5,0,0
43693,constant,,wd:Q1028181,del_object,5,0,0
75103,constant,,wd:Q1029,del_object,5,0,0
48159,constant,,wd:Q1030,del_object,5,0,0
36373,constant,,wd:Q103163,del_object,5,0,0
77999,constant,,wd:Q1032,del_object,5,0,0
82091,constant,,wd:Q103217,del_object,5,0,0
34111,constant,,wd:Q1033,del_object,5,0,0
78829,constant,,wd:Q10333,del_object,5,0,0
32854,constant,,wd:Q1035954,del_object,5,0,0
76634,constant,,wd:Q1036,del_object,5,0,0
36733,constant,,wd:Q10387575,del_object,5,0,0
36734,constant,,wd:Q10387684,del_object,5,0,0
83356,constant,,wd:Q1040,del_object,5,0,0
76635,constant,,wd:Q1041,del_object,5,0,0
42195,constant,,wd:Q10413723,del_object,5,0,0
43455,constant,,wd:Q104157,del_object,5,0,0
32928,constant,,wd:Q10416961,del_object,5,0,0
48278,constant,,wd:Q1043967,del_object,5,0,0
44848,constant,,wd:Q10441,del_object,5,0,0
44849,constant,,wd:Q10446,del_object,5,0,0
37505,constant,,wd:Q1045,del_object,5,0,0
42200,constant,,wd:Q10457964,del_object,5,0,0
36654,constant,,wd:Q1047437,del_object,5,0,0
40226,constant,,wd:Q1047971,del_object,5,0,0
48100,constant,,wd:Q1048314,del_object,5,0,0
43956,constant,,wd:Q1048525,del_object,5,0,0
35286,constant,,wd:Q1048835,del_object,5,0,0
77925,constant,,wd:Q1049,del_object,5,0,0
49388,constant,,wd:Q1049520,del_object,5,0,0
86535,constant,,wd:Q105112,del_object,5,0,0
36579,constant,,wd:Q10511368,del_object,5,0,0
88634,constant,,wd:Q10513450,del_object,5,0,0
74890,constant,,wd:Q10514065,del_object,5,0,0
38217,constant,,wd:Q1052025,del_object,5,0,0
45669,constant,,wd:Q1053574,del_object,5,0,0
44878,constant,,wd:Q10538,del_object,5,0,0
79552,constant,,wd:Q1054813,del_object,5,0,0
75646,constant,,wd:Q1055,del_object,5,0,0
47499,constant,,wd:Q105731,del_object,5,0,0
44889,constant,,wd:Q10580,del_object,5,0,0
82046,constant,,wd:Q105853,del_object,5,0,0
89814,constant,,wd:Q10589,del_object,5,0,0
79551,constant,,wd:Q1059478,del_object,5,0,0
89196,constant,,wd:Q1062083,del_object,5,0,0
40494,constant,,wd:Q106345,del_object,5,0,0
42258,constant,,wd:Q10634678,del_object,5,0,0
49665,constant,,wd:Q106410,del_object,5,0,0
42263,constant,,wd:Q10645546,del_object,5,0,0
30459,constant,,wd:Q10648343,del_object,5,0,0
87931,constant,,wd:Q1065118,del_object,5,0,0
33298,constant,,wd:Q10655178,del_object,5,0,0
82816,constant,,wd:Q106658,del_object,5,0,0
48919,constant,,wd:Q1066707,del_object,5,0,0
76407,constant,,wd:Q1066984,del_object,5,0,0
84033,constant,,wd:Q10686,del_object,5,0,0
78406,constant,,wd:Q10690,del_object,5,0,0
83227,constant,,wd:Q1070590,del_object,5,0,0
94086,constant,,wd:Q1070990,del_object,5,0,0
80155,constant,,wd:Q1071,del_object,5,0,0
42357,constant,,wd:Q10725452,del_object,5,0,0
45775,constant,,wd:Q10729054,del_object,5,0,0
45776,constant,,wd:Q10729125,del_object,5,0,0
85123,constant,,wd:Q10732476,del_object,5,0,0
80294,constant,,wd:Q10742,del_object,5,0,0
48819,constant,,wd:Q107425,del_object,5,0,0
39596,constant,,wd:Q1075,del_object,5,0,0
45303,constant,,wd:Q1075404,del_object,5,0,0
40934,constant,,wd:Q1075697,del_object,5,0,0
31836,constant,,wd:Q1075988,del_object,5,0,0
46826,constant,,wd:Q1076486,del_object,5,0,0
48128,constant,,wd:Q1076968,del_object,5,0,0
78496,constant,,wd:Q1077097,del_object,5,0,0
30399,constant,,wd:Q107715,del_object,5,0,0
45077,constant,,wd:Q10800557,del_object,5,0,0
42945,constant,,wd:Q1081138,del_object,5,0,0
46202,constant,,wd:Q108325,del_object,5,0,0
35278,constant,,wd:Q10833314,del_object,5,0,0
33946,constant,,wd:Q10843402,del_object,5,0,0
74809,constant,,wd:Q1085,del_object,5,0,0
83812,constant,,wd:Q10862983,del_object,5,0,0
46799,constant,,wd:Q10870555,del_object,5,0,0
37928,constant,,wd:Q10871364,del_object,5,0,0
35757,constant,,wd:Q10873124,del_object,5,0,0
46301,constant,,wd:Q10876391,del_object,5,0,0
46190,constant,,wd:Q1088552,del_object,5,0,0
83226,constant,,wd:Q109128,del_object,5,0,0
44222,constant,,wd:Q1092939,del_object,5,0,0
83447,constant,,wd:Q1093,del_object,5,0,0
77553,constant,,wd:Q1093580,del_object,5,0,0
83717,constant,,wd:Q1093829,del_object,5,0,0
87916,constant,,wd:Q109607,del_object,5,0,0
77499,constant,,wd:Q11004,del_object,5,0,0
81466,constant,,wd:Q1101,del_object,5,0,0
43593,constant,,wd:Q11019,del_object,5,0,0
77937,constant,,wd:Q11027623,del_object,5,0,0
48860,constant,,wd:Q11028,del_object,5,0,0
43372,constant,,wd:Q11032,del_object,5,0,0
46630,constant,,wd:Q11060274,del_object,5,0,0
76875,constant,,wd:Q11063,del_object,5,0,0
35465,constant,,wd:Q1107,del_object,5,0,0
84838,constant,,wd:Q11086742,del_object,5,0,0
81769,constant,,wd:Q1110794,del_object,5,0,0
77031,constant,,wd:Q11122389,del_object,5,0,0
85187,constant,,wd:Q1113,del_object,5,0,0
84185,constant,,wd:Q1114448,del_object,5,0,0
33626,constant,,wd:Q1114461,del_object,5,0,0
84735,constant,,wd:Q1115575,del_object,5,0,0
29800,constant,,wd:Q11173,del_object,5,0,0
48015,constant,,wd:Q1117704,del_object,5,0,0
84731,constant,,wd:Q1120838,del_object,5,0,0
74906,constant,,wd:Q112099,del_object,5,0,0
31391,constant,,wd:Q1124,del_object,5,0,0
32890,constant,,wd:Q1125239,del_object,5,0,0
30765,constant,,wd:Q11266439,del_object,5,0,0
82618,constant,,wd:Q1127,del_object,5,0,0
46191,constant,,wd:Q1128397,del_object,5,0,0
44672,constant,,wd:Q1129409,del_object,5,0,0
79898,constant,,wd:Q11299,del_object,5,0,0
38657,constant,,wd:Q11303,del_object,5,0,0
82963,constant,,wd:Q1131296,del_object,5,0,0
37929,constant,,wd:Q11336312,del_object,5,0,0
75273,constant,,wd:Q11338576,del_object,5,0,0
34397,constant,,wd:Q11344,del_object,5,0,0
37137,constant,,wd:Q1134686,del_object,5,0,0
37632,constant,,wd:Q11348,del_object,5,0,0
40942,constant,,wd:Q1135685,del_object,5,0,0
93313,constant,,wd:Q1137767,del_object,5,0,0
83891,constant,,wd:Q1137833,del_object,5,0,0
89808,constant,,wd:Q1138186,del_object,5,0,0
45520,constant,,wd:Q11394,del_object,5,0,0
37493,constant,,wd:Q114,del_object,5,0,0
39779,constant,,wd:Q11412,del_object,5,0,0
79160,constant,,wd:Q11420,del_object,5,0,0
29831,constant,,wd:Q11424,del_object,5,0,0
43609,constant,,wd:Q1143604,del_object,5,0,0
33983,constant,,wd:Q11446,del_object,5,0,0
48782,constant,,wd:Q1144661,del_object,5,0,0
36413,constant,,wd:Q11448906,del_object,5,0,0
83794,constant,,wd:Q1145012,del_object,5,0,0
86381,constant,,wd:Q1146531,del_object,5,0,0
74371,constant,,wd:Q11472,del_object,5,0,0
86685,constant,,wd:Q1147395,del_object,5,0,0
44553,constant,,wd:Q114750,del_object,5,0,0
40496,constant,,wd:Q114906,del_object,5,0,0
86032,constant,,wd:Q1149652,del_object,5,0,0
46582,constant,,wd:Q1151291,del_object,5,0,0
45042,constant,,wd:Q11513034,del_object,5,0,0
83512,constant,,wd:Q11513337,del_object,5,0,0
49250,constant,,wd:Q1153191,del_object,5,0,0
80470,constant,,wd:Q1154710,del_object,5,0,0
30456,constant,,wd:Q1156073,del_object,5,0,0
30817,constant,,wd:Q11563,del_object,5,0,0
36591,constant,,wd:Q1156854,del_object,5,0,0
85309,constant,,wd:Q11569986,del_object,5,0,0
76349,constant,,wd:Q1158477,del_object,5,0,0
86192,constant,,wd:Q1159023,del_object,5,0,0
32160,constant,,wd:Q116,del_object,5,0,0
88696,constant,,wd:Q11607585,del_object,5,0,0
34033,constant,,wd:Q1161185,del_object,5,0,0
40499,constant,,wd:Q116209,del_object,5,0,0
34693,constant,,wd:Q11631,del_object,5,0,0
79458,constant,,wd:Q1166,del_object,5,0,0
75508,constant,,wd:Q1166840,del_object,5,0,0
89487,constant,,wd:Q11687,del_object,5,0,0
47922,constant,,wd:Q11691,del_object,5,0,0
80188,constant,,wd:Q11691318,del_object,5,0,0
39361,constant,,wd:Q1169875,del_object,5,0,0
37495,constant,,wd:Q117,del_object,5,0,0
36370,constant,,wd:Q11707,del_object,5,0,0
40946,constant,,wd:Q1171483,del_object,5,0,0
43527,constant,,wd:Q11722303,del_object,5,0,0
78878,constant,,wd:Q11751,del_object,5,0,0
84319,constant,,wd:Q11755880,del_object,5,0,0
84840,constant,,wd:Q11772,del_object,5,0,0
94708,constant,,wd:Q11774097,del_object,5,0,0
44547,constant,,wd:Q11774891,del_object,5,0,0
86574,constant,,wd:Q11796413,del_object,5,0,0
86804,constant,,wd:Q11828004,del_object,5,0,0
37922,constant,,wd:Q1183,del_object,5,0,0
31527,constant,,wd:Q1183543,del_object,5,0,0
85015,constant,,wd:Q1187580,del_object,5,0,0
76408,constant,,wd:Q1187811,del_object,5,0,0
31514,constant,,wd:Q11879590,del_object,5,0,0
36348,constant,,wd:Q1188447,del_object,5,0,0
95270,constant,,wd:Q1188693,del_object,5,0,0
32276,constant,,wd:Q1190554,del_object,5,0,0
34192,constant,,wd:Q11911,del_object,5,0,0
87117,constant,,wd:Q1191549,del_object,5,0,0
89614,constant,,wd:Q1191622,del_object,5,0,0
43776,constant,,wd:Q1192305,del_object,5,0,0
34195,constant,,wd:Q11925,del_object,5,0,0
34198,constant,,wd:Q11943,del_object,5,0,0
49489,constant,,wd:Q1194951,del_object,5,0,0
85812,constant,,wd:Q11959,del_object,5,0,0
43610,constant,,wd:Q1196258,del_object,5,0,0
34199,constant,,wd:Q11972,del_object,5,0,0
38220,constant,,wd:Q1199815,del_object,5,0,0
85307,constant,,wd:Q12004,del_object,5,0,0
82962,constant,,wd:Q1204,del_object,5,0,0
40953,constant,,wd:Q1205104,del_object,5,0,0
88311,constant,,wd:Q1207,del_object,5,0,0
32713,constant,,wd:Q1208,del_object,5,0,0
48852,constant,,wd:Q1210334,del_object,5,0,0
86865,constant,,wd:Q1211,del_object,5,0,0
82880,constant,,wd:Q121233,del_object,5,0,0
45364,constant,,wd:Q12126757,del_object,5,0,0
82102,constant,,wd:Q12132683,del_object,5,0,0
34295,constant,,wd:Q12135,del_object,5,0,0
34591,constant,,wd:Q121359,del_object,5,0,0
30483,constant,,wd:Q12136,del_object,5,0,0
84429,constant,,wd:Q1214,del_object,5,0,0
42862,constant,,wd:Q12143,del_object,5,0,0
34203,constant,,wd:Q12146,del_object,5,0,0
94935,constant,,wd:Q121783,del_object,5,0,0
75019,constant,,wd:Q12191,del_object,5,0,0
80787,constant,,wd:Q12192,del_object,5,0,0
82082,constant,,wd:Q12202,del_object,5,0,0
79474,constant,,wd:Q12204,del_object,5,0,0
76505,constant,,wd:Q1221,del_object,5,0,0
76448,constant,,wd:Q1221156,del_object,5,0,0
44223,constant,,wd:Q1225300,del_object,5,0,0
79446,constant,,wd:Q1227,del_object,5,0,0
37414,constant,,wd:Q12280,del_object,5,0,0
36730,constant,,wd:Q12284,del_object,5,0,0
35279,constant,,wd:Q12299841,del_object,5,0,0
31515,constant,,wd:Q12308941,del_object,5,0,0
30347,constant,,wd:Q12312385,del_object,5,0,0
79381,constant,,wd:Q1231865,del_object,5,0,0
38723,constant,,wd:Q12323,del_object,5,0,0
85292,constant,,wd:Q123258,del_object,5,0,0
74705,constant,,wd:Q123480,del_object,5,0,0
37516,constant,,wd:Q12358501,del_object,5,0,0
37517,constant,,wd:Q12361770,del_object,5,0,0
43772,constant,,wd:Q123705,del_object,5,0,0
95945,constant,,wd:Q12376420,del_object,5,0,0
40959,constant,,wd:Q1241332,del_object,5,0,0
34206,constant,,wd:Q12433,del_object,5,0,0
79543,constant,,wd:Q12439,del_object,5,0,0
78821,constant,,wd:Q1244442,del_object,5,0,0
48565,constant,,wd:Q124490,del_object,5,0,0
35611,constant,,wd:Q1246,del_object,5,0,0
32550,constant,,wd:Q124714,del_object,5,0,0
31121,constant,,wd:Q1248784,del_object,5,0,0
81472,constant,,wd:Q1249148,del_object,5,0,0
38485,constant,,wd:Q1250464,del_object,5,0,0
84628,constant,,wd:Q1250916,del_object,5,0,0
93566,constant,,wd:Q1251128,del_object,5,0,0
80245,constant,,wd:Q12518,del_object,5,0,0
42833,constant,,wd:Q125191,del_object,5,0,0
83239,constant,,wd:Q1253472,del_object,5,0,0
48525,constant,,wd:Q1254933,del_object,5,0,0
85347,constant,,wd:Q12559,del_object,5,0,0
44951,constant,,wd:Q12560,del_object,5,0,0
81430,constant,,wd:Q1259759,del_object,5,0,0
83799,constant,,wd:Q1259917,del_object,5,0,0
77211,constant,,wd:Q1261,del_object,5,0,0
49013,constant,,wd:Q1261214,del_object,5,0,0
34209,constant,,wd:Q12640,del_object,5,0,0
85137,constant,,wd:Q12661,del_object,5,0,0
86788,constant,,wd:Q1266818,del_object,5,0,0
84632,constant,,wd:Q1267632,del_object,5,0,0
83276,constant,,wd:Q12679,del_object,5,0,0
38164,constant,,wd:Q1268453,del_object,5,0,0
84479,constant,,wd:Q12689,del_object,5,0,0
36752,constant,,wd:Q127,del_object,5,0,0
78998,constant,,wd:Q127134,del_object,5,0,0
34212,constant,,wd:Q12724,del_object,5,0,0
86315,constant,,wd:Q12736,del_object,5,0,0
32464,constant,,wd:Q12737077,del_object,5,0,0
78919,constant,,wd:Q127448,del_object,5,0,0
35023,constant,,wd:Q12766245,del_object,5,0,0
93409,constant,,wd:Q1278554,del_object,5,0,0
82506,constant,,wd:Q12788,del_object,5,0,0
89805,constant,,wd:Q127910,del_object,5,0,0
75361,constant,,wd:Q12800682,del_object,5,0,0
88613,constant,,wd:Q128069,del_object,5,0,0
38191,constant,,wd:Q128093,del_object,5,0,0
94823,constant,,wd:Q12809484,del_object,5,0,0
40960,constant,,wd:Q1280997,del_object,5,0,0
31297,constant,,wd:Q128124,del_object,5,0,0
75577,constant,,wd:Q12813115,del_object,5,0,0
40286,constant,,wd:Q1281618,del_object,5,0,0
83784,constant,,wd:Q128186,del_object,5,0,0
88755,constant,,wd:Q12857432,del_object,5,0,0
81924,constant,,wd:Q1288568,del_object,5,0,0
82810,constant,,wd:Q1289426,del_object,5,0,0
79833,constant,,wd:Q129286,del_object,5,0,0
82924,constant,,wd:Q129499,del_object,5,0,0
48699,constant,,wd:Q1297,del_object,5,0,0
31911,constant,,wd:Q12973014,del_object,5,0,0
33614,constant,,wd:Q1298668,del_object,5,0,0
37044,constant,,wd:Q13002315,del_object,5,0,0
44584,constant,,wd:Q13027888,del_object,5,0,0
88580,constant,,wd:Q130308,del_object,5,0,0
95951,constant,,wd:Q1303167,del_object,5,0,0
40968,constant,,wd:Q1304844,del_object,5,0,0
40969,constant,,wd:Q1306244,del_object,5,0,0
40970,constant,,wd:Q1307373,del_object,5,0,0
40972,constant,,wd:Q1308636,del_object,5,0,0
89604,constant,,wd:Q13100073,del_object,5,0,0
38274,constant,,wd:Q1311958,del_object,5,0,0
40507,constant,,wd:Q131224,del_object,5,0,0
86977,constant,,wd:Q131329,del_object,5,0,0
88887,constant,,wd:Q131371,del_object,5,0,0
77665,constant,,wd:Q131378,del_object,5,0,0
41171,constant,,wd:Q1314162,del_object,5,0,0
35636,constant,,wd:Q131436,del_object,5,0,0
81253,constant,,wd:Q131499,del_object,5,0,0
38739,constant,,wd:Q131569,del_object,5,0,0
87123,constant,,wd:Q131596,del_object,5,0,0
49459,constant,,wd:Q131647,del_object,5,0,0
35143,constant,,wd:Q131681,del_object,5,0,0
30431,constant,,wd:Q131734,del_object,5,0,0
43479,constant,,wd:Q1318295,del_object,5,0,0
41175,constant,,wd:Q1318931,del_object,5,0,0
86792,constant,,wd:Q1318941,del_object,5,0,0
38674,constant,,wd:Q13196750,del_object,5,0,0
36757,constant,,wd:Q132,del_object,5,0,0
86554,constant,,wd:Q1320047,del_object,5,0,0
74341,constant,,wd:Q1321,del_object,5,0,0
80183,constant,,wd:Q13217644,del_object,5,0,0
74735,constant,,wd:Q13218690,del_object,5,0,0
31186,constant,,wd:Q13219666,del_object,5,0,0
77373,constant,,wd:Q13220204,del_object,5,0,0
76322,constant,,wd:Q13221722,del_object,5,0,0
35737,constant,,wd:Q132241,del_object,5,0,0
85461,constant,,wd:Q1323122,del_object,5,0,0
75362,constant,,wd:Q13235160,del_object,5,0,0
80994,constant,,wd:Q132404,del_object,5,0,0
40519,constant,,wd:Q132650,del_object,5,0,0
83792,constant,,wd:Q132720,del_object,5,0,0
88590,constant,,wd:Q132783,del_object,5,0,0
35944,constant,,wd:Q132821,del_object,5,0,0
80823,constant,,wd:Q132936,del_object,5,0,0
84862,constant,,wd:Q1329623,del_object,5,0,0
78718,constant,,wd:Q13298,del_object,5,0,0
36632,constant,,wd:Q133056,del_object,5,0,0
40522,constant,,wd:Q133101,del_object,5,0,0
92690,constant,,wd:Q133118,del_object,5,0,0
93518,constant,,wd:Q133156,del_object,5,0,0
46113,constant,,wd:Q1331793,del_object,5,0,0
40523,constant,,wd:Q133289,del_object,5,0,0
29950,constant,,wd:Q133311,del_object,5,0,0
41183,constant,,wd:Q1335129,del_object,5,0,0
80756,constant,,wd:Q13357858,del_object,5,0,0
32154,constant,,wd:Q13362,del_object,5,0,0
36207,constant,,wd:Q13366129,del_object,5,0,0
87853,constant,,wd:Q13367,del_object,5,0,0
41074,constant,,wd:Q1336872,del_object,5,0,0
96214,constant,,wd:Q13370189,del_object,5,0,0
86620,constant,,wd:Q13373,del_object,5,0,0
85271,constant,,wd:Q13375,del_object,5,0,0
40529,constant,,wd:Q133781,del_object,5,0,0
87574,constant,,wd:Q13381572,del_object,5,0,0
44257,constant,,wd:Q13381863,del_object,5,0,0
48554,constant,,wd:Q13382576,del_object,5,0,0
49033,constant,,wd:Q13382603,del_object,5,0,0
84610,constant,,wd:Q13382608,del_object,5,0,0
30488,constant,,wd:Q13382981,del_object,5,0,0
86712,constant,,wd:Q133879,del_object,5,0,0
30490,constant,,wd:Q13388442,del_object,5,0,0
77503,constant,,wd:Q13390680,del_object,5,0,0
48927,constant,,wd:Q1339195,del_object,5,0,0
88891,constant,,wd:Q133924,del_object,5,0,0
79455,constant,,wd:Q13393265,del_object,5,0,0
40535,constant,,wd:Q134036,del_object,5,0,0
30942,constant,,wd:Q13406463,del_object,5,0,0
29960,constant,,wd:Q13406554,del_object,5,0,0
42948,constant,,wd:Q13406835,del_object,5,0,0
42950,constant,,wd:Q13406849,del_object,5,0,0
42953,constant,,wd:Q13406891,del_object,5,0,0
84938,constant,,wd:Q134091,del_object,5,0,0
36014,constant,,wd:Q13414953,del_object,5,0,0
84985,constant,,wd:Q13415036,del_object,5,0,0
79629,constant,,wd:Q134161,del_object,5,0,0
30460,constant,,wd:Q13417114,del_object,5,0,0
79374,constant,,wd:Q13418253,del_object,5,0,0
49015,constant,,wd:Q13423591,del_object,5,0,0
93253,constant,,wd:Q1343246,del_object,5,0,0
80033,constant,,wd:Q134390,del_object,5,0,0
44117,constant,,wd:Q1344,del_object,5,0,0
33930,constant,,wd:Q13442814,del_object,5,0,0
76343,constant,,wd:Q1344963,del_object,5,0,0
76413,constant,,wd:Q1345,del_object,5,0,0
29983,constant,,wd:Q134556,del_object,5,0,0
92623,constant,,wd:Q1345904,del_object,5,0,0
80350,constant,,wd:Q134635,del_object,5,0,0
93893,constant,,wd:Q135122,del_object,5,0,0
38192,constant,,wd:Q135288,del_object,5,0,0
42380,constant,,wd:Q13568724,del_object,5,0,0
40543,constant,,wd:Q135769,del_object,5,0,0
83218,constant,,wd:Q13582652,del_object,5,0,0
44898,constant,,wd:Q13617,del_object,5,0,0
88674,constant,,wd:Q13626398,del_object,5,0,0
39763,constant,,wd:Q1362956,del_object,5,0,0
86469,constant,,wd:Q1365114,del_object,5,0,0
34538,constant,,wd:Q13653224,del_object,5,0,0
80273,constant,,wd:Q1366112,del_object,5,0,0
41083,constant,,wd:Q1368348,del_object,5,0,0
74485,constant,,wd:Q1370,del_object,5,0,0
84342,constant,,wd:Q1371,del_object,5,0,0
79017,constant,,wd:Q137773,del_object,5,0,0
74998,constant,,wd:Q13785927,del_object,5,0,0
47993,constant,,wd:Q13789518,del_object,5,0,0
85498,constant,,wd:Q138089,del_object,5,0,0
41085,constant,,wd:Q1382545,del_object,5,0,0
76671,constant,,wd:Q1384,del_object,5,0,0
84478,constant,,wd:Q1387,del_object,5,0,0
85116,constant,,wd:Q1391,del_object,5,0,0
80514,constant,,wd:Q1393,del_object,5,0,0
74748,constant,,wd:Q13955,del_object,5,0,0
81583,constant,,wd:Q1397,del_object,5,0,0
79901,constant,,wd:Q1400,del_object,5,0,0
35474,constant,,wd:Q1400264,del_object,5,0,0
32569,constant,,wd:Q1402592,del_object,5,0,0
45356,constant,,wd:Q1406,del_object,5,0,0
30852,constant,,wd:Q14073567,del_object,5,0,0
74783,constant,,wd:Q1408,del_object,5,0,0
35439,constant,,wd:Q14089670,del_object,5,0,0
40564,constant,,wd:Q140970,del_object,5,0,0
32793,constant,,wd:Q1412,del_object,5,0,0
47996,constant,,wd:Q14124496,del_object,5,0,0
88457,constant,,wd:Q14128148,del_object,5,0,0
40586,constant,,wd:Q141307,del_object,5,0,0
47811,constant,,wd:Q1414443,del_object,5,0,0
78805,constant,,wd:Q1415,del_object,5,0,0
92530,constant,,wd:Q1416890,del_object,5,0,0
30653,constant,,wd:Q142,del_object,5,0,0
83614,constant,,wd:Q1420,del_object,5,0,0
78850,constant,,wd:Q14212,del_object,5,0,0
83052,constant,,wd:Q1422,del_object,5,0,0
40590,constant,,wd:Q142326,del_object,5,0,0
85524,constant,,wd:Q1423891,del_object,5,0,0
85185,constant,,wd:Q142552,del_object,5,0,0
35424,constant,,wd:Q1428,del_object,5,0,0
85813,constant,,wd:Q14328,del_object,5,0,0
92727,constant,,wd:Q14349519,del_object,5,0,0
42738,constant,,wd:Q14350,del_object,5,0,0
47671,constant,,wd:Q14387135,del_object,5,0,0
75258,constant,,wd:Q1439,del_object,5,0,0
31982,constant,,wd:Q144,del_object,5,0,0
33030,constant,,wd:Q14406742,del_object,5,0,0
75509,constant,,wd:Q1441346,del_object,5,0,0
37327,constant,,wd:Q14451490,del_object,5,0,0
40601,constant,,wd:Q144576,del_object,5,0,0
79375,constant,,wd:Q14467526,del_object,5,0,0
92416,constant,,wd:Q14489348,del_object,5,0,0
33204,constant,,wd:Q145,del_object,5,0,0
29820,constant,,wd:Q14514600,del_object,5,0,0
42412,constant,,wd:Q14537748,del_object,5,0,0
74334,constant,,wd:Q1454,del_object,5,0,0
43660,constant,,wd:Q14544535,del_object,5,0,0
43661,constant,,wd:Q14544541,del_object,5,0,0
48770,constant,,wd:Q14544563,del_object,5,0,0
48771,constant,,wd:Q14544569,del_object,5,0,0
42809,constant,,wd:Q14544581,del_object,5,0,0
42808,constant,,wd:Q14544582,del_object,5,0,0
37269,constant,,wd:Q14545608,del_object,5,0,0
37271,constant,,wd:Q14545628,del_object,5,0,0
32426,constant,,wd:Q14545639,del_object,5,0,0
37273,constant,,wd:Q14545646,del_object,5,0,0
74323,constant,,wd:Q1456,del_object,5,0,0
38675,constant,,wd:Q14565199,del_object,5,0,0
96024,constant,,wd:Q1459037,del_object,5,0,0
41093,constant,,wd:Q1460935,del_object,5,0,0
40605,constant,,wd:Q146095,del_object,5,0,0
79568,constant,,wd:Q14626626,del_object,5,0,0
32370,constant,,wd:Q1464509,del_object,5,0,0
80031,constant,,wd:Q14649171,del_object,5,0,0
84410,constant,,wd:Q146567,del_object,5,0,0
49244,constant,,wd:Q14659,del_object,5,0,0
45871,constant,,wd:Q14660,del_object,5,0,0
42428,constant,,wd:Q14660135,del_object,5,0,0
45021,constant,,wd:Q1471477,del_object,5,0,0
79916,constant,,wd:Q1472321,del_object,5,0,0
85776,constant,,wd:Q1473276,del_object,5,0,0
42431,constant,,wd:Q14738505,del_object,5,0,0
42851,constant,,wd:Q1474493,del_object,5,0,0
30461,constant,,wd:Q14756018,del_object,5,0,0
77579,constant,,wd:Q1476,del_object,5,0,0
83987,constant,,wd:Q14770218,del_object,5,0,0
74249,constant,,wd:Q1478437,del_object,5,0,0
48748,constant,,wd:Q1478443,del_object,5,0,0
78706,constant,,wd:Q1479,del_object,5,0,0
34824,constant,,wd:Q148,del_object,5,0,0
42433,constant,,wd:Q14817227,del_object,5,0,0
33082,constant,,wd:Q14827288,del_object,5,0,0
49872,constant,,wd:Q14828018,del_object,5,0,0
40612,constant,,wd:Q148336,del_object,5,0,0
40050,constant,,wd:Q14839548,del_object,5,0,0
89783,constant,,wd:Q14852127,del_object,5,0,0
92718,constant,,wd:Q14859873,del_object,5,0,0
36179,constant,,wd:Q14864328,del_object,5,0,0
36177,constant,,wd:Q14864330,del_object,5,0,0
36178,constant,,wd:Q14864331,del_object,5,0,0
89886,constant,,wd:Q14865768,del_object,5,0,0
40378,constant,,wd:Q14870285,del_object,5,0,0
40380,constant,,wd:Q14870298,del_object,5,0,0
40381,constant,,wd:Q14870299,del_object,5,0,0
38479,constant,,wd:Q148837,del_object,5,0,0
33031,constant,,wd:Q14897293,del_object,5,0,0
48164,constant,,wd:Q14915512,del_object,5,0,0
48163,constant,,wd:Q14915515,del_object,5,0,0
48165,constant,,wd:Q14915516,del_object,5,0,0
48166,constant,,wd:Q14915517,del_object,5,0,0
83800,constant,,wd:Q14915627,del_object,5,0,0
76162,constant,,wd:Q1492,del_object,5,0,0
47519,constant,,wd:Q14920391,del_object,5,0,0
47521,constant,,wd:Q14920392,del_object,5,0,0
47522,constant,,wd:Q14920393,del_object,5,0,0
47520,constant,,wd:Q14920394,del_object,5,0,0
35287,constant,,wd:Q14934048,del_object,5,0,0
84358,constant,,wd:Q14936243,del_object,5,0,0
76518,constant,,wd:Q1494,del_object,5,0,0
49910,constant,,wd:Q14943752,del_object,5,0,0
75333,constant,,wd:Q14960,del_object,5,0,0
48744,constant,,wd:Q149621,del_object,5,0,0
33380,constant,,wd:Q1497364,del_object,5,0,0
45088,constant,,wd:Q1497375,del_object,5,0,0
38193,constant,,wd:Q149757,del_object,5,0,0
77382,constant,,wd:Q149789,del_object,5,0,0
76076,constant,,wd:Q149918,del_object,5,0,0
77221,constant,,wd:Q1499623,del_object,5,0,0
87412,constant,,wd:Q1499767,del_object,5,0,0
43928,constant,,wd:Q15,del_object,5,0,0
35555,constant,,wd:Q150,del_object,5,0,0
89950,constant,,wd:Q1500350,del_object,5,0,0
77350,constant,,wd:Q15043775,del_object,5,0,0
33226,constant,,wd:Q15056995,del_object,5,0,0
75753,constant,,wd:Q15060255,del_object,5,0,0
40624,constant,,wd:Q150604,del_object,5,0,0
43957,constant,,wd:Q15061650,del_object,5,0,0
32335,constant,,wd:Q15069452,del_object,5,0,0
83897,constant,,wd:Q15078955,del_object,5,0,0
45872,constant,,wd:Q15079663,del_object,5,0,0
43418,constant,,wd:Q15079786,del_object,5,0,0
37133,constant,,wd:Q15089,del_object,5,0,0
84318,constant,,wd:Q1509,del_object,5,0,0
85313,constant,,wd:Q15091,del_object,5,0,0
36140,constant,,wd:Q15117302,del_object,5,0,0
85014,constant,,wd:Q15125752,del_object,5,0,0
86594,constant,,wd:Q15127012,del_object,5,0,0
37427,constant,,wd:Q15141321,del_object,5,0,0
78867,constant,,wd:Q15149663,del_object,5,0,0
82828,constant,,wd:Q1516079,del_object,5,0,0
85870,constant,,wd:Q15174,del_object,5,0,0
81254,constant,,wd:Q151747,del_object,5,0,0
32349,constant,,wd:Q15180,del_object,5,0,0
77426,constant,,wd:Q1520223,del_object,5,0,0
86781,constant,,wd:Q152081,del_object,5,0,0
77216,constant,,wd:Q1522,del_object,5,0,0
45735,constant,,wd:Q152357,del_object,5,0,0
48530,constant,,wd:Q15238535,del_object,5,0,0
43673,constant,,wd:Q15238609,del_object,5,0,0
38488,constant,,wd:Q15239622,del_object,5,0,0
75710,constant,,wd:Q1524,del_object,5,0,0
84430,constant,,wd:Q15243209,del_object,5,0,0
94140,constant,,wd:Q1524550,del_object,5,0,0
75440,constant,,wd:Q15259995,del_object,5,0,0
75534,constant,,wd:Q1527,del_object,5,0,0
38000,constant,,wd:Q15275719,del_object,5,0,0
44696,constant,,wd:Q15284,del_object,5,0,0
86777,constant,,wd:Q1529096,del_object,5,0,0
83813,constant,,wd:Q15296811,del_object,5,0,0
88672,constant,,wd:Q15304003,del_object,5,0,0
39937,constant,,wd:Q15304597,del_object,5,0,0
89364,constant,,wd:Q153306,del_object,5,0,0
76450,constant,,wd:Q1537,del_object,5,0,0
33984,constant,,wd:Q1539532,del_object,5,0,0
41100,constant,,wd:Q1540893,del_object,5,0,0
29832,constant,,wd:Q15416,del_object,5,0,0
96133,constant,,wd:Q1542668,del_object,5,0,0
82047,constant,,wd:Q154293,del_object,5,0,0
35321,constant,,wd:Q1543615,del_object,5,0,0
81271,constant,,wd:Q1546,del_object,5,0,0
95023,constant,,wd:Q1546995,del_object,5,0,0
79312,constant,,wd:Q15470,del_object,5,0,0
31558,constant,,wd:Q154804,del_object,5,0,0
75994,constant,,wd:Q1549591,del_object,5,0,0
32481,constant,,wd:Q155,del_object,5,0,0
36653,constant,,wd:Q155076,del_object,5,0,0
35870,constant,,wd:Q155239,del_object,5,0,0
80992,constant,,wd:Q1553,del_object,5,0,0
35337,constant,,wd:Q1555508,del_object,5,0,0
41103,constant,,wd:Q1556014,del_object,5,0,0
79027,constant,,wd:Q1558,del_object,5,0,0
86352,constant,,wd:Q156150,del_object,5,0,0
40376,constant,,wd:Q15617994,del_object,5,0,0
30462,constant,,wd:Q15618652,del_object,5,0,0
82132,constant,,wd:Q15621289,del_object,5,0,0
32973,constant,,wd:Q15623926,del_object,5,0,0
30039,constant,,wd:Q15632617,del_object,5,0,0
31092,constant,,wd:Q15642541,del_object,5,0,0
88602,constant,,wd:Q156449,del_object,5,0,0
40627,constant,,wd:Q156533,del_object,5,0,0
81860,constant,,wd:Q156569,del_object,5,0,0
35036,constant,,wd:Q1565911,del_object,5,0,0
42818,constant,,wd:Q156598,del_object,5,0,0
88473,constant,,wd:Q15661340,del_object,5,0,0
40629,constant,,wd:Q156692,del_object,5,0,0
95455,constant,,wd:Q1568434,del_object,5,0,0
47947,constant,,wd:Q1568567,del_object,5,0,0
40630,constant,,wd:Q156901,del_object,5,0,0
42878,constant,,wd:Q15697324,del_object,5,0,0
46285,constant,,wd:Q15700818,del_object,5,0,0
46286,constant,,wd:Q15700831,del_object,5,0,0
46287,constant,,wd:Q15700834,del_object,5,0,0
43383,constant,,wd:Q157031,del_object,5,0,0
43519,constant,,wd:Q15708736,del_object,5,0,0
33644,constant,,wd:Q15711994,del_object,5,0,0
89591,constant,,wd:Q15725677,del_object,5,0,0
75585,constant,,wd:Q15730712,del_object,5,0,0
79369,constant,,wd:Q15731830,del_object,5,0,0
85391,constant,,wd:Q15733003,del_object,5,0,0
40632,constant,,wd:Q157503,del_object,5,0,0
48544,constant,,wd:Q15754720,del_object,5,0,0
45540,constant,,wd:Q157570,del_object,5,0,0
93979,constant,,wd:Q1577547,del_object,5,0,0
83501,constant,,wd:Q15786,del_object,5,0,0
40637,constant,,wd:Q158032,del_object,5,0,0
85980,constant,,wd:Q1581,del_object,5,0,0
45837,constant,,wd:Q15836568,del_object,5,0,0
47746,constant,,wd:Q158454,del_object,5,0,0
83948,constant,,wd:Q158501,del_object,5,0,0
93423,constant,,wd:Q158717,del_object,5,0,0
81326,constant,,wd:Q158852,del_object,5,0,0
84575,constant,,wd:Q1589009,del_object,5,0,0
32350,constant,,wd:Q159,del_object,5,0,0
39639,constant,,wd:Q15911738,del_object,5,0,0
74212,constant,,wd:Q15921732,del_object,5,0,0
78473,constant,,wd:Q15921764,del_object,5,0,0
82338,constant,,wd:Q15930574,del_object,5,0,0
40643,constant,,wd:Q159372,del_object,5,0,0
35761,constant,,wd:Q15944511,del_object,5,0,0
94058,constant,,wd:Q159729,del_object,5,0,0
77316,constant,,wd:Q15974307,del_object,5,0,0
81191,constant,,wd:Q15978299,del_object,5,0,0
31383,constant,,wd:Q15978631,del_object,5,0,0
47801,constant,,wd:Q159821,del_object,5,0,0
74351,constant,,wd:Q15991303,del_object,5,0,0
30841,constant,,wd:Q16,del_object,5,0,0
76543,constant,,wd:Q16002466,del_object,5,0,0
35751,constant,,wd:Q160112,del_object,5,0,0
38304,constant,,wd:Q16017119,del_object,5,0,0
42710,constant,,wd:Q160236,del_object,5,0,0
31370,constant,,wd:Q16029547,del_object,5,0,0
82797,constant,,wd:Q1603,del_object,5,0,0
82030,constant,,wd:Q1605665,del_object,5,0,0
43826,constant,,wd:Q160742,del_object,5,0,0
86039,constant,,wd:Q160927,del_object,5,0,0
85362,constant,,wd:Q1612,del_object,5,0,0
87676,constant,,wd:Q16144,del_object,5,0,0
85896,constant,,wd:Q161491,del_object,5,0,0
42742,constant,,wd:Q1616075,del_object,5,0,0
79112,constant,,wd:Q16162,del_object,5,0,0
81624,constant,,wd:Q161705,del_object,5,0,0
82151,constant,,wd:Q161741,del_object,5,0,0
48828,constant,,wd:Q161885,del_object,5,0,0
40648,constant,,wd:Q162097,del_object,5,0,0
38319,constant,,wd:Q1622272,del_object,5,0,0
81073,constant,,wd:Q1624461,del_object,5,0,0
45541,constant,,wd:Q162875,del_object,5,0,0
29822,constant,,wd:Q16334295,del_object,5,0,0
81331,constant,,wd:Q163534,del_object,5,0,0
35854,constant,,wd:Q163740,del_object,5,0,0
75995,constant,,wd:Q1637706,del_object,5,0,0
82482,constant,,wd:Q163948,del_object,5,0,0
96113,constant,,wd:Q1641836,del_object,5,0,0
76275,constant,,wd:Q16428906,del_object,5,0,0
43636,constant,,wd:Q16438244,del_object,5,0,0
44667,constant,,wd:Q164597,del_object,5,0,0
84759,constant,,wd:Q1649,del_object,5,0,0
30452,constant,,wd:Q164950,del_object,5,0,0
37334,constant,,wd:Q165,del_object,5,0,0
47601,constant,,wd:Q1650915,del_object,5,0,0
31182,constant,,wd:Q16510064,del_object,5,0,0
35024,constant,,wd:Q16517556,del_object,5,0,0
30002,constant,,wd:Q16521,del_object,5,0,0
40655,constant,,wd:Q165260,del_object,5,0,0
81203,constant,,wd:Q16556,del_object,5,0,0
82875,constant,,wd:Q16560,del_object,5,0,0
38448,constant,,wd:Q166118,del_object,5,0,0
37246,constant,,wd:Q166142,del_object,5,0,0
85484,constant,,wd:Q166196,del_object,5,0,0
37792,constant,,wd:Q16645086,del_object,5,0,0
45097,constant,,wd:Q1664720,del_object,5,0,0
37786,constant,,wd:Q1670336,del_object,5,0,0
35230,constant,,wd:Q167037,del_object,5,0,0
48246,constant,,wd:Q16707842,del_object,5,0,0
40121,constant,,wd:Q167270,del_object,5,0,0
88040,constant,,wd:Q167273,del_object,5,0,0
34715,constant,,wd:Q167346,del_object,5,0,0
36735,constant,,wd:Q16739336,del_object,5,0,0
85808,constant,,wd:Q1675463,del_object,5,0,0
76229,constant,,wd:Q167874,del_object,5,0,0
48985,constant,,wd:Q16831714,del_object,5,0,0
85373,constant,,wd:Q16868070,del_object,5,0,0
81676,constant,,wd:Q16869,del_object,5,0,0
47826,constant,,wd:Q16887380,del_object,5,0,0
74477,constant,,wd:Q16889133,del_object,5,0,0
39341,constant,,wd:Q16917,del_object,5,0,0
35340,constant,,wd:Q169336,del_object,5,0,0
82475,constant,,wd:Q16947657,del_object,5,0,0
75312,constant,,wd:Q16957,del_object,5,0,0
79454,constant,,wd:Q169661,del_object,5,0,0
32638,constant,,wd:Q16970,del_object,5,0,0
48363,constant,,wd:Q169872,del_object,5,0,0
29984,constant,,wd:Q169930,del_object,5,0,0
39818,constant,,wd:Q17,del_object,5,0,0
44551,constant,,wd:Q1700481,del_object,5,0,0
38481,constant,,wd:Q170156,del_object,5,0,0
32641,constant,,wd:Q170584,del_object,5,0,0
48102,constant,,wd:Q170758,del_object,5,0,0
82960,constant,,wd:Q171150,del_object,5,0,0
35571,constant,,wd:Q171318,del_object,5,0,0
79383,constant,,wd:Q171357,del_object,5,0,0
42716,constant,,wd:Q171441,del_object,5,0,0
39171,constant,,wd:Q17146139,del_object,5,0,0
48710,constant,,wd:Q17149090,del_object,5,0,0
42518,constant,,wd:Q17166772,del_object,5,0,0
43951,constant,,wd:Q17167,del_object,5,0,0
81330,constant,,wd:Q171689,del_object,5,0,0
76238,constant,,wd:Q171852,del_object,5,0,0
85775,constant,,wd:Q1720,del_object,5,0,0
33579,constant,,wd:Q172579,del_object,5,0,0
76530,constant,,wd:Q1726,del_object,5,0,0
97982,constant,,wd:Q17272482,del_object,5,0,0
42533,constant,,wd:Q17286905,del_object,5,0,0
39233,constant,,wd:Q17297633,del_object,5,0,0
77639,constant,,wd:Q173,del_object,5,0,0
77318,constant,,wd:Q1731,del_object,5,0,0
86770,constant,,wd:Q1731155,del_object,5,0,0
43384,constant,,wd:Q17329259,del_object,5,0,0
80781,constant,,wd:Q1733,del_object,5,0,0
30154,constant,,wd:Q17339814,del_object,5,0,0
49063,constant,,wd:Q1734,del_object,5,0,0
85104,constant,,wd:Q17343829,del_object,5,0,0
77613,constant,,wd:Q1735,del_object,5,0,0
35699,constant,,wd:Q17350442,del_object,5,0,0
38740,constant,,wd:Q17362920,del_object,5,0,0
80078,constant,,wd:Q173756,del_object,5,0,0
30032,constant,,wd:Q17376908,del_object,5,0,0
86188,constant,,wd:Q173813,del_object,5,0,0
75705,constant,,wd:Q174,del_object,5,0,0
75783,constant,,wd:Q1741,del_object,5,0,0
33205,constant,,wd:Q174193,del_object,5,0,0
35020,constant,,wd:Q1744024,del_object,5,0,0
74210,constant,,wd:Q17442446,del_object,5,0,0
30504,constant,,wd:Q17451,del_object,5,0,0
76893,constant,,wd:Q174736,del_object,5,0,0
38402,constant,,wd:Q174782,del_object,5,0,0
93800,constant,,wd:Q17489143,del_object,5,0,0
33882,constant,,wd:Q17489659,del_object,5,0,0
83660,constant,,wd:Q1749269,del_object,5,0,0
86971,constant,,wd:Q17497,del_object,5,0,0
88326,constant,,wd:Q17505902,del_object,5,0,0
34597,constant,,wd:Q1750705,del_object,5,0,0
82508,constant,,wd:Q175129,del_object,5,0,0
80237,constant,,wd:Q175151,del_object,5,0,0
35281,constant,,wd:Q17516936,del_object,5,0,0
76864,constant,,wd:Q17517379,del_object,5,0,0
80690,constant,,wd:Q17523984,del_object,5,0,0
81312,constant,,wd:Q17535155,del_object,5,0,0
35539,constant,,wd:Q17537576,del_object,5,0,0
75456,constant,,wd:Q1754,del_object,5,0,0
49251,constant,,wd:Q17553950,del_object,5,0,0
43103,constant,,wd:Q17558136,del_object,5,0,0
76953,constant,,wd:Q1757,del_object,5,0,0
41125,constant,,wd:Q1757703,del_object,5,0,0
79290,constant,,wd:Q1761,del_object,5,0,0
38630,constant,,wd:Q1762059,del_object,5,0,0
49017,constant,,wd:Q176251,del_object,5,0,0
87024,constant,,wd:Q17633526,del_object,5,0,0
83474,constant,,wd:Q1763527,del_object,5,0,0
43549,constant,,wd:Q176799,del_object,5,0,0
49016,constant,,wd:Q17698911,del_object,5,0,0
95855,constant,,wd:Q17701409,del_object,5,0,0
38170,constant,,wd:Q177220,del_object,5,0,0
76415,constant,,wd:Q1781,del_object,5,0,0
48984,constant,,wd:Q1785071,del_object,5,0,0
49616,constant,,wd:Q178561,del_object,5,0,0
84555,constant,,wd:Q17865069,del_object,5,0,0
37906,constant,,wd:Q178706,del_object,5,0,0
87722,constant,,wd:Q1787111,del_object,5,0,0
86874,constant,,wd:Q1788716,del_object,5,0,0
32405,constant,,wd:Q178885,del_object,5,0,0
86686,constant,,wd:Q179049,del_object,5,0,0
78709,constant,,wd:Q1792,del_object,5,0,0
46374,constant,,wd:Q1792159,del_object,5,0,0
47909,constant,,wd:Q1792644,del_object,5,0,0
80075,constant,,wd:Q179351,del_object,5,0,0
76356,constant,,wd:Q1794,del_object,5,0,0
39862,constant,,wd:Q179700,del_object,5,0,0
44947,constant,,wd:Q179876,del_object,5,0,0
80019,constant,,wd:Q1799,del_object,5,0,0
88554,constant,,wd:Q1799072,del_object,5,0,0
43929,constant,,wd:Q18,del_object,5,0,0
74775,constant,,wd:Q180,del_object,5,0,0
83477,constant,,wd:Q18001597,del_object,5,0,0
86667,constant,,wd:Q18011418,del_object,5,0,0
79467,constant,,wd:Q18012526,del_object,5,0,0
81544,constant,,wd:Q18012535,del_object,5,0,0
82209,constant,,wd:Q18013783,del_object,5,0,0
48385,constant,,wd:Q18015642,del_object,5,0,0
48386,constant,,wd:Q18018860,del_object,5,0,0
87576,constant,,wd:Q1802801,del_object,5,0,0
79154,constant,,wd:Q18029644,del_object,5,0,0
76974,constant,,wd:Q18042461,del_object,5,0,0
87339,constant,,wd:Q180445,del_object,5,0,0
75356,constant,,wd:Q18057751,del_object,5,0,0
39548,constant,,wd:Q180684,del_object,5,0,0
86619,constant,,wd:Q180788,del_object,5,0,0
82621,constant,,wd:Q18094,del_object,5,0,0
37037,constant,,wd:Q18127,del_object,5,0,0
34440,constant,,wd:Q18131152,del_object,5,0,0
48851,constant,,wd:Q181348,del_object,5,0,0
80022,constant,,wd:Q18145837,del_object,5,0,0
35322,constant,,wd:Q1814990,del_object,5,0,0
83949,constant,,wd:Q18177333,del_object,5,0,0
78157,constant,,wd:Q18190448,del_object,5,0,0
87763,constant,,wd:Q18201505,del_object,5,0,0
95456,constant,,wd:Q1820897,del_object,5,0,0
83715,constant,,wd:Q18216057,del_object,5,0,0
38482,constant,,wd:Q182547,del_object,5,0,0
35407,constant,,wd:Q1825472,del_object,5,0,0
84114,constant,,wd:Q182872,del_object,5,0,0
29996,constant,,wd:Q183,del_object,5,0,0
76585,constant,,wd:Q18340514,del_object,5,0,0
77156,constant,,wd:Q183487,del_object,5,0,0
75358,constant,,wd:Q183945,del_object,5,0,0
29757,constant,,wd:Q184,del_object,5,0,0
46137,constant,,wd:Q1841,del_object,5,0,0
82896,constant,,wd:Q184163,del_object,5,0,0
33390,constant,,wd:Q184188,del_object,5,0,0
83723,constant,,wd:Q18419,del_object,5,0,0
45298,constant,,wd:Q184558,del_object,5,0,0
96016,constant,,wd:Q1848918,del_object,5,0,0
45642,constant,,wd:Q18510612,del_object,5,0,0
87002,constant,,wd:Q185134,del_object,5,0,0
35871,constant,,wd:Q185187,del_object,5,0,0
33391,constant,,wd:Q18524218,del_object,5,0,0
39214,constant,,wd:Q1852859,del_object,5,0,0
77496,constant,,wd:Q18536594,del_object,5,0,0
41147,constant,,wd:Q1856753,del_object,5,0,0
76833,constant,,wd:Q185836,del_object,5,0,0
33497,constant,,wd:Q1860,del_object,5,0,0
94407,constant,,wd:Q18600731,del_object,5,0,0
42958,constant,,wd:Q18600785,del_object,5,0,0
84859,constant,,wd:Q18607899,del_object,5,0,0
77208,constant,,wd:Q18608583,del_object,5,0,0
74893,constant,,wd:Q186096,del_object,5,0,0
30766,constant,,wd:Q18616576,del_object,5,0,0
45407,constant,,wd:Q18621601,del_object,5,0,0
83049,constant,,wd:Q18624259,del_object,5,0,0
86515,constant,,wd:Q18656,del_object,5,0,0
94938,constant,,wd:Q18663566,del_object,5,0,0
45722,constant,,wd:Q18665330,del_object,5,0,0
45723,constant,,wd:Q18665334,del_object,5,0,0
45724,constant,,wd:Q18665339,del_object,5,0,0
37159,constant,,wd:Q18674739,del_object,5,0,0
89819,constant,,wd:Q186946,del_object,5,0,0
40660,constant,,wd:Q187014,del_object,5,0,0
30864,constant,,wd:Q18702210,del_object,5,0,0
88299,constant,,wd:Q18721,del_object,5,0,0
37336,constant,,wd:Q187223,del_object,5,0,0
79061,constant,,wd:Q187346,del_object,5,0,0
49125,constant,,wd:Q187588,del_object,5,0,0
88328,constant,,wd:Q18761202,del_object,5,0,0
35520,constant,,wd:Q188,del_object,5,0,0
95739,constant,,wd:Q188143,del_object,5,0,0
77547,constant,,wd:Q18844224,del_object,5,0,0
36796,constant,,wd:Q188451,del_object,5,0,0
48745,constant,,wd:Q188509,del_object,5,0,0
89225,constant,,wd:Q18867465,del_object,5,0,0
83755,constant,,wd:Q188712,del_object,5,0,0
36271,constant,,wd:Q188740,del_object,5,0,0
85124,constant,,wd:Q188984,del_object,5,0,0
30654,constant,,wd:Q189,del_object,5,0,0
36304,constant,,wd:Q189004,del_object,5,0,0
78909,constant,,wd:Q1891,del_object,5,0,0
45287,constant,,wd:Q18915989,del_object,5,0,0
88720,constant,,wd:Q189288,del_object,5,0,0
40476,constant,,wd:Q18952,del_object,5,0,0
36475,constant,,wd:Q189533,del_object,5,0,0
44109,constant,,wd:Q189567,del_object,5,0,0
41154,constant,,wd:Q1896675,del_object,5,0,0
43469,constant,,wd:Q189760,del_object,5,0,0
75275,constant,,wd:Q1899,del_object,5,0,0
49230,constant,,wd:Q189962,del_object,5,0,0
81249,constant,,wd:Q19020,del_object,5,0,0
75107,constant,,wd:Q1904,del_object,5,0,0
88361,constant,,wd:Q190429,del_object,5,0,0
83499,constant,,wd:Q1907114,del_object,5,0,0
83469,constant,,wd:Q190804,del_object,5,0,0
82932,constant,,wd:Q190943,del_object,5,0,0
32937,constant,,wd:Q191,del_object,5,0,0
36506,constant,,wd:Q191067,del_object,5,0,0
41155,constant,,wd:Q1911170,del_object,5,0,0
33277,constant,,wd:Q1914636,del_object,5,0,0
82159,constant,,wd:Q19184926,del_object,5,0,0
86177,constant,,wd:Q19204627,del_object,5,0,0
83221,constant,,wd:Q1920728,del_object,5,0,0
75555,constant,,wd:Q192287,del_object,5,0,0
45737,constant,,wd:Q1922956,del_object,5,0,0
84406,constant,,wd:Q192299,del_object,5,0,0
87113,constant,,wd:Q1925963,del_object,5,0,0
44710,constant,,wd:Q192601,del_object,5,0,0
92421,constant,,wd:Q192864,del_object,5,0,0
95905,constant,,wd:Q1928672,del_object,5,0,0
30438,constant,,wd:Q1930187,del_object,5,0,0
37028,constant,,wd:Q19305384,del_object,5,0,0
94393,constant,,wd:Q1931024,del_object,5,0,0
89473,constant,,wd:Q193407,del_object,5,0,0
46170,constant,,wd:Q19346745,del_object,5,0,0
47532,constant,,wd:Q193564,del_object,5,0,0
49460,constant,,wd:Q193622,del_object,5,0,0
85437,constant,,wd:Q193638,del_object,5,0,0
45685,constant,,wd:Q19389637,del_object,5,0,0
81242,constant,,wd:Q1939370,del_object,5,0,0
34717,constant,,wd:Q194195,del_object,5,0,0
49076,constant,,wd:Q194203,del_object,5,0,0
87649,constant,,wd:Q194420,del_object,5,0,0
41525,constant,,wd:Q1944939,del_object,5,0,0
41526,constant,,wd:Q1945822,del_object,5,0,0
89649,constant,,wd:Q19470,del_object,5,0,0
95976,constant,,wd:Q19473,del_object,5,0,0
29779,constant,,wd:Q19474404,del_object,5,0,0
86518,constant,,wd:Q19481,del_object,5,0,0
35784,constant,,wd:Q1948674,del_object,5,0,0
41531,constant,,wd:Q1949541,del_object,5,0,0
86064,constant,,wd:Q19498,del_object,5,0,0
86519,constant,,wd:Q19500,del_object,5,0,0
87580,constant,,wd:Q1952033,del_object,5,0,0
83059,constant,,wd:Q1952852,del_object,5,0,0
49344,constant,,wd:Q19558910,del_object,5,0,0
88993,constant,,wd:Q19589,del_object,5,0,0
36871,constant,,wd:Q1964689,del_object,5,0,0
34996,constant,,wd:Q196600,del_object,5,0,0
45089,constant,,wd:Q1967614,del_object,5,0,0
75560,constant,,wd:Q19692233,del_object,5,0,0
81080,constant,,wd:Q1969345,del_object,5,0,0
38112,constant,,wd:Q19723444,del_object,5,0,0
75112,constant,,wd:Q1974,del_object,5,0,0
48995,constant,,wd:Q198,del_object,5,0,0
30264,constant,,wd:Q1980247,del_object,5,0,0
30996,constant,,wd:Q1983062,del_object,5,0,0
78459,constant,,wd:Q1985538,del_object,5,0,0
50168,constant,,wd:Q19860854,del_object,5,0,0
82402,constant,,wd:Q19887878,del_object,5,0,0
48772,constant,,wd:Q19887923,del_object,5,0,0
48774,constant,,wd:Q19887925,del_object,5,0,0
48778,constant,,wd:Q19887932,del_object,5,0,0
43662,constant,,wd:Q19887954,del_object,5,0,0
43663,constant,,wd:Q19887955,del_object,5,0,0
43669,constant,,wd:Q19887964,del_object,5,0,0
43670,constant,,wd:Q19887965,del_object,5,0,0
42811,constant,,wd:Q19887985,del_object,5,0,0
42810,constant,,wd:Q19887987,del_object,5,0,0
37793,constant,,wd:Q19888339,del_object,5,0,0
37798,constant,,wd:Q19888422,del_object,5,0,0
39363,constant,,wd:Q19888517,del_object,5,0,0
39365,constant,,wd:Q19888562,del_object,5,0,0
39367,constant,,wd:Q19888591,del_object,5,0,0
33521,constant,,wd:Q19891,del_object,5,0,0
33522,constant,,wd:Q19892,del_object,5,0,0
45745,constant,,wd:Q19916539,del_object,5,0,0
40662,constant,,wd:Q199251,del_object,5,0,0
86450,constant,,wd:Q19953632,del_object,5,0,0
47932,constant,,wd:Q19988329,del_object,5,0,0
31453,constant,,wd:Q2,del_object,5,0,0
30649,constant,,wd:Q20,del_object,5,0,0
32808,constant,,wd:Q200,del_object,5,0,0
36450,constant,,wd:Q2001305,del_object,5,0,0
77313,constant,,wd:Q200250,del_object,5,0,0
48321,constant,,wd:Q20037067,del_object,5,0,0
43524,constant,,wd:Q200547,del_object,5,0,0
33462,constant,,wd:Q2005755,del_object,5,0,0
34541,constant,,wd:Q20058666,del_object,5,0,0
88122,constant,,wd:Q2006279,del_object,5,0,0
40283,constant,,wd:Q20074337,del_object,5,0,0
89902,constant,,wd:Q200779,del_object,5,0,0
32809,constant,,wd:Q201,del_object,5,0,0
76244,constant,,wd:Q2012050,del_object,5,0,0
47849,constant,,wd:Q201469,del_object,5,0,0
37787,constant,,wd:Q2015138,del_object,5,0,0
81264,constant,,wd:Q201658,del_object,5,0,0
30435,constant,,wd:Q201788,del_object,5,0,0
93435,constant,,wd:Q2018386,del_object,5,0,0
81589,constant,,wd:Q2023000,del_object,5,0,0
45736,constant,,wd:Q202466,del_object,5,0,0
74466,constant,,wd:Q202686,del_object,5,0,0
37537,constant,,wd:Q202866,del_object,5,0,0
92553,constant,,wd:Q203,del_object,5,0,0
85125,constant,,wd:Q203384,del_object,5,0,0
44158,constant,,wd:Q2039348,del_object,5,0,0
48343,constant,,wd:Q204179,del_object,5,0,0
78539,constant,,wd:Q2044,del_object,5,0,0
44668,constant,,wd:Q204481,del_object,5,0,0
89756,constant,,wd:Q204613,del_object,5,0,0
82488,constant,,wd:Q204622,del_object,5,0,0
76848,constant,,wd:Q204632,del_object,5,0,0
88981,constant,,wd:Q2051997,del_object,5,0,0
82836,constant,,wd:Q2052,del_object,5,0,0
89719,constant,,wd:Q205295,del_object,5,0,0
33505,constant,,wd:Q205355,del_object,5,0,0
78803,constant,,wd:Q20540385,del_object,5,0,0
41577,constant,,wd:Q2056201,del_object,5,0,0
86642,constant,,wd:Q205679,del_object,5,0,0
34050,constant,,wd:Q2057971,del_object,5,0,0
34423,constant,,wd:Q2061186,del_object,5,0,0
84292,constant,,wd:Q2061957,del_object,5,0,0
86730,constant,,wd:Q206312,del_object,5,0,0
88472,constant,,wd:Q206381,del_object,5,0,0
46634,constant,,wd:Q20639847,del_object,5,0,0
33132,constant,,wd:Q20643955,del_object,5,0,0
35668,constant,,wd:Q20644795,del_object,5,0,0
35670,constant,,wd:Q20644796,del_object,5,0,0
35671,constant,,wd:Q20644797,del_object,5,0,0
93474,constant,,wd:Q20646667,del_object,5,0,0
93395,constant,,wd:Q20646670,del_object,5,0,0
40220,constant,,wd:Q2065736,del_object,5,0,0
45235,constant,,wd:Q2066131,del_object,5,0,0
83588,constant,,wd:Q206615,del_object,5,0,0
39867,constant,,wd:Q20667187,del_object,5,0,0
45704,constant,,wd:Q20672087,del_object,5,0,0
45707,constant,,wd:Q20672088,del_object,5,0,0
45708,constant,,wd:Q20672089,del_object,5,0,0
45705,constant,,wd:Q20672090,del_object,5,0,0
45706,constant,,wd:Q20672091,del_object,5,0,0
76725,constant,,wd:Q206763,del_object,5,0,0
82902,constant,,wd:Q206988,del_object,5,0,0
49435,constant,,wd:Q2069919,del_object,5,0,0
40666,constant,,wd:Q206998,del_object,5,0,0
88360,constant,,wd:Q20719696,del_object,5,0,0
88670,constant,,wd:Q2072238,del_object,5,0,0
39308,constant,,wd:Q20732405,del_object,5,0,0
36667,constant,,wd:Q207326,del_object,5,0,0
86062,constant,,wd:Q2074,del_object,5,0,0
45146,constant,,wd:Q20747146,del_object,5,0,0
81729,constant,,wd:Q20747295,del_object,5,0,0
38700,constant,,wd:Q2074737,del_object,5,0,0
32402,constant,,wd:Q207628,del_object,5,0,0
33393,constant,,wd:Q207694,del_object,5,0,0
46580,constant,,wd:Q207766,del_object,5,0,0
29817,constant,,wd:Q207869,del_object,5,0,0
35585,constant,,wd:Q2079150,del_object,5,0,0
49533,constant,,wd:Q207961,del_object,5,0,0
75432,constant,,wd:Q208175,del_object,5,0,0
41584,constant,,wd:Q2082228,del_object,5,0,0
87165,constant,,wd:Q208511,del_object,5,0,0
31660,constant,,wd:Q2085381,del_object,5,0,0
86328,constant,,wd:Q20871353,del_object,5,0,0
30656,constant,,wd:Q2088357,del_object,5,0,0
80775,constant,,wd:Q208850,del_object,5,0,0
37166,constant,,wd:Q209163,del_object,5,0,0
75729,constant,,wd:Q2093070,del_object,5,0,0
31448,constant,,wd:Q2095,del_object,5,0,0
82489,constant,,wd:Q209549,del_object,5,0,0
86803,constant,,wd:Q2096,del_object,5,0,0
40667,constant,,wd:Q209602,del_object,5,0,0
35683,constant,,wd:Q209939,del_object,5,0,0
44216,constant,,wd:Q210081,del_object,5,0,0
32536,constant,,wd:Q21014462,del_object,5,0,0
44079,constant,,wd:Q210167,del_object,5,0,0
34149,constant,,wd:Q21025364,del_object,5,0,0
40208,constant,,wd:Q210272,del_object,5,0,0
44588,constant,,wd:Q21029893,del_object,5,0,0
79462,constant,,wd:Q2103,del_object,5,0,0
49875,constant,,wd:Q21032547,del_object,5,0,0
49876,constant,,wd:Q21032552,del_object,5,0,0
33900,constant,,wd:Q210392,del_object,5,0,0
86893,constant,,wd:Q210661,del_object,5,0,0
82490,constant,,wd:Q210720,del_object,5,0,0
37377,constant,,wd:Q211,del_object,5,0,0
45522,constant,,wd:Q211005,del_object,5,0,0
33509,constant,,wd:Q211265,del_object,5,0,0
96017,constant,,wd:Q211477,del_object,5,0,0
35880,constant,,wd:Q211503,del_object,5,0,0
35466,constant,,wd:Q21191019,del_object,5,0,0
31005,constant,,wd:Q21191270,del_object,5,0,0
85907,constant,,wd:Q21198,del_object,5,0,0
38149,constant,,wd:Q212,del_object,5,0,0
79640,constant,,wd:Q21203,del_object,5,0,0
87930,constant,,wd:Q21208,del_object,5,0,0
89490,constant,,wd:Q212198,del_object,5,0,0
82113,constant,,wd:Q212238,del_object,5,0,0
30291,constant,,wd:Q21286738,del_object,5,0,0
48801,constant,,wd:Q21290864,del_object,5,0,0
34267,constant,,wd:Q213,del_object,5,0,0
48717,constant,,wd:Q213441,del_object,5,0,0
48064,constant,,wd:Q2134665,del_object,5,0,0
37819,constant,,wd:Q2136103,del_object,5,0,0
49019,constant,,wd:Q213934,del_object,5,0,0
33642,constant,,wd:Q214,del_object,5,0,0
79203,constant,,wd:Q2140,del_object,5,0,0
78542,constant,,wd:Q2141,del_object,5,0,0
95904,constant,,wd:Q214252,del_object,5,0,0
78712,constant,,wd:Q2145,del_object,5,0,0
39227,constant,,wd:Q214519,del_object,5,0,0
30474,constant,,wd:Q214609,del_object,5,0,0
48458,constant,,wd:Q21469493,del_object,5,0,0
41840,constant,,wd:Q2147082,del_object,5,0,0
43972,constant,,wd:Q214867,del_object,5,0,0
75268,constant,,wd:Q214917,del_object,5,0,0
37777,constant,,wd:Q215,del_object,5,0,0
29747,constant,,wd:Q21502404,del_object,5,0,0
29770,constant,,wd:Q21502410,del_object,5,0,0
29860,constant,,wd:Q21510865,del_object,5,0,0
74328,constant,,wd:Q21518270,del_object,5,0,0
32972,constant,,wd:Q215380,del_object,5,0,0
81849,constant,,wd:Q215536,del_object,5,0,0
29818,constant,,wd:Q215627,del_object,5,0,0
30594,constant,,wd:Q21571488,del_object,5,0,0
81666,constant,,wd:Q216048,del_object,5,0,0
87850,constant,,wd:Q2163153,del_object,5,0,0
44534,constant,,wd:Q216353,del_object,5,0,0
87945,constant,,wd:Q21672098,del_object,5,0,0
35004,constant,,wd:Q216866,del_object,5,0,0
35158,constant,,wd:Q216916,del_object,5,0,0
95736,constant,,wd:Q21694746,del_object,5,0,0
46066,constant,,wd:Q217,del_object,5,0,0
40671,constant,,wd:Q217478,del_object,5,0,0
42788,constant,,wd:Q2177636,del_object,5,0,0
34064,constant,,wd:Q218,del_object,5,0,0
41844,constant,,wd:Q2183754,del_object,5,0,0
49752,constant,,wd:Q21869758,del_object,5,0,0
33599,constant,,wd:Q21874050,del_object,5,0,0
29958,constant,,wd:Q2188189,del_object,5,0,0
46065,constant,,wd:Q219,del_object,5,0,0
45523,constant,,wd:Q219127,del_object,5,0,0
45774,constant,,wd:Q219538,del_object,5,0,0
79559,constant,,wd:Q2198484,del_object,5,0,0
94448,constant,,wd:Q219980,del_object,5,0,0
38699,constant,,wd:Q220,del_object,5,0,0
42739,constant,,wd:Q220505,del_object,5,0,0
49255,constant,,wd:Q220659,del_object,5,0,0
35573,constant,,wd:Q2207288,del_object,5,0,0
46068,constant,,wd:Q221,del_object,5,0,0
83406,constant,,wd:Q2215841,del_object,5,0,0
80030,constant,,wd:Q221978,del_object,5,0,0
46067,constant,,wd:Q222,del_object,5,0,0
30423,constant,,wd:Q2221906,del_object,5,0,0
79491,constant,,wd:Q2225692,del_object,5,0,0
35684,constant,,wd:Q222910,del_object,5,0,0
75162,constant,,wd:Q223,del_object,5,0,0
87431,constant,,wd:Q223286,del_object,5,0,0
35347,constant,,wd:Q223393,del_object,5,0,0
41851,constant,,wd:Q2234462,del_object,5,0,0
49376,constant,,wd:Q2235308,del_object,5,0,0
30475,constant,,wd:Q223557,del_object,5,0,0
40480,constant,,wd:Q22364,del_object,5,0,0
75233,constant,,wd:Q223832,del_object,5,0,0
29819,constant,,wd:Q2239243,del_object,5,0,0
46070,constant,,wd:Q224,del_object,5,0,0
46071,constant,,wd:Q225,del_object,5,0,0
41858,constant,,wd:Q2253527,del_object,5,0,0
76417,constant,,wd:Q2256,del_object,5,0,0
45074,constant,,wd:Q2259451,del_object,5,0,0
93511,constant,,wd:Q2261792,del_object,5,0,0
96008,constant,,wd:Q2264864,del_object,5,0,0
77315,constant,,wd:Q2264924,del_object,5,0,0
89218,constant,,wd:Q22651,del_object,5,0,0
44664,constant,,wd:Q22652,del_object,5,0,0
34123,constant,,wd:Q22667,del_object,5,0,0
84786,constant,,wd:Q22671,del_object,5,0,0
31217,constant,,wd:Q226730,del_object,5,0,0
35489,constant,,wd:Q22675015,del_object,5,0,0
86060,constant,,wd:Q22687,del_object,5,0,0
83722,constant,,wd:Q22690,del_object,5,0,0
38399,constant,,wd:Q22698,del_object,5,0,0
46069,constant,,wd:Q227,del_object,5,0,0
88297,constant,,wd:Q22731,del_object,5,0,0
95094,constant,,wd:Q2276661,del_object,5,0,0
43950,constant,,wd:Q2277,del_object,5,0,0
37818,constant,,wd:Q227936,del_object,5,0,0
77200,constant,,wd:Q228,del_object,5,0,0
78713,constant,,wd:Q2280,del_object,5,0,0
94963,constant,,wd:Q228145,del_object,5,0,0
76156,constant,,wd:Q22865,del_object,5,0,0
45327,constant,,wd:Q229,del_object,5,0,0
49753,constant,,wd:Q22927616,del_object,5,0,0
49136,constant,,wd:Q22934992,del_object,5,0,0
49137,constant,,wd:Q22935012,del_object,5,0,0
49138,constant,,wd:Q22935029,del_object,5,0,0
49139,constant,,wd:Q22935045,del_object,5,0,0
49140,constant,,wd:Q22935060,del_object,5,0,0
88908,constant,,wd:Q22936940,del_object,5,0,0
49789,constant,,wd:Q22950320,del_object,5,0,0
82233,constant,,wd:Q22988604,del_object,5,0,0
85296,constant,,wd:Q22996476,del_object,5,0,0
33263,constant,,wd:Q22998436,del_object,5,0,0
37878,constant,,wd:Q230,del_object,5,0,0
87428,constant,,wd:Q23002039,del_object,5,0,0
83666,constant,,wd:Q23002054,del_object,5,0,0
76747,constant,,wd:Q2300236,del_object,5,0,0
82154,constant,,wd:Q230127,del_object,5,0,0
30457,constant,,wd:Q2301325,del_object,5,0,0
49143,constant,,wd:Q23014451,del_object,5,0,0
49145,constant,,wd:Q23014453,del_object,5,0,0
49147,constant,,wd:Q23014457,del_object,5,0,0
88121,constant,,wd:Q230262,del_object,5,0,0
41866,constant,,wd:Q2302897,del_object,5,0,0
80802,constant,,wd:Q23038290,del_object,5,0,0
49729,constant,,wd:Q23038972,del_object,5,0,0
83584,constant,,wd:Q23058,del_object,5,0,0
97788,constant,,wd:Q23058136,del_object,5,0,0
85005,constant,,wd:Q23079,del_object,5,0,0
37885,constant,,wd:Q2309784,del_object,5,0,0
29951,constant,,wd:Q231002,del_object,5,0,0
84622,constant,,wd:Q23109,del_object,5,0,0
81594,constant,,wd:Q23111,del_object,5,0,0
86877,constant,,wd:Q23115,del_object,5,0,0
78804,constant,,wd:Q23148,del_object,5,0,0
81935,constant,,wd:Q23154,del_object,5,0,0
83602,constant,,wd:Q23169,del_object,5,0,0
46072,constant,,wd:Q232,del_object,5,0,0
76789,constant,,wd:Q23204,del_object,5,0,0
85515,constant,,wd:Q23276,del_object,5,0,0
48750,constant,,wd:Q233,del_object,5,0,0
91175,constant,,wd:Q2334148,del_object,5,0,0
87110,constant,,wd:Q233591,del_object,5,0,0
94426,constant,,wd:Q2338259,del_object,5,0,0
49093,constant,,wd:Q23392,del_object,5,0,0
37332,constant,,wd:Q23397,del_object,5,0,0
40202,constant,,wd:Q23402,del_object,5,0,0
80798,constant,,wd:Q23413,del_object,5,0,0
85741,constant,,wd:Q2341654,del_object,5,0,0
32570,constant,,wd:Q23442,del_object,5,0,0
37801,constant,,wd:Q23444,del_object,5,0,0
33531,constant,,wd:Q234460,del_object,5,0,0
77322,constant,,wd:Q23482,del_object,5,0,0
38201,constant,,wd:Q234870,del_object,5,0,0
39001,constant,,wd:Q2352616,del_object,5,0,0
30087,constant,,wd:Q235557,del_object,5,0,0
77638,constant,,wd:Q23556,del_object,5,0,0
89400,constant,,wd:Q235715,del_object,5,0,0
46073,constant,,wd:Q236,del_object,5,0,0
79104,constant,,wd:Q23622,del_object,5,0,0
96006,constant,,wd:Q2362660,del_object,5,0,0
49585,constant,,wd:Q23649983,del_object,5,0,0
95950,constant,,wd:Q2365880,del_object,5,0,0
85452,constant,,wd:Q236680,del_object,5,0,0
45738,constant,,wd:Q2367101,del_object,5,0,0
85158,constant,,wd:Q2369287,del_object,5,0,0
46045,constant,,wd:Q2370000,del_object,5,0,0
37419,constant,,wd:Q23712,del_object,5,0,0
94612,constant,,wd:Q23726798,del_object,5,0,0
45524,constant,,wd:Q237350,del_object,5,0,0
48336,constant,,wd:Q23786,del_object,5,0,0
39860,constant,,wd:Q23790322,del_object,5,0,0
30450,constant,,wd:Q2382443,del_object,5,0,0
35514,constant,,wd:Q23830578,del_object,5,0,0
41886,constant,,wd:Q2383656,del_object,5,0,0
98185,constant,,wd:Q23838648,del_object,5,0,0
37434,constant,,wd:Q2385804,del_object,5,0,0
95852,constant,,wd:Q238587,del_object,5,0,0
80772,constant,,wd:Q238723,del_object,5,0,0
45037,constant,,wd:Q23882,del_object,5,0,0
76536,constant,,wd:Q23894233,del_object,5,0,0
77939,constant,,wd:Q2389789,del_object,5,0,0
82105,constant,,wd:Q239043,del_object,5,0,0
87351,constant,,wd:Q23927052,del_object,5,0,0
36265,constant,,wd:Q239303,del_object,5,0,0
46755,constant,,wd:Q23931115,del_object,5,0,0
46756,constant,,wd:Q23931119,del_object,5,0,0
46745,constant,,wd:Q23931121,del_object,5,0,0
46746,constant,,wd:Q23931124,del_object,5,0,0
46748,constant,,wd:Q23931130,del_object,5,0,0
46749,constant,,wd:Q23931131,del_object,5,0,0
41889,constant,,wd:Q2398348,del_object,5,0,0
39162,constant,,wd:Q2403675,del_object,5,0,0
86608,constant,,wd:Q24046192,del_object,5,0,0
47692,constant,,wd:Q2405480,del_object,5,0,0
37496,constant,,wd:Q241,del_object,5,0,0
36980,constant,,wd:Q241317,del_object,5,0,0
38291,constant,,wd:Q24192067,del_object,5,0,0
38293,constant,,wd:Q24192069,del_object,5,0,0
77983,constant,,wd:Q242,del_object,5,0,0
95271,constant,,wd:Q242108,del_object,5,0,0
33003,constant,,wd:Q2424752,del_object,5,0,0
76253,constant,,wd:Q243133,del_object,5,0,0
81474,constant,,wd:Q24354,del_object,5,0,0
75096,constant,,wd:Q244,del_object,5,0,0
89388,constant,,wd:Q244452,del_object,5,0,0
81101,constant,,wd:Q2446033,del_object,5,0,0
82149,constant,,wd:Q245546,del_object,5,0,0
37820,constant,,wd:Q2455704,del_object,5,0,0
36188,constant,,wd:Q245596,del_object,5,0,0
38244,constant,,wd:Q24633474,del_object,5,0,0
35338,constant,,wd:Q24634210,del_object,5,0,0
79581,constant,,wd:Q24639,del_object,5,0,0
49032,constant,,wd:Q246672,del_object,5,0,0
84683,constant,,wd:Q247073,del_object,5,0,0
29952,constant,,wd:Q2472587,del_object,5,0,0
43453,constant,,wd:Q24746,del_object,5,0,0
43454,constant,,wd:Q24764,del_object,5,0,0
40684,constant,,wd:Q247836,del_object,5,0,0
41980,constant,,wd:Q2479682,del_object,5,0,0
76168,constant,,wd:Q24826,del_object,5,0,0
33308,constant,,wd:Q2485448,del_object,5,0,0
30994,constant,,wd:Q24856,del_object,5,0,0
32820,constant,,wd:Q24862,del_object,5,0,0
81325,constant,,wd:Q24869,del_object,5,0,0
39030,constant,,wd:Q2490839,del_object,5,0,0
48925,constant,,wd:Q249556,del_object,5,0,0
81105,constant,,wd:Q2499127,del_object,5,0,0
83386,constant,,wd:Q2514025,del_object,5,0,0
80238,constant,,wd:Q2516866,del_object,5,0,0
34173,constant,,wd:Q252,del_object,5,0,0
30311,constant,,wd:Q25231,del_object,5,0,0
31302,constant,,wd:Q2526255,del_object,5,0,0
36674,constant,,wd:Q25276,del_object,5,0,0
43913,constant,,wd:Q25295,del_object,5,0,0
77651,constant,,wd:Q253019,del_object,5,0,0
76481,constant,,wd:Q25308,del_object,5,0,0
89611,constant,,wd:Q25312,del_object,5,0,0
78722,constant,,wd:Q25319,del_object,5,0,0
74194,constant,,wd:Q2532287,del_object,5,0,0
86706,constant,,wd:Q25341,del_object,5,0,0
43606,constant,,wd:Q253623,del_object,5,0,0
34462,constant,,wd:Q25379,del_object,5,0,0
80963,constant,,wd:Q25400,del_object,5,0,0
86145,constant,,wd:Q25410,del_object,5,0,0
94148,constant,,wd:Q2542010,del_object,5,0,0
37518,constant,,wd:Q25503887,del_object,5,0,0
87826,constant,,wd:Q2555896,del_object,5,0,0
49819,constant,,wd:Q256020,del_object,5,0,0
77371,constant,,wd:Q25607,del_object,5,0,0
88228,constant,,wd:Q256463,del_object,5,0,0
41994,constant,,wd:Q2566619,del_object,5,0,0
41995,constant,,wd:Q2568982,del_object,5,0,0
41997,constant,,wd:Q2570239,del_object,5,0,0
82575,constant,,wd:Q257391,del_object,5,0,0
45677,constant,,wd:Q2576663,del_object,5,0,0
82554,constant,,wd:Q257780,del_object,5,0,0
37482,constant,,wd:Q258,del_object,5,0,0
81564,constant,,wd:Q2580456,del_object,5,0,0
81108,constant,,wd:Q2580968,del_object,5,0,0
37233,constant,,wd:Q25833,del_object,5,0,0
74295,constant,,wd:Q2590631,del_object,5,0,0
86856,constant,,wd:Q2593777,del_object,5,0,0
79107,constant,,wd:Q26,del_object,5,0,0
45066,constant,,wd:Q2608849,del_object,5,0,0
83055,constant,,wd:Q2609,del_object,5,0,0
83470,constant,,wd:Q260913,del_object,5,0,0
81109,constant,,wd:Q2612318,del_object,5,0,0
82576,constant,,wd:Q261543,del_object,5,0,0
81838,constant,,wd:Q2616791,del_object,5,0,0
42737,constant,,wd:Q262,del_object,5,0,0
46741,constant,,wd:Q26204053,del_object,5,0,0
79492,constant,,wd:Q26211545,del_object,5,0,0
78444,constant,,wd:Q26213387,del_object,5,0,0
48511,constant,,wd:Q262166,del_object,5,0,0
82925,constant,,wd:Q2624417,del_object,5,0,0
42010,constant,,wd:Q2627457,del_object,5,0,0
42011,constant,,wd:Q2628493,del_object,5,0,0
42780,constant,,wd:Q262882,del_object,5,0,0
81196,constant,,wd:Q2634,del_object,5,0,0
43538,constant,,wd:Q2635894,del_object,5,0,0
83468,constant,,wd:Q2643128,del_object,5,0,0
46117,constant,,wd:Q2643890,del_object,5,0,0
45746,constant,,wd:Q26449910,del_object,5,0,0
82558,constant,,wd:Q264645,del_object,5,0,0
46058,constant,,wd:Q265,del_object,5,0,0
42013,constant,,wd:Q2655455,del_object,5,0,0
48682,constant,,wd:Q2658935,del_object,5,0,0
32278,constant,,wd:Q2668072,del_object,5,0,0
46529,constant,,wd:Q26708076,del_object,5,0,0
40692,constant,,wd:Q267766,del_object,5,0,0
81463,constant,,wd:Q2680952,del_object,5,0,0
95955,constant,,wd:Q26840222,del_object,5,0,0
43658,constant,,wd:Q268592,del_object,5,0,0
40693,constant,,wd:Q268597,del_object,5,0,0
88965,constant,,wd:Q26884649,del_object,5,0,0
80351,constant,,wd:Q26887310,del_object,5,0,0
38202,constant,,wd:Q269415,del_object,5,0,0
37631,constant,,wd:Q2695280,del_object,5,0,0
88020,constant,,wd:Q26971668,del_object,5,0,0
42027,constant,,wd:Q2698575,del_object,5,0,0
49951,constant,,wd:Q269949,del_object,5,0,0
30262,constant,,wd:Q27,del_object,5,0,0
42029,constant,,wd:Q2700686,del_object,5,0,0
33177,constant,,wd:Q27020041,del_object,5,0,0
86987,constant,,wd:Q270230,del_object,5,0,0
42031,constant,,wd:Q2703245,del_object,5,0,0
81471,constant,,wd:Q27046,del_object,5,0,0
42039,constant,,wd:Q2708290,del_object,5,0,0
42057,constant,,wd:Q2708462,del_object,5,0,0
42060,constant,,wd:Q2709465,del_object,5,0,0
40983,constant,,wd:Q2714202,del_object,5,0,0
32851,constant,,wd:Q271534,del_object,5,0,0
48766,constant,,wd:Q271669,del_object,5,0,0
30331,constant,,wd:Q27169,del_object,5,0,0
40986,constant,,wd:Q2717836,del_object,5,0,0
40987,constant,,wd:Q2720003,del_object,5,0,0
86344,constant,,wd:Q272208,del_object,5,0,0
37789,constant,,wd:Q2730433,del_object,5,0,0
34047,constant,,wd:Q273057,del_object,5,0,0
39833,constant,,wd:Q2736,del_object,5,0,0
40432,constant,,wd:Q2738074,del_object,5,0,0
40990,constant,,wd:Q2742139,del_object,5,0,0
46192,constant,,wd:Q2750108,del_object,5,0,0
31384,constant,,wd:Q27510868,del_object,5,0,0
82491,constant,,wd:Q275118,del_object,5,0,0
82231,constant,,wd:Q27554534,del_object,5,0,0
84168,constant,,wd:Q27555384,del_object,5,0,0
43439,constant,,wd:Q276,del_object,5,0,0
43927,constant,,wd:Q27611,del_object,5,0,0
40696,constant,,wd:Q276595,del_object,5,0,0
42900,constant,,wd:Q27676416,del_object,5,0,0
42905,constant,,wd:Q27676428,del_object,5,0,0
33940,constant,,wd:Q27686,del_object,5,0,0
86694,constant,,wd:Q277338,del_object,5,0,0
32086,constant,,wd:Q277759,del_object,5,0,0
45747,constant,,wd:Q27790873,del_object,5,0,0
45526,constant,,wd:Q278113,del_object,5,0,0
81118,constant,,wd:Q2782104,del_object,5,0,0
31915,constant,,wd:Q27834918,del_object,5,0,0
81120,constant,,wd:Q2786011,del_object,5,0,0
76352,constant,,wd:Q278835,del_object,5,0,0
84311,constant,,wd:Q2790054,del_object,5,0,0
33178,constant,,wd:Q27968055,del_object,5,0,0
34667,constant,,wd:Q279749,del_object,5,0,0
83595,constant,,wd:Q279818,del_object,5,0,0
49743,constant,,wd:Q27995042,del_object,5,0,0
42934,constant,,wd:Q28,del_object,5,0,0
32724,constant,,wd:Q28020127,del_object,5,0,0
48733,constant,,wd:Q28045079,del_object,5,0,0
88617,constant,,wd:Q28045665,del_object,5,0,0
45748,constant,,wd:Q28050380,del_object,5,0,0
40995,constant,,wd:Q2806221,del_object,5,0,0
77123,constant,,wd:Q280658,del_object,5,0,0
75580,constant,,wd:Q2807,del_object,5,0,0
46276,constant,,wd:Q28147634,del_object,5,0,0
47832,constant,,wd:Q28147636,del_object,5,0,0
39357,constant,,wd:Q28149961,del_object,5,0,0
86449,constant,,wd:Q2829505,del_object,5,0,0
88601,constant,,wd:Q28319,del_object,5,0,0
87829,constant,,wd:Q2831984,del_object,5,0,0
76263,constant,,wd:Q28373319,del_object,5,0,0
82358,constant,,wd:Q2844,del_object,5,0,0
74391,constant,,wd:Q28457,del_object,5,0,0
88961,constant,,wd:Q28478883,del_object,5,0,0
45898,constant,,wd:Q285181,del_object,5,0,0
46681,constant,,wd:Q28564,del_object,5,0,0
40699,constant,,wd:Q286026,del_object,5,0,0
35471,constant,,wd:Q28640,del_object,5,0,0
95762,constant,,wd:Q2864737,del_object,5,0,0
38171,constant,,wd:Q2865819,del_object,5,0,0
41011,constant,,wd:Q2866420,del_object,5,0,0
41013,constant,,wd:Q2872596,del_object,5,0,0
47673,constant,,wd:Q28737006,del_object,5,0,0
87380,constant,,wd:Q288,del_object,5,0,0
35346,constant,,wd:Q28823,del_object,5,0,0
39165,constant,,wd:Q28836794,del_object,5,0,0
44972,constant,,wd:Q28872924,del_object,5,0,0
37821,constant,,wd:Q2889003,del_object,5,0,0
45750,constant,,wd:Q28961883,del_object,5,0,0
45751,constant,,wd:Q28962042,del_object,5,0,0
83393,constant,,wd:Q2897866,del_object,5,0,0
33352,constant,,wd:Q29,del_object,5,0,0
40706,constant,,wd:Q290354,del_object,5,0,0
36490,constant,,wd:Q29042997,del_object,5,0,0
86972,constant,,wd:Q29108,del_object,5,0,0
81251,constant,,wd:Q29112,del_object,5,0,0
80445,constant,,wd:Q291447,del_object,5,0,0
77668,constant,,wd:Q291471,del_object,5,0,0
46585,constant,,wd:Q29167278,del_object,5,0,0
75305,constant,,wd:Q29168811,del_object,5,0,0
35259,constant,,wd:Q29182,del_object,5,0,0
41025,constant,,wd:Q2918873,del_object,5,0,0
77614,constant,,wd:Q292034,del_object,5,0,0
87997,constant,,wd:Q29234,del_object,5,0,0
78134,constant,,wd:Q292691,del_object,5,0,0
86616,constant,,wd:Q29303,del_object,5,0,0
91247,constant,,wd:Q29385989,del_object,5,0,0
91249,constant,,wd:Q29414133,del_object,5,0,0
41028,constant,,wd:Q2943924,del_object,5,0,0
43685,constant,,wd:Q294414,del_object,5,0,0
79487,constant,,wd:Q29496,del_object,5,0,0
98199,constant,,wd:Q29517555,del_object,5,0,0
78801,constant,,wd:Q29520,del_object,5,0,0
89258,constant,,wd:Q29555881,del_object,5,0,0
75768,constant,,wd:Q2958359,del_object,5,0,0
46294,constant,,wd:Q2977,del_object,5,0,0
46083,constant,,wd:Q298,del_object,5,0,0
30980,constant,,wd:Q2983474,del_object,5,0,0
46535,constant,,wd:Q2983893,del_object,5,0,0
41032,constant,,wd:Q2984595,del_object,5,0,0
49751,constant,,wd:Q2989454,del_object,5,0,0
41033,constant,,wd:Q2993514,del_object,5,0,0
45056,constant,,wd:Q2996394,del_object,5,0,0
39828,constant,,wd:Q29999,del_object,5,0,0
30008,constant,,wd:Q30,del_object,5,0,0
41036,constant,,wd:Q3004758,del_object,5,0,0
45147,constant,,wd:Q30108476,del_object,5,0,0
42960,constant,,wd:Q30146803,del_object,5,0,0
77124,constant,,wd:Q30185,del_object,5,0,0
38487,constant,,wd:Q3024240,del_object,5,0,0
48201,constant,,wd:Q303139,del_object,5,0,0
78509,constant,,wd:Q30340,del_object,5,0,0
74933,constant,,wd:Q303618,del_object,5,0,0
46040,constant,,wd:Q3039938,del_object,5,0,0
42770,constant,,wd:Q30432511,del_object,5,0,0
92161,constant,,wd:Q3044768,del_object,5,0,0
47571,constant,,wd:Q3044918,del_object,5,0,0
32273,constant,,wd:Q3046146,del_object,5,0,0
35026,constant,,wd:Q30676307,del_object,5,0,0
80229,constant,,wd:Q3068,del_object,5,0,0
84116,constant,,wd:Q3093,del_object,5,0,0
38326,constant,,wd:Q309314,del_object,5,0,0
76351,constant,,wd:Q30974,del_object,5,0,0
46251,constant,,wd:Q3098283,del_object,5,0,0
32542,constant,,wd:Q31,del_object,5,0,0
48734,constant,,wd:Q31028314,del_object,5,0,0
48735,constant,,wd:Q31028835,del_object,5,0,0
40724,constant,,wd:Q310438,del_object,5,0,0
79431,constant,,wd:Q310890,del_object,5,0,0
40728,constant,,wd:Q310911,del_object,5,0,0
40729,constant,,wd:Q310927,del_object,5,0,0
31838,constant,,wd:Q311,del_object,5,0,0
40732,constant,,wd:Q311148,del_object,5,0,0
49391,constant,,wd:Q3113478,del_object,5,0,0
40733,constant,,wd:Q311373,del_object,5,0,0
40737,constant,,wd:Q312154,del_object,5,0,0
84389,constant,,wd:Q3126128,del_object,5,0,0
84816,constant,,wd:Q3139,del_object,5,0,0
45897,constant,,wd:Q3146899,del_object,5,0,0
76027,constant,,wd:Q31487,del_object,5,0,0
81648,constant,,wd:Q3154693,del_object,5,0,0
45140,constant,,wd:Q31629,del_object,5,0,0
88904,constant,,wd:Q3165397,del_object,5,0,0
33190,constant,,wd:Q31747,del_object,5,0,0
35659,constant,,wd:Q318,del_object,5,0,0
43532,constant,,wd:Q3181348,del_object,5,0,0
49967,constant,,wd:Q3184121,del_object,5,0,0
83120,constant,,wd:Q31855,del_object,5,0,0
92551,constant,,wd:Q3186904,del_object,5,0,0
92457,constant,,wd:Q3186912,del_object,5,0,0
79175,constant,,wd:Q3191695,del_object,5,0,0
46063,constant,,wd:Q32,del_object,5,0,0
41189,constant,,wd:Q3203049,del_object,5,0,0
74450,constant,,wd:Q3206,del_object,5,0,0
76595,constant,,wd:Q3220391,del_object,5,0,0
74451,constant,,wd:Q3224,del_object,5,0,0
40181,constant,,wd:Q3226599,del_object,5,0,0
42681,constant,,wd:Q3231690,del_object,5,0,0
74452,constant,,wd:Q3235,del_object,5,0,0
37822,constant,,wd:Q3238261,del_object,5,0,0
45528,constant,,wd:Q3245245,del_object,5,0,0
88631,constant,,wd:Q3249,del_object,5,0,0
82039,constant,,wd:Q32494,del_object,5,0,0
35899,constant,,wd:Q3249551,del_object,5,0,0
29954,constant,,wd:Q3254959,del_object,5,0,0
37371,constant,,wd:Q3257686,del_object,5,0,0
37790,constant,,wd:Q3257809,del_object,5,0,0
74453,constant,,wd:Q3258,del_object,5,0,0
93890,constant,,wd:Q326309,del_object,5,0,0
87379,constant,,wd:Q326827,del_object,5,0,0
94885,constant,,wd:Q327149,del_object,5,0,0
43774,constant,,wd:Q327245,del_object,5,0,0
78508,constant,,wd:Q3273004,del_object,5,0,0
37907,constant,,wd:Q327333,del_object,5,0,0
77541,constant,,wd:Q3276175,del_object,5,0,0
41286,constant,,wd:Q3280744,del_object,5,0,0
87714,constant,,wd:Q32880,del_object,5,0,0
40285,constant,,wd:Q329439,del_object,5,0,0
33441,constant,,wd:Q33,del_object,5,0,0
32301,constant,,wd:Q3305213,del_object,5,0,0
44221,constant,,wd:Q33146,del_object,5,0,0
32324,constant,,wd:Q33146843,del_object,5,0,0
49393,constant,,wd:Q3314851,del_object,5,0,0
90452,constant,,wd:Q3319478,del_object,5,0,0
41299,constant,,wd:Q3320241,del_object,5,0,0
31768,constant,,wd:Q3320413,del_object,5,0,0
35574,constant,,wd:Q3320743,del_object,5,0,0
33317,constant,,wd:Q33231,del_object,5,0,0
45306,constant,,wd:Q3330103,del_object,5,0,0
31434,constant,,wd:Q3331189,del_object,5,0,0
89609,constant,,wd:Q3334,del_object,5,0,0
45233,constant,,wd:Q333515,del_object,5,0,0
43586,constant,,wd:Q33384,del_object,5,0,0
45683,constant,,wd:Q334,del_object,5,0,0
86314,constant,,wd:Q3342,del_object,5,0,0
30830,constant,,wd:Q33506,del_object,5,0,0
49394,constant,,wd:Q3352252,del_object,5,0,0
87321,constant,,wd:Q3354,del_object,5,0,0
87018,constant,,wd:Q3357,del_object,5,0,0
41302,constant,,wd:Q3359354,del_object,5,0,0
48226,constant,,wd:Q336,del_object,5,0,0
83364,constant,,wd:Q336144,del_object,5,0,0
79607,constant,,wd:Q336286,del_object,5,0,0
40741,constant,,wd:Q336963,del_object,5,0,0
38587,constant,,wd:Q33742,del_object,5,0,0
87101,constant,,wd:Q3374262,del_object,5,0,0
39452,constant,,wd:Q337526,del_object,5,0,0
38205,constant,,wd:Q337535,del_object,5,0,0
40308,constant,,wd:Q337567,del_object,5,0,0
81197,constant,,wd:Q3376,del_object,5,0,0
40456,constant,,wd:Q33837,del_object,5,0,0
31304,constant,,wd:Q3387717,del_object,5,0,0
32852,constant,,wd:Q339014,del_object,5,0,0
81867,constant,,wd:Q3391743,del_object,5,0,0
42776,constant,,wd:Q33946,del_object,5,0,0
82827,constant,,wd:Q3395121,del_object,5,0,0
31309,constant,,wd:Q33999,del_object,5,0,0
31891,constant,,wd:Q34,del_object,5,0,0
74977,constant,,wd:Q340,del_object,5,0,0
88251,constant,,wd:Q34023,del_object,5,0,0
39638,constant,,wd:Q34038,del_object,5,0,0
31513,constant,,wd:Q3409032,del_object,5,0,0
42871,constant,,wd:Q341,del_object,5,0,0
83384,constant,,wd:Q3410,del_object,5,0,0
77041,constant,,wd:Q34217,del_object,5,0,0
32351,constant,,wd:Q34266,del_object,5,0,0
74457,constant,,wd:Q34366,del_object,5,0,0
80996,constant,,wd:Q3437,del_object,5,0,0
36681,constant,,wd:Q34442,del_object,5,0,0
38241,constant,,wd:Q34467,del_object,5,0,0
43620,constant,,wd:Q34480001,del_object,5,0,0
43621,constant,,wd:Q34480057,del_object,5,0,0
43417,constant,,wd:Q34508,del_object,5,0,0
41323,constant,,wd:Q3461459,del_object,5,0,0
85169,constant,,wd:Q34627,del_object,5,0,0
31136,constant,,wd:Q3464665,del_object,5,0,0
36015,constant,,wd:Q34651,del_object,5,0,0
41324,constant,,wd:Q3472461,del_object,5,0,0
31156,constant,,wd:Q34740,del_object,5,0,0
85366,constant,,wd:Q34763,del_object,5,0,0
35288,constant,,wd:Q34770,del_object,5,0,0
79465,constant,,wd:Q3480335,del_object,5,0,0
33265,constant,,wd:Q349,del_object,5,0,0
86135,constant,,wd:Q3491915,del_object,5,0,0
81138,constant,,wd:Q3499350,del_object,5,0,0
39049,constant,,wd:Q35,del_object,5,0,0
77361,constant,,wd:Q3504085,del_object,5,0,0
78848,constant,,wd:Q35047,del_object,5,0,0
32655,constant,,wd:Q35127,del_object,5,0,0
93390,constant,,wd:Q3521441,del_object,5,0,0
34987,constant,,wd:Q35409,del_object,5,0,0
43748,constant,,wd:Q35497,del_object,5,0,0
94186,constant,,wd:Q3550864,del_object,5,0,0
46781,constant,,wd:Q35509,del_object,5,0,0
32551,constant,,wd:Q355304,del_object,5,0,0
35572,constant,,wd:Q355567,del_object,5,0,0
76869,constant,,wd:Q3558970,del_object,5,0,0
43401,constant,,wd:Q35637,del_object,5,0,0
32452,constant,,wd:Q35657,del_object,5,0,0
38278,constant,,wd:Q3565868,del_object,5,0,0
41336,constant,,wd:Q3570206,del_object,5,0,0
74390,constant,,wd:Q35715,del_object,5,0,0
80618,constant,,wd:Q35760,del_object,5,0,0
38270,constant,,wd:Q357685,del_object,5,0,0
48198,constant,,wd:Q35798,del_object,5,0,0
42943,constant,,wd:Q358,del_object,5,0,0
36679,constant,,wd:Q358078,del_object,5,0,0
86981,constant,,wd:Q3595959,del_object,5,0,0
36220,constant,,wd:Q36,del_object,5,0,0
74459,constant,,wd:Q36074,del_object,5,0,0
30433,constant,,wd:Q36180,del_object,5,0,0
31362,constant,,wd:Q3624078,del_object,5,0,0
43382,constant,,wd:Q36279,del_object,5,0,0
76017,constant,,wd:Q3630,del_object,5,0,0
43137,constant,,wd:Q36396,del_object,5,0,0
82848,constant,,wd:Q36471,del_object,5,0,0
40275,constant,,wd:Q36510,del_object,5,0,0
44769,constant,,wd:Q3658341,del_object,5,0,0
87250,constant,,wd:Q3658608,del_object,5,0,0
37817,constant,,wd:Q36602,del_object,5,0,0
76171,constant,,wd:Q36647,del_object,5,0,0
31126,constant,,wd:Q3665646,del_object,5,0,0
74460,constant,,wd:Q36687,del_object,5,0,0
75790,constant,,wd:Q36704,del_object,5,0,0
38206,constant,,wd:Q368215,del_object,5,0,0
37083,constant,,wd:Q36834,del_object,5,0,0
40745,constant,,wd:Q368955,del_object,5,0,0
33641,constant,,wd:Q37,del_object,5,0,0
79109,constant,,wd:Q3700011,del_object,5,0,0
35064,constant,,wd:Q371280,del_object,5,0,0
96194,constant,,wd:Q371803,del_object,5,0,0
80104,constant,,wd:Q37226,del_object,5,0,0
41360,constant,,wd:Q3734125,del_object,5,0,0
87333,constant,,wd:Q37351,del_object,5,0,0
39901,constant,,wd:Q37517,del_object,5,0,0
81059,constant,,wd:Q378120,del_object,5,0,0
80638,constant,,wd:Q37836,del_object,5,0,0
48158,constant,,wd:Q378427,del_object,5,0,0
84174,constant,,wd:Q37853,del_object,5,0,0
87494,constant,,wd:Q378622,del_object,5,0,0
30650,constant,,wd:Q38,del_object,5,0,0
76857,constant,,wd:Q38022,del_object,5,0,0
31113,constant,,wd:Q38033430,del_object,5,0,0
41161,constant,,wd:Q3804892,del_object,5,0,0
95977,constant,,wd:Q3816953,del_object,5,0,0
41164,constant,,wd:Q3828260,del_object,5,0,0
76419,constant,,wd:Q38283,del_object,5,0,0
84476,constant,,wd:Q383092,del_object,5,0,0
48390,constant,,wd:Q384515,del_object,5,0,0
76172,constant,,wd:Q38511,del_object,5,0,0
37591,constant,,wd:Q385405,del_object,5,0,0
84643,constant,,wd:Q385468,del_object,5,0,0
82837,constant,,wd:Q38568,del_object,5,0,0
39886,constant,,wd:Q3863,del_object,5,0,0
40209,constant,,wd:Q386426,del_object,5,0,0
29795,constant,,wd:Q386724,del_object,5,0,0
84356,constant,,wd:Q386854,del_object,5,0,0
49104,constant,,wd:Q38720,del_object,5,0,0
42752,constant,,wd:Q38723,del_object,5,0,0
31988,constant,,wd:Q388,del_object,5,0,0
37976,constant,,wd:Q38829,del_object,5,0,0
78100,constant,,wd:Q38872,del_object,5,0,0
30244,constant,,wd:Q3895768,del_object,5,0,0
30651,constant,,wd:Q39,del_object,5,0,0
80750,constant,,wd:Q39121,del_object,5,0,0
35807,constant,,wd:Q3914,del_object,5,0,0
44540,constant,,wd:Q3917681,del_object,5,0,0
36309,constant,,wd:Q3918,del_object,5,0,0
45715,constant,,wd:Q39201,del_object,5,0,0
40573,constant,,wd:Q39275,del_object,5,0,0
89126,constant,,wd:Q3943414,del_object,5,0,0
82093,constant,,wd:Q3947,del_object,5,0,0
85182,constant,,wd:Q394701,del_object,5,0,0
48854,constant,,wd:Q39486269,del_object,5,0,0
82498,constant,,wd:Q3950,del_object,5,0,0
45213,constant,,wd:Q3953107,del_object,5,0,0
79565,constant,,wd:Q3955,del_object,5,0,0
75575,constant,,wd:Q3957,del_object,5,0,0
37335,constant,,wd:Q39594,del_object,5,0,0
37564,constant,,wd:Q3960,del_object,5,0,0
31072,constant,,wd:Q39614,del_object,5,0,0
75473,constant,,wd:Q39631,del_object,5,0,0
39910,constant,,wd:Q3965313,del_object,5,0,0
41210,constant,,wd:Q3966622,del_object,5,0,0
35552,constant,,wd:Q39715,del_object,5,0,0
39911,constant,,wd:Q3978005,del_object,5,0,0
77558,constant,,wd:Q398,del_object,5,0,0
38150,constant,,wd:Q398141,del_object,5,0,0
86052,constant,,wd:Q39816,del_object,5,0,0
48942,constant,,wd:Q39875001,del_object,5,0,0
46059,constant,,wd:Q399,del_object,5,0,0
75423,constant,,wd:Q3992,del_object,5,0,0
43348,constant,,wd:Q4,del_object,5,0,0
30652,constant,,wd:Q40,del_object,5,0,0
95615,constant,,wd:Q4002659,del_object,5,0,0
86866,constant,,wd:Q40030,del_object,5,0,0
35803,constant,,wd:Q40056,del_object,5,0,0
48416,constant,,wd:Q4006,del_object,5,0,0
88880,constant,,wd:Q40080,del_object,5,0,0
75427,constant,,wd:Q4009406,del_object,5,0,0
86964,constant,,wd:Q4018,del_object,5,0,0
33500,constant,,wd:Q40218,del_object,5,0,0
37076,constant,,wd:Q4022,del_object,5,0,0
34100,constant,,wd:Q40231,del_object,5,0,0
88151,constant,,wd:Q40244,del_object,5,0,0
37094,constant,,wd:Q403,del_object,5,0,0
78643,constant,,wd:Q4032432,del_object,5,0,0
76203,constant,,wd:Q40348,del_object,5,0,0
43124,constant,,wd:Q40357,del_object,5,0,0
93759,constant,,wd:Q4041880,del_object,5,0,0
76223,constant,,wd:Q40637,del_object,5,0,0
33288,constant,,wd:Q408,del_object,5,0,0
90496,constant,,wd:Q4084290,del_object,5,0,0
84402,constant,,wd:Q408804,del_object,5,0,0
83808,constant,,wd:Q40898,del_object,5,0,0
90572,constant,,wd:Q4090681,del_object,5,0,0
79441,constant,,wd:Q4093,del_object,5,0,0
39454,constant,,wd:Q41,del_object,5,0,0
31484,constant,,wd:Q41176,del_object,5,0,0
84317,constant,,wd:Q41185,del_object,5,0,0
41251,constant,,wd:Q4121093,del_object,5,0,0
41252,constant,,wd:Q4123974,del_object,5,0,0
33446,constant,,wd:Q41253,del_object,5,0,0
91106,constant,,wd:Q4125820,del_object,5,0,0
32565,constant,,wd:Q41298,del_object,5,0,0
83370,constant,,wd:Q413,del_object,5,0,0
75281,constant,,wd:Q41323,del_object,5,0,0
79355,constant,,wd:Q41329,del_object,5,0,0
36240,constant,,wd:Q414,del_object,5,0,0
82938,constant,,wd:Q4144610,del_object,5,0,0
75439,constant,,wd:Q41466,del_object,5,0,0
38695,constant,,wd:Q41487,del_object,5,0,0
47882,constant,,wd:Q41554,del_object,5,0,0
80785,constant,,wd:Q41604,del_object,5,0,0
32377,constant,,wd:Q4164871,del_object,5,0,0
30117,constant,,wd:Q4167410,del_object,5,0,0
30118,constant,,wd:Q4167836,del_object,5,0,0
91201,constant,,wd:Q4169648,del_object,5,0,0
29948,constant,,wd:Q41710,del_object,5,0,0
82849,constant,,wd:Q41753,del_object,5,0,0
33463,constant,,wd:Q4176708,del_object,5,0,0
37483,constant,,wd:Q419,del_object,5,0,0
45307,constant,,wd:Q4198907,del_object,5,0,0
74766,constant,,wd:Q420,del_object,5,0,0
90200,constant,,wd:Q4214041,del_object,5,0,0
81575,constant,,wd:Q42168,del_object,5,0,0
95946,constant,,wd:Q42195,del_object,5,0,0
80678,constant,,wd:Q422062,del_object,5,0,0
83620,constant,,wd:Q4220917,del_object,5,0,0
46060,constant,,wd:Q423,del_object,5,0,0
38245,constant,,wd:Q42328566,del_object,5,0,0
32846,constant,,wd:Q4233718,del_object,5,0,0
76608,constant,,wd:Q424,del_object,5,0,0
76295,constant,,wd:Q42462,del_object,5,0,0
36496,constant,,wd:Q427087,del_object,5,0,0
35302,constant,,wd:Q427626,del_object,5,0,0
36616,constant,,wd:Q427961,del_object,5,0,0
77758,constant,,wd:Q428047,del_object,5,0,0
41267,constant,,wd:Q4290323,del_object,5,0,0
37784,constant,,wd:Q429220,del_object,5,0,0
86203,constant,,wd:Q42948,del_object,5,0,0
39264,constant,,wd:Q42973,del_object,5,0,0
76668,constant,,wd:Q42998,del_object,5,0,0
36704,constant,,wd:Q43,del_object,5,0,0
49374,constant,,wd:Q430682,del_object,5,0,0
76252,constant,,wd:Q43115,del_object,5,0,0
35042,constant,,wd:Q431289,del_object,5,0,0
80410,constant,,wd:Q43196,del_object,5,0,0
84133,constant,,wd:Q43199,del_object,5,0,0
32850,constant,,wd:Q43200,del_object,5,0,0
29784,constant,,wd:Q43229,del_object,5,0,0
79131,constant,,wd:Q43238,del_object,5,0,0
79420,constant,,wd:Q43287,del_object,5,0,0
79597,constant,,wd:Q43310,del_object,5,0,0
86738,constant,,wd:Q43382,del_object,5,0,0
92167,constant,,wd:Q4339282,del_object,5,0,0
39091,constant,,wd:Q43445,del_object,5,0,0
48114,constant,,wd:Q43450,del_object,5,0,0
78819,constant,,wd:Q43453,del_object,5,0,0
34719,constant,,wd:Q43501,del_object,5,0,0
38491,constant,,wd:Q43702,del_object,5,0,0
92761,constant,,wd:Q4370645,del_object,5,0,0
75977,constant,,wd:Q4373598,del_object,5,0,0
75981,constant,,wd:Q4373603,del_object,5,0,0
84407,constant,,wd:Q43788,del_object,5,0,0
37521,constant,,wd:Q43874039,del_object,5,0,0
34990,constant,,wd:Q4387609,del_object,5,0,0
85267,constant,,wd:Q43934,del_object,5,0,0
85129,constant,,wd:Q4414033,del_object,5,0,0
45177,constant,,wd:Q44148,del_object,5,0,0
85561,constant,,wd:Q44160,del_object,5,0,0
95947,constant,,wd:Q4423781,del_object,5,0,0
38400,constant,,wd:Q44377,del_object,5,0,0
37238,constant,,wd:Q4438121,del_object,5,0,0
80097,constant,,wd:Q44448,del_object,5,0,0
37143,constant,,wd:Q44494,del_object,5,0,0
86884,constant,,wd:Q44539,del_object,5,0,0
34567,constant,,wd:Q44559,del_object,5,0,0
43111,constant,,wd:Q446013,del_object,5,0,0
37968,constant,,wd:Q44613,del_object,5,0,0
47510,constant,,wd:Q44782,del_object,5,0,0
83788,constant,,wd:Q44843,del_object,5,0,0
41372,constant,,wd:Q4485926,del_object,5,0,0
82818,constant,,wd:Q448801,del_object,5,0,0
86138,constant,,wd:Q4498974,del_object,5,0,0
45324,constant,,wd:Q45,del_object,5,0,0
85254,constant,,wd:Q4504495,del_object,5,0,0
44565,constant,,wd:Q451079,del_object,5,0,0
87015,constant,,wd:Q451967,del_object,5,0,0
83964,constant,,wd:Q45412,del_object,5,0,0
48367,constant,,wd:Q4550895,del_object,5,0,0
87865,constant,,wd:Q45559,del_object,5,0,0
76410,constant,,wd:Q456,del_object,5,0,0
35260,constant,,wd:Q45722,del_object,5,0,0
39267,constant,,wd:Q45776,del_object,5,0,0
36820,constant,,wd:Q45823285,del_object,5,0,0
86146,constant,,wd:Q459180,del_object,5,0,0
36010,constant,,wd:Q46,del_object,5,0,0
49022,constant,,wd:Q460889,del_object,5,0,0
36505,constant,,wd:Q4610556,del_object,5,0,0
49507,constant,,wd:Q46169,del_object,5,0,0
79005,constant,,wd:Q46190676,del_object,5,0,0
39213,constant,,wd:Q4663903,del_object,5,0,0
32651,constant,,wd:Q467,del_object,5,0,0
34030,constant,,wd:Q46831,del_object,5,0,0
31109,constant,,wd:Q46970,del_object,5,0,0
34614,constant,,wd:Q47018901,del_object,5,0,0
85483,constant,,wd:Q47050,del_object,5,0,0
37803,constant,,wd:Q47071,del_object,5,0,0
75588,constant,,wd:Q471788,del_object,5,0,0
46737,constant,,wd:Q47272186,del_object,5,0,0
86563,constant,,wd:Q472890,del_object,5,0,0
94968,constant,,wd:Q47328,del_object,5,0,0
84403,constant,,wd:Q47345468,del_object,5,0,0
77206,constant,,wd:Q47358534,del_object,5,0,0
34672,constant,,wd:Q473972,del_object,5,0,0
85497,constant,,wd:Q475050,del_object,5,0,0
87358,constant,,wd:Q47521,del_object,5,0,0
35735,constant,,wd:Q47574,del_object,5,0,0
39170,constant,,wd:Q476028,del_object,5,0,0
36863,constant,,wd:Q476068,del_object,5,0,0
32888,constant,,wd:Q476300,del_object,5,0,0
94313,constant,,wd:Q4781593,del_object,5,0,0
93812,constant,,wd:Q478419,del_object,5,0,0
43930,constant,,wd:Q48,del_object,5,0,0
44781,constant,,wd:Q481289,del_object,5,0,0
44228,constant,,wd:Q4819492,del_object,5,0,0
77494,constant,,wd:Q482,del_object,5,0,0
38538,constant,,wd:Q48204,del_object,5,0,0
74207,constant,,wd:Q48277,del_object,5,0,0
29985,constant,,wd:Q482994,del_object,5,0,0
31287,constant,,wd:Q4830453,del_object,5,0,0
37577,constant,,wd:Q483110,del_object,5,0,0
86646,constant,,wd:Q483242,del_object,5,0,0
87125,constant,,wd:Q48326,del_object,5,0,0
35206,constant,,wd:Q483501,del_object,5,0,0
45758,constant,,wd:Q48352,del_object,5,0,0
48718,constant,,wd:Q484170,del_object,5,0,0
79137,constant,,wd:Q484678,del_object,5,0,0
77044,constant,,wd:Q484876,del_object,5,0,0
75317,constant,,wd:Q485176,del_object,5,0,0
86560,constant,,wd:Q485258,del_object,5,0,0
77546,constant,,wd:Q4853732,del_object,5,0,0
75359,constant,,wd:Q486748,del_object,5,0,0
79917,constant,,wd:Q486839,del_object,5,0,0
33130,constant,,wd:Q486972,del_object,5,0,0
47749,constant,,wd:Q486983,del_object,5,0,0
83018,constant,,wd:Q487522,del_object,5,0,0
43783,constant,,wd:Q488111,del_object,5,0,0
46115,constant,,wd:Q488205,del_object,5,0,0
31950,constant,,wd:Q488383,del_object,5,0,0
32799,constant,,wd:Q4886,del_object,5,0,0
88614,constant,,wd:Q489357,del_object,5,0,0
95259,constant,,wd:Q48948,del_object,5,0,0
76678,constant,,wd:Q48958,del_object,5,0,0
43931,constant,,wd:Q49,del_object,5,0,0
76411,constant,,wd:Q490,del_object,5,0,0
39865,constant,,wd:Q49084,del_object,5,0,0
48199,constant,,wd:Q49133,del_object,5,0,0
84171,constant,,wd:Q49239,del_object,5,0,0
78132,constant,,wd:Q4925477,del_object,5,0,0
79906,constant,,wd:Q4925623,del_object,5,0,0
81627,constant,,wd:Q4925914,del_object,5,0,0
88114,constant,,wd:Q4926740,del_object,5,0,0
80512,constant,,wd:Q4926833,del_object,5,0,0
79660,constant,,wd:Q4927128,del_object,5,0,0
81321,constant,,wd:Q4927524,del_object,5,0,0
74967,constant,,wd:Q4927937,del_object,5,0,0
80925,constant,,wd:Q493522,del_object,5,0,0
83892,constant,,wd:Q494721,del_object,5,0,0
35261,constant,,wd:Q49476,del_object,5,0,0
76159,constant,,wd:Q495,del_object,5,0,0
83432,constant,,wd:Q495635,del_object,5,0,0
34739,constant,,wd:Q4964182,del_object,5,0,0
80105,constant,,wd:Q498162,del_object,5,0,0
45313,constant,,wd:Q49892,del_object,5,0,0
44956,constant,,wd:Q4989906,del_object,5,0,0
49838,constant,,wd:Q4990623,del_object,5,0,0
79683,constant,,wd:Q4991371,del_object,5,0,0
41594,constant,,wd:Q4991585,del_object,5,0,0
78439,constant,,wd:Q499249,del_object,5,0,0
29900,constant,,wd:Q5,del_object,5,0,0
35389,constant,,wd:Q500076,del_object,5,0,0
46364,constant,,wd:Q5003624,del_object,5,0,0
35240,constant,,wd:Q50053,del_object,5,0,0
95096,constant,,wd:Q50068795,del_object,5,0,0
88205,constant,,wd:Q50231,del_object,5,0,0
43175,constant,,wd:Q502895,del_object,5,0,0
93945,constant,,wd:Q5030320,del_object,5,0,0
83786,constant,,wd:Q50337,del_object,5,0,0
49261,constant,,wd:Q503601,del_object,5,0,0
35394,constant,,wd:Q504125,del_object,5,0,0
74319,constant,,wd:Q5043,del_object,5,0,0
41611,constant,,wd:Q5047738,del_object,5,0,0
81247,constant,,wd:Q50602,del_object,5,0,0
30080,constant,,wd:Q506240,del_object,5,0,0
84136,constant,,wd:Q506369,del_object,5,0,0
41620,constant,,wd:Q5066732,del_object,5,0,0
45909,constant,,wd:Q506754,del_object,5,0,0
46094,constant,,wd:Q50707,del_object,5,0,0
35027,constant,,wd:Q50751848,del_object,5,0,0
35028,constant,,wd:Q50762402,del_object,5,0,0
35029,constant,,wd:Q50797802,del_object,5,0,0
79694,constant,,wd:Q5084,del_object,5,0,0
83523,constant,,wd:Q5092,del_object,5,0,0
45742,constant,,wd:Q5094009,del_object,5,0,0
88951,constant,,wd:Q509568,del_object,5,0,0
37240,constant,,wd:Q509686,del_object,5,0,0
87418,constant,,wd:Q5098,del_object,5,0,0
37588,constant,,wd:Q51,del_object,5,0,0
43164,constant,,wd:Q510324,del_object,5,0,0
30242,constant,,wd:Q5107,del_object,5,0,0
74533,constant,,wd:Q5113,del_object,5,0,0
47965,constant,,wd:Q51139288,del_object,5,0,0
75704,constant,,wd:Q5119,del_object,5,0,0
45300,constant,,wd:Q512187,del_object,5,0,0
81288,constant,,wd:Q5123999,del_object,5,0,0
86875,constant,,wd:Q5124642,del_object,5,0,0
45144,constant,,wd:Q5137576,del_object,5,0,0
40763,constant,,wd:Q514417,del_object,5,0,0
75505,constant,,wd:Q5146,del_object,5,0,0
31447,constant,,wd:Q515,del_object,5,0,0
44732,constant,,wd:Q5153359,del_object,5,0,0
81495,constant,,wd:Q518076,del_object,5,0,0
39866,constant,,wd:Q5185279,del_object,5,0,0
41907,constant,,wd:Q5185996,del_object,5,0,0
79284,constant,,wd:Q51929311,del_object,5,0,0
34146,constant,,wd:Q5193377,del_object,5,0,0
41923,constant,,wd:Q5221598,del_object,5,0,0
84574,constant,,wd:Q5225895,del_object,5,0,0
41931,constant,,wd:Q5228004,del_object,5,0,0
35239,constant,,wd:Q523,del_object,5,0,0
87774,constant,,wd:Q52371,del_object,5,0,0
93986,constant,,wd:Q523893,del_object,5,0,0
44150,constant,,wd:Q52454,del_object,5,0,0
95105,constant,,wd:Q524980,del_object,5,0,0
83572,constant,,wd:Q5254911,del_object,5,0,0
95676,constant,,wd:Q526170,del_object,5,0,0
30995,constant,,wd:Q526877,del_object,5,0,0
36999,constant,,wd:Q5287,del_object,5,0,0
83570,constant,,wd:Q5292,del_object,5,0,0
40771,constant,,wd:Q529584,del_object,5,0,0
40772,constant,,wd:Q529976,del_object,5,0,0
34526,constant,,wd:Q532,del_object,5,0,0
33620,constant,,wd:Q5322166,del_object,5,0,0
81400,constant,,wd:Q533866,del_object,5,0,0
36894,constant,,wd:Q5341295,del_object,5,0,0
34952,constant,,wd:Q534932,del_object,5,0,0
41959,constant,,wd:Q5359419,del_object,5,0,0
84970,constant,,wd:Q53621,del_object,5,0,0
40577,constant,,wd:Q53636,del_object,5,0,0
79907,constant,,wd:Q5369,del_object,5,0,0
88552,constant,,wd:Q537127,del_object,5,0,0
42870,constant,,wd:Q5372,del_object,5,0,0
43924,constant,,wd:Q538,del_object,5,0,0
41965,constant,,wd:Q5382158,del_object,5,0,0
29752,constant,,wd:Q53869507,del_object,5,0,0
75547,constant,,wd:Q539581,del_object,5,0,0
30275,constant,,wd:Q5398426,del_object,5,0,0
36666,constant,,wd:Q54050,del_object,5,0,0
49341,constant,,wd:Q54109,del_object,5,0,0
85135,constant,,wd:Q54114,del_object,5,0,0
48894,constant,,wd:Q542,del_object,5,0,0
76948,constant,,wd:Q543654,del_object,5,0,0
34234,constant,,wd:Q543804,del_object,5,0,0
95952,constant,,wd:Q544008,del_object,5,0,0
44020,constant,,wd:Q545,del_object,5,0,0
93688,constant,,wd:Q546003,del_object,5,0,0
83937,constant,,wd:Q5475,del_object,5,0,0
81190,constant,,wd:Q548611,del_object,5,0,0
86654,constant,,wd:Q54888,del_object,5,0,0
95668,constant,,wd:Q54935504,del_object,5,0,0
30958,constant,,wd:Q55,del_object,5,0,0
39525,constant,,wd:Q550089,del_object,5,0,0
44705,constant,,wd:Q55043,del_object,5,0,0
95943,constant,,wd:Q55089312,del_object,5,0,0
84376,constant,,wd:Q55271,del_object,5,0,0
84377,constant,,wd:Q55276,del_object,5,0,0
42065,constant,,wd:Q5527608,del_object,5,0,0
32544,constant,,wd:Q55488,del_object,5,0,0
94917,constant,,wd:Q55491,del_object,5,0,0
42070,constant,,wd:Q5555801,del_object,5,0,0
76672,constant,,wd:Q559856,del_object,5,0,0
29861,constant,,wd:Q56061,del_object,5,0,0
42082,constant,,wd:Q5607349,del_object,5,0,0
86768,constant,,wd:Q562061,del_object,5,0,0
36223,constant,,wd:Q5633421,del_object,5,0,0
89074,constant,,wd:Q564954,del_object,5,0,0
46201,constant,,wd:Q570116,del_object,5,0,0
88479,constant,,wd:Q5707594,del_object,5,0,0
32974,constant,,wd:Q571,del_object,5,0,0
44453,constant,,wd:Q5727,del_object,5,0,0
30268,constant,,wd:Q573,del_object,5,0,0
35576,constant,,wd:Q5737899,del_object,5,0,0
36676,constant,,wd:Q5741069,del_object,5,0,0
96144,constant,,wd:Q574961,del_object,5,0,0
34523,constant,,wd:Q575759,del_object,5,0,0
81892,constant,,wd:Q577011,del_object,5,0,0
90960,constant,,wd:Q578004,del_object,5,0,0
46738,constant,,wd:Q57821,del_object,5,0,0
95906,constant,,wd:Q5783996,del_object,5,0,0
42106,constant,,wd:Q5790169,del_object,5,0,0
37538,constant,,wd:Q581714,del_object,5,0,0
93612,constant,,wd:Q582525,del_object,5,0,0
80822,constant,,wd:Q5852411,del_object,5,0,0
39913,constant,,wd:Q5867051,del_object,5,0,0
37823,constant,,wd:Q5867959,del_object,5,0,0
39914,constant,,wd:Q5868144,del_object,5,0,0
34593,constant,,wd:Q58778,del_object,5,0,0
42112,constant,,wd:Q5884387,del_object,5,0,0
87231,constant,,wd:Q5890494,del_object,5,0,0
78430,constant,,wd:Q590870,del_object,5,0,0
88144,constant,,wd:Q59091,del_object,5,0,0
32847,constant,,wd:Q592,del_object,5,0,0
32150,constant,,wd:Q5923,del_object,5,0,0
77438,constant,,wd:Q593644,del_object,5,0,0
84229,constant,,wd:Q594279,del_object,5,0,0
79680,constant,,wd:Q595105,del_object,5,0,0
31065,constant,,wd:Q5958900,del_object,5,0,0
42122,constant,,wd:Q5959520,del_object,5,0,0
78796,constant,,wd:Q597,del_object,5,0,0
40580,constant,,wd:Q59798,del_object,5,0,0
40581,constant,,wd:Q59888,del_object,5,0,0
33650,constant,,wd:Q599151,del_object,5,0,0
43533,constant,,wd:Q5998839,del_object,5,0,0
48700,constant,,wd:Q60,del_object,5,0,0
44762,constant,,wd:Q60186,del_object,5,0,0
43167,constant,,wd:Q6023295,del_object,5,0,0
44589,constant,,wd:Q607241,del_object,5,0,0
87509,constant,,wd:Q6088,del_object,5,0,0
76202,constant,,wd:Q61,del_object,5,0,0
35263,constant,,wd:Q611644,del_object,5,0,0
79289,constant,,wd:Q612,del_object,5,0,0
85875,constant,,wd:Q615150,del_object,5,0,0
42144,constant,,wd:Q6169282,del_object,5,0,0
86721,constant,,wd:Q6169840,del_object,5,0,0
29796,constant,,wd:Q618123,del_object,5,0,0
31112,constant,,wd:Q618779,del_object,5,0,0
89766,constant,,wd:Q61878,del_object,5,0,0
79488,constant,,wd:Q62,del_object,5,0,0
74327,constant,,wd:Q62049,del_object,5,0,0
30602,constant,,wd:Q622852,del_object,5,0,0
88714,constant,,wd:Q6231,del_object,5,0,0
32292,constant,,wd:Q623109,del_object,5,0,0
31122,constant,,wd:Q62447,del_object,5,0,0
49263,constant,,wd:Q624543,del_object,5,0,0
31361,constant,,wd:Q6256,del_object,5,0,0
80964,constant,,wd:Q6259,del_object,5,0,0
29947,constant,,wd:Q6266,del_object,5,0,0
81556,constant,,wd:Q627325,del_object,5,0,0
39338,constant,,wd:Q628099,del_object,5,0,0
45355,constant,,wd:Q628179,del_object,5,0,0
76985,constant,,wd:Q6298851,del_object,5,0,0
42146,constant,,wd:Q6301970,del_object,5,0,0
49772,constant,,wd:Q632682,del_object,5,0,0
79584,constant,,wd:Q632842,del_object,5,0,0
38209,constant,,wd:Q633454,del_object,5,0,0
88145,constant,,wd:Q6337803,del_object,5,0,0
45788,constant,,wd:Q634099,del_object,5,0,0
38369,constant,,wd:Q6352575,del_object,5,0,0
76204,constant,,wd:Q639669,del_object,5,0,0
32717,constant,,wd:Q64,del_object,5,0,0
78703,constant,,wd:Q641,del_object,5,0,0
79292,constant,,wd:Q6441,del_object,5,0,0
86383,constant,,wd:Q644371,del_object,5,0,0
35207,constant,,wd:Q644687,del_object,5,0,0
32785,constant,,wd:Q645883,del_object,5,0,0
39276,constant,,wd:Q6465,del_object,5,0,0
40810,constant,,wd:Q646860,del_object,5,0,0
47913,constant,,wd:Q647,del_object,5,0,0
38234,constant,,wd:Q6473564,del_object,5,0,0
76161,constant,,wd:Q648,del_object,5,0,0
42180,constant,,wd:Q6482541,del_object,5,0,0
42182,constant,,wd:Q6488923,del_object,5,0,0
49264,constant,,wd:Q648961,del_object,5,0,0
48698,constant,,wd:Q649,del_object,5,0,0
40812,constant,,wd:Q650106,del_object,5,0,0
35554,constant,,wd:Q652,del_object,5,0,0
42189,constant,,wd:Q6527992,del_object,5,0,0
96012,constant,,wd:Q653002,del_object,5,0,0
39360,constant,,wd:Q654236,del_object,5,0,0
75341,constant,,wd:Q6548,del_object,5,0,0
49099,constant,,wd:Q6557453,del_object,5,0,0
93775,constant,,wd:Q655814,del_object,5,0,0
48617,constant,,wd:Q656720,del_object,5,0,0
77984,constant,,wd:Q657,del_object,5,0,0
31086,constant,,wd:Q6581072,del_object,5,0,0
32653,constant,,wd:Q6581097,del_object,5,0,0
87693,constant,,wd:Q6582,del_object,5,0,0
44674,constant,,wd:Q6587194,del_object,5,0,0
83946,constant,,wd:Q6596,del_object,5,0,0
78405,constant,,wd:Q6602,del_object,5,0,0
75371,constant,,wd:Q6607,del_object,5,0,0
84341,constant,,wd:Q6616,del_object,5,0,0
76320,constant,,wd:Q6617100,del_object,5,0,0
84170,constant,,wd:Q6625,del_object,5,0,0
84932,constant,,wd:Q6627746,del_object,5,0,0
89602,constant,,wd:Q662914,del_object,5,0,0
81063,constant,,wd:Q662985,del_object,5,0,0
49265,constant,,wd:Q663314,del_object,5,0,0
47912,constant,,wd:Q66344,del_object,5,0,0
32848,constant,,wd:Q6636,del_object,5,0,0
31033,constant,,wd:Q664,del_object,5,0,0
82569,constant,,wd:Q664835,del_object,5,0,0
36617,constant,,wd:Q665487,del_object,5,0,0
36173,constant,,wd:Q6655,del_object,5,0,0
84245,constant,,wd:Q666063,del_object,5,0,0
37944,constant,,wd:Q6665249,del_object,5,0,0
42781,constant,,wd:Q667509,del_object,5,0,0
32036,constant,,wd:Q668,del_object,5,0,0
94967,constant,,wd:Q671384,del_object,5,0,0
41431,constant,,wd:Q6723368,del_object,5,0,0
79498,constant,,wd:Q677191,del_object,5,0,0
86848,constant,,wd:Q6784672,del_object,5,0,0
36274,constant,,wd:Q679527,del_object,5,0,0
30180,constant,,wd:Q682943,del_object,5,0,0
76611,constant,,wd:Q683,del_object,5,0,0
86249,constant,,wd:Q685309,del_object,5,0,0
76613,constant,,wd:Q686,del_object,5,0,0
44718,constant,,wd:Q687312,del_object,5,0,0
74520,constant,,wd:Q6881511,del_object,5,0,0
31173,constant,,wd:Q68947,del_object,5,0,0
83360,constant,,wd:Q6895044,del_object,5,0,0
49106,constant,,wd:Q691,del_object,5,0,0
45743,constant,,wd:Q6933946,del_object,5,0,0
80046,constant,,wd:Q694,del_object,5,0,0
82583,constant,,wd:Q694372,del_object,5,0,0
46366,constant,,wd:Q6975221,del_object,5,0,0
48749,constant,,wd:Q6979593,del_object,5,0,0
46120,constant,,wd:Q70,del_object,5,0,0
42892,constant,,wd:Q700222,del_object,5,0,0
81808,constant,,wd:Q7003,del_object,5,0,0
80032,constant,,wd:Q701,del_object,5,0,0
44066,constant,,wd:Q70208,del_object,5,0,0
49750,constant,,wd:Q702842,del_object,5,0,0
96011,constant,,wd:Q705551,del_object,5,0,0
34310,constant,,wd:Q7058673,del_object,5,0,0
36922,constant,,wd:Q70695,del_object,5,0,0
33173,constant,,wd:Q7075,del_object,5,0,0
75576,constant,,wd:Q707813,del_object,5,0,0
29905,constant,,wd:Q708676,del_object,5,0,0
32450,constant,,wd:Q709,del_object,5,0,0
85708,constant,,wd:Q710,del_object,5,0,0
38236,constant,,wd:Q7126717,del_object,5,0,0
81835,constant,,wd:Q7128792,del_object,5,0,0
41481,constant,,wd:Q7136012,del_object,5,0,0
78532,constant,,wd:Q713623,del_object,5,0,0
75247,constant,,wd:Q7140664,del_object,5,0,0
83435,constant,,wd:Q715301,del_object,5,0,0
76854,constant,,wd:Q7156,del_object,5,0,0
40827,constant,,wd:Q716132,del_object,5,0,0
46084,constant,,wd:Q717,del_object,5,0,0
43517,constant,,wd:Q7184903,del_object,5,0,0
29916,constant,,wd:Q7187,del_object,5,0,0
32443,constant,,wd:Q7188,del_object,5,0,0
31470,constant,,wd:Q7189713,del_object,5,0,0
38622,constant,,wd:Q7194062,del_object,5,0,0
31150,constant,,wd:Q719456,del_object,5,0,0
45527,constant,,wd:Q719675,del_object,5,0,0
78535,constant,,wd:Q72,del_object,5,0,0
35687,constant,,wd:Q723849,del_object,5,0,0
45799,constant,,wd:Q7239,del_object,5,0,0
83698,constant,,wd:Q724,del_object,5,0,0
30850,constant,,wd:Q726,del_object,5,0,0
45310,constant,,wd:Q7269,del_object,5,0,0
76004,constant,,wd:Q727,del_object,5,0,0
45309,constant,,wd:Q7270,del_object,5,0,0
31358,constant,,wd:Q7275,del_object,5,0,0
33977,constant,,wd:Q7278,del_object,5,0,0
94633,constant,,wd:Q727919,del_object,5,0,0
88704,constant,,wd:Q728904,del_object,5,0,0
32545,constant,,wd:Q728937,del_object,5,0,0
33534,constant,,wd:Q7291,del_object,5,0,0
77985,constant,,wd:Q730,del_object,5,0,0
47530,constant,,wd:Q730038,del_object,5,0,0
30708,constant,,wd:Q7302866,del_object,5,0,0
38752,constant,,wd:Q731126,del_object,5,0,0
95888,constant,,wd:Q7321974,del_object,5,0,0
30417,constant,,wd:Q732577,del_object,5,0,0
50011,constant,,wd:Q732717,del_object,5,0,0
83610,constant,,wd:Q7328910,del_object,5,0,0
76616,constant,,wd:Q733,del_object,5,0,0
49674,constant,,wd:Q7333457,del_object,5,0,0
85022,constant,,wd:Q734578,del_object,5,0,0
46707,constant,,wd:Q735188,del_object,5,0,0
89009,constant,,wd:Q735428,del_object,5,0,0
75558,constant,,wd:Q736,del_object,5,0,0
33378,constant,,wd:Q7365,del_object,5,0,0
33340,constant,,wd:Q7366,del_object,5,0,0
86672,constant,,wd:Q7367,del_object,5,0,0
88509,constant,,wd:Q7374509,del_object,5,0,0
38117,constant,,wd:Q737498,del_object,5,0,0
31979,constant,,wd:Q7378,del_object,5,0,0
80636,constant,,wd:Q7386,del_object,5,0,0
46085,constant,,wd:Q739,del_object,5,0,0
49100,constant,,wd:Q7391292,del_object,5,0,0
29830,constant,,wd:Q7397,del_object,5,0,0
35189,constant,,wd:Q7406919,del_object,5,0,0
40261,constant,,wd:Q7411,del_object,5,0,0
93776,constant,,wd:Q7415384,del_object,5,0,0
32109,constant,,wd:Q742421,del_object,5,0,0
46022,constant,,wd:Q743004,del_object,5,0,0
31172,constant,,wd:Q7432,del_object,5,0,0
48262,constant,,wd:Q744099,del_object,5,0,0
81065,constant,,wd:Q744598,del_object,5,0,0
41743,constant,,wd:Q7456120,del_object,5,0,0
48964,constant,,wd:Q746369,del_object,5,0,0
37136,constant,,wd:Q747074,del_object,5,0,0
83480,constant,,wd:Q748149,del_object,5,0,0
79476,constant,,wd:Q748211,del_object,5,0,0
40839,constant,,wd:Q748899,del_object,5,0,0
46086,constant,,wd:Q750,del_object,5,0,0
82497,constant,,wd:Q751876,del_object,5,0,0
84128,constant,,wd:Q752,del_object,5,0,0
80259,constant,,wd:Q7521081,del_object,5,0,0
33924,constant,,wd:Q752783,del_object,5,0,0
48065,constant,,wd:Q753110,del_object,5,0,0
79087,constant,,wd:Q753219,del_object,5,0,0
81066,constant,,wd:Q753289,del_object,5,0,0
30312,constant,,wd:Q755707,del_object,5,0,0
89219,constant,,wd:Q756082,del_object,5,0,0
84444,constant,,wd:Q756617,del_object,5,0,0
41749,constant,,wd:Q7576582,del_object,5,0,0
30948,constant,,wd:Q759421,del_object,5,0,0
41758,constant,,wd:Q7617621,del_object,5,0,0
87707,constant,,wd:Q7618284,del_object,5,0,0
49582,constant,,wd:Q764,del_object,5,0,0
93567,constant,,wd:Q764876,del_object,5,0,0
40844,constant,,wd:Q765547,del_object,5,0,0
31495,constant,,wd:Q767728,del_object,5,0,0
94195,constant,,wd:Q768519,del_object,5,0,0
85378,constant,,wd:Q768717,del_object,5,0,0
46089,constant,,wd:Q77,del_object,5,0,0
80047,constant,,wd:Q770,del_object,5,0,0
79344,constant,,wd:Q771,del_object,5,0,0
40847,constant,,wd:Q771526,del_object,5,0,0
36503,constant,,wd:Q7725310,del_object,5,0,0
36191,constant,,wd:Q7725634,del_object,5,0,0
74305,constant,,wd:Q7737,del_object,5,0,0
81465,constant,,wd:Q775,del_object,5,0,0
40851,constant,,wd:Q775899,del_object,5,0,0
80048,constant,,wd:Q776,del_object,5,0,0
40853,constant,,wd:Q777327,del_object,5,0,0
44004,constant,,wd:Q7777570,del_object,5,0,0
76620,constant,,wd:Q778,del_object,5,0,0
76291,constant,,wd:Q779,del_object,5,0,0
76622,constant,,wd:Q783,del_object,5,0,0
33906,constant,,wd:Q783794,del_object,5,0,0
77022,constant,,wd:Q784,del_object,5,0,0
76623,constant,,wd:Q786,del_object,5,0,0
80692,constant,,wd:Q786820,del_object,5,0,0
83306,constant,,wd:Q7880,del_object,5,0,0
30604,constant,,wd:Q7889,del_object,5,0,0
46039,constant,,wd:Q789447,del_object,5,0,0
46064,constant,,wd:Q79,del_object,5,0,0
38401,constant,,wd:Q79007,del_object,5,0,0
46087,constant,,wd:Q792,del_object,5,0,0
37925,constant,,wd:Q794,del_object,5,0,0
30823,constant,,wd:Q7944,del_object,5,0,0
96132,constant,,wd:Q795228,del_object,5,0,0
32800,constant,,wd:Q79529,del_object,5,0,0
46062,constant,,wd:Q796,del_object,5,0,0
44106,constant,,wd:Q79602,del_object,5,0,0
39080,constant,,wd:Q797,del_object,5,0,0
39783,constant,,wd:Q79913,del_object,5,0,0
46074,constant,,wd:Q801,del_object,5,0,0
82226,constant,,wd:Q80296,del_object,5,0,0
82227,constant,,wd:Q80305,del_object,5,0,0
46088,constant,,wd:Q804,del_object,5,0,0
77162,constant,,wd:Q804311,del_object,5,0,0
41801,constant,,wd:Q8043893,del_object,5,0,0
38299,constant,,wd:Q8047,del_object,5,0,0
76265,constant,,wd:Q805,del_object,5,0,0
35546,constant,,wd:Q8054,del_object,5,0,0
34029,constant,,wd:Q8072,del_object,5,0,0
31376,constant,,wd:Q8076,del_object,5,0,0
48283,constant,,wd:Q808462,del_object,5,0,0
35788,constant,,wd:Q809,del_object,5,0,0
82838,constant,,wd:Q80955,del_object,5,0,0
40857,constant,,wd:Q809586,del_object,5,0,0
37892,constant,,wd:Q810,del_object,5,0,0
76909,constant,,wd:Q81096,del_object,5,0,0
76625,constant,,wd:Q811,del_object,5,0,0
81725,constant,,wd:Q811165,del_object,5,0,0
79429,constant,,wd:Q81137,del_object,5,0,0
30630,constant,,wd:Q811430,del_object,5,0,0
48287,constant,,wd:Q811534,del_object,5,0,0
31923,constant,,wd:Q811979,del_object,5,0,0
74484,constant,,wd:Q812,del_object,5,0,0
38754,constant,,wd:Q812285,del_object,5,0,0
46075,constant,,wd:Q813,del_object,5,0,0
31115,constant,,wd:Q8142,del_object,5,0,0
36411,constant,,wd:Q8148,del_object,5,0,0
79444,constant,,wd:Q81513,del_object,5,0,0
88698,constant,,wd:Q815348,del_object,5,0,0
77431,constant,,wd:Q816,del_object,5,0,0
79445,constant,,wd:Q8162,del_object,5,0,0
79095,constant,,wd:Q81666,del_object,5,0,0
81592,constant,,wd:Q81725,del_object,5,0,0
41807,constant,,wd:Q8186572,del_object,5,0,0
33928,constant,,wd:Q8187769,del_object,5,0,0
81588,constant,,wd:Q81888,del_object,5,0,0
48990,constant,,wd:Q820477,del_object,5,0,0
32531,constant,,wd:Q8205328,del_object,5,0,0
84313,constant,,wd:Q82185,del_object,5,0,0
46076,constant,,wd:Q822,del_object,5,0,0
48066,constant,,wd:Q822146,del_object,5,0,0
30004,constant,,wd:Q8229,del_object,5,0,0
76504,constant,,wd:Q824,del_object,5,0,0
33464,constant,,wd:Q8261,del_object,5,0,0
33028,constant,,wd:Q8274,del_object,5,0,0
45363,constant,,wd:Q8274529,del_object,5,0,0
30243,constant,,wd:Q82794,del_object,5,0,0
31512,constant,,wd:Q82799,del_object,5,0,0
43925,constant,,wd:Q828,del_object,5,0,0
29975,constant,,wd:Q82955,del_object,5,0,0
86691,constant,,wd:Q83065,del_object,5,0,0
32665,constant,,wd:Q83267,del_object,5,0,0
74579,constant,,wd:Q833,del_object,5,0,0
31378,constant,,wd:Q83310,del_object,5,0,0
46353,constant,,wd:Q833670,del_object,5,0,0
35268,constant,,wd:Q833738,del_object,5,0,0
31526,constant,,wd:Q83405,del_object,5,0,0
35355,constant,,wd:Q8347,del_object,5,0,0
80132,constant,,wd:Q8356,del_object,5,0,0
82232,constant,,wd:Q835714,del_object,5,0,0
35610,constant,,wd:Q836,del_object,5,0,0
34121,constant,,wd:Q83620,del_object,5,0,0
36714,constant,,wd:Q836575,del_object,5,0,0
76628,constant,,wd:Q837,del_object,5,0,0
94316,constant,,wd:Q837089,del_object,5,0,0
82821,constant,,wd:Q8385,del_object,5,0,0
29966,constant,,wd:Q838948,del_object,5,0,0
40219,constant,,wd:Q839954,del_object,5,0,0
32159,constant,,wd:Q84,del_object,5,0,0
95993,constant,,wd:Q840886,del_object,5,0,0
78910,constant,,wd:Q8418,del_object,5,0,0
80586,constant,,wd:Q842112,del_object,5,0,0
30507,constant,,wd:Q842858,del_object,5,0,0
74580,constant,,wd:Q843,del_object,5,0,0
30464,constant,,wd:Q8436,del_object,5,0,0
86139,constant,,wd:Q844930,del_object,5,0,0
75099,constant,,wd:Q846,del_object,5,0,0
41823,constant,,wd:Q8464689,del_object,5,0,0
88510,constant,,wd:Q846659,del_object,5,0,0
30851,constant,,wd:Q847017,del_object,5,0,0
87524,constant,,wd:Q848313,del_object,5,0,0
43109,constant,,wd:Q848944,del_object,5,0,0
75272,constant,,wd:Q849697,del_object,5,0,0
43568,constant,,wd:Q849919,del_object,5,0,0
31350,constant,,wd:Q8502,del_object,5,0,0
40869,constant,,wd:Q850491,del_object,5,0,0
33646,constant,,wd:Q850730,del_object,5,0,0
74581,constant,,wd:Q851,del_object,5,0,0
88632,constant,,wd:Q852190,del_object,5,0,0
75278,constant,,wd:Q8531,del_object,5,0,0
76629,constant,,wd:Q854,del_object,5,0,0
75360,constant,,wd:Q855091,del_object,5,0,0
45332,constant,,wd:Q855697,del_object,5,0,0
96210,constant,,wd:Q855769,del_object,5,0,0
74789,constant,,wd:Q8567,del_object,5,0,0
46077,constant,,wd:Q858,del_object,5,0,0
88274,constant,,wd:Q858633,del_object,5,0,0
40871,constant,,wd:Q860112,del_object,5,0,0
32300,constant,,wd:Q860861,del_object,5,0,0
37241,constant,,wd:Q861184,del_object,5,0,0
80205,constant,,wd:Q861252,del_object,5,0,0
87956,constant,,wd:Q8613,del_object,5,0,0
44238,constant,,wd:Q861911,del_object,5,0,0
46078,constant,,wd:Q863,del_object,5,0,0
94452,constant,,wd:Q8639,del_object,5,0,0
37785,constant,,wd:Q864152,del_object,5,0,0
93648,constant,,wd:Q864221,del_object,5,0,0
32146,constant,,wd:Q865,del_object,5,0,0
94984,constant,,wd:Q866196,del_object,5,0,0
90569,constant,,wd:Q867727,del_object,5,0,0
44807,constant,,wd:Q8679,del_object,5,0,0
79549,constant,,wd:Q8682,del_object,5,0,0
48721,constant,,wd:Q868557,del_object,5,0,0
44941,constant,,wd:Q869,del_object,5,0,0
82577,constant,,wd:Q871419,del_object,5,0,0
42998,constant,,wd:Q87167,del_object,5,0,0
30042,constant,,wd:Q8719053,del_object,5,0,0
46079,constant,,wd:Q874,del_object,5,0,0
30454,constant,,wd:Q874405,del_object,5,0,0
83807,constant,,wd:Q8745,del_object,5,0,0
80971,constant,,wd:Q875538,del_object,5,0,0
82941,constant,,wd:Q8760,del_object,5,0,0
47896,constant,,wd:Q876730,del_object,5,0,0
41827,constant,,wd:Q8768491,del_object,5,0,0
81667,constant,,wd:Q877517,del_object,5,0,0
74961,constant,,wd:Q878,del_object,5,0,0
40265,constant,,wd:Q8785,del_object,5,0,0
42861,constant,,wd:Q879146,del_object,5,0,0
46080,constant,,wd:Q881,del_object,5,0,0
84653,constant,,wd:Q8810,del_object,5,0,0
43787,constant,,wd:Q884,del_object,5,0,0
44814,constant,,wd:Q8853,del_object,5,0,0
46081,constant,,wd:Q889,del_object,5,0,0
44820,constant,,wd:Q8910,del_object,5,0,0
84401,constant,,wd:Q891723,del_object,5,0,0
44822,constant,,wd:Q8918,del_object,5,0,0
44824,constant,,wd:Q8921,del_object,5,0,0
44536,constant,,wd:Q895526,del_object,5,0,0
94235,constant,,wd:Q896734,del_object,5,0,0
46284,constant,,wd:Q899409,del_object,5,0,0
89838,constant,,wd:Q899523,del_object,5,0,0
44455,constant,,wd:Q90,del_object,5,0,0
41641,constant,,wd:Q9005036,del_object,5,0,0
82946,constant,,wd:Q901402,del_object,5,0,0
37628,constant,,wd:Q902,del_object,5,0,0
79460,constant,,wd:Q902104,del_object,5,0,0
88501,constant,,wd:Q9022830,del_object,5,0,0
41660,constant,,wd:Q9055681,del_object,5,0,0
82079,constant,,wd:Q9063,del_object,5,0,0
82135,constant,,wd:Q9078,del_object,5,0,0
43510,constant,,wd:Q9081,del_object,5,0,0
75100,constant,,wd:Q912,del_object,5,0,0
84418,constant,,wd:Q913073,del_object,5,0,0
35019,constant,,wd:Q913415,del_object,5,0,0
49020,constant,,wd:Q9135,del_object,5,0,0
46723,constant,,wd:Q913672,del_object,5,0,0
33253,constant,,wd:Q9143,del_object,5,0,0
49028,constant,,wd:Q915603,del_object,5,0,0
37484,constant,,wd:Q916,del_object,5,0,0
49014,constant,,wd:Q916333,del_object,5,0,0
36435,constant,,wd:Q916620,del_object,5,0,0
31379,constant,,wd:Q91703,del_object,5,0,0
31451,constant,,wd:Q9174,del_object,5,0,0
92525,constant,,wd:Q919631,del_object,5,0,0
75101,constant,,wd:Q921,del_object,5,0,0
76545,constant,,wd:Q923,del_object,5,0,0
74785,constant,,wd:Q924,del_object,5,0,0
32546,constant,,wd:Q924286,del_object,5,0,0
82088,constant,,wd:Q925381,del_object,5,0,0
44827,constant,,wd:Q9256,del_object,5,0,0
36018,constant,,wd:Q9259,del_object,5,0,0
85164,constant,,wd:Q927541,del_object,5,0,0
40258,constant,,wd:Q928,del_object,5,0,0
79899,constant,,wd:Q928830,del_object,5,0,0
77987,constant,,wd:Q929,del_object,5,0,0
92412,constant,,wd:Q929833,del_object,5,0,0
87525,constant,,wd:Q93184,del_object,5,0,0
45126,constant,,wd:Q93204,del_object,5,0,0
87705,constant,,wd:Q9331,del_object,5,0,0
86393,constant,,wd:Q93716,del_object,5,0,0
31671,constant,,wd:Q937857,del_object,5,0,0
43168,constant,,wd:Q939743,del_object,5,0,0
81898,constant,,wd:Q941049,del_object,5,0,0
37331,constant,,wd:Q9430,del_object,5,0,0
40898,constant,,wd:Q945272,del_object,5,0,0
33526,constant,,wd:Q948,del_object,5,0,0
30069,constant,,wd:Q95074,del_object,5,0,0
37485,constant,,wd:Q953,del_object,5,0,0
76630,constant,,wd:Q954,del_object,5,0,0
82150,constant,,wd:Q955824,del_object,5,0,0
77989,constant,,wd:Q958,del_object,5,0,0
87256,constant,,wd:Q9580,del_object,5,0,0
35676,constant,,wd:Q9588,del_object,5,0,0
46138,constant,,wd:Q9592,del_object,5,0,0
40905,constant,,wd:Q959222,del_object,5,0,0
37258,constant,,wd:Q96,del_object,5,0,0
40906,constant,,wd:Q960200,del_object,5,0,0
41681,constant,,wd:Q9613453,del_object,5,0,0
37486,constant,,wd:Q962,del_object,5,0,0
34490,constant,,wd:Q9620,del_object,5,0,0
37487,constant,,wd:Q963,del_object,5,0,0
35688,constant,,wd:Q963099,del_object,5,0,0
37488,constant,,wd:Q965,del_object,5,0,0
87772,constant,,wd:Q965568,del_object,5,0,0
77990,constant,,wd:Q967,del_object,5,0,0
48127,constant,,wd:Q9676,del_object,5,0,0
83592,constant,,wd:Q968159,del_object,5,0,0
45072,constant,,wd:Q970153,del_object,5,0,0
77991,constant,,wd:Q971,del_object,5,0,0
80034,constant,,wd:Q972,del_object,5,0,0
95139,constant,,wd:Q973011,del_object,5,0,0
40911,constant,,wd:Q973314,del_object,5,0,0
75102,constant,,wd:Q974,del_object,5,0,0
40912,constant,,wd:Q975998,del_object,5,0,0
44581,constant,,wd:Q9779,del_object,5,0,0
87136,constant,,wd:Q9788,del_object,5,0,0
37589,constant,,wd:Q98,del_object,5,0,0
74324,constant,,wd:Q9826,del_object,5,0,0
86897,constant,,wd:Q9842,del_object,5,0,0
88474,constant,,wd:Q985488,del_object,5,0,0
92096,constant,,wd:Q986065,del_object,5,0,0
76021,constant,,wd:Q9899,del_object,5,0,0
74792,constant,,wd:Q99,del_object,5,0,0
44124,constant,,wd:Q99775,del_object,5,0,0
44552,constant,,wd:Q99974,del_object,5,0,0
74195,role,subject,,del_object,5,226,226
74215,role,object,,del_object,5,403567,412775
89881,role,other_subject,,del_object,5,0,0
74197,role,other_object,,del_object,5,101126,101596
0,none,NONE,,del_object,5,349492,411130
,unrepresentable_summary_not_a_V1_class,,,del_object,5,0,0
