index,constraint_id,constraint_type,density_bucket,prediction_exact_match,metric_equivalent,resolved_operation_equivalent,g0_slots,h1_slots,g0_resolved_add,g0_resolved_del,dfb_resolved_add,dfb_resolved_del,g0_events,dfb_events
0,73156,conflictWith,65_plus,0,1,1,"[0, 0, 0, 74195, 74214, 74215]","[0, 0, 0, 98872, 29991, 98872]",null,"[98872, 29991, 98872]",null,"[98872, 29991, 98872]","{""base_deletion_rate"": {""denominator"": 1, ""numerator"": 1}, ""deletes_base_action_rate"": {""denominator"": 1, ""numerator"": 1}, ""delta_local_satisfaction"": {""denominator"": 23, ""numerator"": 1}, ""disruption"": {""denominator"": 1, ""numerator"": 1}, ""eppf"": {""denominator"": 1, ""numerator"": 0}, ""local_satisfaction"": {""denominator"": 23, ""numerator"": 9}, ""pfr"": {""denominator"": 1, ""numerator"": 1}, ""sir"": {""denominator"": 14, ""numerator"": 0}, ""srr"": {""denominator"": 8, ""numerator"": 0}, ""vacuous_improvement"": {""denominator"": 1, ""numerator"": 1}}","{""base_deletion_rate"": {""denominator"": 1, ""numerator"": 1}, ""deletes_base_action_rate"": {""denominator"": 1, ""numerator"": 1}, ""delta_local_satisfaction"": {""denominator"": 23, ""numerator"": 1}, ""disruption"": {""denominator"": 1, ""numerator"": 1}, ""eppf"": {""denominator"": 1, ""numerator"": 0}, ""local_satisfaction"": {""denominator"": 23, ""numerator"": 9}, ""pfr"": {""denominator"": 1, ""numerator"": 1}, ""sir"": {""denominator"": 14, ""numerator"": 0}, ""srr"": {""denominator"": 8, ""numerator"": 0}, ""vacuous_improvement"": {""denominator"": 1, ""numerator"": 1}}"
1,63621,single,65_plus,0,1,1,"[0, 0, 0, 74195, 74214, 74215]","[0, 0, 0, 98872, 30131, 80244]",null,"[98872, 30131, 80244]",null,"[98872, 30131, 80244]","{""base_deletion_rate"": {""denominator"": 1, ""numerator"": 1}, ""deletes_base_action_rate"": {""denominator"": 1, ""numerator"": 1}, ""delta_local_satisfaction"": {""denominator"": 26, ""numerator"": 1}, ""disruption"": {""denominator"": 1, ""numerator"": 1}, ""eppf"": {""denominator"": 1, ""numerator"": 0}, ""local_satisfaction"": {""denominator"": 35, ""numerator"": 22}, ""pfr"": {""denominator"": 1, ""numerator"": 1}, ""sir"": {""denominator"": 13, ""numerator"": 0}, ""srr"": {""denominator"": 12, ""numerator"": 0}, ""vacuous_improvement"": {""denominator"": 1, ""numerator"": 1}}","{""base_deletion_rate"": {""denominator"": 1, ""numerator"": 1}, ""deletes_base_action_rate"": {""denominator"": 1, ""numerator"": 1}, ""delta_local_satisfaction"": {""denominator"": 26, ""numerator"": 1}, ""disruption"": {""denominator"": 1, ""numerator"": 1}, ""eppf"": {""denominator"": 1, ""numerator"": 0}, ""local_satisfaction"": {""denominator"": 35, ""numerator"": 22}, ""pfr"": {""denominator"": 1, ""numerator"": 1}, ""sir"": {""denominator"": 13, ""numerator"": 0}, ""srr"": {""denominator"": 12, ""numerator"": 0}, ""vacuous_improvement"": {""denominator"": 1, ""numerator"": 1}}"
2,71311,type,65_plus,0,1,1,"[0, 0, 0, 74195, 74214, 74215]","[0, 0, 0, 98872, 31386, 31383]",null,"[98872, 31386, 31383]",null,"[98872, 31386, 31383]","{""base_deletion_rate"": {""denominator"": 1, ""numerator"": 1}, ""deletes_base_action_rate"": {""denominator"": 1, ""numerator"": 1}, ""delta_local_satisfaction"": {""denominator"": 99, ""numerator"": 0}, ""disruption"": {""denominator"": 1, ""numerator"": 1}, ""eppf"": {""denominator"": 0, ""numerator"": 0}, ""local_satisfaction"": {""denominator"": 129, ""numerator"": 129}, ""pfr"": {""denominator"": 0, ""numerator"": 0}, ""sir"": {""denominator"": 0, ""numerator"": 0}, ""srr"": {""denominator"": 99, ""numerator"": 0}, ""vacuous_improvement"": {""denominator"": 1, ""numerator"": 0}}","{""base_deletion_rate"": {""denominator"": 1, ""numerator"": 1}, ""deletes_base_action_rate"": {""denominator"": 1, ""numerator"": 1}, ""delta_local_satisfaction"": {""denominator"": 99, ""numerator"": 0}, ""disruption"": {""denominator"": 1, ""numerator"": 1}, ""eppf"": {""denominator"": 0, ""numerator"": 0}, ""local_satisfaction"": {""denominator"": 129, ""numerator"": 129}, ""pfr"": {""denominator"": 0, ""numerator"": 0}, ""sir"": {""denominator"": 0, ""numerator"": 0}, ""srr"": {""denominator"": 99, ""numerator"": 0}, ""vacuous_improvement"": {""denominator"": 1, ""numerator"": 0}}"
3,53610,type,65_plus,0,1,1,"[0, 0, 0, 74195, 74214, 74215]","[0, 0, 0, 98872, 31152, 36173]",null,"[98872, 31152, 36173]",null,"[98872, 31152, 36173]","{""base_deletion_rate"": {""denominator"": 1, ""numerator"": 1}, ""deletes_base_action_rate"": {""denominator"": 1, ""numerator"": 1}, ""delta_local_satisfaction"": {""denominator"": 23, ""numerator"": 0}, ""disruption"": {""denominator"": 1, ""numerator"": 1}, ""eppf"": {""denominator"": 0, ""numerator"": 0}, ""local_satisfaction"": {""denominator"": 25, ""numerator"": 23}, ""pfr"": {""denominator"": 0, ""numerator"": 0}, ""sir"": {""denominator"": 2, ""numerator"": 0}, ""srr"": {""denominator"": 21, ""numerator"": 0}, ""vacuous_improvement"": {""denominator"": 1, ""numerator"": 0}}","{""base_deletion_rate"": {""denominator"": 1, ""numerator"": 1}, ""deletes_base_action_rate"": {""denominator"": 1, ""numerator"": 1}, ""delta_local_satisfaction"": {""denominator"": 23, ""numerator"": 0}, ""disruption"": {""denominator"": 1, ""numerator"": 1}, ""eppf"": {""denominator"": 0, ""numerator"": 0}, ""local_satisfaction"": {""denominator"": 25, ""numerator"": 23}, ""pfr"": {""denominator"": 0, ""numerator"": 0}, ""sir"": {""denominator"": 2, ""numerator"": 0}, ""srr"": {""denominator"": 21, ""numerator"": 0}, ""vacuous_improvement"": {""denominator"": 1, ""numerator"": 0}}"
4,59405,distinct,65_plus,0,1,1,"[0, 0, 0, 74195, 74214, 74215]","[0, 0, 0, 90673, 33681, 75281]",null,"[90673, 33681, 75281]",null,"[90673, 33681, 75281]","{""base_deletion_rate"": {""denominator"": 1, ""numerator"": 1}, ""deletes_base_action_rate"": {""denominator"": 1, ""numerator"": 1}, ""delta_local_satisfaction"": {""denominator"": 31, ""numerator"": 2}, ""disruption"": {""denominator"": 1, ""numerator"": 1}, ""eppf"": {""denominator"": 1, ""numerator"": 0}, ""local_satisfaction"": {""denominator"": 44, ""numerator"": 44}, ""pfr"": {""denominator"": 1, ""numerator"": 1}, ""sir"": {""denominator"": 1, ""numerator"": 1}, ""srr"": {""denominator"": 29, ""numerator"": 0}, ""vacuous_improvement"": {""denominator"": 1, ""numerator"": 1}}","{""base_deletion_rate"": {""denominator"": 1, ""numerator"": 1}, ""deletes_base_action_rate"": {""denominator"": 1, ""numerator"": 1}, ""delta_local_satisfaction"": {""denominator"": 31, ""numerator"": 2}, ""disruption"": {""denominator"": 1, ""numerator"": 1}, ""eppf"": {""denominator"": 1, ""numerator"": 0}, ""local_satisfaction"": {""denominator"": 44, ""numerator"": 44}, ""pfr"": {""denominator"": 1, ""numerator"": 1}, ""sir"": {""denominator"": 1, ""numerator"": 1}, ""srr"": {""denominator"": 29, ""numerator"": 0}, ""vacuous_improvement"": {""denominator"": 1, ""numerator"": 1}}"
5,64487,distinct,17_64,0,1,1,"[0, 0, 0, 74195, 74214, 74215]","[0, 0, 0, 98872, 36219, 89892]",null,"[98872, 36219, 89892]",null,"[98872, 36219, 89892]","{""base_deletion_rate"": {""denominator"": 1, ""numerator"": 1}, ""deletes_base_action_rate"": {""denominator"": 1, ""numerator"": 1}, ""delta_local_satisfaction"": {""denominator"": 19, ""numerator"": 0}, ""disruption"": {""denominator"": 1, ""numerator"": 1}, ""eppf"": {""denominator"": 0, ""numerator"": 0}, ""local_satisfaction"": {""denominator"": 20, ""numerator"": 9}, ""pfr"": {""denominator"": 0, ""numerator"": 0}, ""sir"": {""denominator"": 11, ""numerator"": 0}, ""srr"": {""denominator"": 7, ""numerator"": 0}, ""vacuous_improvement"": {""denominator"": 1, ""numerator"": 0}}","{""base_deletion_rate"": {""denominator"": 1, ""numerator"": 1}, ""deletes_base_action_rate"": {""denominator"": 1, ""numerator"": 1}, ""delta_local_satisfaction"": {""denominator"": 19, ""numerator"": 0}, ""disruption"": {""denominator"": 1, ""numerator"": 1}, ""eppf"": {""denominator"": 0, ""numerator"": 0}, ""local_satisfaction"": {""denominator"": 20, ""numerator"": 9}, ""pfr"": {""denominator"": 0, ""numerator"": 0}, ""sir"": {""denominator"": 11, ""numerator"": 0}, ""srr"": {""denominator"": 7, ""numerator"": 0}, ""vacuous_improvement"": {""denominator"": 1, ""numerator"": 0}}"
6,51859,conflictWith,65_plus,0,1,1,"[0, 0, 0, 74195, 74214, 74215]","[0, 0, 0, 98872, 29963, 98872]",null,"[98872, 29963, 98872]",null,"[98872, 29963, 98872]","{""base_deletion_rate"": {""denominator"": 1, ""numerator"": 1}, ""deletes_base_action_rate"": {""denominator"": 1, ""numerator"": 1}, ""delta_local_satisfaction"": {""denominator"": 30, ""numerator"": -9}, ""disruption"": {""denominator"": 1, ""numerator"": 1}, ""eppf"": {""denominator"": 1, ""numerator"": 0}, ""local_satisfaction"": {""denominator"": 40, ""numerator"": 28}, ""pfr"": {""denominator"": 1, ""numerator"": 1}, ""sir"": {""denominator"": 2, ""numerator"": 0}, ""srr"": {""denominator"": 27, ""numerator"": 10}, ""vacuous_improvement"": {""denominator"": 1, ""numerator"": 0}}","{""base_deletion_rate"": {""denominator"": 1, ""numerator"": 1}, ""deletes_base_action_rate"": {""denominator"": 1, ""numerator"": 1}, ""delta_local_satisfaction"": {""denominator"": 30, ""numerator"": -9}, ""disruption"": {""denominator"": 1, ""numerator"": 1}, ""eppf"": {""denominator"": 1, ""numerator"": 0}, ""local_satisfaction"": {""denominator"": 40, ""numerator"": 28}, ""pfr"": {""denominator"": 1, ""numerator"": 1}, ""sir"": {""denominator"": 2, ""numerator"": 0}, ""srr"": {""denominator"": 27, ""numerator"": 10}, ""vacuous_improvement"": {""denominator"": 1, ""numerator"": 0}}"
7,59405,distinct,65_plus,0,1,1,"[0, 0, 0, 74195, 74214, 74215]","[0, 0, 0, 90622, 33681, 75281]",null,"[90622, 33681, 75281]",null,"[90622, 33681, 75281]","{""base_deletion_rate"": {""denominator"": 1, ""numerator"": 1}, ""deletes_base_action_rate"": {""denominator"": 1, ""numerator"": 1}, ""delta_local_satisfaction"": {""denominator"": 31, ""numerator"": 2}, ""disruption"": {""denominator"": 1, ""numerator"": 1}, ""eppf"": {""denominator"": 1, ""numerator"": 0}, ""local_satisfaction"": {""denominator"": 44, ""numerator"": 44}, ""pfr"": {""denominator"": 1, ""numerator"": 1}, ""sir"": {""denominator"": 1, ""numerator"": 1}, ""srr"": {""denominator"": 29, ""numerator"": 0}, ""vacuous_improvement"": {""denominator"": 1, ""numerator"": 1}}","{""base_deletion_rate"": {""denominator"": 1, ""numerator"": 1}, ""deletes_base_action_rate"": {""denominator"": 1, ""numerator"": 1}, ""delta_local_satisfaction"": {""denominator"": 31, ""numerator"": 2}, ""disruption"": {""denominator"": 1, ""numerator"": 1}, ""eppf"": {""denominator"": 1, ""numerator"": 0}, ""local_satisfaction"": {""denominator"": 44, ""numerator"": 44}, ""pfr"": {""denominator"": 1, ""numerator"": 1}, ""sir"": {""denominator"": 1, ""numerator"": 1}, ""srr"": {""denominator"": 29, ""numerator"": 0}, ""vacuous_improvement"": {""denominator"": 1, ""numerator"": 1}}"
8,60263,valueType,65_plus,0,1,1,"[0, 0, 0, 74195, 74214, 74215]","[0, 0, 0, 98872, 31559, 98872]",null,"[98872, 31559, 98872]",null,"[98872, 31559, 98872]","{""base_deletion_rate"": {""denominator"": 1, ""numerator"": 1}, ""deletes_base_action_rate"": {""denominator"": 1, ""numerator"": 1}, ""delta_local_satisfaction"": {""denominator"": 36, ""numerator"": 0}, ""disruption"": {""denominator"": 1, ""numerator"": 1}, ""eppf"": {""denominator"": 0, ""numerator"": 0}, ""local_satisfaction"": {""denominator"": 40, ""numerator"": 25}, ""pfr"": {""denominator"": 0, ""numerator"": 0}, ""sir"": {""denominator"": 15, ""numerator"": 0}, ""srr"": {""denominator"": 21, ""numerator"": 0}, ""vacuous_improvement"": {""denominator"": 1, ""numerator"": 0}}","{""base_deletion_rate"": {""denominator"": 1, ""numerator"": 1}, ""deletes_base_action_rate"": {""denominator"": 1, ""numerator"": 1}, ""delta_local_satisfaction"": {""denominator"": 36, ""numerator"": 0}, ""disruption"": {""denominator"": 1, ""numerator"": 1}, ""eppf"": {""denominator"": 0, ""numerator"": 0}, ""local_satisfaction"": {""denominator"": 40, ""numerator"": 25}, ""pfr"": {""denominator"": 0, ""numerator"": 0}, ""sir"": {""denominator"": 15, ""numerator"": 0}, ""srr"": {""denominator"": 21, ""numerator"": 0}, ""vacuous_improvement"": {""denominator"": 1, ""numerator"": 0}}"
9,59405,distinct,65_plus,0,1,1,"[0, 0, 0, 74195, 74214, 74215]","[0, 0, 0, 91769, 33681, 75281]",null,"[91769, 33681, 75281]",null,"[91769, 33681, 75281]","{""base_deletion_rate"": {""denominator"": 1, ""numerator"": 1}, ""deletes_base_action_rate"": {""denominator"": 1, ""numerator"": 1}, ""delta_local_satisfaction"": {""denominator"": 31, ""numerator"": 2}, ""disruption"": {""denominator"": 1, ""numerator"": 1}, ""eppf"": {""denominator"": 1, ""numerator"": 0}, ""local_satisfaction"": {""denominator"": 44, ""numerator"": 44}, ""pfr"": {""denominator"": 1, ""numerator"": 1}, ""sir"": {""denominator"": 1, ""numerator"": 1}, ""srr"": {""denominator"": 29, ""numerator"": 0}, ""vacuous_improvement"": {""denominator"": 1, ""numerator"": 1}}","{""base_deletion_rate"": {""denominator"": 1, ""numerator"": 1}, ""deletes_base_action_rate"": {""denominator"": 1, ""numerator"": 1}, ""delta_local_satisfaction"": {""denominator"": 31, ""numerator"": 2}, ""disruption"": {""denominator"": 1, ""numerator"": 1}, ""eppf"": {""denominator"": 1, ""numerator"": 0}, ""local_satisfaction"": {""denominator"": 44, ""numerator"": 44}, ""pfr"": {""denominator"": 1, ""numerator"": 1}, ""sir"": {""denominator"": 1, ""numerator"": 1}, ""srr"": {""denominator"": 29, ""numerator"": 0}, ""vacuous_improvement"": {""denominator"": 1, ""numerator"": 1}}"
10,52213,conflictWith,65_plus,0,1,1,"[0, 0, 0, 74195, 74214, 74215]","[0, 0, 0, 98872, 30638, 98872]",null,"[98872, 30638, 98872]",null,"[98872, 30638, 98872]","{""base_deletion_rate"": {""denominator"": 1, ""numerator"": 1}, ""deletes_base_action_rate"": {""denominator"": 1, ""numerator"": 1}, ""delta_local_satisfaction"": {""denominator"": 27, ""numerator"": 4}, ""disruption"": {""denominator"": 1, ""numerator"": 1}, ""eppf"": {""denominator"": 1, ""numerator"": 0}, ""local_satisfaction"": {""denominator"": 30, ""numerator"": 15}, ""pfr"": {""denominator"": 1, ""numerator"": 1}, ""sir"": {""denominator"": 18, ""numerator"": 3}, ""srr"": {""denominator"": 8, ""numerator"": 0}, ""vacuous_improvement"": {""denominator"": 1, ""numerator"": 1}}","{""base_deletion_rate"": {""denominator"": 1, ""numerator"": 1}, ""deletes_base_action_rate"": {""denominator"": 1, ""numerator"": 1}, ""delta_local_satisfaction"": {""denominator"": 27, ""numerator"": 4}, ""disruption"": {""denominator"": 1, ""numerator"": 1}, ""eppf"": {""denominator"": 1, ""numerator"": 0}, ""local_satisfaction"": {""denominator"": 30, ""numerator"": 15}, ""pfr"": {""denominator"": 1, ""numerator"": 1}, ""sir"": {""denominator"": 18, ""numerator"": 3}, ""srr"": {""denominator"": 8, ""numerator"": 0}, ""vacuous_improvement"": {""denominator"": 1, ""numerator"": 1}}"
11,55339,single,17_64,0,1,1,"[0, 0, 0, 74195, 74214, 74215]","[0, 0, 0, 97413, 29787, 98872]",null,"[97413, 29787, 98872]",null,"[97413, 29787, 98872]","{""base_deletion_rate"": {""denominator"": 1, ""numerator"": 1}, ""deletes_base_action_rate"": {""denominator"": 1, ""numerator"": 1}, ""delta_local_satisfaction"": {""denominator"": 7, ""numerator"": 0}, ""disruption"": {""denominator"": 1, ""numerator"": 1}, ""eppf"": {""denominator"": 1, ""numerator"": 0}, ""local_satisfaction"": {""denominator"": 7, ""numerator"": 0}, ""pfr"": {""denominator"": 1, ""numerator"": 0}, ""sir"": {""denominator"": 6, ""numerator"": 0}, ""srr"": {""denominator"": 0, ""numerator"": 0}, ""vacuous_improvement"": {""denominator"": 1, ""numerator"": 0}}","{""base_deletion_rate"": {""denominator"": 1, ""numerator"": 1}, ""deletes_base_action_rate"": {""denominator"": 1, ""numerator"": 1}, ""delta_local_satisfaction"": {""denominator"": 7, ""numerator"": 0}, ""disruption"": {""denominator"": 1, ""numerator"": 1}, ""eppf"": {""denominator"": 1, ""numerator"": 0}, ""local_satisfaction"": {""denominator"": 7, ""numerator"": 0}, ""pfr"": {""denominator"": 1, ""numerator"": 0}, ""sir"": {""denominator"": 6, ""numerator"": 0}, ""srr"": {""denominator"": 0, ""numerator"": 0}, ""vacuous_improvement"": {""denominator"": 1, ""numerator"": 0}}"
12,59405,distinct,65_plus,0,1,1,"[0, 0, 0, 74195, 74214, 74215]","[0, 0, 0, 90087, 33681, 75281]",null,"[90087, 33681, 75281]",null,"[90087, 33681, 75281]","{""base_deletion_rate"": {""denominator"": 1, ""numerator"": 1}, ""deletes_base_action_rate"": {""denominator"": 1, ""numerator"": 1}, ""delta_local_satisfaction"": {""denominator"": 31, ""numerator"": 2}, ""disruption"": {""denominator"": 1, ""numerator"": 1}, ""eppf"": {""denominator"": 1, ""numerator"": 0}, ""local_satisfaction"": {""denominator"": 44, ""numerator"": 44}, ""pfr"": {""denominator"": 1, ""numerator"": 1}, ""sir"": {""denominator"": 1, ""numerator"": 1}, ""srr"": {""denominator"": 29, ""numerator"": 0}, ""vacuous_improvement"": {""denominator"": 1, ""numerator"": 1}}","{""base_deletion_rate"": {""denominator"": 1, ""numerator"": 1}, ""deletes_base_action_rate"": {""denominator"": 1, ""numerator"": 1}, ""delta_local_satisfaction"": {""denominator"": 31, ""numerator"": 2}, ""disruption"": {""denominator"": 1, ""numerator"": 1}, ""eppf"": {""denominator"": 1, ""numerator"": 0}, ""local_satisfaction"": {""denominator"": 44, ""numerator"": 44}, ""pfr"": {""denominator"": 1, ""numerator"": 1}, ""sir"": {""denominator"": 1, ""numerator"": 1}, ""srr"": {""denominator"": 29, ""numerator"": 0}, ""vacuous_improvement"": {""denominator"": 1, ""numerator"": 1}}"
13,64000,single,65_plus,0,1,1,"[0, 0, 0, 74195, 74214, 74215]","[0, 0, 0, 95002, 35867, 88406]",null,"[95002, 35867, 88406]",null,"[95002, 35867, 88406]","{""base_deletion_rate"": {""denominator"": 1, ""numerator"": 1}, ""deletes_base_action_rate"": {""denominator"": 1, ""numerator"": 1}, ""delta_local_satisfaction"": {""denominator"": 29, ""numerator"": 0}, ""disruption"": {""denominator"": 1, ""numerator"": 1}, ""eppf"": {""denominator"": 1, ""numerator"": 0}, ""local_satisfaction"": {""denominator"": 35, ""numerator"": 20}, ""pfr"": {""denominator"": 1, ""numerator"": 0}, ""sir"": {""denominator"": 14, ""numerator"": 0}, ""srr"": {""denominator"": 14, ""numerator"": 0}, ""vacuous_improvement"": {""denominator"": 1, ""numerator"": 0}}","{""base_deletion_rate"": {""denominator"": 1, ""numerator"": 1}, ""deletes_base_action_rate"": {""denominator"": 1, ""numerator"": 1}, ""delta_local_satisfaction"": {""denominator"": 29, ""numerator"": 0}, ""disruption"": {""denominator"": 1, ""numerator"": 1}, ""eppf"": {""denominator"": 1, ""numerator"": 0}, ""local_satisfaction"": {""denominator"": 35, ""numerator"": 20}, ""pfr"": {""denominator"": 1, ""numerator"": 0}, ""sir"": {""denominator"": 14, ""numerator"": 0}, ""srr"": {""denominator"": 14, ""numerator"": 0}, ""vacuous_improvement"": {""denominator"": 1, ""numerator"": 0}}"
14,59405,distinct,65_plus,0,1,1,"[0, 0, 0, 74195, 74214, 74215]","[0, 0, 0, 93959, 33681, 33265]",null,"[93959, 33681, 33265]",null,"[93959, 33681, 33265]","{""base_deletion_rate"": {""denominator"": 1, ""numerator"": 1}, ""deletes_base_action_rate"": {""denominator"": 1, ""numerator"": 1}, ""delta_local_satisfaction"": {""denominator"": 48, ""numerator"": 3}, ""disruption"": {""denominator"": 1, ""numerator"": 1}, ""eppf"": {""denominator"": 1, ""numerator"": 0}, ""local_satisfaction"": {""denominator"": 68, ""numerator"": 68}, ""pfr"": {""denominator"": 1, ""numerator"": 1}, ""sir"": {""denominator"": 2, ""numerator"": 2}, ""srr"": {""denominator"": 45, ""numerator"": 0}, ""vacuous_improvement"": {""denominator"": 1, ""numerator"": 1}}","{""base_deletion_rate"": {""denominator"": 1, ""numerator"": 1}, ""deletes_base_action_rate"": {""denominator"": 1, ""numerator"": 1}, ""delta_local_satisfaction"": {""denominator"": 48, ""numerator"": 3}, ""disruption"": {""denominator"": 1, ""numerator"": 1}, ""eppf"": {""denominator"": 1, ""numerator"": 0}, ""local_satisfaction"": {""denominator"": 68, ""numerator"": 68}, ""pfr"": {""denominator"": 1, ""numerator"": 1}, ""sir"": {""denominator"": 2, ""numerator"": 2}, ""srr"": {""denominator"": 45, ""numerator"": 0}, ""vacuous_improvement"": {""denominator"": 1, ""numerator"": 1}}"
15,64161,single,17_64,0,1,1,"[0, 0, 0, 74195, 74214, 74215]","[0, 0, 0, 97316, 30828, 98872]",null,"[97316, 30828, 98872]",null,"[97316, 30828, 98872]","{""base_deletion_rate"": {""denominator"": 1, ""numerator"": 1}, ""deletes_base_action_rate"": {""denominator"": 1, ""numerator"": 1}, ""delta_local_satisfaction"": {""denominator"": 5, ""numerator"": 1}, ""disruption"": {""denominator"": 1, ""numerator"": 1}, ""eppf"": {""denominator"": 0, ""numerator"": 0}, ""local_satisfaction"": {""denominator"": 5, ""numerator"": 4}, ""pfr"": {""denominator"": 0, ""numerator"": 0}, ""sir"": {""denominator"": 2, ""numerator"": 1}, ""srr"": {""denominator"": 2, ""numerator"": 0}, ""vacuous_improvement"": {""denominator"": 1, ""numerator"": 1}}","{""base_deletion_rate"": {""denominator"": 1, ""numerator"": 1}, ""deletes_base_action_rate"": {""denominator"": 1, ""numerator"": 1}, ""delta_local_satisfaction"": {""denominator"": 5, ""numerator"": 1}, ""disruption"": {""denominator"": 1, ""numerator"": 1}, ""eppf"": {""denominator"": 0, ""numerator"": 0}, ""local_satisfaction"": {""denominator"": 5, ""numerator"": 4}, ""pfr"": {""denominator"": 0, ""numerator"": 0}, ""sir"": {""denominator"": 2, ""numerator"": 1}, ""srr"": {""denominator"": 2, ""numerator"": 0}, ""vacuous_improvement"": {""denominator"": 1, ""numerator"": 1}}"
16,60096,distinct,17_64,0,1,1,"[0, 0, 0, 74195, 74214, 74215]","[0, 0, 0, 92630, 30780, 89574]",null,"[92630, 30780, 89574]",null,"[92630, 30780, 89574]","{""base_deletion_rate"": {""denominator"": 1, ""numerator"": 1}, ""deletes_base_action_rate"": {""denominator"": 1, ""numerator"": 1}, ""delta_local_satisfaction"": {""denominator"": 26, ""numerator"": 3}, ""disruption"": {""denominator"": 1, ""numerator"": 1}, ""eppf"": {""denominator"": 1, ""numerator"": 0}, ""local_satisfaction"": {""denominator"": 28, ""numerator"": 20}, ""pfr"": {""denominator"": 1, ""numerator"": 1}, ""sir"": {""denominator"": 10, ""numerator"": 2}, ""srr"": {""denominator"": 15, ""numerator"": 0}, ""vacuous_improvement"": {""denominator"": 1, ""numerator"": 1}}","{""base_deletion_rate"": {""denominator"": 1, ""numerator"": 1}, ""deletes_base_action_rate"": {""denominator"": 1, ""numerator"": 1}, ""delta_local_satisfaction"": {""denominator"": 26, ""numerator"": 3}, ""disruption"": {""denominator"": 1, ""numerator"": 1}, ""eppf"": {""denominator"": 1, ""numerator"": 0}, ""local_satisfaction"": {""denominator"": 28, ""numerator"": 20}, ""pfr"": {""denominator"": 1, ""numerator"": 1}, ""sir"": {""denominator"": 10, ""numerator"": 2}, ""srr"": {""denominator"": 15, ""numerator"": 0}, ""vacuous_improvement"": {""denominator"": 1, ""numerator"": 1}}"
17,67579,type,65_plus,0,1,1,"[0, 0, 0, 74195, 74214, 74215]","[0, 0, 0, 98872, 35227, 98872]",null,"[98872, 35227, 98872]",null,"[98872, 35227, 98872]","{""base_deletion_rate"": {""denominator"": 1, ""numerator"": 1}, ""deletes_base_action_rate"": {""denominator"": 1, ""numerator"": 1}, ""delta_local_satisfaction"": {""denominator"": 47, ""numerator"": 0}, ""disruption"": {""denominator"": 1, ""numerator"": 1}, ""eppf"": {""denominator"": 0, ""numerator"": 0}, ""local_satisfaction"": {""denominator"": 59, ""numerator"": 29}, ""pfr"": {""denominator"": 0, ""numerator"": 0}, ""sir"": {""denominator"": 30, ""numerator"": 0}, ""srr"": {""denominator"": 17, ""numerator"": 0}, ""vacuous_improvement"": {""denominator"": 1, ""numerator"": 0}}","{""base_deletion_rate"": {""denominator"": 1, ""numerator"": 1}, ""deletes_base_action_rate"": {""denominator"": 1, ""numerator"": 1}, ""delta_local_satisfaction"": {""denominator"": 47, ""numerator"": 0}, ""disruption"": {""denominator"": 1, ""numerator"": 1}, ""eppf"": {""denominator"": 0, ""numerator"": 0}, ""local_satisfaction"": {""denominator"": 59, ""numerator"": 29}, ""pfr"": {""denominator"": 0, ""numerator"": 0}, ""sir"": {""denominator"": 30, ""numerator"": 0}, ""srr"": {""denominator"": 17, ""numerator"": 0}, ""vacuous_improvement"": {""denominator"": 1, ""numerator"": 0}}"
18,51866,itemRequiresStatement,5_16,0,1,1,"[0, 0, 0, 74195, 74214, 74215]","[0, 0, 0, 98872, 29963, 98872]",null,"[98872, 29963, 98872]",null,"[98872, 29963, 98872]","{""base_deletion_rate"": {""denominator"": 1, ""numerator"": 1}, ""deletes_base_action_rate"": {""denominator"": 1, ""numerator"": 1}, ""delta_local_satisfaction"": {""denominator"": 1, ""numerator"": 0}, ""disruption"": {""denominator"": 1, ""numerator"": 1}, ""eppf"": {""denominator"": 0, ""numerator"": 0}, ""local_satisfaction"": {""denominator"": 4, ""numerator"": 4}, ""pfr"": {""denominator"": 0, ""numerator"": 0}, ""sir"": {""denominator"": 0, ""numerator"": 0}, ""srr"": {""denominator"": 1, ""numerator"": 0}, ""vacuous_improvement"": {""denominator"": 1, ""numerator"": 0}}","{""base_deletion_rate"": {""denominator"": 1, ""numerator"": 1}, ""deletes_base_action_rate"": {""denominator"": 1, ""numerator"": 1}, ""delta_local_satisfaction"": {""denominator"": 1, ""numerator"": 0}, ""disruption"": {""denominator"": 1, ""numerator"": 1}, ""eppf"": {""denominator"": 0, ""numerator"": 0}, ""local_satisfaction"": {""denominator"": 4, ""numerator"": 4}, ""pfr"": {""denominator"": 0, ""numerator"": 0}, ""sir"": {""denominator"": 0, ""numerator"": 0}, ""srr"": {""denominator"": 1, ""numerator"": 0}, ""vacuous_improvement"": {""denominator"": 1, ""numerator"": 0}}"
19,51759,type,65_plus,0,1,1,"[0, 0, 0, 74195, 74214, 74215]","[0, 0, 0, 98872, 30419, 76032]",null,"[98872, 30419, 76032]",null,"[98872, 30419, 76032]","{""base_deletion_rate"": {""denominator"": 1, ""numerator"": 1}, ""deletes_base_action_rate"": {""denominator"": 1, ""numerator"": 1}, ""delta_local_satisfaction"": {""denominator"": 100, ""numerator"": 0}, ""disruption"": {""denominator"": 1, ""numerator"": 1}, ""eppf"": {""denominator"": 0, ""numerator"": 0}, ""local_satisfaction"": {""denominator"": 116, ""numerator"": 115}, ""pfr"": {""denominator"": 0, ""numerator"": 0}, ""sir"": {""denominator"": 1, ""numerator"": 0}, ""srr"": {""denominator"": 99, ""numerator"": 0}, ""vacuous_improvement"": {""denominator"": 1, ""numerator"": 0}}","{""base_deletion_rate"": {""denominator"": 1, ""numerator"": 1}, ""deletes_base_action_rate"": {""denominator"": 1, ""numerator"": 1}, ""delta_local_satisfaction"": {""denominator"": 100, ""numerator"": 0}, ""disruption"": {""denominator"": 1, ""numerator"": 1}, ""eppf"": {""denominator"": 0, ""numerator"": 0}, ""local_satisfaction"": {""denominator"": 116, ""numerator"": 115}, ""pfr"": {""denominator"": 0, ""numerator"": 0}, ""sir"": {""denominator"": 1, ""numerator"": 0}, ""srr"": {""denominator"": 99, ""numerator"": 0}, ""vacuous_improvement"": {""denominator"": 1, ""numerator"": 0}}"
20,59405,distinct,65_plus,0,1,1,"[0, 0, 0, 74195, 74214, 74215]","[0, 0, 0, 98872, 33681, 75281]",null,"[98872, 33681, 75281]",null,"[98872, 33681, 75281]","{""base_deletion_rate"": {""denominator"": 1, ""numerator"": 1}, ""deletes_base_action_rate"": {""denominator"": 1, ""numerator"": 1}, ""delta_local_satisfaction"": {""denominator"": 31, ""numerator"": 1}, ""disruption"": {""denominator"": 1, ""numerator"": 1}, ""eppf"": {""denominator"": 0, ""numerator"": 0}, ""local_satisfaction"": {""denominator"": 44, ""numerator"": 44}, ""pfr"": {""denominator"": 0, ""numerator"": 0}, ""sir"": {""denominator"": 1, ""numerator"": 1}, ""srr"": {""denominator"": 29, ""numerator"": 0}, ""vacuous_improvement"": {""denominator"": 1, ""numerator"": 1}}","{""base_deletion_rate"": {""denominator"": 1, ""numerator"": 1}, ""deletes_base_action_rate"": {""denominator"": 1, ""numerator"": 1}, ""delta_local_satisfaction"": {""denominator"": 31, ""numerator"": 1}, ""disruption"": {""denominator"": 1, ""numerator"": 1}, ""eppf"": {""denominator"": 0, ""numerator"": 0}, ""local_satisfaction"": {""denominator"": 44, ""numerator"": 44}, ""pfr"": {""denominator"": 0, ""numerator"": 0}, ""sir"": {""denominator"": 1, ""numerator"": 1}, ""srr"": {""denominator"": 29, ""numerator"": 0}, ""vacuous_improvement"": {""denominator"": 1, ""numerator"": 1}}"
21,59405,distinct,65_plus,0,1,1,"[0, 0, 0, 74195, 74214, 74215]","[0, 0, 0, 91177, 33681, 75281]",null,"[91177, 33681, 75281]",null,"[91177, 33681, 75281]","{""base_deletion_rate"": {""denominator"": 1, ""numerator"": 1}, ""deletes_base_action_rate"": {""denominator"": 1, ""numerator"": 1}, ""delta_local_satisfaction"": {""denominator"": 31, ""numerator"": 2}, ""disruption"": {""denominator"": 1, ""numerator"": 1}, ""eppf"": {""denominator"": 1, ""numerator"": 0}, ""local_satisfaction"": {""denominator"": 44, ""numerator"": 44}, ""pfr"": {""denominator"": 1, ""numerator"": 1}, ""sir"": {""denominator"": 1, ""numerator"": 1}, ""srr"": {""denominator"": 29, ""numerator"": 0}, ""vacuous_improvement"": {""denominator"": 1, ""numerator"": 1}}","{""base_deletion_rate"": {""denominator"": 1, ""numerator"": 1}, ""deletes_base_action_rate"": {""denominator"": 1, ""numerator"": 1}, ""delta_local_satisfaction"": {""denominator"": 31, ""numerator"": 2}, ""disruption"": {""denominator"": 1, ""numerator"": 1}, ""eppf"": {""denominator"": 1, ""numerator"": 0}, ""local_satisfaction"": {""denominator"": 44, ""numerator"": 44}, ""pfr"": {""denominator"": 1, ""numerator"": 1}, ""sir"": {""denominator"": 1, ""numerator"": 1}, ""srr"": {""denominator"": 29, ""numerator"": 0}, ""vacuous_improvement"": {""denominator"": 1, ""numerator"": 1}}"
22,51435,valueType,65_plus,0,1,1,"[0, 0, 0, 74195, 74214, 74215]","[0, 0, 0, 98872, 30111, 32159]",null,"[98872, 30111, 32159]",null,"[98872, 30111, 32159]","{""base_deletion_rate"": {""denominator"": 1, ""numerator"": 1}, ""deletes_base_action_rate"": {""denominator"": 1, ""numerator"": 1}, ""delta_local_satisfaction"": {""denominator"": 28, ""numerator"": 2}, ""disruption"": {""denominator"": 1, ""numerator"": 1}, ""eppf"": {""denominator"": 0, ""numerator"": 0}, ""local_satisfaction"": {""denominator"": 35, ""numerator"": 19}, ""pfr"": {""denominator"": 0, ""numerator"": 0}, ""sir"": {""denominator"": 18, ""numerator"": 2}, ""srr"": {""denominator"": 10, ""numerator"": 0}, ""vacuous_improvement"": {""denominator"": 1, ""numerator"": 1}}","{""base_deletion_rate"": {""denominator"": 1, ""numerator"": 1}, ""deletes_base_action_rate"": {""denominator"": 1, ""numerator"": 1}, ""delta_local_satisfaction"": {""denominator"": 28, ""numerator"": 2}, ""disruption"": {""denominator"": 1, ""numerator"": 1}, ""eppf"": {""denominator"": 0, ""numerator"": 0}, ""local_satisfaction"": {""denominator"": 35, ""numerator"": 19}, ""pfr"": {""denominator"": 0, ""numerator"": 0}, ""sir"": {""denominator"": 18, ""numerator"": 2}, ""srr"": {""denominator"": 10, ""numerator"": 0}, ""vacuous_improvement"": {""denominator"": 1, ""numerator"": 1}}"
23,50387,inverse,65_plus,0,1,1,"[0, 0, 0, 74195, 74214, 74215]","[0, 0, 0, 98872, 29865, 98872]",null,"[98872, 29865, 98872]",null,"[98872, 29865, 98872]","{""base_deletion_rate"": {""denominator"": 1, ""numerator"": 1}, ""deletes_base_action_rate"": {""denominator"": 1, ""numerator"": 1}, ""delta_local_satisfaction"": {""denominator"": 23, ""numerator"": 1}, ""disruption"": {""denominator"": 1, ""numerator"": 1}, ""eppf"": {""denominator"": 0, ""numerator"": 0}, ""local_satisfaction"": {""denominator"": 27, ""numerator"": 15}, ""pfr"": {""denominator"": 0, ""numerator"": 0}, ""sir"": {""denominator"": 13, ""numerator"": 1}, ""srr"": {""denominator"": 9, ""numerator"": 0}, ""vacuous_improvement"": {""denominator"": 1, ""numerator"": 1}}","{""base_deletion_rate"": {""denominator"": 1, ""numerator"": 1}, ""deletes_base_action_rate"": {""denominator"": 1, ""numerator"": 1}, ""delta_local_satisfaction"": {""denominator"": 23, ""numerator"": 1}, ""disruption"": {""denominator"": 1, ""numerator"": 1}, ""eppf"": {""denominator"": 0, ""numerator"": 0}, ""local_satisfaction"": {""denominator"": 27, ""numerator"": 15}, ""pfr"": {""denominator"": 0, ""numerator"": 0}, ""sir"": {""denominator"": 13, ""numerator"": 1}, ""srr"": {""denominator"": 9, ""numerator"": 0}, ""vacuous_improvement"": {""denominator"": 1, ""numerator"": 1}}"
24,65737,valueRequiresStatement,65_plus,0,1,1,"[0, 0, 0, 74195, 74214, 74215]","[0, 0, 0, 98872, 30512, 85884]",null,"[98872, 30512, 85884]",null,"[98872, 30512, 85884]","{""base_deletion_rate"": {""denominator"": 1, ""numerator"": 1}, ""deletes_base_action_rate"": {""denominator"": 1, ""numerator"": 1}, ""delta_local_satisfaction"": {""denominator"": 56, ""numerator"": 0}, ""disruption"": {""denominator"": 1, ""numerator"": 1}, ""eppf"": {""denominator"": 0, ""numerator"": 0}, ""local_satisfaction"": {""denominator"": 59, ""numerator"": 34}, ""pfr"": {""denominator"": 0, ""numerator"": 0}, ""sir"": {""denominator"": 25, ""numerator"": 0}, ""srr"": {""denominator"": 30, ""numerator"": 0}, ""vacuous_improvement"": {""denominator"": 1, ""numerator"": 0}}","{""base_deletion_rate"": {""denominator"": 1, ""numerator"": 1}, ""deletes_base_action_rate"": {""denominator"": 1, ""numerator"": 1}, ""delta_local_satisfaction"": {""denominator"": 56, ""numerator"": 0}, ""disruption"": {""denominator"": 1, ""numerator"": 1}, ""eppf"": {""denominator"": 0, ""numerator"": 0}, ""local_satisfaction"": {""denominator"": 59, ""numerator"": 34}, ""pfr"": {""denominator"": 0, ""numerator"": 0}, ""sir"": {""denominator"": 25, ""numerator"": 0}, ""srr"": {""denominator"": 30, ""numerator"": 0}, ""vacuous_improvement"": {""denominator"": 1, ""numerator"": 0}}"
25,57267,distinct,65_plus,0,1,1,"[0, 0, 0, 74195, 74214, 74215]","[0, 0, 0, 98872, 32938, 90312]",null,"[98872, 32938, 90312]",null,"[98872, 32938, 90312]","{""base_deletion_rate"": {""denominator"": 1, ""numerator"": 1}, ""deletes_base_action_rate"": {""denominator"": 1, ""numerator"": 1}, ""delta_local_satisfaction"": {""denominator"": 3, ""numerator"": 0}, ""disruption"": {""denominator"": 1, ""numerator"": 1}, ""eppf"": {""denominator"": 0, ""numerator"": 0}, ""local_satisfaction"": {""denominator"": 5, ""numerator"": 5}, ""pfr"": {""denominator"": 0, ""numerator"": 0}, ""sir"": {""denominator"": 0, ""numerator"": 0}, ""srr"": {""denominator"": 2, ""numerator"": 0}, ""vacuous_improvement"": {""denominator"": 1, ""numerator"": 0}}","{""base_deletion_rate"": {""denominator"": 1, ""numerator"": 1}, ""deletes_base_action_rate"": {""denominator"": 1, ""numerator"": 1}, ""delta_local_satisfaction"": {""denominator"": 3, ""numerator"": 0}, ""disruption"": {""denominator"": 1, ""numerator"": 1}, ""eppf"": {""denominator"": 0, ""numerator"": 0}, ""local_satisfaction"": {""denominator"": 5, ""numerator"": 5}, ""pfr"": {""denominator"": 0, ""numerator"": 0}, ""sir"": {""denominator"": 0, ""numerator"": 0}, ""srr"": {""denominator"": 2, ""numerator"": 0}, ""vacuous_improvement"": {""denominator"": 1, ""numerator"": 0}}"
26,62202,valueRequiresStatement,65_plus,0,1,1,"[0, 0, 0, 74195, 74214, 74215]","[0, 0, 0, 98872, 29766, 87234]",null,"[98872, 29766, 87234]",null,"[98872, 29766, 87234]","{""base_deletion_rate"": {""denominator"": 1, ""numerator"": 1}, ""deletes_base_action_rate"": {""denominator"": 1, ""numerator"": 1}, ""delta_local_satisfaction"": {""denominator"": 71, ""numerator"": 1}, ""disruption"": {""denominator"": 1, ""numerator"": 1}, ""eppf"": {""denominator"": 1, ""numerator"": 0}, ""local_satisfaction"": {""denominator"": 83, ""numerator"": 49}, ""pfr"": {""denominator"": 1, ""numerator"": 1}, ""sir"": {""denominator"": 34, ""numerator"": 0}, ""srr"": {""denominator"": 36, ""numerator"": 0}, ""vacuous_improvement"": {""denominator"": 1, ""numerator"": 1}}","{""base_deletion_rate"": {""denominator"": 1, ""numerator"": 1}, ""deletes_base_action_rate"": {""denominator"": 1, ""numerator"": 1}, ""delta_local_satisfaction"": {""denominator"": 71, ""numerator"": 1}, ""disruption"": {""denominator"": 1, ""numerator"": 1}, ""eppf"": {""denominator"": 1, ""numerator"": 0}, ""local_satisfaction"": {""denominator"": 83, ""numerator"": 49}, ""pfr"": {""denominator"": 1, ""numerator"": 1}, ""sir"": {""denominator"": 34, ""numerator"": 0}, ""srr"": {""denominator"": 36, ""numerator"": 0}, ""vacuous_improvement"": {""denominator"": 1, ""numerator"": 1}}"
27,66339,valueRequiresStatement,65_plus,0,1,1,"[0, 0, 0, 74195, 74214, 74215]","[0, 0, 0, 98872, 29803, 35546]",null,"[98872, 29803, 35546]",null,"[98872, 29803, 35546]","{""base_deletion_rate"": {""denominator"": 1, ""numerator"": 1}, ""deletes_base_action_rate"": {""denominator"": 1, ""numerator"": 1}, ""delta_local_satisfaction"": {""denominator"": 12, ""numerator"": 0}, ""disruption"": {""denominator"": 1, ""numerator"": 1}, ""eppf"": {""denominator"": 0, ""numerator"": 0}, ""local_satisfaction"": {""denominator"": 21, ""numerator"": 21}, ""pfr"": {""denominator"": 0, ""numerator"": 0}, ""sir"": {""denominator"": 0, ""numerator"": 0}, ""srr"": {""denominator"": 11, ""numerator"": 0}, ""vacuous_improvement"": {""denominator"": 1, ""numerator"": 0}}","{""base_deletion_rate"": {""denominator"": 1, ""numerator"": 1}, ""deletes_base_action_rate"": {""denominator"": 1, ""numerator"": 1}, ""delta_local_satisfaction"": {""denominator"": 12, ""numerator"": 0}, ""disruption"": {""denominator"": 1, ""numerator"": 1}, ""eppf"": {""denominator"": 0, ""numerator"": 0}, ""local_satisfaction"": {""denominator"": 21, ""numerator"": 21}, ""pfr"": {""denominator"": 0, ""numerator"": 0}, ""sir"": {""denominator"": 0, ""numerator"": 0}, ""srr"": {""denominator"": 11, ""numerator"": 0}, ""vacuous_improvement"": {""denominator"": 1, ""numerator"": 0}}"
28,51756,valueType,65_plus,0,1,1,"[0, 0, 0, 74195, 74214, 74215]","[0, 0, 0, 98872, 30419, 48698]",null,"[98872, 30419, 48698]",null,"[98872, 30419, 48698]","{""base_deletion_rate"": {""denominator"": 1, ""numerator"": 1}, ""deletes_base_action_rate"": {""denominator"": 1, ""numerator"": 1}, ""delta_local_satisfaction"": {""denominator"": 241, ""numerator"": 0}, ""disruption"": {""denominator"": 1, ""numerator"": 1}, ""eppf"": {""denominator"": 0, ""numerator"": 0}, ""local_satisfaction"": {""denominator"": 297, ""numerator"": 273}, ""pfr"": {""denominator"": 0, ""numerator"": 0}, ""sir"": {""denominator"": 24, ""numerator"": 0}, ""srr"": {""denominator"": 217, ""numerator"": 0}, ""vacuous_improvement"": {""denominator"": 1, ""numerator"": 0}}","{""base_deletion_rate"": {""denominator"": 1, ""numerator"": 1}, ""deletes_base_action_rate"": {""denominator"": 1, ""numerator"": 1}, ""delta_local_satisfaction"": {""denominator"": 241, ""numerator"": 0}, ""disruption"": {""denominator"": 1, ""numerator"": 1}, ""eppf"": {""denominator"": 0, ""numerator"": 0}, ""local_satisfaction"": {""denominator"": 297, ""numerator"": 273}, ""pfr"": {""denominator"": 0, ""numerator"": 0}, ""sir"": {""denominator"": 24, ""numerator"": 0}, ""srr"": {""denominator"": 217, ""numerator"": 0}, ""vacuous_improvement"": {""denominator"": 1, ""numerator"": 0}}"
29,64223,itemRequiresStatement,65_plus,0,1,1,"[0, 0, 0, 74195, 74214, 74215]","[0, 0, 0, 98872, 36012, 98872]",null,"[98872, 36012, 98872]",null,"[98872, 36012, 98872]","{""base_deletion_rate"": {""denominator"": 1, ""numerator"": 1}, ""deletes_base_action_rate"": {""denominator"": 1, ""numerator"": 1}, ""delta_local_satisfaction"": {""denominator"": 73, ""numerator"": -2}, ""disruption"": {""denominator"": 1, ""numerator"": 1}, ""eppf"": {""denominator"": 0, ""numerator"": 0}, ""local_satisfaction"": {""denominator"": 82, ""numerator"": 59}, ""pfr"": {""denominator"": 0, ""numerator"": 0}, ""sir"": {""denominator"": 21, ""numerator"": 0}, ""srr"": {""denominator"": 51, ""numerator"": 2}, ""vacuous_improvement"": {""denominator"": 1, ""numerator"": 0}}","{""base_deletion_rate"": {""denominator"": 1, ""numerator"": 1}, ""deletes_base_action_rate"": {""denominator"": 1, ""numerator"": 1}, ""delta_local_satisfaction"": {""denominator"": 73, ""numerator"": -2}, ""disruption"": {""denominator"": 1, ""numerator"": 1}, ""eppf"": {""denominator"": 0, ""numerator"": 0}, ""local_satisfaction"": {""denominator"": 82, ""numerator"": 59}, ""pfr"": {""denominator"": 0, ""numerator"": 0}, ""sir"": {""denominator"": 21, ""numerator"": 0}, ""srr"": {""denominator"": 51, ""numerator"": 2}, ""vacuous_improvement"": {""denominator"": 1, ""numerator"": 0}}"
30,65857,type,17_64,0,1,1,"[0, 0, 0, 74195, 74214, 74215]","[0, 0, 0, 98872, 36832, 98872]",null,"[98872, 36832, 98872]",null,"[98872, 36832, 98872]","{""base_deletion_rate"": {""denominator"": 1, ""numerator"": 1}, ""deletes_base_action_rate"": {""denominator"": 1, ""numerator"": 1}, ""delta_local_satisfaction"": {""denominator"": 0, ""numerator"": 0}, ""disruption"": {""denominator"": 1, ""numerator"": 1}, ""eppf"": {""denominator"": 0, ""numerator"": 0}, ""local_satisfaction"": {""denominator"": 2, ""numerator"": 2}, ""pfr"": {""denominator"": 0, ""numerator"": 0}, ""sir"": {""denominator"": 0, ""numerator"": 0}, ""srr"": {""denominator"": 0, ""numerator"": 0}, ""vacuous_improvement"": {""denominator"": 1, ""numerator"": 0}}","{""base_deletion_rate"": {""denominator"": 1, ""numerator"": 1}, ""deletes_base_action_rate"": {""denominator"": 1, ""numerator"": 1}, ""delta_local_satisfaction"": {""denominator"": 0, ""numerator"": 0}, ""disruption"": {""denominator"": 1, ""numerator"": 1}, ""eppf"": {""denominator"": 0, ""numerator"": 0}, ""local_satisfaction"": {""denominator"": 2, ""numerator"": 2}, ""pfr"": {""denominator"": 0, ""numerator"": 0}, ""sir"": {""denominator"": 0, ""numerator"": 0}, ""srr"": {""denominator"": 0, ""numerator"": 0}, ""vacuous_improvement"": {""denominator"": 1, ""numerator"": 0}}"
31,57013,inverse,17_64,0,1,1,"[0, 0, 0, 74195, 74214, 74215]","[0, 0, 0, 98872, 32843, 98872]",null,"[98872, 32843, 98872]",null,"[98872, 32843, 98872]","{""base_deletion_rate"": {""denominator"": 1, ""numerator"": 1}, ""deletes_base_action_rate"": {""denominator"": 1, ""numerator"": 1}, ""delta_local_satisfaction"": {""denominator"": 5, ""numerator"": 0}, ""disruption"": {""denominator"": 1, ""numerator"": 1}, ""eppf"": {""denominator"": 0, ""numerator"": 0}, ""local_satisfaction"": {""denominator"": 9, ""numerator"": 9}, ""pfr"": {""denominator"": 0, ""numerator"": 0}, ""sir"": {""denominator"": 0, ""numerator"": 0}, ""srr"": {""denominator"": 4, ""numerator"": 0}, ""vacuous_improvement"": {""denominator"": 1, ""numerator"": 0}}","{""base_deletion_rate"": {""denominator"": 1, ""numerator"": 1}, ""deletes_base_action_rate"": {""denominator"": 1, ""numerator"": 1}, ""delta_local_satisfaction"": {""denominator"": 5, ""numerator"": 0}, ""disruption"": {""denominator"": 1, ""numerator"": 1}, ""eppf"": {""denominator"": 0, ""numerator"": 0}, ""local_satisfaction"": {""denominator"": 9, ""numerator"": 9}, ""pfr"": {""denominator"": 0, ""numerator"": 0}, ""sir"": {""denominator"": 0, ""numerator"": 0}, ""srr"": {""denominator"": 4, ""numerator"": 0}, ""vacuous_improvement"": {""denominator"": 1, ""numerator"": 0}}"
32,59405,distinct,65_plus,0,1,1,"[0, 0, 0, 74195, 74214, 74215]","[0, 0, 0, 90798, 33681, 75281]",null,"[90798, 33681, 75281]",null,"[90798, 33681, 75281]","{""base_deletion_rate"": {""denominator"": 1, ""numerator"": 1}, ""deletes_base_action_rate"": {""denominator"": 1, ""numerator"": 1}, ""delta_local_satisfaction"": {""denominator"": 31, ""numerator"": 2}, ""disruption"": {""denominator"": 1, ""numerator"": 1}, ""eppf"": {""denominator"": 1, ""numerator"": 0}, ""local_satisfaction"": {""denominator"": 44, ""numerator"": 44}, ""pfr"": {""denominator"": 1, ""numerator"": 1}, ""sir"": {""denominator"": 1, ""numerator"": 1}, ""srr"": {""denominator"": 29, ""numerator"": 0}, ""vacuous_improvement"": {""denominator"": 1, ""numerator"": 1}}","{""base_deletion_rate"": {""denominator"": 1, ""numerator"": 1}, ""deletes_base_action_rate"": {""denominator"": 1, ""numerator"": 1}, ""delta_local_satisfaction"": {""denominator"": 31, ""numerator"": 2}, ""disruption"": {""denominator"": 1, ""numerator"": 1}, ""eppf"": {""denominator"": 1, ""numerator"": 0}, ""local_satisfaction"": {""denominator"": 44, ""numerator"": 44}, ""pfr"": {""denominator"": 1, ""numerator"": 1}, ""sir"": {""denominator"": 1, ""numerator"": 1}, ""srr"": {""denominator"": 29, ""numerator"": 0}, ""vacuous_improvement"": {""denominator"": 1, ""numerator"": 1}}"
33,56980,oneOf,65_plus,0,1,1,"[0, 0, 0, 74195, 74214, 74215]","[0, 0, 0, 98872, 32833, 94123]",null,"[98872, 32833, 94123]",null,"[98872, 32833, 94123]","{""base_deletion_rate"": {""denominator"": 1, ""numerator"": 1}, ""deletes_base_action_rate"": {""denominator"": 1, ""numerator"": 1}, ""delta_local_satisfaction"": {""denominator"": 17, ""numerator"": 1}, ""disruption"": {""denominator"": 1, ""numerator"": 1}, ""eppf"": {""denominator"": 1, ""numerator"": 0}, ""local_satisfaction"": {""denominator"": 19, ""numerator"": 8}, ""pfr"": {""denominator"": 1, ""numerator"": 1}, ""sir"": {""denominator"": 11, ""numerator"": 0}, ""srr"": {""denominator"": 5, ""numerator"": 0}, ""vacuous_improvement"": {""denominator"": 1, ""numerator"": 1}}","{""base_deletion_rate"": {""denominator"": 1, ""numerator"": 1}, ""deletes_base_action_rate"": {""denominator"": 1, ""numerator"": 1}, ""delta_local_satisfaction"": {""denominator"": 17, ""numerator"": 1}, ""disruption"": {""denominator"": 1, ""numerator"": 1}, ""eppf"": {""denominator"": 1, ""numerator"": 0}, ""local_satisfaction"": {""denominator"": 19, ""numerator"": 8}, ""pfr"": {""denominator"": 1, ""numerator"": 1}, ""sir"": {""denominator"": 11, ""numerator"": 0}, ""srr"": {""denominator"": 5, ""numerator"": 0}, ""vacuous_improvement"": {""denominator"": 1, ""numerator"": 1}}"
34,56396,itemRequiresStatement,17_64,0,1,1,"[0, 0, 0, 74195, 74214, 74215]","[0, 0, 0, 98872, 32616, 98872]",null,"[98872, 32616, 98872]",null,"[98872, 32616, 98872]","{""base_deletion_rate"": {""denominator"": 1, ""numerator"": 1}, ""deletes_base_action_rate"": {""denominator"": 1, ""numerator"": 1}, ""delta_local_satisfaction"": {""denominator"": 19, ""numerator"": 0}, ""disruption"": {""denominator"": 1, ""numerator"": 1}, ""eppf"": {""denominator"": 0, ""numerator"": 0}, ""local_satisfaction"": {""denominator"": 22, ""numerator"": 12}, ""pfr"": {""denominator"": 0, ""numerator"": 0}, ""sir"": {""denominator"": 10, ""numerator"": 0}, ""srr"": {""denominator"": 9, ""numerator"": 0}, ""vacuous_improvement"": {""denominator"": 1, ""numerator"": 0}}","{""base_deletion_rate"": {""denominator"": 1, ""numerator"": 1}, ""deletes_base_action_rate"": {""denominator"": 1, ""numerator"": 1}, ""delta_local_satisfaction"": {""denominator"": 19, ""numerator"": 0}, ""disruption"": {""denominator"": 1, ""numerator"": 1}, ""eppf"": {""denominator"": 0, ""numerator"": 0}, ""local_satisfaction"": {""denominator"": 22, ""numerator"": 12}, ""pfr"": {""denominator"": 0, ""numerator"": 0}, ""sir"": {""denominator"": 10, ""numerator"": 0}, ""srr"": {""denominator"": 9, ""numerator"": 0}, ""vacuous_improvement"": {""denominator"": 1, ""numerator"": 0}}"
35,59405,distinct,65_plus,0,1,1,"[0, 0, 0, 74195, 74214, 74215]","[0, 0, 0, 91147, 33681, 75281]",null,"[91147, 33681, 75281]",null,"[91147, 33681, 75281]","{""base_deletion_rate"": {""denominator"": 1, ""numerator"": 1}, ""deletes_base_action_rate"": {""denominator"": 1, ""numerator"": 1}, ""delta_local_satisfaction"": {""denominator"": 31, ""numerator"": 2}, ""disruption"": {""denominator"": 1, ""numerator"": 1}, ""eppf"": {""denominator"": 1, ""numerator"": 0}, ""local_satisfaction"": {""denominator"": 44, ""numerator"": 44}, ""pfr"": {""denominator"": 1, ""numerator"": 1}, ""sir"": {""denominator"": 1, ""numerator"": 1}, ""srr"": {""denominator"": 29, ""numerator"": 0}, ""vacuous_improvement"": {""denominator"": 1, ""numerator"": 1}}","{""base_deletion_rate"": {""denominator"": 1, ""numerator"": 1}, ""deletes_base_action_rate"": {""denominator"": 1, ""numerator"": 1}, ""delta_local_satisfaction"": {""denominator"": 31, ""numerator"": 2}, ""disruption"": {""denominator"": 1, ""numerator"": 1}, ""eppf"": {""denominator"": 1, ""numerator"": 0}, ""local_satisfaction"": {""denominator"": 44, ""numerator"": 44}, ""pfr"": {""denominator"": 1, ""numerator"": 1}, ""sir"": {""denominator"": 1, ""numerator"": 1}, ""srr"": {""denominator"": 29, ""numerator"": 0}, ""vacuous_improvement"": {""denominator"": 1, ""numerator"": 1}}"
36,59405,distinct,65_plus,0,1,1,"[0, 0, 0, 74195, 74214, 74215]","[0, 0, 0, 90087, 33681, 75281]",null,"[90087, 33681, 75281]",null,"[90087, 33681, 75281]","{""base_deletion_rate"": {""denominator"": 1, ""numerator"": 1}, ""deletes_base_action_rate"": {""denominator"": 1, ""numerator"": 1}, ""delta_local_satisfaction"": {""denominator"": 31, ""numerator"": 2}, ""disruption"": {""denominator"": 1, ""numerator"": 1}, ""eppf"": {""denominator"": 1, ""numerator"": 0}, ""local_satisfaction"": {""denominator"": 44, ""numerator"": 44}, ""pfr"": {""denominator"": 1, ""numerator"": 1}, ""sir"": {""denominator"": 1, ""numerator"": 1}, ""srr"": {""denominator"": 29, ""numerator"": 0}, ""vacuous_improvement"": {""denominator"": 1, ""numerator"": 1}}","{""base_deletion_rate"": {""denominator"": 1, ""numerator"": 1}, ""deletes_base_action_rate"": {""denominator"": 1, ""numerator"": 1}, ""delta_local_satisfaction"": {""denominator"": 31, ""numerator"": 2}, ""disruption"": {""denominator"": 1, ""numerator"": 1}, ""eppf"": {""denominator"": 1, ""numerator"": 0}, ""local_satisfaction"": {""denominator"": 44, ""numerator"": 44}, ""pfr"": {""denominator"": 1, ""numerator"": 1}, ""sir"": {""denominator"": 1, ""numerator"": 1}, ""srr"": {""denominator"": 29, ""numerator"": 0}, ""vacuous_improvement"": {""denominator"": 1, ""numerator"": 1}}"
37,59405,distinct,65_plus,0,1,1,"[0, 0, 0, 74195, 74214, 74215]","[0, 0, 0, 90233, 33681, 75281]",null,"[90233, 33681, 75281]",null,"[90233, 33681, 75281]","{""base_deletion_rate"": {""denominator"": 1, ""numerator"": 1}, ""deletes_base_action_rate"": {""denominator"": 1, ""numerator"": 1}, ""delta_local_satisfaction"": {""denominator"": 31, ""numerator"": 2}, ""disruption"": {""denominator"": 1, ""numerator"": 1}, ""eppf"": {""denominator"": 1, ""numerator"": 0}, ""local_satisfaction"": {""denominator"": 44, ""numerator"": 44}, ""pfr"": {""denominator"": 1, ""numerator"": 1}, ""sir"": {""denominator"": 1, ""numerator"": 1}, ""srr"": {""denominator"": 29, ""numerator"": 0}, ""vacuous_improvement"": {""denominator"": 1, ""numerator"": 1}}","{""base_deletion_rate"": {""denominator"": 1, ""numerator"": 1}, ""deletes_base_action_rate"": {""denominator"": 1, ""numerator"": 1}, ""delta_local_satisfaction"": {""denominator"": 31, ""numerator"": 2}, ""disruption"": {""denominator"": 1, ""numerator"": 1}, ""eppf"": {""denominator"": 1, ""numerator"": 0}, ""local_satisfaction"": {""denominator"": 44, ""numerator"": 44}, ""pfr"": {""denominator"": 1, ""numerator"": 1}, ""sir"": {""denominator"": 1, ""numerator"": 1}, ""srr"": {""denominator"": 29, ""numerator"": 0}, ""vacuous_improvement"": {""denominator"": 1, ""numerator"": 1}}"
38,59405,distinct,65_plus,0,1,1,"[0, 0, 0, 74195, 74214, 74215]","[0, 0, 0, 90819, 33681, 33265]",null,"[90819, 33681, 33265]",null,"[90819, 33681, 33265]","{""base_deletion_rate"": {""denominator"": 1, ""numerator"": 1}, ""deletes_base_action_rate"": {""denominator"": 1, ""numerator"": 1}, ""delta_local_satisfaction"": {""denominator"": 48, ""numerator"": 2}, ""disruption"": {""denominator"": 1, ""numerator"": 1}, ""eppf"": {""denominator"": 1, ""numerator"": 0}, ""local_satisfaction"": {""denominator"": 68, ""numerator"": 68}, ""pfr"": {""denominator"": 1, ""numerator"": 1}, ""sir"": {""denominator"": 1, ""numerator"": 1}, ""srr"": {""denominator"": 46, ""numerator"": 0}, ""vacuous_improvement"": {""denominator"": 1, ""numerator"": 1}}","{""base_deletion_rate"": {""denominator"": 1, ""numerator"": 1}, ""deletes_base_action_rate"": {""denominator"": 1, ""numerator"": 1}, ""delta_local_satisfaction"": {""denominator"": 48, ""numerator"": 2}, ""disruption"": {""denominator"": 1, ""numerator"": 1}, ""eppf"": {""denominator"": 1, ""numerator"": 0}, ""local_satisfaction"": {""denominator"": 68, ""numerator"": 68}, ""pfr"": {""denominator"": 1, ""numerator"": 1}, ""sir"": {""denominator"": 1, ""numerator"": 1}, ""srr"": {""denominator"": 46, ""numerator"": 0}, ""vacuous_improvement"": {""denominator"": 1, ""numerator"": 1}}"
39,59405,distinct,65_plus,0,1,1,"[0, 0, 0, 74195, 74214, 74215]","[0, 0, 0, 91476, 33681, 75281]",null,"[91476, 33681, 75281]",null,"[91476, 33681, 75281]","{""base_deletion_rate"": {""denominator"": 1, ""numerator"": 1}, ""deletes_base_action_rate"": {""denominator"": 1, ""numerator"": 1}, ""delta_local_satisfaction"": {""denominator"": 31, ""numerator"": 2}, ""disruption"": {""denominator"": 1, ""numerator"": 1}, ""eppf"": {""denominator"": 1, ""numerator"": 0}, ""local_satisfaction"": {""denominator"": 44, ""numerator"": 44}, ""pfr"": {""denominator"": 1, ""numerator"": 1}, ""sir"": {""denominator"": 1, ""numerator"": 1}, ""srr"": {""denominator"": 29, ""numerator"": 0}, ""vacuous_improvement"": {""denominator"": 1, ""numerator"": 1}}","{""base_deletion_rate"": {""denominator"": 1, ""numerator"": 1}, ""deletes_base_action_rate"": {""denominator"": 1, ""numerator"": 1}, ""delta_local_satisfaction"": {""denominator"": 31, ""numerator"": 2}, ""disruption"": {""denominator"": 1, ""numerator"": 1}, ""eppf"": {""denominator"": 1, ""numerator"": 0}, ""local_satisfaction"": {""denominator"": 44, ""numerator"": 44}, ""pfr"": {""denominator"": 1, ""numerator"": 1}, ""sir"": {""denominator"": 1, ""numerator"": 1}, ""srr"": {""denominator"": 29, ""numerator"": 0}, ""vacuous_improvement"": {""denominator"": 1, ""numerator"": 1}}"
40,51690,itemRequiresStatement,17_64,0,1,1,"[0, 0, 0, 74195, 74214, 74215]","[0, 0, 0, 98872, 30397, 98872]",null,"[98872, 30397, 98872]",null,"[98872, 30397, 98872]","{""base_deletion_rate"": {""denominator"": 1, ""numerator"": 1}, ""deletes_base_action_rate"": {""denominator"": 1, ""numerator"": 1}, ""delta_local_satisfaction"": {""denominator"": 4, ""numerator"": 0}, ""disruption"": {""denominator"": 1, ""numerator"": 1}, ""eppf"": {""denominator"": 0, ""numerator"": 0}, ""local_satisfaction"": {""denominator"": 8, ""numerator"": 8}, ""pfr"": {""denominator"": 0, ""numerator"": 0}, ""sir"": {""denominator"": 0, ""numerator"": 0}, ""srr"": {""denominator"": 4, ""numerator"": 0}, ""vacuous_improvement"": {""denominator"": 1, ""numerator"": 0}}","{""base_deletion_rate"": {""denominator"": 1, ""numerator"": 1}, ""deletes_base_action_rate"": {""denominator"": 1, ""numerator"": 1}, ""delta_local_satisfaction"": {""denominator"": 4, ""numerator"": 0}, ""disruption"": {""denominator"": 1, ""numerator"": 1}, ""eppf"": {""denominator"": 0, ""numerator"": 0}, ""local_satisfaction"": {""denominator"": 8, ""numerator"": 8}, ""pfr"": {""denominator"": 0, ""numerator"": 0}, ""sir"": {""denominator"": 0, ""numerator"": 0}, ""srr"": {""denominator"": 4, ""numerator"": 0}, ""vacuous_improvement"": {""denominator"": 1, ""numerator"": 0}}"
41,73199,itemRequiresStatement,17_64,0,1,1,"[0, 0, 0, 74195, 74214, 74215]","[0, 0, 0, 98872, 45349, 98872]",null,"[98872, 45349, 98872]",null,"[98872, 45349, 98872]","{""base_deletion_rate"": {""denominator"": 1, ""numerator"": 1}, ""deletes_base_action_rate"": {""denominator"": 1, ""numerator"": 1}, ""delta_local_satisfaction"": {""denominator"": 9, ""numerator"": 1}, ""disruption"": {""denominator"": 1, ""numerator"": 1}, ""eppf"": {""denominator"": 0, ""numerator"": 0}, ""local_satisfaction"": {""denominator"": 11, ""numerator"": 6}, ""pfr"": {""denominator"": 0, ""numerator"": 0}, ""sir"": {""denominator"": 6, ""numerator"": 1}, ""srr"": {""denominator"": 3, ""numerator"": 0}, ""vacuous_improvement"": {""denominator"": 1, ""numerator"": 1}}","{""base_deletion_rate"": {""denominator"": 1, ""numerator"": 1}, ""deletes_base_action_rate"": {""denominator"": 1, ""numerator"": 1}, ""delta_local_satisfaction"": {""denominator"": 9, ""numerator"": 1}, ""disruption"": {""denominator"": 1, ""numerator"": 1}, ""eppf"": {""denominator"": 0, ""numerator"": 0}, ""local_satisfaction"": {""denominator"": 11, ""numerator"": 6}, ""pfr"": {""denominator"": 0, ""numerator"": 0}, ""sir"": {""denominator"": 6, ""numerator"": 1}, ""srr"": {""denominator"": 3, ""numerator"": 0}, ""vacuous_improvement"": {""denominator"": 1, ""numerator"": 1}}"
42,56490,valueRequiresStatement,17_64,0,1,1,"[0, 0, 0, 74195, 74214, 74215]","[0, 0, 0, 98872, 29762, 30002]",null,"[98872, 29762, 30002]",null,"[98872, 29762, 30002]","{""base_deletion_rate"": {""denominator"": 1, ""numerator"": 1}, ""deletes_base_action_rate"": {""denominator"": 1, ""numerator"": 1}, ""delta_local_satisfaction"": {""denominator"": 17, ""numerator"": 0}, ""disruption"": {""denominator"": 1, ""numerator"": 1}, ""eppf"": {""denominator"": 0, ""numerator"": 0}, ""local_satisfaction"": {""denominator"": 20, ""numerator"": 19}, ""pfr"": {""denominator"": 0, ""numerator"": 0}, ""sir"": {""denominator"": 1, ""numerator"": 0}, ""srr"": {""denominator"": 15, ""numerator"": 0}, ""vacuous_improvement"": {""denominator"": 1, ""numerator"": 0}}","{""base_deletion_rate"": {""denominator"": 1, ""numerator"": 1}, ""deletes_base_action_rate"": {""denominator"": 1, ""numerator"": 1}, ""delta_local_satisfaction"": {""denominator"": 17, ""numerator"": 0}, ""disruption"": {""denominator"": 1, ""numerator"": 1}, ""eppf"": {""denominator"": 0, ""numerator"": 0}, ""local_satisfaction"": {""denominator"": 20, ""numerator"": 19}, ""pfr"": {""denominator"": 0, ""numerator"": 0}, ""sir"": {""denominator"": 1, ""numerator"": 0}, ""srr"": {""denominator"": 15, ""numerator"": 0}, ""vacuous_improvement"": {""denominator"": 1, ""numerator"": 0}}"
43,57013,inverse,65_plus,0,1,1,"[0, 0, 0, 74195, 74214, 74215]","[0, 0, 0, 98872, 32843, 98872]",null,"[98872, 32843, 98872]",null,"[98872, 32843, 98872]","{""base_deletion_rate"": {""denominator"": 1, ""numerator"": 1}, ""deletes_base_action_rate"": {""denominator"": 1, ""numerator"": 1}, ""delta_local_satisfaction"": {""denominator"": 10, ""numerator"": 0}, ""disruption"": {""denominator"": 1, ""numerator"": 1}, ""eppf"": {""denominator"": 0, ""numerator"": 0}, ""local_satisfaction"": {""denominator"": 18, ""numerator"": 18}, ""pfr"": {""denominator"": 0, ""numerator"": 0}, ""sir"": {""denominator"": 0, ""numerator"": 0}, ""srr"": {""denominator"": 9, ""numerator"": 0}, ""vacuous_improvement"": {""denominator"": 1, ""numerator"": 0}}","{""base_deletion_rate"": {""denominator"": 1, ""numerator"": 1}, ""deletes_base_action_rate"": {""denominator"": 1, ""numerator"": 1}, ""delta_local_satisfaction"": {""denominator"": 10, ""numerator"": 0}, ""disruption"": {""denominator"": 1, ""numerator"": 1}, ""eppf"": {""denominator"": 0, ""numerator"": 0}, ""local_satisfaction"": {""denominator"": 18, ""numerator"": 18}, ""pfr"": {""denominator"": 0, ""numerator"": 0}, ""sir"": {""denominator"": 0, ""numerator"": 0}, ""srr"": {""denominator"": 9, ""numerator"": 0}, ""vacuous_improvement"": {""denominator"": 1, ""numerator"": 0}}"
44,68686,itemRequiresStatement,5_16,0,1,1,"[0, 0, 0, 74195, 74214, 74215]","[0, 0, 0, 98872, 38708, 98872]",null,"[98872, 38708, 98872]",null,"[98872, 38708, 98872]","{""base_deletion_rate"": {""denominator"": 1, ""numerator"": 1}, ""deletes_base_action_rate"": {""denominator"": 1, ""numerator"": 1}, ""delta_local_satisfaction"": {""denominator"": 2, ""numerator"": 0}, ""disruption"": {""denominator"": 1, ""numerator"": 1}, ""eppf"": {""denominator"": 0, ""numerator"": 0}, ""local_satisfaction"": {""denominator"": 5, ""numerator"": 5}, ""pfr"": {""denominator"": 0, ""numerator"": 0}, ""sir"": {""denominator"": 0, ""numerator"": 0}, ""srr"": {""denominator"": 2, ""numerator"": 0}, ""vacuous_improvement"": {""denominator"": 1, ""numerator"": 0}}","{""base_deletion_rate"": {""denominator"": 1, ""numerator"": 1}, ""deletes_base_action_rate"": {""denominator"": 1, ""numerator"": 1}, ""delta_local_satisfaction"": {""denominator"": 2, ""numerator"": 0}, ""disruption"": {""denominator"": 1, ""numerator"": 1}, ""eppf"": {""denominator"": 0, ""numerator"": 0}, ""local_satisfaction"": {""denominator"": 5, ""numerator"": 5}, ""pfr"": {""denominator"": 0, ""numerator"": 0}, ""sir"": {""denominator"": 0, ""numerator"": 0}, ""srr"": {""denominator"": 2, ""numerator"": 0}, ""vacuous_improvement"": {""denominator"": 1, ""numerator"": 0}}"
45,50387,inverse,65_plus,0,1,1,"[0, 0, 0, 74195, 74214, 74215]","[0, 0, 0, 98872, 29865, 98872]",null,"[98872, 29865, 98872]",null,"[98872, 29865, 98872]","{""base_deletion_rate"": {""denominator"": 1, ""numerator"": 1}, ""deletes_base_action_rate"": {""denominator"": 1, ""numerator"": 1}, ""delta_local_satisfaction"": {""denominator"": 61, ""numerator"": 1}, ""disruption"": {""denominator"": 1, ""numerator"": 1}, ""eppf"": {""denominator"": 0, ""numerator"": 0}, ""local_satisfaction"": {""denominator"": 71, ""numerator"": 44}, ""pfr"": {""denominator"": 0, ""numerator"": 0}, ""sir"": {""denominator"": 28, ""numerator"": 1}, ""srr"": {""denominator"": 32, ""numerator"": 0}, ""vacuous_improvement"": {""denominator"": 1, ""numerator"": 1}}","{""base_deletion_rate"": {""denominator"": 1, ""numerator"": 1}, ""deletes_base_action_rate"": {""denominator"": 1, ""numerator"": 1}, ""delta_local_satisfaction"": {""denominator"": 61, ""numerator"": 1}, ""disruption"": {""denominator"": 1, ""numerator"": 1}, ""eppf"": {""denominator"": 0, ""numerator"": 0}, ""local_satisfaction"": {""denominator"": 71, ""numerator"": 44}, ""pfr"": {""denominator"": 0, ""numerator"": 0}, ""sir"": {""denominator"": 28, ""numerator"": 1}, ""srr"": {""denominator"": 32, ""numerator"": 0}, ""vacuous_improvement"": {""denominator"": 1, ""numerator"": 1}}"
46,66339,valueRequiresStatement,65_plus,0,1,1,"[0, 0, 0, 74195, 74214, 74215]","[0, 0, 0, 98872, 29803, 35546]",null,"[98872, 29803, 35546]",null,"[98872, 29803, 35546]","{""base_deletion_rate"": {""denominator"": 1, ""numerator"": 1}, ""deletes_base_action_rate"": {""denominator"": 1, ""numerator"": 1}, ""delta_local_satisfaction"": {""denominator"": 46, ""numerator"": 1}, ""disruption"": {""denominator"": 1, ""numerator"": 1}, ""eppf"": {""denominator"": 0, ""numerator"": 0}, ""local_satisfaction"": {""denominator"": 63, ""numerator"": 58}, ""pfr"": {""denominator"": 0, ""numerator"": 0}, ""sir"": {""denominator"": 6, ""numerator"": 1}, ""srr"": {""denominator"": 39, ""numerator"": 0}, ""vacuous_improvement"": {""denominator"": 1, ""numerator"": 1}}","{""base_deletion_rate"": {""denominator"": 1, ""numerator"": 1}, ""deletes_base_action_rate"": {""denominator"": 1, ""numerator"": 1}, ""delta_local_satisfaction"": {""denominator"": 46, ""numerator"": 1}, ""disruption"": {""denominator"": 1, ""numerator"": 1}, ""eppf"": {""denominator"": 0, ""numerator"": 0}, ""local_satisfaction"": {""denominator"": 63, ""numerator"": 58}, ""pfr"": {""denominator"": 0, ""numerator"": 0}, ""sir"": {""denominator"": 6, ""numerator"": 1}, ""srr"": {""denominator"": 39, ""numerator"": 0}, ""vacuous_improvement"": {""denominator"": 1, ""numerator"": 1}}"
47,50362,valueType,17_64,0,1,1,"[0, 0, 0, 74195, 74214, 74215]","[0, 0, 0, 98872, 29859, 98872]",null,"[98872, 29859, 98872]",null,"[98872, 29859, 98872]","{""base_deletion_rate"": {""denominator"": 1, ""numerator"": 1}, ""deletes_base_action_rate"": {""denominator"": 1, ""numerator"": 1}, ""delta_local_satisfaction"": {""denominator"": 17, ""numerator"": 0}, ""disruption"": {""denominator"": 1, ""numerator"": 1}, ""eppf"": {""denominator"": 0, ""numerator"": 0}, ""local_satisfaction"": {""denominator"": 20, ""numerator"": 11}, ""pfr"": {""denominator"": 0, ""numerator"": 0}, ""sir"": {""denominator"": 9, ""numerator"": 0}, ""srr"": {""denominator"": 8, ""numerator"": 0}, ""vacuous_improvement"": {""denominator"": 1, ""numerator"": 0}}","{""base_deletion_rate"": {""denominator"": 1, ""numerator"": 1}, ""deletes_base_action_rate"": {""denominator"": 1, ""numerator"": 1}, ""delta_local_satisfaction"": {""denominator"": 17, ""numerator"": 0}, ""disruption"": {""denominator"": 1, ""numerator"": 1}, ""eppf"": {""denominator"": 0, ""numerator"": 0}, ""local_satisfaction"": {""denominator"": 20, ""numerator"": 11}, ""pfr"": {""denominator"": 0, ""numerator"": 0}, ""sir"": {""denominator"": 9, ""numerator"": 0}, ""srr"": {""denominator"": 8, ""numerator"": 0}, ""vacuous_improvement"": {""denominator"": 1, ""numerator"": 0}}"
48,57796,conflictWith,65_plus,0,1,1,"[0, 0, 0, 74195, 74214, 74215]","[0, 0, 0, 98872, 33147, 98872]",null,"[98872, 33147, 98872]",null,"[98872, 33147, 98872]","{""base_deletion_rate"": {""denominator"": 1, ""numerator"": 1}, ""deletes_base_action_rate"": {""denominator"": 1, ""numerator"": 1}, ""delta_local_satisfaction"": {""denominator"": 33, ""numerator"": 1}, ""disruption"": {""denominator"": 1, ""numerator"": 1}, ""eppf"": {""denominator"": 1, ""numerator"": 0}, ""local_satisfaction"": {""denominator"": 43, ""numerator"": 25}, ""pfr"": {""denominator"": 1, ""numerator"": 1}, ""sir"": {""denominator"": 18, ""numerator"": 0}, ""srr"": {""denominator"": 14, ""numerator"": 0}, ""vacuous_improvement"": {""denominator"": 1, ""numerator"": 1}}","{""base_deletion_rate"": {""denominator"": 1, ""numerator"": 1}, ""deletes_base_action_rate"": {""denominator"": 1, ""numerator"": 1}, ""delta_local_satisfaction"": {""denominator"": 33, ""numerator"": 1}, ""disruption"": {""denominator"": 1, ""numerator"": 1}, ""eppf"": {""denominator"": 1, ""numerator"": 0}, ""local_satisfaction"": {""denominator"": 43, ""numerator"": 25}, ""pfr"": {""denominator"": 1, ""numerator"": 1}, ""sir"": {""denominator"": 18, ""numerator"": 0}, ""srr"": {""denominator"": 14, ""numerator"": 0}, ""vacuous_improvement"": {""denominator"": 1, ""numerator"": 1}}"
49,51871,oneOf,65_plus,0,1,1,"[0, 0, 0, 74195, 74214, 74215]","[0, 0, 0, 98872, 29852, 32652]",null,"[98872, 29852, 32652]",null,"[98872, 29852, 32652]","{""base_deletion_rate"": {""denominator"": 1, ""numerator"": 1}, ""deletes_base_action_rate"": {""denominator"": 1, ""numerator"": 1}, ""delta_local_satisfaction"": {""denominator"": 68, ""numerator"": 6}, ""disruption"": {""denominator"": 1, ""numerator"": 1}, ""eppf"": {""denominator"": 1, ""numerator"": 0}, ""local_satisfaction"": {""denominator"": 89, ""numerator"": 76}, ""pfr"": {""denominator"": 1, ""numerator"": 1}, ""sir"": {""denominator"": 18, ""numerator"": 6}, ""srr"": {""denominator"": 49, ""numerator"": 1}, ""vacuous_improvement"": {""denominator"": 1, ""numerator"": 1}}","{""base_deletion_rate"": {""denominator"": 1, ""numerator"": 1}, ""deletes_base_action_rate"": {""denominator"": 1, ""numerator"": 1}, ""delta_local_satisfaction"": {""denominator"": 68, ""numerator"": 6}, ""disruption"": {""denominator"": 1, ""numerator"": 1}, ""eppf"": {""denominator"": 1, ""numerator"": 0}, ""local_satisfaction"": {""denominator"": 89, ""numerator"": 76}, ""pfr"": {""denominator"": 1, ""numerator"": 1}, ""sir"": {""denominator"": 18, ""numerator"": 6}, ""srr"": {""denominator"": 49, ""numerator"": 1}, ""vacuous_improvement"": {""denominator"": 1, ""numerator"": 1}}"
50,56799,conflictWith,65_plus,0,1,1,"[0, 0, 0, 74195, 74214, 74215]","[0, 0, 0, 98872, 30122, 32713]",null,"[98872, 30122, 32713]",null,"[98872, 30122, 32713]","{""base_deletion_rate"": {""denominator"": 1, ""numerator"": 1}, ""deletes_base_action_rate"": {""denominator"": 1, ""numerator"": 1}, ""delta_local_satisfaction"": {""denominator"": 90, ""numerator"": 6}, ""disruption"": {""denominator"": 1, ""numerator"": 1}, ""eppf"": {""denominator"": 1, ""numerator"": 0}, ""local_satisfaction"": {""denominator"": 114, ""numerator"": 102}, ""pfr"": {""denominator"": 1, ""numerator"": 1}, ""sir"": {""denominator"": 17, ""numerator"": 6}, ""srr"": {""denominator"": 72, ""numerator"": 1}, ""vacuous_improvement"": {""denominator"": 1, ""numerator"": 1}}","{""base_deletion_rate"": {""denominator"": 1, ""numerator"": 1}, ""deletes_base_action_rate"": {""denominator"": 1, ""numerator"": 1}, ""delta_local_satisfaction"": {""denominator"": 90, ""numerator"": 6}, ""disruption"": {""denominator"": 1, ""numerator"": 1}, ""eppf"": {""denominator"": 1, ""numerator"": 0}, ""local_satisfaction"": {""denominator"": 114, ""numerator"": 102}, ""pfr"": {""denominator"": 1, ""numerator"": 1}, ""sir"": {""denominator"": 17, ""numerator"": 6}, ""srr"": {""denominator"": 72, ""numerator"": 1}, ""vacuous_improvement"": {""denominator"": 1, ""numerator"": 1}}"
51,66339,valueRequiresStatement,65_plus,0,1,1,"[0, 0, 0, 74195, 74214, 74215]","[0, 0, 0, 98872, 29803, 35546]",null,"[98872, 29803, 35546]",null,"[98872, 29803, 35546]","{""base_deletion_rate"": {""denominator"": 1, ""numerator"": 1}, ""deletes_base_action_rate"": {""denominator"": 1, ""numerator"": 1}, ""delta_local_satisfaction"": {""denominator"": 37, ""numerator"": 1}, ""disruption"": {""denominator"": 1, ""numerator"": 1}, ""eppf"": {""denominator"": 0, ""numerator"": 0}, ""local_satisfaction"": {""denominator"": 54, ""numerator"": 54}, ""pfr"": {""denominator"": 0, ""numerator"": 0}, ""sir"": {""denominator"": 1, ""numerator"": 1}, ""srr"": {""denominator"": 35, ""numerator"": 0}, ""vacuous_improvement"": {""denominator"": 1, ""numerator"": 1}}","{""base_deletion_rate"": {""denominator"": 1, ""numerator"": 1}, ""deletes_base_action_rate"": {""denominator"": 1, ""numerator"": 1}, ""delta_local_satisfaction"": {""denominator"": 37, ""numerator"": 1}, ""disruption"": {""denominator"": 1, ""numerator"": 1}, ""eppf"": {""denominator"": 0, ""numerator"": 0}, ""local_satisfaction"": {""denominator"": 54, ""numerator"": 54}, ""pfr"": {""denominator"": 0, ""numerator"": 0}, ""sir"": {""denominator"": 1, ""numerator"": 1}, ""srr"": {""denominator"": 35, ""numerator"": 0}, ""vacuous_improvement"": {""denominator"": 1, ""numerator"": 1}}"
52,52397,valueRequiresStatement,65_plus,0,1,1,"[0, 0, 0, 74195, 74214, 74215]","[0, 0, 0, 98872, 30260, 86568]",null,"[98872, 30260, 86568]",null,"[98872, 30260, 86568]","{""base_deletion_rate"": {""denominator"": 1, ""numerator"": 1}, ""deletes_base_action_rate"": {""denominator"": 1, ""numerator"": 1}, ""delta_local_satisfaction"": {""denominator"": 17, ""numerator"": 3}, ""disruption"": {""denominator"": 1, ""numerator"": 1}, ""eppf"": {""denominator"": 0, ""numerator"": 0}, ""local_satisfaction"": {""denominator"": 20, ""numerator"": 13}, ""pfr"": {""denominator"": 0, ""numerator"": 0}, ""sir"": {""denominator"": 10, ""numerator"": 3}, ""srr"": {""denominator"": 7, ""numerator"": 0}, ""vacuous_improvement"": {""denominator"": 1, ""numerator"": 1}}","{""base_deletion_rate"": {""denominator"": 1, ""numerator"": 1}, ""deletes_base_action_rate"": {""denominator"": 1, ""numerator"": 1}, ""delta_local_satisfaction"": {""denominator"": 17, ""numerator"": 3}, ""disruption"": {""denominator"": 1, ""numerator"": 1}, ""eppf"": {""denominator"": 0, ""numerator"": 0}, ""local_satisfaction"": {""denominator"": 20, ""numerator"": 13}, ""pfr"": {""denominator"": 0, ""numerator"": 0}, ""sir"": {""denominator"": 10, ""numerator"": 3}, ""srr"": {""denominator"": 7, ""numerator"": 0}, ""vacuous_improvement"": {""denominator"": 1, ""numerator"": 1}}"
53,51863,type,17_64,0,1,1,"[0, 0, 0, 74195, 74214, 74215]","[0, 0, 0, 98872, 29963, 98872]",null,"[98872, 29963, 98872]",null,"[98872, 29963, 98872]","{""base_deletion_rate"": {""denominator"": 1, ""numerator"": 1}, ""deletes_base_action_rate"": {""denominator"": 1, ""numerator"": 1}, ""delta_local_satisfaction"": {""denominator"": 4, ""numerator"": -1}, ""disruption"": {""denominator"": 1, ""numerator"": 1}, ""eppf"": {""denominator"": 0, ""numerator"": 0}, ""local_satisfaction"": {""denominator"": 6, ""numerator"": 5}, ""pfr"": {""denominator"": 0, ""numerator"": 0}, ""sir"": {""denominator"": 0, ""numerator"": 0}, ""srr"": {""denominator"": 4, ""numerator"": 1}, ""vacuous_improvement"": {""denominator"": 1, ""numerator"": 0}}","{""base_deletion_rate"": {""denominator"": 1, ""numerator"": 1}, ""deletes_base_action_rate"": {""denominator"": 1, ""numerator"": 1}, ""delta_local_satisfaction"": {""denominator"": 4, ""numerator"": -1}, ""disruption"": {""denominator"": 1, ""numerator"": 1}, ""eppf"": {""denominator"": 0, ""numerator"": 0}, ""local_satisfaction"": {""denominator"": 6, ""numerator"": 5}, ""pfr"": {""denominator"": 0, ""numerator"": 0}, ""sir"": {""denominator"": 0, ""numerator"": 0}, ""srr"": {""denominator"": 4, ""numerator"": 1}, ""vacuous_improvement"": {""denominator"": 1, ""numerator"": 0}}"
54,52143,valueType,65_plus,0,1,1,"[0, 0, 0, 74195, 74214, 74215]","[0, 0, 0, 98872, 29758, 30841]",null,"[98872, 29758, 30841]",null,"[98872, 29758, 30841]","{""base_deletion_rate"": {""denominator"": 1, ""numerator"": 1}, ""deletes_base_action_rate"": {""denominator"": 1, ""numerator"": 1}, ""delta_local_satisfaction"": {""denominator"": 290, ""numerator"": 0}, ""disruption"": {""denominator"": 1, ""numerator"": 1}, ""eppf"": {""denominator"": 0, ""numerator"": 0}, ""local_satisfaction"": {""denominator"": 356, ""numerator"": 350}, ""pfr"": {""denominator"": 0, ""numerator"": 0}, ""sir"": {""denominator"": 6, ""numerator"": 1}, ""srr"": {""denominator"": 284, ""numerator"": 1}, ""vacuous_improvement"": {""denominator"": 1, ""numerator"": 0}}","{""base_deletion_rate"": {""denominator"": 1, ""numerator"": 1}, ""deletes_base_action_rate"": {""denominator"": 1, ""numerator"": 1}, ""delta_local_satisfaction"": {""denominator"": 290, ""numerator"": 0}, ""disruption"": {""denominator"": 1, ""numerator"": 1}, ""eppf"": {""denominator"": 0, ""numerator"": 0}, ""local_satisfaction"": {""denominator"": 356, ""numerator"": 350}, ""pfr"": {""denominator"": 0, ""numerator"": 0}, ""sir"": {""denominator"": 6, ""numerator"": 1}, ""srr"": {""denominator"": 284, ""numerator"": 1}, ""vacuous_improvement"": {""denominator"": 1, ""numerator"": 0}}"
55,67743,type,65_plus,0,1,1,"[0, 0, 0, 74195, 74214, 74215]","[0, 0, 0, 98872, 38091, 98872]",null,"[98872, 38091, 98872]",null,"[98872, 38091, 98872]","{""base_deletion_rate"": {""denominator"": 1, ""numerator"": 1}, ""deletes_base_action_rate"": {""denominator"": 1, ""numerator"": 1}, ""delta_local_satisfaction"": {""denominator"": 64, ""numerator"": 2}, ""disruption"": {""denominator"": 1, ""numerator"": 1}, ""eppf"": {""denominator"": 0, ""numerator"": 0}, ""local_satisfaction"": {""denominator"": 76, ""numerator"": 54}, ""pfr"": {""denominator"": 0, ""numerator"": 0}, ""sir"": {""denominator"": 24, ""numerator"": 2}, ""srr"": {""denominator"": 40, ""numerator"": 0}, ""vacuous_improvement"": {""denominator"": 1, ""numerator"": 1}}","{""base_deletion_rate"": {""denominator"": 1, ""numerator"": 1}, ""deletes_base_action_rate"": {""denominator"": 1, ""numerator"": 1}, ""delta_local_satisfaction"": {""denominator"": 64, ""numerator"": 2}, ""disruption"": {""denominator"": 1, ""numerator"": 1}, ""eppf"": {""denominator"": 0, ""numerator"": 0}, ""local_satisfaction"": {""denominator"": 76, ""numerator"": 54}, ""pfr"": {""denominator"": 0, ""numerator"": 0}, ""sir"": {""denominator"": 24, ""numerator"": 2}, ""srr"": {""denominator"": 40, ""numerator"": 0}, ""vacuous_improvement"": {""denominator"": 1, ""numerator"": 1}}"
56,65158,valueType,65_plus,0,1,1,"[0, 0, 0, 74195, 74214, 74215]","[0, 0, 0, 98872, 32695, 74341]",null,"[98872, 32695, 74341]",null,"[98872, 32695, 74341]","{""base_deletion_rate"": {""denominator"": 1, ""numerator"": 1}, ""deletes_base_action_rate"": {""denominator"": 1, ""numerator"": 1}, ""delta_local_satisfaction"": {""denominator"": 74, ""numerator"": 2}, ""disruption"": {""denominator"": 1, ""numerator"": 1}, ""eppf"": {""denominator"": 1, ""numerator"": 0}, ""local_satisfaction"": {""denominator"": 87, ""numerator"": 70}, ""pfr"": {""denominator"": 1, ""numerator"": 1}, ""sir"": {""denominator"": 18, ""numerator"": 1}, ""srr"": {""denominator"": 55, ""numerator"": 0}, ""vacuous_improvement"": {""denominator"": 1, ""numerator"": 1}}","{""base_deletion_rate"": {""denominator"": 1, ""numerator"": 1}, ""deletes_base_action_rate"": {""denominator"": 1, ""numerator"": 1}, ""delta_local_satisfaction"": {""denominator"": 74, ""numerator"": 2}, ""disruption"": {""denominator"": 1, ""numerator"": 1}, ""eppf"": {""denominator"": 1, ""numerator"": 0}, ""local_satisfaction"": {""denominator"": 87, ""numerator"": 70}, ""pfr"": {""denominator"": 1, ""numerator"": 1}, ""sir"": {""denominator"": 18, ""numerator"": 1}, ""srr"": {""denominator"": 55, ""numerator"": 0}, ""vacuous_improvement"": {""denominator"": 1, ""numerator"": 1}}"
57,57383,inverse,17_64,0,1,1,"[0, 0, 0, 74195, 74214, 74215]","[0, 0, 0, 98872, 32975, 98872]",null,"[98872, 32975, 98872]",null,"[98872, 32975, 98872]","{""base_deletion_rate"": {""denominator"": 1, ""numerator"": 1}, ""deletes_base_action_rate"": {""denominator"": 1, ""numerator"": 1}, ""delta_local_satisfaction"": {""denominator"": 17, ""numerator"": 0}, ""disruption"": {""denominator"": 1, ""numerator"": 1}, ""eppf"": {""denominator"": 0, ""numerator"": 0}, ""local_satisfaction"": {""denominator"": 17, ""numerator"": 7}, ""pfr"": {""denominator"": 0, ""numerator"": 0}, ""sir"": {""denominator"": 10, ""numerator"": 0}, ""srr"": {""denominator"": 6, ""numerator"": 0}, ""vacuous_improvement"": {""denominator"": 1, ""numerator"": 0}}","{""base_deletion_rate"": {""denominator"": 1, ""numerator"": 1}, ""deletes_base_action_rate"": {""denominator"": 1, ""numerator"": 1}, ""delta_local_satisfaction"": {""denominator"": 17, ""numerator"": 0}, ""disruption"": {""denominator"": 1, ""numerator"": 1}, ""eppf"": {""denominator"": 0, ""numerator"": 0}, ""local_satisfaction"": {""denominator"": 17, ""numerator"": 7}, ""pfr"": {""denominator"": 0, ""numerator"": 0}, ""sir"": {""denominator"": 10, ""numerator"": 0}, ""srr"": {""denominator"": 6, ""numerator"": 0}, ""vacuous_improvement"": {""denominator"": 1, ""numerator"": 0}}"
58,59405,distinct,65_plus,0,1,1,"[0, 0, 0, 74195, 74214, 74215]","[0, 0, 0, 91640, 33681, 75281]",null,"[91640, 33681, 75281]",null,"[91640, 33681, 75281]","{""base_deletion_rate"": {""denominator"": 1, ""numerator"": 1}, ""deletes_base_action_rate"": {""denominator"": 1, ""numerator"": 1}, ""delta_local_satisfaction"": {""denominator"": 31, ""numerator"": 2}, ""disruption"": {""denominator"": 1, ""numerator"": 1}, ""eppf"": {""denominator"": 1, ""numerator"": 0}, ""local_satisfaction"": {""denominator"": 44, ""numerator"": 44}, ""pfr"": {""denominator"": 1, ""numerator"": 1}, ""sir"": {""denominator"": 1, ""numerator"": 1}, ""srr"": {""denominator"": 29, ""numerator"": 0}, ""vacuous_improvement"": {""denominator"": 1, ""numerator"": 1}}","{""base_deletion_rate"": {""denominator"": 1, ""numerator"": 1}, ""deletes_base_action_rate"": {""denominator"": 1, ""numerator"": 1}, ""delta_local_satisfaction"": {""denominator"": 31, ""numerator"": 2}, ""disruption"": {""denominator"": 1, ""numerator"": 1}, ""eppf"": {""denominator"": 1, ""numerator"": 0}, ""local_satisfaction"": {""denominator"": 44, ""numerator"": 44}, ""pfr"": {""denominator"": 1, ""numerator"": 1}, ""sir"": {""denominator"": 1, ""numerator"": 1}, ""srr"": {""denominator"": 29, ""numerator"": 0}, ""vacuous_improvement"": {""denominator"": 1, ""numerator"": 1}}"
59,73929,inverse,17_64,0,1,1,"[0, 0, 0, 74195, 74214, 74215]","[0, 0, 0, 98872, 43171, 98872]",null,"[98872, 43171, 98872]",null,"[98872, 43171, 98872]","{""base_deletion_rate"": {""denominator"": 1, ""numerator"": 1}, ""deletes_base_action_rate"": {""denominator"": 1, ""numerator"": 1}, ""delta_local_satisfaction"": {""denominator"": 16, ""numerator"": 0}, ""disruption"": {""denominator"": 1, ""numerator"": 1}, ""eppf"": {""denominator"": 0, ""numerator"": 0}, ""local_satisfaction"": {""denominator"": 19, ""numerator"": 11}, ""pfr"": {""denominator"": 0, ""numerator"": 0}, ""sir"": {""denominator"": 8, ""numerator"": 0}, ""srr"": {""denominator"": 7, ""numerator"": 0}, ""vacuous_improvement"": {""denominator"": 1, ""numerator"": 0}}","{""base_deletion_rate"": {""denominator"": 1, ""numerator"": 1}, ""deletes_base_action_rate"": {""denominator"": 1, ""numerator"": 1}, ""delta_local_satisfaction"": {""denominator"": 16, ""numerator"": 0}, ""disruption"": {""denominator"": 1, ""numerator"": 1}, ""eppf"": {""denominator"": 0, ""numerator"": 0}, ""local_satisfaction"": {""denominator"": 19, ""numerator"": 11}, ""pfr"": {""denominator"": 0, ""numerator"": 0}, ""sir"": {""denominator"": 8, ""numerator"": 0}, ""srr"": {""denominator"": 7, ""numerator"": 0}, ""vacuous_improvement"": {""denominator"": 1, ""numerator"": 0}}"
60,68580,single,17_64,0,1,1,"[0, 0, 0, 74195, 74214, 74215]","[0, 0, 0, 98872, 36262, 98872]",null,"[98872, 36262, 98872]",null,"[98872, 36262, 98872]","{""base_deletion_rate"": {""denominator"": 1, ""numerator"": 1}, ""deletes_base_action_rate"": {""denominator"": 1, ""numerator"": 1}, ""delta_local_satisfaction"": {""denominator"": 13, ""numerator"": 1}, ""disruption"": {""denominator"": 1, ""numerator"": 1}, ""eppf"": {""denominator"": 0, ""numerator"": 0}, ""local_satisfaction"": {""denominator"": 17, ""numerator"": 11}, ""pfr"": {""denominator"": 0, ""numerator"": 0}, ""sir"": {""denominator"": 7, ""numerator"": 1}, ""srr"": {""denominator"": 5, ""numerator"": 0}, ""vacuous_improvement"": {""denominator"": 1, ""numerator"": 1}}","{""base_deletion_rate"": {""denominator"": 1, ""numerator"": 1}, ""deletes_base_action_rate"": {""denominator"": 1, ""numerator"": 1}, ""delta_local_satisfaction"": {""denominator"": 13, ""numerator"": 1}, ""disruption"": {""denominator"": 1, ""numerator"": 1}, ""eppf"": {""denominator"": 0, ""numerator"": 0}, ""local_satisfaction"": {""denominator"": 17, ""numerator"": 11}, ""pfr"": {""denominator"": 0, ""numerator"": 0}, ""sir"": {""denominator"": 7, ""numerator"": 1}, ""srr"": {""denominator"": 5, ""numerator"": 0}, ""vacuous_improvement"": {""denominator"": 1, ""numerator"": 1}}"
61,62202,valueRequiresStatement,65_plus,0,1,1,"[0, 0, 0, 74195, 74214, 74215]","[0, 0, 0, 98872, 29766, 29975]",null,"[98872, 29766, 29975]",null,"[98872, 29766, 29975]","{""base_deletion_rate"": {""denominator"": 1, ""numerator"": 1}, ""deletes_base_action_rate"": {""denominator"": 1, ""numerator"": 1}, ""delta_local_satisfaction"": {""denominator"": 45, ""numerator"": 3}, ""disruption"": {""denominator"": 1, ""numerator"": 1}, ""eppf"": {""denominator"": 0, ""numerator"": 0}, ""local_satisfaction"": {""denominator"": 52, ""numerator"": 41}, ""pfr"": {""denominator"": 0, ""numerator"": 0}, ""sir"": {""denominator"": 14, ""numerator"": 3}, ""srr"": {""denominator"": 30, ""numerator"": 0}, ""vacuous_improvement"": {""denominator"": 1, ""numerator"": 1}}","{""base_deletion_rate"": {""denominator"": 1, ""numerator"": 1}, ""deletes_base_action_rate"": {""denominator"": 1, ""numerator"": 1}, ""delta_local_satisfaction"": {""denominator"": 45, ""numerator"": 3}, ""disruption"": {""denominator"": 1, ""numerator"": 1}, ""eppf"": {""denominator"": 0, ""numerator"": 0}, ""local_satisfaction"": {""denominator"": 52, ""numerator"": 41}, ""pfr"": {""denominator"": 0, ""numerator"": 0}, ""sir"": {""denominator"": 14, ""numerator"": 3}, ""srr"": {""denominator"": 30, ""numerator"": 0}, ""vacuous_improvement"": {""denominator"": 1, ""numerator"": 1}}"
62,59405,distinct,65_plus,0,1,1,"[0, 0, 0, 74195, 74214, 74215]","[0, 0, 0, 91402, 33681, 75281]",null,"[91402, 33681, 75281]",null,"[91402, 33681, 75281]","{""base_deletion_rate"": {""denominator"": 1, ""numerator"": 1}, ""deletes_base_action_rate"": {""denominator"": 1, ""numerator"": 1}, ""delta_local_satisfaction"": {""denominator"": 31, ""numerator"": 2}, ""disruption"": {""denominator"": 1, ""numerator"": 1}, ""eppf"": {""denominator"": 1, ""numerator"": 0}, ""local_satisfaction"": {""denominator"": 44, ""numerator"": 44}, ""pfr"": {""denominator"": 1, ""numerator"": 1}, ""sir"": {""denominator"": 1, ""numerator"": 1}, ""srr"": {""denominator"": 29, ""numerator"": 0}, ""vacuous_improvement"": {""denominator"": 1, ""numerator"": 1}}","{""base_deletion_rate"": {""denominator"": 1, ""numerator"": 1}, ""deletes_base_action_rate"": {""denominator"": 1, ""numerator"": 1}, ""delta_local_satisfaction"": {""denominator"": 31, ""numerator"": 2}, ""disruption"": {""denominator"": 1, ""numerator"": 1}, ""eppf"": {""denominator"": 1, ""numerator"": 0}, ""local_satisfaction"": {""denominator"": 44, ""numerator"": 44}, ""pfr"": {""denominator"": 1, ""numerator"": 1}, ""sir"": {""denominator"": 1, ""numerator"": 1}, ""srr"": {""denominator"": 29, ""numerator"": 0}, ""vacuous_improvement"": {""denominator"": 1, ""numerator"": 1}}"
63,52397,valueRequiresStatement,65_plus,0,1,1,"[0, 0, 0, 74195, 74214, 74215]","[0, 0, 0, 98872, 30260, 76910]",null,"[98872, 30260, 76910]",null,"[98872, 30260, 76910]","{""base_deletion_rate"": {""denominator"": 1, ""numerator"": 1}, ""deletes_base_action_rate"": {""denominator"": 1, ""numerator"": 1}, ""delta_local_satisfaction"": {""denominator"": 24, ""numerator"": 3}, ""disruption"": {""denominator"": 1, ""numerator"": 1}, ""eppf"": {""denominator"": 0, ""numerator"": 0}, ""local_satisfaction"": {""denominator"": 27, ""numerator"": 15}, ""pfr"": {""denominator"": 0, ""numerator"": 0}, ""sir"": {""denominator"": 15, ""numerator"": 3}, ""srr"": {""denominator"": 9, ""numerator"": 0}, ""vacuous_improvement"": {""denominator"": 1, ""numerator"": 1}}","{""base_deletion_rate"": {""denominator"": 1, ""numerator"": 1}, ""deletes_base_action_rate"": {""denominator"": 1, ""numerator"": 1}, ""delta_local_satisfaction"": {""denominator"": 24, ""numerator"": 3}, ""disruption"": {""denominator"": 1, ""numerator"": 1}, ""eppf"": {""denominator"": 0, ""numerator"": 0}, ""local_satisfaction"": {""denominator"": 27, ""numerator"": 15}, ""pfr"": {""denominator"": 0, ""numerator"": 0}, ""sir"": {""denominator"": 15, ""numerator"": 3}, ""srr"": {""denominator"": 9, ""numerator"": 0}, ""vacuous_improvement"": {""denominator"": 1, ""numerator"": 1}}"
64,51492,type,65_plus,0,1,1,"[0, 0, 0, 74195, 74214, 74215]","[0, 0, 0, 98872, 30303, 98872]",null,"[98872, 30303, 98872]",null,"[98872, 30303, 98872]","{""base_deletion_rate"": {""denominator"": 1, ""numerator"": 1}, ""deletes_base_action_rate"": {""denominator"": 1, ""numerator"": 1}, ""delta_local_satisfaction"": {""denominator"": 80, ""numerator"": 1}, ""disruption"": {""denominator"": 1, ""numerator"": 1}, ""eppf"": {""denominator"": 0, ""numerator"": 0}, ""local_satisfaction"": {""denominator"": 100, ""numerator"": 57}, ""pfr"": {""denominator"": 0, ""numerator"": 0}, ""sir"": {""denominator"": 44, ""numerator"": 1}, ""srr"": {""denominator"": 36, ""numerator"": 0}, ""vacuous_improvement"": {""denominator"": 1, ""numerator"": 1}}","{""base_deletion_rate"": {""denominator"": 1, ""numerator"": 1}, ""deletes_base_action_rate"": {""denominator"": 1, ""numerator"": 1}, ""delta_local_satisfaction"": {""denominator"": 80, ""numerator"": 1}, ""disruption"": {""denominator"": 1, ""numerator"": 1}, ""eppf"": {""denominator"": 0, ""numerator"": 0}, ""local_satisfaction"": {""denominator"": 100, ""numerator"": 57}, ""pfr"": {""denominator"": 0, ""numerator"": 0}, ""sir"": {""denominator"": 44, ""numerator"": 1}, ""srr"": {""denominator"": 36, ""numerator"": 0}, ""vacuous_improvement"": {""denominator"": 1, ""numerator"": 1}}"
65,56098,valueType,17_64,0,1,1,"[0, 0, 0, 74195, 74214, 74215]","[0, 0, 0, 98872, 30990, 31172]",null,"[98872, 30990, 31172]",null,"[98872, 30990, 31172]","{""base_deletion_rate"": {""denominator"": 1, ""numerator"": 1}, ""deletes_base_action_rate"": {""denominator"": 1, ""numerator"": 1}, ""delta_local_satisfaction"": {""denominator"": 13, ""numerator"": -1}, ""disruption"": {""denominator"": 1, ""numerator"": 1}, ""eppf"": {""denominator"": 0, ""numerator"": 0}, ""local_satisfaction"": {""denominator"": 20, ""numerator"": 19}, ""pfr"": {""denominator"": 0, ""numerator"": 0}, ""sir"": {""denominator"": 0, ""numerator"": 0}, ""srr"": {""denominator"": 13, ""numerator"": 1}, ""vacuous_improvement"": {""denominator"": 1, ""numerator"": 0}}","{""base_deletion_rate"": {""denominator"": 1, ""numerator"": 1}, ""deletes_base_action_rate"": {""denominator"": 1, ""numerator"": 1}, ""delta_local_satisfaction"": {""denominator"": 13, ""numerator"": -1}, ""disruption"": {""denominator"": 1, ""numerator"": 1}, ""eppf"": {""denominator"": 0, ""numerator"": 0}, ""local_satisfaction"": {""denominator"": 20, ""numerator"": 19}, ""pfr"": {""denominator"": 0, ""numerator"": 0}, ""sir"": {""denominator"": 0, ""numerator"": 0}, ""srr"": {""denominator"": 13, ""numerator"": 1}, ""vacuous_improvement"": {""denominator"": 1, ""numerator"": 0}}"
66,66960,distinct,17_64,0,1,1,"[0, 0, 0, 74195, 74214, 74215]","[0, 0, 0, 92469, 37448, 90220]",null,"[92469, 37448, 90220]",null,"[92469, 37448, 90220]","{""base_deletion_rate"": {""denominator"": 1, ""numerator"": 1}, ""deletes_base_action_rate"": {""denominator"": 1, ""numerator"": 1}, ""delta_local_satisfaction"": {""denominator"": 12, ""numerator"": 1}, ""disruption"": {""denominator"": 1, ""numerator"": 1}, ""eppf"": {""denominator"": 1, ""numerator"": 0}, ""local_satisfaction"": {""denominator"": 14, ""numerator"": 11}, ""pfr"": {""denominator"": 1, ""numerator"": 1}, ""sir"": {""denominator"": 3, ""numerator"": 0}, ""srr"": {""denominator"": 8, ""numerator"": 0}, ""vacuous_improvement"": {""denominator"": 1, ""numerator"": 1}}","{""base_deletion_rate"": {""denominator"": 1, ""numerator"": 1}, ""deletes_base_action_rate"": {""denominator"": 1, ""numerator"": 1}, ""delta_local_satisfaction"": {""denominator"": 12, ""numerator"": 1}, ""disruption"": {""denominator"": 1, ""numerator"": 1}, ""eppf"": {""denominator"": 1, ""numerator"": 0}, ""local_satisfaction"": {""denominator"": 14, ""numerator"": 11}, ""pfr"": {""denominator"": 1, ""numerator"": 1}, ""sir"": {""denominator"": 3, ""numerator"": 0}, ""srr"": {""denominator"": 8, ""numerator"": 0}, ""vacuous_improvement"": {""denominator"": 1, ""numerator"": 1}}"
67,52397,valueRequiresStatement,65_plus,0,1,1,"[0, 0, 0, 74195, 74214, 74215]","[0, 0, 0, 98872, 30260, 81403]",null,"[98872, 30260, 81403]",null,"[98872, 30260, 81403]","{""base_deletion_rate"": {""denominator"": 1, ""numerator"": 1}, ""deletes_base_action_rate"": {""denominator"": 1, ""numerator"": 1}, ""delta_local_satisfaction"": {""denominator"": 34, ""numerator"": 3}, ""disruption"": {""denominator"": 1, ""numerator"": 1}, ""eppf"": {""denominator"": 0, ""numerator"": 0}, ""local_satisfaction"": {""denominator"": 40, ""numerator"": 30}, ""pfr"": {""denominator"": 0, ""numerator"": 0}, ""sir"": {""denominator"": 13, ""numerator"": 3}, ""srr"": {""denominator"": 21, ""numerator"": 0}, ""vacuous_improvement"": {""denominator"": 1, ""numerator"": 1}}","{""base_deletion_rate"": {""denominator"": 1, ""numerator"": 1}, ""deletes_base_action_rate"": {""denominator"": 1, ""numerator"": 1}, ""delta_local_satisfaction"": {""denominator"": 34, ""numerator"": 3}, ""disruption"": {""denominator"": 1, ""numerator"": 1}, ""eppf"": {""denominator"": 0, ""numerator"": 0}, ""local_satisfaction"": {""denominator"": 40, ""numerator"": 30}, ""pfr"": {""denominator"": 0, ""numerator"": 0}, ""sir"": {""denominator"": 13, ""numerator"": 3}, ""srr"": {""denominator"": 21, ""numerator"": 0}, ""vacuous_improvement"": {""denominator"": 1, ""numerator"": 1}}"
68,70810,oneOf,65_plus,0,1,1,"[0, 0, 0, 74195, 74214, 74215]","[0, 0, 0, 98872, 42703, 98872]",null,"[98872, 42703, 98872]",null,"[98872, 42703, 98872]","{""base_deletion_rate"": {""denominator"": 1, ""numerator"": 1}, ""deletes_base_action_rate"": {""denominator"": 1, ""numerator"": 1}, ""delta_local_satisfaction"": {""denominator"": 64, ""numerator"": 1}, ""disruption"": {""denominator"": 1, ""numerator"": 1}, ""eppf"": {""denominator"": 1, ""numerator"": 0}, ""local_satisfaction"": {""denominator"": 81, ""numerator"": 54}, ""pfr"": {""denominator"": 1, ""numerator"": 1}, ""sir"": {""denominator"": 27, ""numerator"": 0}, ""srr"": {""denominator"": 36, ""numerator"": 0}, ""vacuous_improvement"": {""denominator"": 1, ""numerator"": 1}}","{""base_deletion_rate"": {""denominator"": 1, ""numerator"": 1}, ""deletes_base_action_rate"": {""denominator"": 1, ""numerator"": 1}, ""delta_local_satisfaction"": {""denominator"": 64, ""numerator"": 1}, ""disruption"": {""denominator"": 1, ""numerator"": 1}, ""eppf"": {""denominator"": 1, ""numerator"": 0}, ""local_satisfaction"": {""denominator"": 81, ""numerator"": 54}, ""pfr"": {""denominator"": 1, ""numerator"": 1}, ""sir"": {""denominator"": 27, ""numerator"": 0}, ""srr"": {""denominator"": 36, ""numerator"": 0}, ""vacuous_improvement"": {""denominator"": 1, ""numerator"": 1}}"
69,64322,valueType,65_plus,0,1,1,"[0, 0, 0, 74195, 74214, 74215]","[0, 0, 0, 98872, 31943, 30841]",null,"[98872, 31943, 30841]",null,"[98872, 31943, 30841]","{""base_deletion_rate"": {""denominator"": 1, ""numerator"": 1}, ""deletes_base_action_rate"": {""denominator"": 1, ""numerator"": 1}, ""delta_local_satisfaction"": {""denominator"": 271, ""numerator"": 1}, ""disruption"": {""denominator"": 1, ""numerator"": 1}, ""eppf"": {""denominator"": 0, ""numerator"": 0}, ""local_satisfaction"": {""denominator"": 326, ""numerator"": 316}, ""pfr"": {""denominator"": 0, ""numerator"": 0}, ""sir"": {""denominator"": 11, ""numerator"": 1}, ""srr"": {""denominator"": 260, ""numerator"": 0}, ""vacuous_improvement"": {""denominator"": 1, ""numerator"": 1}}","{""base_deletion_rate"": {""denominator"": 1, ""numerator"": 1}, ""deletes_base_action_rate"": {""denominator"": 1, ""numerator"": 1}, ""delta_local_satisfaction"": {""denominator"": 271, ""numerator"": 1}, ""disruption"": {""denominator"": 1, ""numerator"": 1}, ""eppf"": {""denominator"": 0, ""numerator"": 0}, ""local_satisfaction"": {""denominator"": 326, ""numerator"": 316}, ""pfr"": {""denominator"": 0, ""numerator"": 0}, ""sir"": {""denominator"": 11, ""numerator"": 1}, ""srr"": {""denominator"": 260, ""numerator"": 0}, ""vacuous_improvement"": {""denominator"": 1, ""numerator"": 1}}"
70,60307,type,17_64,0,1,1,"[0, 0, 0, 74195, 74214, 74215]","[0, 0, 0, 98872, 34240, 98872]",null,"[98872, 34240, 98872]",null,"[98872, 34240, 98872]","{""base_deletion_rate"": {""denominator"": 1, ""numerator"": 1}, ""deletes_base_action_rate"": {""denominator"": 1, ""numerator"": 1}, ""delta_local_satisfaction"": {""denominator"": 5, ""numerator"": 0}, ""disruption"": {""denominator"": 1, ""numerator"": 1}, ""eppf"": {""denominator"": 0, ""numerator"": 0}, ""local_satisfaction"": {""denominator"": 8, ""numerator"": 8}, ""pfr"": {""denominator"": 0, ""numerator"": 0}, ""sir"": {""denominator"": 0, ""numerator"": 0}, ""srr"": {""denominator"": 5, ""numerator"": 0}, ""vacuous_improvement"": {""denominator"": 1, ""numerator"": 0}}","{""base_deletion_rate"": {""denominator"": 1, ""numerator"": 1}, ""deletes_base_action_rate"": {""denominator"": 1, ""numerator"": 1}, ""delta_local_satisfaction"": {""denominator"": 5, ""numerator"": 0}, ""disruption"": {""denominator"": 1, ""numerator"": 1}, ""eppf"": {""denominator"": 0, ""numerator"": 0}, ""local_satisfaction"": {""denominator"": 8, ""numerator"": 8}, ""pfr"": {""denominator"": 0, ""numerator"": 0}, ""sir"": {""denominator"": 0, ""numerator"": 0}, ""srr"": {""denominator"": 5, ""numerator"": 0}, ""vacuous_improvement"": {""denominator"": 1, ""numerator"": 0}}"
71,62202,valueRequiresStatement,65_plus,0,1,1,"[0, 0, 0, 74195, 74214, 74215]","[0, 0, 0, 98872, 29766, 43693]",null,"[98872, 29766, 43693]",null,"[98872, 29766, 43693]","{""base_deletion_rate"": {""denominator"": 1, ""numerator"": 1}, ""deletes_base_action_rate"": {""denominator"": 1, ""numerator"": 1}, ""delta_local_satisfaction"": {""denominator"": 56, ""numerator"": 3}, ""disruption"": {""denominator"": 1, ""numerator"": 1}, ""eppf"": {""denominator"": 0, ""numerator"": 0}, ""local_satisfaction"": {""denominator"": 64, ""numerator"": 47}, ""pfr"": {""denominator"": 0, ""numerator"": 0}, ""sir"": {""denominator"": 20, ""numerator"": 3}, ""srr"": {""denominator"": 35, ""numerator"": 0}, ""vacuous_improvement"": {""denominator"": 1, ""numerator"": 1}}","{""base_deletion_rate"": {""denominator"": 1, ""numerator"": 1}, ""deletes_base_action_rate"": {""denominator"": 1, ""numerator"": 1}, ""delta_local_satisfaction"": {""denominator"": 56, ""numerator"": 3}, ""disruption"": {""denominator"": 1, ""numerator"": 1}, ""eppf"": {""denominator"": 0, ""numerator"": 0}, ""local_satisfaction"": {""denominator"": 64, ""numerator"": 47}, ""pfr"": {""denominator"": 0, ""numerator"": 0}, ""sir"": {""denominator"": 20, ""numerator"": 3}, ""srr"": {""denominator"": 35, ""numerator"": 0}, ""vacuous_improvement"": {""denominator"": 1, ""numerator"": 1}}"
72,56958,valueType,65_plus,0,1,1,"[0, 0, 0, 74195, 74214, 74215]","[0, 0, 0, 98872, 32827, 33497]",null,"[98872, 32827, 33497]",null,"[98872, 32827, 33497]","{""base_deletion_rate"": {""denominator"": 1, ""numerator"": 1}, ""deletes_base_action_rate"": {""denominator"": 1, ""numerator"": 1}, ""delta_local_satisfaction"": {""denominator"": 94, ""numerator"": 3}, ""disruption"": {""denominator"": 1, ""numerator"": 1}, ""eppf"": {""denominator"": 1, ""numerator"": 0}, ""local_satisfaction"": {""denominator"": 115, ""numerator"": 100}, ""pfr"": {""denominator"": 1, ""numerator"": 1}, ""sir"": {""denominator"": 17, ""numerator"": 2}, ""srr"": {""denominator"": 76, ""numerator"": 0}, ""vacuous_improvement"": {""denominator"": 1, ""numerator"": 1}}","{""base_deletion_rate"": {""denominator"": 1, ""numerator"": 1}, ""deletes_base_action_rate"": {""denominator"": 1, ""numerator"": 1}, ""delta_local_satisfaction"": {""denominator"": 94, ""numerator"": 3}, ""disruption"": {""denominator"": 1, ""numerator"": 1}, ""eppf"": {""denominator"": 1, ""numerator"": 0}, ""local_satisfaction"": {""denominator"": 115, ""numerator"": 100}, ""pfr"": {""denominator"": 1, ""numerator"": 1}, ""sir"": {""denominator"": 17, ""numerator"": 2}, ""srr"": {""denominator"": 76, ""numerator"": 0}, ""vacuous_improvement"": {""denominator"": 1, ""numerator"": 1}}"
73,59405,distinct,65_plus,0,1,1,"[0, 0, 0, 74195, 74214, 74215]","[0, 0, 0, 91027, 33681, 75281]",null,"[91027, 33681, 75281]",null,"[91027, 33681, 75281]","{""base_deletion_rate"": {""denominator"": 1, ""numerator"": 1}, ""deletes_base_action_rate"": {""denominator"": 1, ""numerator"": 1}, ""delta_local_satisfaction"": {""denominator"": 31, ""numerator"": 2}, ""disruption"": {""denominator"": 1, ""numerator"": 1}, ""eppf"": {""denominator"": 1, ""numerator"": 0}, ""local_satisfaction"": {""denominator"": 44, ""numerator"": 44}, ""pfr"": {""denominator"": 1, ""numerator"": 1}, ""sir"": {""denominator"": 1, ""numerator"": 1}, ""srr"": {""denominator"": 29, ""numerator"": 0}, ""vacuous_improvement"": {""denominator"": 1, ""numerator"": 1}}","{""base_deletion_rate"": {""denominator"": 1, ""numerator"": 1}, ""deletes_base_action_rate"": {""denominator"": 1, ""numerator"": 1}, ""delta_local_satisfaction"": {""denominator"": 31, ""numerator"": 2}, ""disruption"": {""denominator"": 1, ""numerator"": 1}, ""eppf"": {""denominator"": 1, ""numerator"": 0}, ""local_satisfaction"": {""denominator"": 44, ""numerator"": 44}, ""pfr"": {""denominator"": 1, ""numerator"": 1}, ""sir"": {""denominator"": 1, ""numerator"": 1}, ""srr"": {""denominator"": 29, ""numerator"": 0}, ""vacuous_improvement"": {""denominator"": 1, ""numerator"": 1}}"
74,68684,type,17_64,0,1,1,"[0, 0, 0, 74195, 74214, 74215]","[0, 0, 0, 98872, 38708, 98872]",null,"[98872, 38708, 98872]",null,"[98872, 38708, 98872]","{""base_deletion_rate"": {""denominator"": 1, ""numerator"": 1}, ""deletes_base_action_rate"": {""denominator"": 1, ""numerator"": 1}, ""delta_local_satisfaction"": {""denominator"": 4, ""numerator"": 0}, ""disruption"": {""denominator"": 1, ""numerator"": 1}, ""eppf"": {""denominator"": 0, ""numerator"": 0}, ""local_satisfaction"": {""denominator"": 6, ""numerator"": 6}, ""pfr"": {""denominator"": 0, ""numerator"": 0}, ""sir"": {""denominator"": 0, ""numerator"": 0}, ""srr"": {""denominator"": 4, ""numerator"": 0}, ""vacuous_improvement"": {""denominator"": 1, ""numerator"": 0}}","{""base_deletion_rate"": {""denominator"": 1, ""numerator"": 1}, ""deletes_base_action_rate"": {""denominator"": 1, ""numerator"": 1}, ""delta_local_satisfaction"": {""denominator"": 4, ""numerator"": 0}, ""disruption"": {""denominator"": 1, ""numerator"": 1}, ""eppf"": {""denominator"": 0, ""numerator"": 0}, ""local_satisfaction"": {""denominator"": 6, ""numerator"": 6}, ""pfr"": {""denominator"": 0, ""numerator"": 0}, ""sir"": {""denominator"": 0, ""numerator"": 0}, ""srr"": {""denominator"": 4, ""numerator"": 0}, ""vacuous_improvement"": {""denominator"": 1, ""numerator"": 0}}"
75,57013,inverse,17_64,0,1,1,"[0, 0, 0, 74195, 74214, 74215]","[0, 0, 0, 98872, 32843, 98872]",null,"[98872, 32843, 98872]",null,"[98872, 32843, 98872]","{""base_deletion_rate"": {""denominator"": 1, ""numerator"": 1}, ""deletes_base_action_rate"": {""denominator"": 1, ""numerator"": 1}, ""delta_local_satisfaction"": {""denominator"": 5, ""numerator"": 0}, ""disruption"": {""denominator"": 1, ""numerator"": 1}, ""eppf"": {""denominator"": 0, ""numerator"": 0}, ""local_satisfaction"": {""denominator"": 9, ""numerator"": 9}, ""pfr"": {""denominator"": 0, ""numerator"": 0}, ""sir"": {""denominator"": 0, ""numerator"": 0}, ""srr"": {""denominator"": 4, ""numerator"": 0}, ""vacuous_improvement"": {""denominator"": 1, ""numerator"": 0}}","{""base_deletion_rate"": {""denominator"": 1, ""numerator"": 1}, ""deletes_base_action_rate"": {""denominator"": 1, ""numerator"": 1}, ""delta_local_satisfaction"": {""denominator"": 5, ""numerator"": 0}, ""disruption"": {""denominator"": 1, ""numerator"": 1}, ""eppf"": {""denominator"": 0, ""numerator"": 0}, ""local_satisfaction"": {""denominator"": 9, ""numerator"": 9}, ""pfr"": {""denominator"": 0, ""numerator"": 0}, ""sir"": {""denominator"": 0, ""numerator"": 0}, ""srr"": {""denominator"": 4, ""numerator"": 0}, ""vacuous_improvement"": {""denominator"": 1, ""numerator"": 0}}"
76,68687,single,17_64,0,1,1,"[0, 0, 0, 74195, 74214, 74215]","[0, 0, 0, 98872, 38708, 98872]",null,"[98872, 38708, 98872]",null,"[98872, 38708, 98872]","{""base_deletion_rate"": {""denominator"": 1, ""numerator"": 1}, ""deletes_base_action_rate"": {""denominator"": 1, ""numerator"": 1}, ""delta_local_satisfaction"": {""denominator"": 22, ""numerator"": 0}, ""disruption"": {""denominator"": 1, ""numerator"": 1}, ""eppf"": {""denominator"": 0, ""numerator"": 0}, ""local_satisfaction"": {""denominator"": 23, ""numerator"": 12}, ""pfr"": {""denominator"": 0, ""numerator"": 0}, ""sir"": {""denominator"": 11, ""numerator"": 0}, ""srr"": {""denominator"": 10, ""numerator"": 0}, ""vacuous_improvement"": {""denominator"": 1, ""numerator"": 0}}","{""base_deletion_rate"": {""denominator"": 1, ""numerator"": 1}, ""deletes_base_action_rate"": {""denominator"": 1, ""numerator"": 1}, ""delta_local_satisfaction"": {""denominator"": 22, ""numerator"": 0}, ""disruption"": {""denominator"": 1, ""numerator"": 1}, ""eppf"": {""denominator"": 0, ""numerator"": 0}, ""local_satisfaction"": {""denominator"": 23, ""numerator"": 12}, ""pfr"": {""denominator"": 0, ""numerator"": 0}, ""sir"": {""denominator"": 11, ""numerator"": 0}, ""srr"": {""denominator"": 10, ""numerator"": 0}, ""vacuous_improvement"": {""denominator"": 1, ""numerator"": 0}}"
77,52397,valueRequiresStatement,65_plus,0,1,1,"[0, 0, 0, 74195, 74214, 74215]","[0, 0, 0, 98872, 30260, 87089]",null,"[98872, 30260, 87089]",null,"[98872, 30260, 87089]","{""base_deletion_rate"": {""denominator"": 1, ""numerator"": 1}, ""deletes_base_action_rate"": {""denominator"": 1, ""numerator"": 1}, ""delta_local_satisfaction"": {""denominator"": 32, ""numerator"": 3}, ""disruption"": {""denominator"": 1, ""numerator"": 1}, ""eppf"": {""denominator"": 0, ""numerator"": 0}, ""local_satisfaction"": {""denominator"": 37, ""numerator"": 26}, ""pfr"": {""denominator"": 0, ""numerator"": 0}, ""sir"": {""denominator"": 14, ""numerator"": 3}, ""srr"": {""denominator"": 18, ""numerator"": 0}, ""vacuous_improvement"": {""denominator"": 1, ""numerator"": 1}}","{""base_deletion_rate"": {""denominator"": 1, ""numerator"": 1}, ""deletes_base_action_rate"": {""denominator"": 1, ""numerator"": 1}, ""delta_local_satisfaction"": {""denominator"": 32, ""numerator"": 3}, ""disruption"": {""denominator"": 1, ""numerator"": 1}, ""eppf"": {""denominator"": 0, ""numerator"": 0}, ""local_satisfaction"": {""denominator"": 37, ""numerator"": 26}, ""pfr"": {""denominator"": 0, ""numerator"": 0}, ""sir"": {""denominator"": 14, ""numerator"": 3}, ""srr"": {""denominator"": 18, ""numerator"": 0}, ""vacuous_improvement"": {""denominator"": 1, ""numerator"": 1}}"
78,53992,valueType,65_plus,0,1,1,"[0, 0, 0, 74195, 74214, 74215]","[0, 0, 0, 98872, 31313, 75783]",null,"[98872, 31313, 75783]",null,"[98872, 31313, 75783]","{""base_deletion_rate"": {""denominator"": 1, ""numerator"": 1}, ""deletes_base_action_rate"": {""denominator"": 1, ""numerator"": 1}, ""delta_local_satisfaction"": {""denominator"": 204, ""numerator"": 0}, ""disruption"": {""denominator"": 1, ""numerator"": 1}, ""eppf"": {""denominator"": 0, ""numerator"": 0}, ""local_satisfaction"": {""denominator"": 238, ""numerator"": 225}, ""pfr"": {""denominator"": 0, ""numerator"": 0}, ""sir"": {""denominator"": 13, ""numerator"": 0}, ""srr"": {""denominator"": 191, ""numerator"": 0}, ""vacuous_improvement"": {""denominator"": 1, ""numerator"": 0}}","{""base_deletion_rate"": {""denominator"": 1, ""numerator"": 1}, ""deletes_base_action_rate"": {""denominator"": 1, ""numerator"": 1}, ""delta_local_satisfaction"": {""denominator"": 204, ""numerator"": 0}, ""disruption"": {""denominator"": 1, ""numerator"": 1}, ""eppf"": {""denominator"": 0, ""numerator"": 0}, ""local_satisfaction"": {""denominator"": 238, ""numerator"": 225}, ""pfr"": {""denominator"": 0, ""numerator"": 0}, ""sir"": {""denominator"": 13, ""numerator"": 0}, ""srr"": {""denominator"": 191, ""numerator"": 0}, ""vacuous_improvement"": {""denominator"": 1, ""numerator"": 0}}"
79,68693,valueType,65_plus,0,1,1,"[0, 0, 0, 74195, 74214, 74215]","[0, 0, 0, 98872, 30223, 35555]",null,"[98872, 30223, 35555]",null,"[98872, 30223, 35555]","{""base_deletion_rate"": {""denominator"": 1, ""numerator"": 1}, ""deletes_base_action_rate"": {""denominator"": 1, ""numerator"": 1}, ""delta_local_satisfaction"": {""denominator"": 53, ""numerator"": 0}, ""disruption"": {""denominator"": 1, ""numerator"": 1}, ""eppf"": {""denominator"": 0, ""numerator"": 0}, ""local_satisfaction"": {""denominator"": 62, ""numerator"": 41}, ""pfr"": {""denominator"": 0, ""numerator"": 0}, ""sir"": {""denominator"": 21, ""numerator"": 0}, ""srr"": {""denominator"": 32, ""numerator"": 0}, ""vacuous_improvement"": {""denominator"": 1, ""numerator"": 0}}","{""base_deletion_rate"": {""denominator"": 1, ""numerator"": 1}, ""deletes_base_action_rate"": {""denominator"": 1, ""numerator"": 1}, ""delta_local_satisfaction"": {""denominator"": 53, ""numerator"": 0}, ""disruption"": {""denominator"": 1, ""numerator"": 1}, ""eppf"": {""denominator"": 0, ""numerator"": 0}, ""local_satisfaction"": {""denominator"": 62, ""numerator"": 41}, ""pfr"": {""denominator"": 0, ""numerator"": 0}, ""sir"": {""denominator"": 21, ""numerator"": 0}, ""srr"": {""denominator"": 32, ""numerator"": 0}, ""vacuous_improvement"": {""denominator"": 1, ""numerator"": 0}}"
80,58878,conflictWith,65_plus,0,1,1,"[0, 0, 0, 74195, 74214, 74215]","[0, 0, 0, 98872, 31104, 98872]",null,"[98872, 31104, 98872]",null,"[98872, 31104, 98872]","{""base_deletion_rate"": {""denominator"": 1, ""numerator"": 1}, ""deletes_base_action_rate"": {""denominator"": 1, ""numerator"": 1}, ""delta_local_satisfaction"": {""denominator"": 143, ""numerator"": 3}, ""disruption"": {""denominator"": 1, ""numerator"": 1}, ""eppf"": {""denominator"": 1, ""numerator"": 0}, ""local_satisfaction"": {""denominator"": 182, ""numerator"": 93}, ""pfr"": {""denominator"": 1, ""numerator"": 1}, ""sir"": {""denominator"": 91, ""numerator"": 2}, ""srr"": {""denominator"": 51, ""numerator"": 0}, ""vacuous_improvement"": {""denominator"": 1, ""numerator"": 1}}","{""base_deletion_rate"": {""denominator"": 1, ""numerator"": 1}, ""deletes_base_action_rate"": {""denominator"": 1, ""numerator"": 1}, ""delta_local_satisfaction"": {""denominator"": 143, ""numerator"": 3}, ""disruption"": {""denominator"": 1, ""numerator"": 1}, ""eppf"": {""denominator"": 1, ""numerator"": 0}, ""local_satisfaction"": {""denominator"": 182, ""numerator"": 93}, ""pfr"": {""denominator"": 1, ""numerator"": 1}, ""sir"": {""denominator"": 91, ""numerator"": 2}, ""srr"": {""denominator"": 51, ""numerator"": 0}, ""vacuous_improvement"": {""denominator"": 1, ""numerator"": 1}}"
81,68689,itemRequiresStatement,5_16,0,1,1,"[0, 0, 0, 74195, 74214, 74215]","[0, 0, 0, 98872, 38708, 98872]",null,"[98872, 38708, 98872]",null,"[98872, 38708, 98872]","{""base_deletion_rate"": {""denominator"": 1, ""numerator"": 1}, ""deletes_base_action_rate"": {""denominator"": 1, ""numerator"": 1}, ""delta_local_satisfaction"": {""denominator"": 1, ""numerator"": 0}, ""disruption"": {""denominator"": 1, ""numerator"": 1}, ""eppf"": {""denominator"": 0, ""numerator"": 0}, ""local_satisfaction"": {""denominator"": 5, ""numerator"": 5}, ""pfr"": {""denominator"": 0, ""numerator"": 0}, ""sir"": {""denominator"": 0, ""numerator"": 0}, ""srr"": {""denominator"": 1, ""numerator"": 0}, ""vacuous_improvement"": {""denominator"": 1, ""numerator"": 0}}","{""base_deletion_rate"": {""denominator"": 1, ""numerator"": 1}, ""deletes_base_action_rate"": {""denominator"": 1, ""numerator"": 1}, ""delta_local_satisfaction"": {""denominator"": 1, ""numerator"": 0}, ""disruption"": {""denominator"": 1, ""numerator"": 1}, ""eppf"": {""denominator"": 0, ""numerator"": 0}, ""local_satisfaction"": {""denominator"": 5, ""numerator"": 5}, ""pfr"": {""denominator"": 0, ""numerator"": 0}, ""sir"": {""denominator"": 0, ""numerator"": 0}, ""srr"": {""denominator"": 1, ""numerator"": 0}, ""vacuous_improvement"": {""denominator"": 1, ""numerator"": 0}}"
82,56100,type,17_64,0,1,1,"[0, 0, 0, 74195, 74214, 74215]","[0, 0, 0, 98872, 30990, 31156]",null,"[98872, 30990, 31156]",null,"[98872, 30990, 31156]","{""base_deletion_rate"": {""denominator"": 1, ""numerator"": 1}, ""deletes_base_action_rate"": {""denominator"": 1, ""numerator"": 1}, ""delta_local_satisfaction"": {""denominator"": 9, ""numerator"": -1}, ""disruption"": {""denominator"": 1, ""numerator"": 1}, ""eppf"": {""denominator"": 0, ""numerator"": 0}, ""local_satisfaction"": {""denominator"": 14, ""numerator"": 13}, ""pfr"": {""denominator"": 0, ""numerator"": 0}, ""sir"": {""denominator"": 0, ""numerator"": 0}, ""srr"": {""denominator"": 9, ""numerator"": 1}, ""vacuous_improvement"": {""denominator"": 1, ""numerator"": 0}}","{""base_deletion_rate"": {""denominator"": 1, ""numerator"": 1}, ""deletes_base_action_rate"": {""denominator"": 1, ""numerator"": 1}, ""delta_local_satisfaction"": {""denominator"": 9, ""numerator"": -1}, ""disruption"": {""denominator"": 1, ""numerator"": 1}, ""eppf"": {""denominator"": 0, ""numerator"": 0}, ""local_satisfaction"": {""denominator"": 14, ""numerator"": 13}, ""pfr"": {""denominator"": 0, ""numerator"": 0}, ""sir"": {""denominator"": 0, ""numerator"": 0}, ""srr"": {""denominator"": 9, ""numerator"": 1}, ""vacuous_improvement"": {""denominator"": 1, ""numerator"": 0}}"
83,59405,distinct,65_plus,0,1,1,"[0, 0, 0, 74195, 74214, 74215]","[0, 0, 0, 90750, 33681, 75281]",null,"[90750, 33681, 75281]",null,"[90750, 33681, 75281]","{""base_deletion_rate"": {""denominator"": 1, ""numerator"": 1}, ""deletes_base_action_rate"": {""denominator"": 1, ""numerator"": 1}, ""delta_local_satisfaction"": {""denominator"": 31, ""numerator"": 2}, ""disruption"": {""denominator"": 1, ""numerator"": 1}, ""eppf"": {""denominator"": 1, ""numerator"": 0}, ""local_satisfaction"": {""denominator"": 44, ""numerator"": 44}, ""pfr"": {""denominator"": 1, ""numerator"": 1}, ""sir"": {""denominator"": 1, ""numerator"": 1}, ""srr"": {""denominator"": 29, ""numerator"": 0}, ""vacuous_improvement"": {""denominator"": 1, ""numerator"": 1}}","{""base_deletion_rate"": {""denominator"": 1, ""numerator"": 1}, ""deletes_base_action_rate"": {""denominator"": 1, ""numerator"": 1}, ""delta_local_satisfaction"": {""denominator"": 31, ""numerator"": 2}, ""disruption"": {""denominator"": 1, ""numerator"": 1}, ""eppf"": {""denominator"": 1, ""numerator"": 0}, ""local_satisfaction"": {""denominator"": 44, ""numerator"": 44}, ""pfr"": {""denominator"": 1, ""numerator"": 1}, ""sir"": {""denominator"": 1, ""numerator"": 1}, ""srr"": {""denominator"": 29, ""numerator"": 0}, ""vacuous_improvement"": {""denominator"": 1, ""numerator"": 1}}"
84,59405,distinct,65_plus,0,1,1,"[0, 0, 0, 74195, 74214, 74215]","[0, 0, 0, 90252, 33681, 75281]",null,"[90252, 33681, 75281]",null,"[90252, 33681, 75281]","{""base_deletion_rate"": {""denominator"": 1, ""numerator"": 1}, ""deletes_base_action_rate"": {""denominator"": 1, ""numerator"": 1}, ""delta_local_satisfaction"": {""denominator"": 31, ""numerator"": 2}, ""disruption"": {""denominator"": 1, ""numerator"": 1}, ""eppf"": {""denominator"": 1, ""numerator"": 0}, ""local_satisfaction"": {""denominator"": 44, ""numerator"": 44}, ""pfr"": {""denominator"": 1, ""numerator"": 1}, ""sir"": {""denominator"": 1, ""numerator"": 1}, ""srr"": {""denominator"": 29, ""numerator"": 0}, ""vacuous_improvement"": {""denominator"": 1, ""numerator"": 1}}","{""base_deletion_rate"": {""denominator"": 1, ""numerator"": 1}, ""deletes_base_action_rate"": {""denominator"": 1, ""numerator"": 1}, ""delta_local_satisfaction"": {""denominator"": 31, ""numerator"": 2}, ""disruption"": {""denominator"": 1, ""numerator"": 1}, ""eppf"": {""denominator"": 1, ""numerator"": 0}, ""local_satisfaction"": {""denominator"": 44, ""numerator"": 44}, ""pfr"": {""denominator"": 1, ""numerator"": 1}, ""sir"": {""denominator"": 1, ""numerator"": 1}, ""srr"": {""denominator"": 29, ""numerator"": 0}, ""vacuous_improvement"": {""denominator"": 1, ""numerator"": 1}}"
85,60094,inverse,17_64,0,1,1,"[0, 0, 0, 74195, 74214, 74215]","[0, 0, 0, 98872, 30780, 80080]",null,"[98872, 30780, 80080]",null,"[98872, 30780, 80080]","{""base_deletion_rate"": {""denominator"": 1, ""numerator"": 1}, ""deletes_base_action_rate"": {""denominator"": 1, ""numerator"": 1}, ""delta_local_satisfaction"": {""denominator"": 10, ""numerator"": 2}, ""disruption"": {""denominator"": 1, ""numerator"": 1}, ""eppf"": {""denominator"": 1, ""numerator"": 0}, ""local_satisfaction"": {""denominator"": 11, ""numerator"": 8}, ""pfr"": {""denominator"": 1, ""numerator"": 1}, ""sir"": {""denominator"": 4, ""numerator"": 1}, ""srr"": {""denominator"": 5, ""numerator"": 0}, ""vacuous_improvement"": {""denominator"": 1, ""numerator"": 1}}","{""base_deletion_rate"": {""denominator"": 1, ""numerator"": 1}, ""deletes_base_action_rate"": {""denominator"": 1, ""numerator"": 1}, ""delta_local_satisfaction"": {""denominator"": 10, ""numerator"": 2}, ""disruption"": {""denominator"": 1, ""numerator"": 1}, ""eppf"": {""denominator"": 1, ""numerator"": 0}, ""local_satisfaction"": {""denominator"": 11, ""numerator"": 8}, ""pfr"": {""denominator"": 1, ""numerator"": 1}, ""sir"": {""denominator"": 4, ""numerator"": 1}, ""srr"": {""denominator"": 5, ""numerator"": 0}, ""vacuous_improvement"": {""denominator"": 1, ""numerator"": 1}}"
86,59405,distinct,65_plus,0,1,1,"[0, 0, 0, 74195, 74214, 74215]","[0, 0, 0, 91453, 33681, 75281]",null,"[91453, 33681, 75281]",null,"[91453, 33681, 75281]","{""base_deletion_rate"": {""denominator"": 1, ""numerator"": 1}, ""deletes_base_action_rate"": {""denominator"": 1, ""numerator"": 1}, ""delta_local_satisfaction"": {""denominator"": 31, ""numerator"": 2}, ""disruption"": {""denominator"": 1, ""numerator"": 1}, ""eppf"": {""denominator"": 1, ""numerator"": 0}, ""local_satisfaction"": {""denominator"": 44, ""numerator"": 44}, ""pfr"": {""denominator"": 1, ""numerator"": 1}, ""sir"": {""denominator"": 1, ""numerator"": 1}, ""srr"": {""denominator"": 29, ""numerator"": 0}, ""vacuous_improvement"": {""denominator"": 1, ""numerator"": 1}}","{""base_deletion_rate"": {""denominator"": 1, ""numerator"": 1}, ""deletes_base_action_rate"": {""denominator"": 1, ""numerator"": 1}, ""delta_local_satisfaction"": {""denominator"": 31, ""numerator"": 2}, ""disruption"": {""denominator"": 1, ""numerator"": 1}, ""eppf"": {""denominator"": 1, ""numerator"": 0}, ""local_satisfaction"": {""denominator"": 44, ""numerator"": 44}, ""pfr"": {""denominator"": 1, ""numerator"": 1}, ""sir"": {""denominator"": 1, ""numerator"": 1}, ""srr"": {""denominator"": 29, ""numerator"": 0}, ""vacuous_improvement"": {""denominator"": 1, ""numerator"": 1}}"
87,66550,valueType,65_plus,0,1,1,"[0, 0, 0, 74195, 74214, 74215]","[0, 0, 0, 98872, 37252, 81243]",null,"[98872, 37252, 81243]",null,"[98872, 37252, 81243]","{""base_deletion_rate"": {""denominator"": 1, ""numerator"": 1}, ""deletes_base_action_rate"": {""denominator"": 1, ""numerator"": 1}, ""delta_local_satisfaction"": {""denominator"": 101, ""numerator"": 0}, ""disruption"": {""denominator"": 1, ""numerator"": 1}, ""eppf"": {""denominator"": 0, ""numerator"": 0}, ""local_satisfaction"": {""denominator"": 116, ""numerator"": 99}, ""pfr"": {""denominator"": 0, ""numerator"": 0}, ""sir"": {""denominator"": 17, ""numerator"": 0}, ""srr"": {""denominator"": 84, ""numerator"": 0}, ""vacuous_improvement"": {""denominator"": 1, ""numerator"": 0}}","{""base_deletion_rate"": {""denominator"": 1, ""numerator"": 1}, ""deletes_base_action_rate"": {""denominator"": 1, ""numerator"": 1}, ""delta_local_satisfaction"": {""denominator"": 101, ""numerator"": 0}, ""disruption"": {""denominator"": 1, ""numerator"": 1}, ""eppf"": {""denominator"": 0, ""numerator"": 0}, ""local_satisfaction"": {""denominator"": 116, ""numerator"": 99}, ""pfr"": {""denominator"": 0, ""numerator"": 0}, ""sir"": {""denominator"": 17, ""numerator"": 0}, ""srr"": {""denominator"": 84, ""numerator"": 0}, ""vacuous_improvement"": {""denominator"": 1, ""numerator"": 0}}"
88,55763,valueType,17_64,0,1,1,"[0, 0, 0, 74195, 74214, 74215]","[0, 0, 0, 98872, 29973, 36734]",null,"[98872, 29973, 36734]",null,"[98872, 29973, 36734]","{""base_deletion_rate"": {""denominator"": 1, ""numerator"": 1}, ""deletes_base_action_rate"": {""denominator"": 1, ""numerator"": 1}, ""delta_local_satisfaction"": {""denominator"": 9, ""numerator"": 0}, ""disruption"": {""denominator"": 1, ""numerator"": 1}, ""eppf"": {""denominator"": 0, ""numerator"": 0}, ""local_satisfaction"": {""denominator"": 11, ""numerator"": 8}, ""pfr"": {""denominator"": 0, ""numerator"": 0}, ""sir"": {""denominator"": 3, ""numerator"": 1}, ""srr"": {""denominator"": 6, ""numerator"": 1}, ""vacuous_improvement"": {""denominator"": 1, ""numerator"": 0}}","{""base_deletion_rate"": {""denominator"": 1, ""numerator"": 1}, ""deletes_base_action_rate"": {""denominator"": 1, ""numerator"": 1}, ""delta_local_satisfaction"": {""denominator"": 9, ""numerator"": 0}, ""disruption"": {""denominator"": 1, ""numerator"": 1}, ""eppf"": {""denominator"": 0, ""numerator"": 0}, ""local_satisfaction"": {""denominator"": 11, ""numerator"": 8}, ""pfr"": {""denominator"": 0, ""numerator"": 0}, ""sir"": {""denominator"": 3, ""numerator"": 1}, ""srr"": {""denominator"": 6, ""numerator"": 1}, ""vacuous_improvement"": {""denominator"": 1, ""numerator"": 0}}"
89,56490,valueRequiresStatement,17_64,0,1,1,"[0, 0, 0, 74195, 74214, 74215]","[0, 0, 0, 98872, 29762, 29900]",null,"[98872, 29762, 29900]",null,"[98872, 29762, 29900]","{""base_deletion_rate"": {""denominator"": 1, ""numerator"": 1}, ""deletes_base_action_rate"": {""denominator"": 1, ""numerator"": 1}, ""delta_local_satisfaction"": {""denominator"": 12, ""numerator"": 6}, ""disruption"": {""denominator"": 1, ""numerator"": 1}, ""eppf"": {""denominator"": 0, ""numerator"": 0}, ""local_satisfaction"": {""denominator"": 14, ""numerator"": 12}, ""pfr"": {""denominator"": 0, ""numerator"": 0}, ""sir"": {""denominator"": 8, ""numerator"": 7}, ""srr"": {""denominator"": 4, ""numerator"": 1}, ""vacuous_improvement"": {""denominator"": 1, ""numerator"": 1}}","{""base_deletion_rate"": {""denominator"": 1, ""numerator"": 1}, ""deletes_base_action_rate"": {""denominator"": 1, ""numerator"": 1}, ""delta_local_satisfaction"": {""denominator"": 12, ""numerator"": 6}, ""disruption"": {""denominator"": 1, ""numerator"": 1}, ""eppf"": {""denominator"": 0, ""numerator"": 0}, ""local_satisfaction"": {""denominator"": 14, ""numerator"": 12}, ""pfr"": {""denominator"": 0, ""numerator"": 0}, ""sir"": {""denominator"": 8, ""numerator"": 7}, ""srr"": {""denominator"": 4, ""numerator"": 1}, ""vacuous_improvement"": {""denominator"": 1, ""numerator"": 1}}"
90,66339,valueRequiresStatement,65_plus,0,1,1,"[0, 0, 0, 74195, 74214, 74215]","[0, 0, 0, 98872, 29803, 29916]",null,"[98872, 29803, 29916]",null,"[98872, 29803, 29916]","{""base_deletion_rate"": {""denominator"": 1, ""numerator"": 1}, ""deletes_base_action_rate"": {""denominator"": 1, ""numerator"": 1}, ""delta_local_satisfaction"": {""denominator"": 37, ""numerator"": 0}, ""disruption"": {""denominator"": 1, ""numerator"": 1}, ""eppf"": {""denominator"": 0, ""numerator"": 0}, ""local_satisfaction"": {""denominator"": 52, ""numerator"": 48}, ""pfr"": {""denominator"": 0, ""numerator"": 0}, ""sir"": {""denominator"": 4, ""numerator"": 0}, ""srr"": {""denominator"": 32, ""numerator"": 0}, ""vacuous_improvement"": {""denominator"": 1, ""numerator"": 0}}","{""base_deletion_rate"": {""denominator"": 1, ""numerator"": 1}, ""deletes_base_action_rate"": {""denominator"": 1, ""numerator"": 1}, ""delta_local_satisfaction"": {""denominator"": 37, ""numerator"": 0}, ""disruption"": {""denominator"": 1, ""numerator"": 1}, ""eppf"": {""denominator"": 0, ""numerator"": 0}, ""local_satisfaction"": {""denominator"": 52, ""numerator"": 48}, ""pfr"": {""denominator"": 0, ""numerator"": 0}, ""sir"": {""denominator"": 4, ""numerator"": 0}, ""srr"": {""denominator"": 32, ""numerator"": 0}, ""vacuous_improvement"": {""denominator"": 1, ""numerator"": 0}}"
91,53610,type,17_64,0,1,1,"[0, 0, 0, 74195, 74214, 74215]","[0, 0, 0, 98872, 31152, 74335]",null,"[98872, 31152, 74335]",null,"[98872, 31152, 74335]","{""base_deletion_rate"": {""denominator"": 1, ""numerator"": 1}, ""deletes_base_action_rate"": {""denominator"": 1, ""numerator"": 1}, ""delta_local_satisfaction"": {""denominator"": 23, ""numerator"": 0}, ""disruption"": {""denominator"": 1, ""numerator"": 1}, ""eppf"": {""denominator"": 0, ""numerator"": 0}, ""local_satisfaction"": {""denominator"": 25, ""numerator"": 13}, ""pfr"": {""denominator"": 0, ""numerator"": 0}, ""sir"": {""denominator"": 12, ""numerator"": 0}, ""srr"": {""denominator"": 11, ""numerator"": 0}, ""vacuous_improvement"": {""denominator"": 1, ""numerator"": 0}}","{""base_deletion_rate"": {""denominator"": 1, ""numerator"": 1}, ""deletes_base_action_rate"": {""denominator"": 1, ""numerator"": 1}, ""delta_local_satisfaction"": {""denominator"": 23, ""numerator"": 0}, ""disruption"": {""denominator"": 1, ""numerator"": 1}, ""eppf"": {""denominator"": 0, ""numerator"": 0}, ""local_satisfaction"": {""denominator"": 25, ""numerator"": 13}, ""pfr"": {""denominator"": 0, ""numerator"": 0}, ""sir"": {""denominator"": 12, ""numerator"": 0}, ""srr"": {""denominator"": 11, ""numerator"": 0}, ""vacuous_improvement"": {""denominator"": 1, ""numerator"": 0}}"
92,57383,inverse,65_plus,0,1,1,"[0, 0, 0, 74195, 74214, 74215]","[0, 0, 0, 98872, 32975, 98872]",null,"[98872, 32975, 98872]",null,"[98872, 32975, 98872]","{""base_deletion_rate"": {""denominator"": 1, ""numerator"": 1}, ""deletes_base_action_rate"": {""denominator"": 1, ""numerator"": 1}, ""delta_local_satisfaction"": {""denominator"": 40, ""numerator"": 0}, ""disruption"": {""denominator"": 1, ""numerator"": 1}, ""eppf"": {""denominator"": 0, ""numerator"": 0}, ""local_satisfaction"": {""denominator"": 49, ""numerator"": 34}, ""pfr"": {""denominator"": 0, ""numerator"": 0}, ""sir"": {""denominator"": 15, ""numerator"": 0}, ""srr"": {""denominator"": 24, ""numerator"": 0}, ""vacuous_improvement"": {""denominator"": 1, ""numerator"": 0}}","{""base_deletion_rate"": {""denominator"": 1, ""numerator"": 1}, ""deletes_base_action_rate"": {""denominator"": 1, ""numerator"": 1}, ""delta_local_satisfaction"": {""denominator"": 40, ""numerator"": 0}, ""disruption"": {""denominator"": 1, ""numerator"": 1}, ""eppf"": {""denominator"": 0, ""numerator"": 0}, ""local_satisfaction"": {""denominator"": 49, ""numerator"": 34}, ""pfr"": {""denominator"": 0, ""numerator"": 0}, ""sir"": {""denominator"": 15, ""numerator"": 0}, ""srr"": {""denominator"": 24, ""numerator"": 0}, ""vacuous_improvement"": {""denominator"": 1, ""numerator"": 0}}"
93,57813,single,65_plus,0,1,1,"[0, 0, 0, 74195, 74214, 74215]","[0, 0, 0, 83815, 33150, 96753]",null,"[83815, 33150, 96753]",null,"[83815, 33150, 96753]","{""base_deletion_rate"": {""denominator"": 1, ""numerator"": 1}, ""deletes_base_action_rate"": {""denominator"": 1, ""numerator"": 1}, ""delta_local_satisfaction"": {""denominator"": 88, ""numerator"": 1}, ""disruption"": {""denominator"": 1, ""numerator"": 1}, ""eppf"": {""denominator"": 1, ""numerator"": 0}, ""local_satisfaction"": {""denominator"": 93, ""numerator"": 52}, ""pfr"": {""denominator"": 1, ""numerator"": 0}, ""sir"": {""denominator"": 41, ""numerator"": 1}, ""srr"": {""denominator"": 46, ""numerator"": 0}, ""vacuous_improvement"": {""denominator"": 1, ""numerator"": 1}}","{""base_deletion_rate"": {""denominator"": 1, ""numerator"": 1}, ""deletes_base_action_rate"": {""denominator"": 1, ""numerator"": 1}, ""delta_local_satisfaction"": {""denominator"": 88, ""numerator"": 1}, ""disruption"": {""denominator"": 1, ""numerator"": 1}, ""eppf"": {""denominator"": 1, ""numerator"": 0}, ""local_satisfaction"": {""denominator"": 93, ""numerator"": 52}, ""pfr"": {""denominator"": 1, ""numerator"": 0}, ""sir"": {""denominator"": 41, ""numerator"": 1}, ""srr"": {""denominator"": 46, ""numerator"": 0}, ""vacuous_improvement"": {""denominator"": 1, ""numerator"": 1}}"
94,62203,type,17_64,0,1,1,"[0, 0, 0, 74195, 74214, 74215]","[0, 0, 0, 98872, 29766, 83512]",null,"[98872, 29766, 83512]",null,"[98872, 29766, 83512]","{""base_deletion_rate"": {""denominator"": 1, ""numerator"": 1}, ""deletes_base_action_rate"": {""denominator"": 1, ""numerator"": 1}, ""delta_local_satisfaction"": {""denominator"": 29, ""numerator"": 3}, ""disruption"": {""denominator"": 1, ""numerator"": 1}, ""eppf"": {""denominator"": 1, ""numerator"": 0}, ""local_satisfaction"": {""denominator"": 33, ""numerator"": 30}, ""pfr"": {""denominator"": 1, ""numerator"": 1}, ""sir"": {""denominator"": 5, ""numerator"": 2}, ""srr"": {""denominator"": 23, ""numerator"": 0}, ""vacuous_improvement"": {""denominator"": 1, ""numerator"": 1}}","{""base_deletion_rate"": {""denominator"": 1, ""numerator"": 1}, ""deletes_base_action_rate"": {""denominator"": 1, ""numerator"": 1}, ""delta_local_satisfaction"": {""denominator"": 29, ""numerator"": 3}, ""disruption"": {""denominator"": 1, ""numerator"": 1}, ""eppf"": {""denominator"": 1, ""numerator"": 0}, ""local_satisfaction"": {""denominator"": 33, ""numerator"": 30}, ""pfr"": {""denominator"": 1, ""numerator"": 1}, ""sir"": {""denominator"": 5, ""numerator"": 2}, ""srr"": {""denominator"": 23, ""numerator"": 0}, ""vacuous_improvement"": {""denominator"": 1, ""numerator"": 1}}"
95,70736,inverse,65_plus,0,1,1,"[0, 0, 0, 74195, 74214, 74215]","[0, 0, 0, 98872, 42664, 98872]",null,"[98872, 42664, 98872]",null,"[98872, 42664, 98872]","{""base_deletion_rate"": {""denominator"": 1, ""numerator"": 1}, ""deletes_base_action_rate"": {""denominator"": 1, ""numerator"": 1}, ""delta_local_satisfaction"": {""denominator"": 25, ""numerator"": 0}, ""disruption"": {""denominator"": 1, ""numerator"": 1}, ""eppf"": {""denominator"": 0, ""numerator"": 0}, ""local_satisfaction"": {""denominator"": 32, ""numerator"": 27}, ""pfr"": {""denominator"": 0, ""numerator"": 0}, ""sir"": {""denominator"": 5, ""numerator"": 0}, ""srr"": {""denominator"": 19, ""numerator"": 0}, ""vacuous_improvement"": {""denominator"": 1, ""numerator"": 0}}","{""base_deletion_rate"": {""denominator"": 1, ""numerator"": 1}, ""deletes_base_action_rate"": {""denominator"": 1, ""numerator"": 1}, ""delta_local_satisfaction"": {""denominator"": 25, ""numerator"": 0}, ""disruption"": {""denominator"": 1, ""numerator"": 1}, ""eppf"": {""denominator"": 0, ""numerator"": 0}, ""local_satisfaction"": {""denominator"": 32, ""numerator"": 27}, ""pfr"": {""denominator"": 0, ""numerator"": 0}, ""sir"": {""denominator"": 5, ""numerator"": 0}, ""srr"": {""denominator"": 19, ""numerator"": 0}, ""vacuous_improvement"": {""denominator"": 1, ""numerator"": 0}}"
96,62766,itemRequiresStatement,17_64,0,1,1,"[0, 0, 0, 74195, 74214, 74215]","[0, 0, 0, 98872, 35283, 98872]",null,"[98872, 35283, 98872]",null,"[98872, 35283, 98872]","{""base_deletion_rate"": {""denominator"": 1, ""numerator"": 1}, ""deletes_base_action_rate"": {""denominator"": 1, ""numerator"": 1}, ""delta_local_satisfaction"": {""denominator"": 17, ""numerator"": 0}, ""disruption"": {""denominator"": 1, ""numerator"": 1}, ""eppf"": {""denominator"": 0, ""numerator"": 0}, ""local_satisfaction"": {""denominator"": 21, ""numerator"": 12}, ""pfr"": {""denominator"": 0, ""numerator"": 0}, ""sir"": {""denominator"": 9, ""numerator"": 0}, ""srr"": {""denominator"": 8, ""numerator"": 0}, ""vacuous_improvement"": {""denominator"": 1, ""numerator"": 0}}","{""base_deletion_rate"": {""denominator"": 1, ""numerator"": 1}, ""deletes_base_action_rate"": {""denominator"": 1, ""numerator"": 1}, ""delta_local_satisfaction"": {""denominator"": 17, ""numerator"": 0}, ""disruption"": {""denominator"": 1, ""numerator"": 1}, ""eppf"": {""denominator"": 0, ""numerator"": 0}, ""local_satisfaction"": {""denominator"": 21, ""numerator"": 12}, ""pfr"": {""denominator"": 0, ""numerator"": 0}, ""sir"": {""denominator"": 9, ""numerator"": 0}, ""srr"": {""denominator"": 8, ""numerator"": 0}, ""vacuous_improvement"": {""denominator"": 1, ""numerator"": 0}}"
97,60921,distinct,17_64,0,1,1,"[0, 0, 0, 74195, 74214, 74215]","[0, 0, 0, 98872, 34519, 90199]",null,"[98872, 34519, 90199]",null,"[98872, 34519, 90199]","{""base_deletion_rate"": {""denominator"": 1, ""numerator"": 1}, ""deletes_base_action_rate"": {""denominator"": 1, ""numerator"": 1}, ""delta_local_satisfaction"": {""denominator"": 6, ""numerator"": 0}, ""disruption"": {""denominator"": 1, ""numerator"": 1}, ""eppf"": {""denominator"": 0, ""numerator"": 0}, ""local_satisfaction"": {""denominator"": 7, ""numerator"": 7}, ""pfr"": {""denominator"": 0, ""numerator"": 0}, ""sir"": {""denominator"": 0, ""numerator"": 0}, ""srr"": {""denominator"": 5, ""numerator"": 0}, ""vacuous_improvement"": {""denominator"": 1, ""numerator"": 0}}","{""base_deletion_rate"": {""denominator"": 1, ""numerator"": 1}, ""deletes_base_action_rate"": {""denominator"": 1, ""numerator"": 1}, ""delta_local_satisfaction"": {""denominator"": 6, ""numerator"": 0}, ""disruption"": {""denominator"": 1, ""numerator"": 1}, ""eppf"": {""denominator"": 0, ""numerator"": 0}, ""local_satisfaction"": {""denominator"": 7, ""numerator"": 7}, ""pfr"": {""denominator"": 0, ""numerator"": 0}, ""sir"": {""denominator"": 0, ""numerator"": 0}, ""srr"": {""denominator"": 5, ""numerator"": 0}, ""vacuous_improvement"": {""denominator"": 1, ""numerator"": 0}}"
98,64322,valueType,5_16,0,1,1,"[0, 0, 0, 74195, 74214, 74215]","[0, 0, 0, 98872, 31943, 30653]",null,"[98872, 31943, 30653]",null,"[98872, 31943, 30653]","{""base_deletion_rate"": {""denominator"": 1, ""numerator"": 1}, ""deletes_base_action_rate"": {""denominator"": 1, ""numerator"": 1}, ""delta_local_satisfaction"": {""denominator"": 0, ""numerator"": 0}, ""disruption"": {""denominator"": 1, ""numerator"": 1}, ""eppf"": {""denominator"": 0, ""numerator"": 0}, ""local_satisfaction"": {""denominator"": 2, ""numerator"": 2}, ""pfr"": {""denominator"": 0, ""numerator"": 0}, ""sir"": {""denominator"": 0, ""numerator"": 0}, ""srr"": {""denominator"": 0, ""numerator"": 0}, ""vacuous_improvement"": {""denominator"": 1, ""numerator"": 0}}","{""base_deletion_rate"": {""denominator"": 1, ""numerator"": 1}, ""deletes_base_action_rate"": {""denominator"": 1, ""numerator"": 1}, ""delta_local_satisfaction"": {""denominator"": 0, ""numerator"": 0}, ""disruption"": {""denominator"": 1, ""numerator"": 1}, ""eppf"": {""denominator"": 0, ""numerator"": 0}, ""local_satisfaction"": {""denominator"": 2, ""numerator"": 2}, ""pfr"": {""denominator"": 0, ""numerator"": 0}, ""sir"": {""denominator"": 0, ""numerator"": 0}, ""srr"": {""denominator"": 0, ""numerator"": 0}, ""vacuous_improvement"": {""denominator"": 1, ""numerator"": 0}}"
99,51877,conflictWith,65_plus,0,1,1,"[0, 0, 0, 74195, 74214, 74215]","[0, 0, 0, 98872, 29852, 32653]",null,"[98872, 29852, 32653]",null,"[98872, 29852, 32653]","{""base_deletion_rate"": {""denominator"": 1, ""numerator"": 1}, ""deletes_base_action_rate"": {""denominator"": 1, ""numerator"": 1}, ""delta_local_satisfaction"": {""denominator"": 35, ""numerator"": 7}, ""disruption"": {""denominator"": 1, ""numerator"": 1}, ""eppf"": {""denominator"": 1, ""numerator"": 0}, ""local_satisfaction"": {""denominator"": 38, ""numerator"": 20}, ""pfr"": {""denominator"": 1, ""numerator"": 1}, ""sir"": {""denominator"": 24, ""numerator"": 7}, ""srr"": {""denominator"": 10, ""numerator"": 1}, ""vacuous_improvement"": {""denominator"": 1, ""numerator"": 1}}","{""base_deletion_rate"": {""denominator"": 1, ""numerator"": 1}, ""deletes_base_action_rate"": {""denominator"": 1, ""numerator"": 1}, ""delta_local_satisfaction"": {""denominator"": 35, ""numerator"": 7}, ""disruption"": {""denominator"": 1, ""numerator"": 1}, ""eppf"": {""denominator"": 1, ""numerator"": 0}, ""local_satisfaction"": {""denominator"": 38, ""numerator"": 20}, ""pfr"": {""denominator"": 1, ""numerator"": 1}, ""sir"": {""denominator"": 24, ""numerator"": 7}, ""srr"": {""denominator"": 10, ""numerator"": 1}, ""vacuous_improvement"": {""denominator"": 1, ""numerator"": 1}}"
100,66339,valueRequiresStatement,17_64,0,1,1,"[0, 0, 0, 74195, 74214, 74215]","[0, 0, 0, 98872, 29803, 93547]",null,"[98872, 29803, 93547]",null,"[98872, 29803, 93547]","{""base_deletion_rate"": {""denominator"": 1, ""numerator"": 1}, ""deletes_base_action_rate"": {""denominator"": 1, ""numerator"": 1}, ""delta_local_satisfaction"": {""denominator"": 13, ""numerator"": 1}, ""disruption"": {""denominator"": 1, ""numerator"": 1}, ""eppf"": {""denominator"": 1, ""numerator"": 0}, ""local_satisfaction"": {""denominator"": 15, ""numerator"": 13}, ""pfr"": {""denominator"": 1, ""numerator"": 1}, ""sir"": {""denominator"": 2, ""numerator"": 0}, ""srr"": {""denominator"": 10, ""numerator"": 0}, ""vacuous_improvement"": {""denominator"": 1, ""numerator"": 1}}","{""base_deletion_rate"": {""denominator"": 1, ""numerator"": 1}, ""deletes_base_action_rate"": {""denominator"": 1, ""numerator"": 1}, ""delta_local_satisfaction"": {""denominator"": 13, ""numerator"": 1}, ""disruption"": {""denominator"": 1, ""numerator"": 1}, ""eppf"": {""denominator"": 1, ""numerator"": 0}, ""local_satisfaction"": {""denominator"": 15, ""numerator"": 13}, ""pfr"": {""denominator"": 1, ""numerator"": 1}, ""sir"": {""denominator"": 2, ""numerator"": 0}, ""srr"": {""denominator"": 10, ""numerator"": 0}, ""vacuous_improvement"": {""denominator"": 1, ""numerator"": 1}}"
101,59405,distinct,65_plus,0,1,1,"[0, 0, 0, 74195, 74214, 74215]","[0, 0, 0, 91808, 33681, 75281]",null,"[91808, 33681, 75281]",null,"[91808, 33681, 75281]","{""base_deletion_rate"": {""denominator"": 1, ""numerator"": 1}, ""deletes_base_action_rate"": {""denominator"": 1, ""numerator"": 1}, ""delta_local_satisfaction"": {""denominator"": 31, ""numerator"": 2}, ""disruption"": {""denominator"": 1, ""numerator"": 1}, ""eppf"": {""denominator"": 1, ""numerator"": 0}, ""local_satisfaction"": {""denominator"": 44, ""numerator"": 44}, ""pfr"": {""denominator"": 1, ""numerator"": 1}, ""sir"": {""denominator"": 1, ""numerator"": 1}, ""srr"": {""denominator"": 29, ""numerator"": 0}, ""vacuous_improvement"": {""denominator"": 1, ""numerator"": 1}}","{""base_deletion_rate"": {""denominator"": 1, ""numerator"": 1}, ""deletes_base_action_rate"": {""denominator"": 1, ""numerator"": 1}, ""delta_local_satisfaction"": {""denominator"": 31, ""numerator"": 2}, ""disruption"": {""denominator"": 1, ""numerator"": 1}, ""eppf"": {""denominator"": 1, ""numerator"": 0}, ""local_satisfaction"": {""denominator"": 44, ""numerator"": 44}, ""pfr"": {""denominator"": 1, ""numerator"": 1}, ""sir"": {""denominator"": 1, ""numerator"": 1}, ""srr"": {""denominator"": 29, ""numerator"": 0}, ""vacuous_improvement"": {""denominator"": 1, ""numerator"": 1}}"
102,62027,type,65_plus,0,1,1,"[0, 0, 0, 74195, 74214, 74215]","[0, 0, 0, 29895, 34995, 76961]",null,"[29895, 34995, 76961]",null,"[29895, 34995, 76961]","{""base_deletion_rate"": {""denominator"": 1, ""numerator"": 1}, ""deletes_base_action_rate"": {""denominator"": 1, ""numerator"": 1}, ""delta_local_satisfaction"": {""denominator"": 38, ""numerator"": 0}, ""disruption"": {""denominator"": 1, ""numerator"": 1}, ""eppf"": {""denominator"": 0, ""numerator"": 0}, ""local_satisfaction"": {""denominator"": 43, ""numerator"": 28}, ""pfr"": {""denominator"": 0, ""numerator"": 0}, ""sir"": {""denominator"": 15, ""numerator"": 0}, ""srr"": {""denominator"": 23, ""numerator"": 0}, ""vacuous_improvement"": {""denominator"": 1, ""numerator"": 0}}","{""base_deletion_rate"": {""denominator"": 1, ""numerator"": 1}, ""deletes_base_action_rate"": {""denominator"": 1, ""numerator"": 1}, ""delta_local_satisfaction"": {""denominator"": 38, ""numerator"": 0}, ""disruption"": {""denominator"": 1, ""numerator"": 1}, ""eppf"": {""denominator"": 0, ""numerator"": 0}, ""local_satisfaction"": {""denominator"": 43, ""numerator"": 28}, ""pfr"": {""denominator"": 0, ""numerator"": 0}, ""sir"": {""denominator"": 15, ""numerator"": 0}, ""srr"": {""denominator"": 23, ""numerator"": 0}, ""vacuous_improvement"": {""denominator"": 1, ""numerator"": 0}}"
103,59405,distinct,65_plus,0,1,1,"[0, 0, 0, 74195, 74214, 74215]","[0, 0, 0, 90885, 33681, 75281]",null,"[90885, 33681, 75281]",null,"[90885, 33681, 75281]","{""base_deletion_rate"": {""denominator"": 1, ""numerator"": 1}, ""deletes_base_action_rate"": {""denominator"": 1, ""numerator"": 1}, ""delta_local_satisfaction"": {""denominator"": 31, ""numerator"": 2}, ""disruption"": {""denominator"": 1, ""numerator"": 1}, ""eppf"": {""denominator"": 1, ""numerator"": 0}, ""local_satisfaction"": {""denominator"": 44, ""numerator"": 44}, ""pfr"": {""denominator"": 1, ""numerator"": 1}, ""sir"": {""denominator"": 1, ""numerator"": 1}, ""srr"": {""denominator"": 29, ""numerator"": 0}, ""vacuous_improvement"": {""denominator"": 1, ""numerator"": 1}}","{""base_deletion_rate"": {""denominator"": 1, ""numerator"": 1}, ""deletes_base_action_rate"": {""denominator"": 1, ""numerator"": 1}, ""delta_local_satisfaction"": {""denominator"": 31, ""numerator"": 2}, ""disruption"": {""denominator"": 1, ""numerator"": 1}, ""eppf"": {""denominator"": 1, ""numerator"": 0}, ""local_satisfaction"": {""denominator"": 44, ""numerator"": 44}, ""pfr"": {""denominator"": 1, ""numerator"": 1}, ""sir"": {""denominator"": 1, ""numerator"": 1}, ""srr"": {""denominator"": 29, ""numerator"": 0}, ""vacuous_improvement"": {""denominator"": 1, ""numerator"": 1}}"
104,56097,itemRequiresStatement,17_64,0,1,1,"[0, 0, 0, 74195, 74214, 74215]","[0, 0, 0, 98872, 30990, 31172]",null,"[98872, 30990, 31172]",null,"[98872, 30990, 31172]","{""base_deletion_rate"": {""denominator"": 1, ""numerator"": 1}, ""deletes_base_action_rate"": {""denominator"": 1, ""numerator"": 1}, ""delta_local_satisfaction"": {""denominator"": 13, ""numerator"": -1}, ""disruption"": {""denominator"": 1, ""numerator"": 1}, ""eppf"": {""denominator"": 0, ""numerator"": 0}, ""local_satisfaction"": {""denominator"": 20, ""numerator"": 19}, ""pfr"": {""denominator"": 0, ""numerator"": 0}, ""sir"": {""denominator"": 0, ""numerator"": 0}, ""srr"": {""denominator"": 13, ""numerator"": 1}, ""vacuous_improvement"": {""denominator"": 1, ""numerator"": 0}}","{""base_deletion_rate"": {""denominator"": 1, ""numerator"": 1}, ""deletes_base_action_rate"": {""denominator"": 1, ""numerator"": 1}, ""delta_local_satisfaction"": {""denominator"": 13, ""numerator"": -1}, ""disruption"": {""denominator"": 1, ""numerator"": 1}, ""eppf"": {""denominator"": 0, ""numerator"": 0}, ""local_satisfaction"": {""denominator"": 20, ""numerator"": 19}, ""pfr"": {""denominator"": 0, ""numerator"": 0}, ""sir"": {""denominator"": 0, ""numerator"": 0}, ""srr"": {""denominator"": 13, ""numerator"": 1}, ""vacuous_improvement"": {""denominator"": 1, ""numerator"": 0}}"
105,52397,valueRequiresStatement,65_plus,0,1,1,"[0, 0, 0, 74195, 74214, 74215]","[0, 0, 0, 98872, 30260, 98872]",null,"[98872, 30260, 98872]",null,"[98872, 30260, 98872]","{""base_deletion_rate"": {""denominator"": 1, ""numerator"": 1}, ""deletes_base_action_rate"": {""denominator"": 1, ""numerator"": 1}, ""delta_local_satisfaction"": {""denominator"": 25, ""numerator"": 0}, ""disruption"": {""denominator"": 1, ""numerator"": 1}, ""eppf"": {""denominator"": 0, ""numerator"": 0}, ""local_satisfaction"": {""denominator"": 27, ""numerator"": 12}, ""pfr"": {""denominator"": 0, ""numerator"": 0}, ""sir"": {""denominator"": 15, ""numerator"": 0}, ""srr"": {""denominator"": 10, ""numerator"": 0}, ""vacuous_improvement"": {""denominator"": 1, ""numerator"": 0}}","{""base_deletion_rate"": {""denominator"": 1, ""numerator"": 1}, ""deletes_base_action_rate"": {""denominator"": 1, ""numerator"": 1}, ""delta_local_satisfaction"": {""denominator"": 25, ""numerator"": 0}, ""disruption"": {""denominator"": 1, ""numerator"": 1}, ""eppf"": {""denominator"": 0, ""numerator"": 0}, ""local_satisfaction"": {""denominator"": 27, ""numerator"": 12}, ""pfr"": {""denominator"": 0, ""numerator"": 0}, ""sir"": {""denominator"": 15, ""numerator"": 0}, ""srr"": {""denominator"": 10, ""numerator"": 0}, ""vacuous_improvement"": {""denominator"": 1, ""numerator"": 0}}"
106,64322,valueType,65_plus,0,1,1,"[0, 0, 0, 74195, 74214, 74215]","[0, 0, 0, 98872, 31943, 74580]",null,"[98872, 31943, 74580]",null,"[98872, 31943, 74580]","{""base_deletion_rate"": {""denominator"": 1, ""numerator"": 1}, ""deletes_base_action_rate"": {""denominator"": 1, ""numerator"": 1}, ""delta_local_satisfaction"": {""denominator"": 241, ""numerator"": 1}, ""disruption"": {""denominator"": 1, ""numerator"": 1}, ""eppf"": {""denominator"": 0, ""numerator"": 0}, ""local_satisfaction"": {""denominator"": 300, ""numerator"": 293}, ""pfr"": {""denominator"": 0, ""numerator"": 0}, ""sir"": {""denominator"": 8, ""numerator"": 1}, ""srr"": {""denominator"": 233, ""numerator"": 0}, ""vacuous_improvement"": {""denominator"": 1, ""numerator"": 1}}","{""base_deletion_rate"": {""denominator"": 1, ""numerator"": 1}, ""deletes_base_action_rate"": {""denominator"": 1, ""numerator"": 1}, ""delta_local_satisfaction"": {""denominator"": 241, ""numerator"": 1}, ""disruption"": {""denominator"": 1, ""numerator"": 1}, ""eppf"": {""denominator"": 0, ""numerator"": 0}, ""local_satisfaction"": {""denominator"": 300, ""numerator"": 293}, ""pfr"": {""denominator"": 0, ""numerator"": 0}, ""sir"": {""denominator"": 8, ""numerator"": 1}, ""srr"": {""denominator"": 233, ""numerator"": 0}, ""vacuous_improvement"": {""denominator"": 1, ""numerator"": 1}}"
107,68597,type,17_64,0,1,1,"[0, 0, 0, 74195, 74214, 74215]","[0, 0, 0, 98872, 38662, 98872]",null,"[98872, 38662, 98872]",null,"[98872, 38662, 98872]","{""base_deletion_rate"": {""denominator"": 1, ""numerator"": 1}, ""deletes_base_action_rate"": {""denominator"": 1, ""numerator"": 1}, ""delta_local_satisfaction"": {""denominator"": 3, ""numerator"": 0}, ""disruption"": {""denominator"": 1, ""numerator"": 1}, ""eppf"": {""denominator"": 0, ""numerator"": 0}, ""local_satisfaction"": {""denominator"": 7, ""numerator"": 6}, ""pfr"": {""denominator"": 0, ""numerator"": 0}, ""sir"": {""denominator"": 1, ""numerator"": 0}, ""srr"": {""denominator"": 2, ""numerator"": 0}, ""vacuous_improvement"": {""denominator"": 1, ""numerator"": 0}}","{""base_deletion_rate"": {""denominator"": 1, ""numerator"": 1}, ""deletes_base_action_rate"": {""denominator"": 1, ""numerator"": 1}, ""delta_local_satisfaction"": {""denominator"": 3, ""numerator"": 0}, ""disruption"": {""denominator"": 1, ""numerator"": 1}, ""eppf"": {""denominator"": 0, ""numerator"": 0}, ""local_satisfaction"": {""denominator"": 7, ""numerator"": 6}, ""pfr"": {""denominator"": 0, ""numerator"": 0}, ""sir"": {""denominator"": 1, ""numerator"": 0}, ""srr"": {""denominator"": 2, ""numerator"": 0}, ""vacuous_improvement"": {""denominator"": 1, ""numerator"": 0}}"
108,72906,valueRequiresStatement,17_64,0,1,1,"[0, 0, 0, 74195, 74214, 74215]","[0, 0, 0, 98872, 29923, 98872]",null,"[98872, 29923, 98872]",null,"[98872, 29923, 98872]","{""base_deletion_rate"": {""denominator"": 1, ""numerator"": 1}, ""deletes_base_action_rate"": {""denominator"": 1, ""numerator"": 1}, ""delta_local_satisfaction"": {""denominator"": 8, ""numerator"": -1}, ""disruption"": {""denominator"": 1, ""numerator"": 1}, ""eppf"": {""denominator"": 0, ""numerator"": 0}, ""local_satisfaction"": {""denominator"": 10, ""numerator"": 8}, ""pfr"": {""denominator"": 0, ""numerator"": 0}, ""sir"": {""denominator"": 1, ""numerator"": 0}, ""srr"": {""denominator"": 6, ""numerator"": 1}, ""vacuous_improvement"": {""denominator"": 1, ""numerator"": 0}}","{""base_deletion_rate"": {""denominator"": 1, ""numerator"": 1}, ""deletes_base_action_rate"": {""denominator"": 1, ""numerator"": 1}, ""delta_local_satisfaction"": {""denominator"": 8, ""numerator"": -1}, ""disruption"": {""denominator"": 1, ""numerator"": 1}, ""eppf"": {""denominator"": 0, ""numerator"": 0}, ""local_satisfaction"": {""denominator"": 10, ""numerator"": 8}, ""pfr"": {""denominator"": 0, ""numerator"": 0}, ""sir"": {""denominator"": 1, ""numerator"": 0}, ""srr"": {""denominator"": 6, ""numerator"": 1}, ""vacuous_improvement"": {""denominator"": 1, ""numerator"": 0}}"
109,68746,itemRequiresStatement,65_plus,0,1,1,"[0, 0, 0, 74195, 74214, 74215]","[0, 0, 0, 98872, 38744, 98872]",null,"[98872, 38744, 98872]",null,"[98872, 38744, 98872]","{""base_deletion_rate"": {""denominator"": 1, ""numerator"": 1}, ""deletes_base_action_rate"": {""denominator"": 1, ""numerator"": 1}, ""delta_local_satisfaction"": {""denominator"": 38, ""numerator"": 0}, ""disruption"": {""denominator"": 1, ""numerator"": 1}, ""eppf"": {""denominator"": 0, ""numerator"": 0}, ""local_satisfaction"": {""denominator"": 48, ""numerator"": 30}, ""pfr"": {""denominator"": 0, ""numerator"": 0}, ""sir"": {""denominator"": 18, ""numerator"": 0}, ""srr"": {""denominator"": 19, ""numerator"": 0}, ""vacuous_improvement"": {""denominator"": 1, ""numerator"": 0}}","{""base_deletion_rate"": {""denominator"": 1, ""numerator"": 1}, ""deletes_base_action_rate"": {""denominator"": 1, ""numerator"": 1}, ""delta_local_satisfaction"": {""denominator"": 38, ""numerator"": 0}, ""disruption"": {""denominator"": 1, ""numerator"": 1}, ""eppf"": {""denominator"": 0, ""numerator"": 0}, ""local_satisfaction"": {""denominator"": 48, ""numerator"": 30}, ""pfr"": {""denominator"": 0, ""numerator"": 0}, ""sir"": {""denominator"": 18, ""numerator"": 0}, ""srr"": {""denominator"": 19, ""numerator"": 0}, ""vacuous_improvement"": {""denominator"": 1, ""numerator"": 0}}"
110,68689,itemRequiresStatement,5_16,0,1,1,"[0, 0, 0, 74195, 74214, 74215]","[0, 0, 0, 98872, 38708, 98872]",null,"[98872, 38708, 98872]",null,"[98872, 38708, 98872]","{""base_deletion_rate"": {""denominator"": 1, ""numerator"": 1}, ""deletes_base_action_rate"": {""denominator"": 1, ""numerator"": 1}, ""delta_local_satisfaction"": {""denominator"": 1, ""numerator"": 0}, ""disruption"": {""denominator"": 1, ""numerator"": 1}, ""eppf"": {""denominator"": 0, ""numerator"": 0}, ""local_satisfaction"": {""denominator"": 5, ""numerator"": 5}, ""pfr"": {""denominator"": 0, ""numerator"": 0}, ""sir"": {""denominator"": 0, ""numerator"": 0}, ""srr"": {""denominator"": 1, ""numerator"": 0}, ""vacuous_improvement"": {""denominator"": 1, ""numerator"": 0}}","{""base_deletion_rate"": {""denominator"": 1, ""numerator"": 1}, ""deletes_base_action_rate"": {""denominator"": 1, ""numerator"": 1}, ""delta_local_satisfaction"": {""denominator"": 1, ""numerator"": 0}, ""disruption"": {""denominator"": 1, ""numerator"": 1}, ""eppf"": {""denominator"": 0, ""numerator"": 0}, ""local_satisfaction"": {""denominator"": 5, ""numerator"": 5}, ""pfr"": {""denominator"": 0, ""numerator"": 0}, ""sir"": {""denominator"": 0, ""numerator"": 0}, ""srr"": {""denominator"": 1, ""numerator"": 0}, ""vacuous_improvement"": {""denominator"": 1, ""numerator"": 0}}"
111,51438,type,65_plus,0,1,1,"[0, 0, 0, 74195, 74214, 74215]","[0, 0, 0, 98872, 30111, 76530]",null,"[98872, 30111, 76530]",null,"[98872, 30111, 76530]","{""base_deletion_rate"": {""denominator"": 1, ""numerator"": 1}, ""deletes_base_action_rate"": {""denominator"": 1, ""numerator"": 1}, ""delta_local_satisfaction"": {""denominator"": 88, ""numerator"": 0}, ""disruption"": {""denominator"": 1, ""numerator"": 1}, ""eppf"": {""denominator"": 0, ""numerator"": 0}, ""local_satisfaction"": {""denominator"": 104, ""numerator"": 103}, ""pfr"": {""denominator"": 0, ""numerator"": 0}, ""sir"": {""denominator"": 1, ""numerator"": 0}, ""srr"": {""denominator"": 87, ""numerator"": 0}, ""vacuous_improvement"": {""denominator"": 1, ""numerator"": 0}}","{""base_deletion_rate"": {""denominator"": 1, ""numerator"": 1}, ""deletes_base_action_rate"": {""denominator"": 1, ""numerator"": 1}, ""delta_local_satisfaction"": {""denominator"": 88, ""numerator"": 0}, ""disruption"": {""denominator"": 1, ""numerator"": 1}, ""eppf"": {""denominator"": 0, ""numerator"": 0}, ""local_satisfaction"": {""denominator"": 104, ""numerator"": 103}, ""pfr"": {""denominator"": 0, ""numerator"": 0}, ""sir"": {""denominator"": 1, ""numerator"": 0}, ""srr"": {""denominator"": 87, ""numerator"": 0}, ""vacuous_improvement"": {""denominator"": 1, ""numerator"": 0}}"
112,50362,valueType,65_plus,0,1,1,"[0, 0, 0, 74195, 74214, 74215]","[0, 0, 0, 98872, 29859, 98872]",null,"[98872, 29859, 98872]",null,"[98872, 29859, 98872]","{""base_deletion_rate"": {""denominator"": 1, ""numerator"": 1}, ""deletes_base_action_rate"": {""denominator"": 1, ""numerator"": 1}, ""delta_local_satisfaction"": {""denominator"": 51, ""numerator"": 0}, ""disruption"": {""denominator"": 1, ""numerator"": 1}, ""eppf"": {""denominator"": 0, ""numerator"": 0}, ""local_satisfaction"": {""denominator"": 61, ""numerator"": 39}, ""pfr"": {""denominator"": 0, ""numerator"": 0}, ""sir"": {""denominator"": 22, ""numerator"": 0}, ""srr"": {""denominator"": 29, ""numerator"": 0}, ""vacuous_improvement"": {""denominator"": 1, ""numerator"": 0}}","{""base_deletion_rate"": {""denominator"": 1, ""numerator"": 1}, ""deletes_base_action_rate"": {""denominator"": 1, ""numerator"": 1}, ""delta_local_satisfaction"": {""denominator"": 51, ""numerator"": 0}, ""disruption"": {""denominator"": 1, ""numerator"": 1}, ""eppf"": {""denominator"": 0, ""numerator"": 0}, ""local_satisfaction"": {""denominator"": 61, ""numerator"": 39}, ""pfr"": {""denominator"": 0, ""numerator"": 0}, ""sir"": {""denominator"": 22, ""numerator"": 0}, ""srr"": {""denominator"": 29, ""numerator"": 0}, ""vacuous_improvement"": {""denominator"": 1, ""numerator"": 0}}"
113,56687,distinct,17_64,0,1,1,"[0, 0, 0, 74195, 74214, 74215]","[0, 0, 0, 98872, 32735, 98872]",null,"[98872, 32735, 98872]",null,"[98872, 32735, 98872]","{""base_deletion_rate"": {""denominator"": 1, ""numerator"": 1}, ""deletes_base_action_rate"": {""denominator"": 1, ""numerator"": 1}, ""delta_local_satisfaction"": {""denominator"": 3, ""numerator"": 0}, ""disruption"": {""denominator"": 1, ""numerator"": 1}, ""eppf"": {""denominator"": 0, ""numerator"": 0}, ""local_satisfaction"": {""denominator"": 4, ""numerator"": 4}, ""pfr"": {""denominator"": 0, ""numerator"": 0}, ""sir"": {""denominator"": 0, ""numerator"": 0}, ""srr"": {""denominator"": 2, ""numerator"": 0}, ""vacuous_improvement"": {""denominator"": 1, ""numerator"": 0}}","{""base_deletion_rate"": {""denominator"": 1, ""numerator"": 1}, ""deletes_base_action_rate"": {""denominator"": 1, ""numerator"": 1}, ""delta_local_satisfaction"": {""denominator"": 3, ""numerator"": 0}, ""disruption"": {""denominator"": 1, ""numerator"": 1}, ""eppf"": {""denominator"": 0, ""numerator"": 0}, ""local_satisfaction"": {""denominator"": 4, ""numerator"": 4}, ""pfr"": {""denominator"": 0, ""numerator"": 0}, ""sir"": {""denominator"": 0, ""numerator"": 0}, ""srr"": {""denominator"": 2, ""numerator"": 0}, ""vacuous_improvement"": {""denominator"": 1, ""numerator"": 0}}"
114,60921,distinct,17_64,0,1,1,"[0, 0, 0, 74195, 74214, 74215]","[0, 0, 0, 91569, 34519, 89970]",null,"[91569, 34519, 89970]",null,"[91569, 34519, 89970]","{""base_deletion_rate"": {""denominator"": 1, ""numerator"": 1}, ""deletes_base_action_rate"": {""denominator"": 1, ""numerator"": 1}, ""delta_local_satisfaction"": {""denominator"": 27, ""numerator"": 2}, ""disruption"": {""denominator"": 1, ""numerator"": 1}, ""eppf"": {""denominator"": 1, ""numerator"": 0}, ""local_satisfaction"": {""denominator"": 29, ""numerator"": 22}, ""pfr"": {""denominator"": 1, ""numerator"": 1}, ""sir"": {""denominator"": 8, ""numerator"": 1}, ""srr"": {""denominator"": 18, ""numerator"": 0}, ""vacuous_improvement"": {""denominator"": 1, ""numerator"": 1}}","{""base_deletion_rate"": {""denominator"": 1, ""numerator"": 1}, ""deletes_base_action_rate"": {""denominator"": 1, ""numerator"": 1}, ""delta_local_satisfaction"": {""denominator"": 27, ""numerator"": 2}, ""disruption"": {""denominator"": 1, ""numerator"": 1}, ""eppf"": {""denominator"": 1, ""numerator"": 0}, ""local_satisfaction"": {""denominator"": 29, ""numerator"": 22}, ""pfr"": {""denominator"": 1, ""numerator"": 1}, ""sir"": {""denominator"": 8, ""numerator"": 1}, ""srr"": {""denominator"": 18, ""numerator"": 0}, ""vacuous_improvement"": {""denominator"": 1, ""numerator"": 1}}"
116,73156,conflictWith,65_plus,0,1,1,"[0, 0, 0, 74195, 74214, 74215]","[0, 0, 0, 98872, 29991, 98872]",null,"[98872, 29991, 98872]",null,"[98872, 29991, 98872]","{""base_deletion_rate"": {""denominator"": 1, ""numerator"": 1}, ""deletes_base_action_rate"": {""denominator"": 1, ""numerator"": 1}, ""delta_local_satisfaction"": {""denominator"": 32, ""numerator"": 1}, ""disruption"": {""denominator"": 1, ""numerator"": 1}, ""eppf"": {""denominator"": 1, ""numerator"": 0}, ""local_satisfaction"": {""denominator"": 34, ""numerator"": 20}, ""pfr"": {""denominator"": 1, ""numerator"": 1}, ""sir"": {""denominator"": 14, ""numerator"": 0}, ""srr"": {""denominator"": 17, ""numerator"": 0}, ""vacuous_improvement"": {""denominator"": 1, ""numerator"": 1}}","{""base_deletion_rate"": {""denominator"": 1, ""numerator"": 1}, ""deletes_base_action_rate"": {""denominator"": 1, ""numerator"": 1}, ""delta_local_satisfaction"": {""denominator"": 32, ""numerator"": 1}, ""disruption"": {""denominator"": 1, ""numerator"": 1}, ""eppf"": {""denominator"": 1, ""numerator"": 0}, ""local_satisfaction"": {""denominator"": 34, ""numerator"": 20}, ""pfr"": {""denominator"": 1, ""numerator"": 1}, ""sir"": {""denominator"": 14, ""numerator"": 0}, ""srr"": {""denominator"": 17, ""numerator"": 0}, ""vacuous_improvement"": {""denominator"": 1, ""numerator"": 1}}"
117,61520,conflictWith,17_64,0,1,1,"[0, 0, 0, 74195, 74214, 74215]","[0, 0, 0, 98872, 33661, 98872]",null,"[98872, 33661, 98872]",null,"[98872, 33661, 98872]","{""base_deletion_rate"": {""denominator"": 1, ""numerator"": 1}, ""deletes_base_action_rate"": {""denominator"": 1, ""numerator"": 1}, ""delta_local_satisfaction"": {""denominator"": 16, ""numerator"": 1}, ""disruption"": {""denominator"": 1, ""numerator"": 1}, ""eppf"": {""denominator"": 1, ""numerator"": 0}, ""local_satisfaction"": {""denominator"": 19, ""numerator"": 9}, ""pfr"": {""denominator"": 1, ""numerator"": 1}, ""sir"": {""denominator"": 10, ""numerator"": 0}, ""srr"": {""denominator"": 5, ""numerator"": 0}, ""vacuous_improvement"": {""denominator"": 1, ""numerator"": 1}}","{""base_deletion_rate"": {""denominator"": 1, ""numerator"": 1}, ""deletes_base_action_rate"": {""denominator"": 1, ""numerator"": 1}, ""delta_local_satisfaction"": {""denominator"": 16, ""numerator"": 1}, ""disruption"": {""denominator"": 1, ""numerator"": 1}, ""eppf"": {""denominator"": 1, ""numerator"": 0}, ""local_satisfaction"": {""denominator"": 19, ""numerator"": 9}, ""pfr"": {""denominator"": 1, ""numerator"": 1}, ""sir"": {""denominator"": 10, ""numerator"": 0}, ""srr"": {""denominator"": 5, ""numerator"": 0}, ""vacuous_improvement"": {""denominator"": 1, ""numerator"": 1}}"
118,59405,distinct,65_plus,0,1,1,"[0, 0, 0, 74195, 74214, 74215]","[0, 0, 0, 91199, 33681, 75281]",null,"[91199, 33681, 75281]",null,"[91199, 33681, 75281]","{""base_deletion_rate"": {""denominator"": 1, ""numerator"": 1}, ""deletes_base_action_rate"": {""denominator"": 1, ""numerator"": 1}, ""delta_local_satisfaction"": {""denominator"": 31, ""numerator"": 2}, ""disruption"": {""denominator"": 1, ""numerator"": 1}, ""eppf"": {""denominator"": 1, ""numerator"": 0}, ""local_satisfaction"": {""denominator"": 44, ""numerator"": 44}, ""pfr"": {""denominator"": 1, ""numerator"": 1}, ""sir"": {""denominator"": 1, ""numerator"": 1}, ""srr"": {""denominator"": 29, ""numerator"": 0}, ""vacuous_improvement"": {""denominator"": 1, ""numerator"": 1}}","{""base_deletion_rate"": {""denominator"": 1, ""numerator"": 1}, ""deletes_base_action_rate"": {""denominator"": 1, ""numerator"": 1}, ""delta_local_satisfaction"": {""denominator"": 31, ""numerator"": 2}, ""disruption"": {""denominator"": 1, ""numerator"": 1}, ""eppf"": {""denominator"": 1, ""numerator"": 0}, ""local_satisfaction"": {""denominator"": 44, ""numerator"": 44}, ""pfr"": {""denominator"": 1, ""numerator"": 1}, ""sir"": {""denominator"": 1, ""numerator"": 1}, ""srr"": {""denominator"": 29, ""numerator"": 0}, ""vacuous_improvement"": {""denominator"": 1, ""numerator"": 1}}"
119,56490,valueRequiresStatement,65_plus,0,1,1,"[0, 0, 0, 74195, 74214, 74215]","[0, 0, 0, 98872, 29762, 29900]",null,"[98872, 29762, 29900]",null,"[98872, 29762, 29900]","{""base_deletion_rate"": {""denominator"": 1, ""numerator"": 1}, ""deletes_base_action_rate"": {""denominator"": 1, ""numerator"": 1}, ""delta_local_satisfaction"": {""denominator"": 23, ""numerator"": 13}, ""disruption"": {""denominator"": 1, ""numerator"": 1}, ""eppf"": {""denominator"": 0, ""numerator"": 0}, ""local_satisfaction"": {""denominator"": 26, ""numerator"": 22}, ""pfr"": {""denominator"": 0, ""numerator"": 0}, ""sir"": {""denominator"": 17, ""numerator"": 15}, ""srr"": {""denominator"": 6, ""numerator"": 2}, ""vacuous_improvement"": {""denominator"": 1, ""numerator"": 1}}","{""base_deletion_rate"": {""denominator"": 1, ""numerator"": 1}, ""deletes_base_action_rate"": {""denominator"": 1, ""numerator"": 1}, ""delta_local_satisfaction"": {""denominator"": 23, ""numerator"": 13}, ""disruption"": {""denominator"": 1, ""numerator"": 1}, ""eppf"": {""denominator"": 0, ""numerator"": 0}, ""local_satisfaction"": {""denominator"": 26, ""numerator"": 22}, ""pfr"": {""denominator"": 0, ""numerator"": 0}, ""sir"": {""denominator"": 17, ""numerator"": 15}, ""srr"": {""denominator"": 6, ""numerator"": 2}, ""vacuous_improvement"": {""denominator"": 1, ""numerator"": 1}}"
120,67785,type,65_plus,0,1,1,"[0, 0, 0, 74195, 74214, 74215]","[0, 0, 0, 98872, 38111, 98872]",null,"[98872, 38111, 98872]",null,"[98872, 38111, 98872]","{""base_deletion_rate"": {""denominator"": 1, ""numerator"": 1}, ""deletes_base_action_rate"": {""denominator"": 1, ""numerator"": 1}, ""delta_local_satisfaction"": {""denominator"": 8, ""numerator"": 0}, ""disruption"": {""denominator"": 1, ""numerator"": 1}, ""eppf"": {""denominator"": 0, ""numerator"": 0}, ""local_satisfaction"": {""denominator"": 14, ""numerator"": 14}, ""pfr"": {""denominator"": 0, ""numerator"": 0}, ""sir"": {""denominator"": 0, ""numerator"": 0}, ""srr"": {""denominator"": 8, ""numerator"": 0}, ""vacuous_improvement"": {""denominator"": 1, ""numerator"": 0}}","{""base_deletion_rate"": {""denominator"": 1, ""numerator"": 1}, ""deletes_base_action_rate"": {""denominator"": 1, ""numerator"": 1}, ""delta_local_satisfaction"": {""denominator"": 8, ""numerator"": 0}, ""disruption"": {""denominator"": 1, ""numerator"": 1}, ""eppf"": {""denominator"": 0, ""numerator"": 0}, ""local_satisfaction"": {""denominator"": 14, ""numerator"": 14}, ""pfr"": {""denominator"": 0, ""numerator"": 0}, ""sir"": {""denominator"": 0, ""numerator"": 0}, ""srr"": {""denominator"": 8, ""numerator"": 0}, ""vacuous_improvement"": {""denominator"": 1, ""numerator"": 0}}"
121,63500,inverse,17_64,0,1,1,"[0, 0, 0, 74195, 74214, 74215]","[0, 0, 0, 98872, 32015, 98872]",null,"[98872, 32015, 98872]",null,"[98872, 32015, 98872]","{""base_deletion_rate"": {""denominator"": 1, ""numerator"": 1}, ""deletes_base_action_rate"": {""denominator"": 1, ""numerator"": 1}, ""delta_local_satisfaction"": {""denominator"": 5, ""numerator"": 1}, ""disruption"": {""denominator"": 1, ""numerator"": 1}, ""eppf"": {""denominator"": 0, ""numerator"": 0}, ""local_satisfaction"": {""denominator"": 6, ""numerator"": 4}, ""pfr"": {""denominator"": 0, ""numerator"": 0}, ""sir"": {""denominator"": 3, ""numerator"": 1}, ""srr"": {""denominator"": 1, ""numerator"": 0}, ""vacuous_improvement"": {""denominator"": 1, ""numerator"": 1}}","{""base_deletion_rate"": {""denominator"": 1, ""numerator"": 1}, ""deletes_base_action_rate"": {""denominator"": 1, ""numerator"": 1}, ""delta_local_satisfaction"": {""denominator"": 5, ""numerator"": 1}, ""disruption"": {""denominator"": 1, ""numerator"": 1}, ""eppf"": {""denominator"": 0, ""numerator"": 0}, ""local_satisfaction"": {""denominator"": 6, ""numerator"": 4}, ""pfr"": {""denominator"": 0, ""numerator"": 0}, ""sir"": {""denominator"": 3, ""numerator"": 1}, ""srr"": {""denominator"": 1, ""numerator"": 0}, ""vacuous_improvement"": {""denominator"": 1, ""numerator"": 1}}"
122,66339,valueRequiresStatement,17_64,0,1,1,"[0, 0, 0, 74195, 74214, 74215]","[0, 0, 0, 98872, 29803, 98872]",null,"[98872, 29803, 98872]",null,"[98872, 29803, 98872]","{""base_deletion_rate"": {""denominator"": 1, ""numerator"": 1}, ""deletes_base_action_rate"": {""denominator"": 1, ""numerator"": 1}, ""delta_local_satisfaction"": {""denominator"": 17, ""numerator"": 1}, ""disruption"": {""denominator"": 1, ""numerator"": 1}, ""eppf"": {""denominator"": 0, ""numerator"": 0}, ""local_satisfaction"": {""denominator"": 26, ""numerator"": 20}, ""pfr"": {""denominator"": 0, ""numerator"": 0}, ""sir"": {""denominator"": 7, ""numerator"": 1}, ""srr"": {""denominator"": 9, ""numerator"": 0}, ""vacuous_improvement"": {""denominator"": 1, ""numerator"": 1}}","{""base_deletion_rate"": {""denominator"": 1, ""numerator"": 1}, ""deletes_base_action_rate"": {""denominator"": 1, ""numerator"": 1}, ""delta_local_satisfaction"": {""denominator"": 17, ""numerator"": 1}, ""disruption"": {""denominator"": 1, ""numerator"": 1}, ""eppf"": {""denominator"": 0, ""numerator"": 0}, ""local_satisfaction"": {""denominator"": 26, ""numerator"": 20}, ""pfr"": {""denominator"": 0, ""numerator"": 0}, ""sir"": {""denominator"": 7, ""numerator"": 1}, ""srr"": {""denominator"": 9, ""numerator"": 0}, ""vacuous_improvement"": {""denominator"": 1, ""numerator"": 1}}"
124,59405,distinct,65_plus,0,1,1,"[0, 0, 0, 74195, 74214, 74215]","[0, 0, 0, 98872, 33681, 75281]",null,"[98872, 33681, 75281]",null,"[98872, 33681, 75281]","{""base_deletion_rate"": {""denominator"": 1, ""numerator"": 1}, ""deletes_base_action_rate"": {""denominator"": 1, ""numerator"": 1}, ""delta_local_satisfaction"": {""denominator"": 31, ""numerator"": 1}, ""disruption"": {""denominator"": 1, ""numerator"": 1}, ""eppf"": {""denominator"": 0, ""numerator"": 0}, ""local_satisfaction"": {""denominator"": 44, ""numerator"": 44}, ""pfr"": {""denominator"": 0, ""numerator"": 0}, ""sir"": {""denominator"": 1, ""numerator"": 1}, ""srr"": {""denominator"": 29, ""numerator"": 0}, ""vacuous_improvement"": {""denominator"": 1, ""numerator"": 1}}","{""base_deletion_rate"": {""denominator"": 1, ""numerator"": 1}, ""deletes_base_action_rate"": {""denominator"": 1, ""numerator"": 1}, ""delta_local_satisfaction"": {""denominator"": 31, ""numerator"": 1}, ""disruption"": {""denominator"": 1, ""numerator"": 1}, ""eppf"": {""denominator"": 0, ""numerator"": 0}, ""local_satisfaction"": {""denominator"": 44, ""numerator"": 44}, ""pfr"": {""denominator"": 0, ""numerator"": 0}, ""sir"": {""denominator"": 1, ""numerator"": 1}, ""srr"": {""denominator"": 29, ""numerator"": 0}, ""vacuous_improvement"": {""denominator"": 1, ""numerator"": 1}}"
125,59405,distinct,65_plus,0,1,1,"[0, 0, 0, 74195, 74214, 74215]","[0, 0, 0, 90482, 33681, 75281]",null,"[90482, 33681, 75281]",null,"[90482, 33681, 75281]","{""base_deletion_rate"": {""denominator"": 1, ""numerator"": 1}, ""deletes_base_action_rate"": {""denominator"": 1, ""numerator"": 1}, ""delta_local_satisfaction"": {""denominator"": 31, ""numerator"": 2}, ""disruption"": {""denominator"": 1, ""numerator"": 1}, ""eppf"": {""denominator"": 1, ""numerator"": 0}, ""local_satisfaction"": {""denominator"": 44, ""numerator"": 44}, ""pfr"": {""denominator"": 1, ""numerator"": 1}, ""sir"": {""denominator"": 1, ""numerator"": 1}, ""srr"": {""denominator"": 29, ""numerator"": 0}, ""vacuous_improvement"": {""denominator"": 1, ""numerator"": 1}}","{""base_deletion_rate"": {""denominator"": 1, ""numerator"": 1}, ""deletes_base_action_rate"": {""denominator"": 1, ""numerator"": 1}, ""delta_local_satisfaction"": {""denominator"": 31, ""numerator"": 2}, ""disruption"": {""denominator"": 1, ""numerator"": 1}, ""eppf"": {""denominator"": 1, ""numerator"": 0}, ""local_satisfaction"": {""denominator"": 44, ""numerator"": 44}, ""pfr"": {""denominator"": 1, ""numerator"": 1}, ""sir"": {""denominator"": 1, ""numerator"": 1}, ""srr"": {""denominator"": 29, ""numerator"": 0}, ""vacuous_improvement"": {""denominator"": 1, ""numerator"": 1}}"
126,55039,itemRequiresStatement,17_64,0,1,1,"[0, 0, 0, 74195, 74214, 74215]","[0, 0, 0, 98872, 31961, 98872]",null,"[98872, 31961, 98872]",null,"[98872, 31961, 98872]","{""base_deletion_rate"": {""denominator"": 1, ""numerator"": 1}, ""deletes_base_action_rate"": {""denominator"": 1, ""numerator"": 1}, ""delta_local_satisfaction"": {""denominator"": 10, ""numerator"": 0}, ""disruption"": {""denominator"": 1, ""numerator"": 1}, ""eppf"": {""denominator"": 0, ""numerator"": 0}, ""local_satisfaction"": {""denominator"": 14, ""numerator"": 10}, ""pfr"": {""denominator"": 0, ""numerator"": 0}, ""sir"": {""denominator"": 4, ""numerator"": 0}, ""srr"": {""denominator"": 6, ""numerator"": 0}, ""vacuous_improvement"": {""denominator"": 1, ""numerator"": 0}}","{""base_deletion_rate"": {""denominator"": 1, ""numerator"": 1}, ""deletes_base_action_rate"": {""denominator"": 1, ""numerator"": 1}, ""delta_local_satisfaction"": {""denominator"": 10, ""numerator"": 0}, ""disruption"": {""denominator"": 1, ""numerator"": 1}, ""eppf"": {""denominator"": 0, ""numerator"": 0}, ""local_satisfaction"": {""denominator"": 14, ""numerator"": 10}, ""pfr"": {""denominator"": 0, ""numerator"": 0}, ""sir"": {""denominator"": 4, ""numerator"": 0}, ""srr"": {""denominator"": 6, ""numerator"": 0}, ""vacuous_improvement"": {""denominator"": 1, ""numerator"": 0}}"
127,52410,valueType,65_plus,0,1,1,"[0, 0, 0, 74195, 74214, 74215]","[0, 0, 0, 98872, 30260, 98872]",null,"[98872, 30260, 98872]",null,"[98872, 30260, 98872]","{""base_deletion_rate"": {""denominator"": 1, ""numerator"": 1}, ""deletes_base_action_rate"": {""denominator"": 1, ""numerator"": 1}, ""delta_local_satisfaction"": {""denominator"": 20, ""numerator"": 3}, ""disruption"": {""denominator"": 1, ""numerator"": 1}, ""eppf"": {""denominator"": 0, ""numerator"": 0}, ""local_satisfaction"": {""denominator"": 25, ""numerator"": 14}, ""pfr"": {""denominator"": 0, ""numerator"": 0}, ""sir"": {""denominator"": 14, ""numerator"": 3}, ""srr"": {""denominator"": 6, ""numerator"": 0}, ""vacuous_improvement"": {""denominator"": 1, ""numerator"": 1}}","{""base_deletion_rate"": {""denominator"": 1, ""numerator"": 1}, ""deletes_base_action_rate"": {""denominator"": 1, ""numerator"": 1}, ""delta_local_satisfaction"": {""denominator"": 20, ""numerator"": 3}, ""disruption"": {""denominator"": 1, ""numerator"": 1}, ""eppf"": {""denominator"": 0, ""numerator"": 0}, ""local_satisfaction"": {""denominator"": 25, ""numerator"": 14}, ""pfr"": {""denominator"": 0, ""numerator"": 0}, ""sir"": {""denominator"": 14, ""numerator"": 3}, ""srr"": {""denominator"": 6, ""numerator"": 0}, ""vacuous_improvement"": {""denominator"": 1, ""numerator"": 1}}"
128,71476,itemRequiresStatement,65_plus,0,1,1,"[0, 0, 0, 74195, 74214, 74215]","[0, 0, 0, 98872, 35102, 98872]",null,"[98872, 35102, 98872]",null,"[98872, 35102, 98872]","{""base_deletion_rate"": {""denominator"": 1, ""numerator"": 1}, ""deletes_base_action_rate"": {""denominator"": 1, ""numerator"": 1}, ""delta_local_satisfaction"": {""denominator"": 25, ""numerator"": -1}, ""disruption"": {""denominator"": 1, ""numerator"": 1}, ""eppf"": {""denominator"": 0, ""numerator"": 0}, ""local_satisfaction"": {""denominator"": 31, ""numerator"": 23}, ""pfr"": {""denominator"": 0, ""numerator"": 0}, ""sir"": {""denominator"": 7, ""numerator"": 0}, ""srr"": {""denominator"": 17, ""numerator"": 1}, ""vacuous_improvement"": {""denominator"": 1, ""numerator"": 0}}","{""base_deletion_rate"": {""denominator"": 1, ""numerator"": 1}, ""deletes_base_action_rate"": {""denominator"": 1, ""numerator"": 1}, ""delta_local_satisfaction"": {""denominator"": 25, ""numerator"": -1}, ""disruption"": {""denominator"": 1, ""numerator"": 1}, ""eppf"": {""denominator"": 0, ""numerator"": 0}, ""local_satisfaction"": {""denominator"": 31, ""numerator"": 23}, ""pfr"": {""denominator"": 0, ""numerator"": 0}, ""sir"": {""denominator"": 7, ""numerator"": 0}, ""srr"": {""denominator"": 17, ""numerator"": 1}, ""vacuous_improvement"": {""denominator"": 1, ""numerator"": 0}}"
129,53482,conflictWith,65_plus,0,1,1,"[0, 0, 0, 74195, 74214, 74215]","[0, 0, 0, 98872, 30078, 98872]",null,"[98872, 30078, 98872]",null,"[98872, 30078, 98872]","{""base_deletion_rate"": {""denominator"": 1, ""numerator"": 1}, ""deletes_base_action_rate"": {""denominator"": 1, ""numerator"": 1}, ""delta_local_satisfaction"": {""denominator"": 32, ""numerator"": 4}, ""disruption"": {""denominator"": 1, ""numerator"": 1}, ""eppf"": {""denominator"": 1, ""numerator"": 0}, ""local_satisfaction"": {""denominator"": 42, ""numerator"": 27}, ""pfr"": {""denominator"": 1, ""numerator"": 1}, ""sir"": {""denominator"": 18, ""numerator"": 3}, ""srr"": {""denominator"": 13, ""numerator"": 0}, ""vacuous_improvement"": {""denominator"": 1, ""numerator"": 1}}","{""base_deletion_rate"": {""denominator"": 1, ""numerator"": 1}, ""deletes_base_action_rate"": {""denominator"": 1, ""numerator"": 1}, ""delta_local_satisfaction"": {""denominator"": 32, ""numerator"": 4}, ""disruption"": {""denominator"": 1, ""numerator"": 1}, ""eppf"": {""denominator"": 1, ""numerator"": 0}, ""local_satisfaction"": {""denominator"": 42, ""numerator"": 27}, ""pfr"": {""denominator"": 1, ""numerator"": 1}, ""sir"": {""denominator"": 18, ""numerator"": 3}, ""srr"": {""denominator"": 13, ""numerator"": 0}, ""vacuous_improvement"": {""denominator"": 1, ""numerator"": 1}}"
130,59405,distinct,65_plus,0,1,1,"[0, 0, 0, 74195, 74214, 74215]","[0, 0, 0, 90594, 33681, 75281]",null,"[90594, 33681, 75281]",null,"[90594, 33681, 75281]","{""base_deletion_rate"": {""denominator"": 1, ""numerator"": 1}, ""deletes_base_action_rate"": {""denominator"": 1, ""numerator"": 1}, ""delta_local_satisfaction"": {""denominator"": 31, ""numerator"": 2}, ""disruption"": {""denominator"": 1, ""numerator"": 1}, ""eppf"": {""denominator"": 1, ""numerator"": 0}, ""local_satisfaction"": {""denominator"": 44, ""numerator"": 44}, ""pfr"": {""denominator"": 1, ""numerator"": 1}, ""sir"": {""denominator"": 1, ""numerator"": 1}, ""srr"": {""denominator"": 29, ""numerator"": 0}, ""vacuous_improvement"": {""denominator"": 1, ""numerator"": 1}}","{""base_deletion_rate"": {""denominator"": 1, ""numerator"": 1}, ""deletes_base_action_rate"": {""denominator"": 1, ""numerator"": 1}, ""delta_local_satisfaction"": {""denominator"": 31, ""numerator"": 2}, ""disruption"": {""denominator"": 1, ""numerator"": 1}, ""eppf"": {""denominator"": 1, ""numerator"": 0}, ""local_satisfaction"": {""denominator"": 44, ""numerator"": 44}, ""pfr"": {""denominator"": 1, ""numerator"": 1}, ""sir"": {""denominator"": 1, ""numerator"": 1}, ""srr"": {""denominator"": 29, ""numerator"": 0}, ""vacuous_improvement"": {""denominator"": 1, ""numerator"": 1}}"
131,59405,distinct,65_plus,0,1,1,"[0, 0, 0, 74195, 74214, 74215]","[0, 0, 0, 92049, 33681, 75281]",null,"[92049, 33681, 75281]",null,"[92049, 33681, 75281]","{""base_deletion_rate"": {""denominator"": 1, ""numerator"": 1}, ""deletes_base_action_rate"": {""denominator"": 1, ""numerator"": 1}, ""delta_local_satisfaction"": {""denominator"": 31, ""numerator"": 2}, ""disruption"": {""denominator"": 1, ""numerator"": 1}, ""eppf"": {""denominator"": 1, ""numerator"": 0}, ""local_satisfaction"": {""denominator"": 44, ""numerator"": 44}, ""pfr"": {""denominator"": 1, ""numerator"": 1}, ""sir"": {""denominator"": 1, ""numerator"": 1}, ""srr"": {""denominator"": 29, ""numerator"": 0}, ""vacuous_improvement"": {""denominator"": 1, ""numerator"": 1}}","{""base_deletion_rate"": {""denominator"": 1, ""numerator"": 1}, ""deletes_base_action_rate"": {""denominator"": 1, ""numerator"": 1}, ""delta_local_satisfaction"": {""denominator"": 31, ""numerator"": 2}, ""disruption"": {""denominator"": 1, ""numerator"": 1}, ""eppf"": {""denominator"": 1, ""numerator"": 0}, ""local_satisfaction"": {""denominator"": 44, ""numerator"": 44}, ""pfr"": {""denominator"": 1, ""numerator"": 1}, ""sir"": {""denominator"": 1, ""numerator"": 1}, ""srr"": {""denominator"": 29, ""numerator"": 0}, ""vacuous_improvement"": {""denominator"": 1, ""numerator"": 1}}"
132,66339,valueRequiresStatement,17_64,0,1,1,"[0, 0, 0, 74195, 74214, 74215]","[0, 0, 0, 98872, 29803, 98872]",null,"[98872, 29803, 98872]",null,"[98872, 29803, 98872]","{""base_deletion_rate"": {""denominator"": 1, ""numerator"": 1}, ""deletes_base_action_rate"": {""denominator"": 1, ""numerator"": 1}, ""delta_local_satisfaction"": {""denominator"": 14, ""numerator"": 0}, ""disruption"": {""denominator"": 1, ""numerator"": 1}, ""eppf"": {""denominator"": 0, ""numerator"": 0}, ""local_satisfaction"": {""denominator"": 16, ""numerator"": 12}, ""pfr"": {""denominator"": 0, ""numerator"": 0}, ""sir"": {""denominator"": 4, ""numerator"": 0}, ""srr"": {""denominator"": 9, ""numerator"": 0}, ""vacuous_improvement"": {""denominator"": 1, ""numerator"": 0}}","{""base_deletion_rate"": {""denominator"": 1, ""numerator"": 1}, ""deletes_base_action_rate"": {""denominator"": 1, ""numerator"": 1}, ""delta_local_satisfaction"": {""denominator"": 14, ""numerator"": 0}, ""disruption"": {""denominator"": 1, ""numerator"": 1}, ""eppf"": {""denominator"": 0, ""numerator"": 0}, ""local_satisfaction"": {""denominator"": 16, ""numerator"": 12}, ""pfr"": {""denominator"": 0, ""numerator"": 0}, ""sir"": {""denominator"": 4, ""numerator"": 0}, ""srr"": {""denominator"": 9, ""numerator"": 0}, ""vacuous_improvement"": {""denominator"": 1, ""numerator"": 0}}"
133,62207,valueType,65_plus,0,1,1,"[0, 0, 0, 74195, 74214, 74215]","[0, 0, 0, 98872, 29766, 30433]",null,"[98872, 29766, 30433]",null,"[98872, 29766, 30433]","{""base_deletion_rate"": {""denominator"": 1, ""numerator"": 1}, ""deletes_base_action_rate"": {""denominator"": 1, ""numerator"": 1}, ""delta_local_satisfaction"": {""denominator"": 70, ""numerator"": 3}, ""disruption"": {""denominator"": 1, ""numerator"": 1}, ""eppf"": {""denominator"": 1, ""numerator"": 0}, ""local_satisfaction"": {""denominator"": 85, ""numerator"": 69}, ""pfr"": {""denominator"": 1, ""numerator"": 1}, ""sir"": {""denominator"": 18, ""numerator"": 2}, ""srr"": {""denominator"": 51, ""numerator"": 0}, ""vacuous_improvement"": {""denominator"": 1, ""numerator"": 1}}","{""base_deletion_rate"": {""denominator"": 1, ""numerator"": 1}, ""deletes_base_action_rate"": {""denominator"": 1, ""numerator"": 1}, ""delta_local_satisfaction"": {""denominator"": 70, ""numerator"": 3}, ""disruption"": {""denominator"": 1, ""numerator"": 1}, ""eppf"": {""denominator"": 1, ""numerator"": 0}, ""local_satisfaction"": {""denominator"": 85, ""numerator"": 69}, ""pfr"": {""denominator"": 1, ""numerator"": 1}, ""sir"": {""denominator"": 18, ""numerator"": 2}, ""srr"": {""denominator"": 51, ""numerator"": 0}, ""vacuous_improvement"": {""denominator"": 1, ""numerator"": 1}}"
134,70810,oneOf,65_plus,0,1,1,"[0, 0, 0, 74195, 74214, 74215]","[0, 0, 0, 98872, 42703, 35944]",null,"[98872, 42703, 35944]",null,"[98872, 42703, 35944]","{""base_deletion_rate"": {""denominator"": 1, ""numerator"": 1}, ""deletes_base_action_rate"": {""denominator"": 1, ""numerator"": 1}, ""delta_local_satisfaction"": {""denominator"": 87, ""numerator"": 2}, ""disruption"": {""denominator"": 1, ""numerator"": 1}, ""eppf"": {""denominator"": 1, ""numerator"": 0}, ""local_satisfaction"": {""denominator"": 99, ""numerator"": 66}, ""pfr"": {""denominator"": 1, ""numerator"": 1}, ""sir"": {""denominator"": 34, ""numerator"": 1}, ""srr"": {""denominator"": 52, ""numerator"": 0}, ""vacuous_improvement"": {""denominator"": 1, ""numerator"": 1}}","{""base_deletion_rate"": {""denominator"": 1, ""numerator"": 1}, ""deletes_base_action_rate"": {""denominator"": 1, ""numerator"": 1}, ""delta_local_satisfaction"": {""denominator"": 87, ""numerator"": 2}, ""disruption"": {""denominator"": 1, ""numerator"": 1}, ""eppf"": {""denominator"": 1, ""numerator"": 0}, ""local_satisfaction"": {""denominator"": 99, ""numerator"": 66}, ""pfr"": {""denominator"": 1, ""numerator"": 1}, ""sir"": {""denominator"": 34, ""numerator"": 1}, ""srr"": {""denominator"": 52, ""numerator"": 0}, ""vacuous_improvement"": {""denominator"": 1, ""numerator"": 1}}"
135,59405,distinct,65_plus,0,1,1,"[0, 0, 0, 74195, 74214, 74215]","[0, 0, 0, 98872, 33681, 75281]",null,"[98872, 33681, 75281]",null,"[98872, 33681, 75281]","{""base_deletion_rate"": {""denominator"": 1, ""numerator"": 1}, ""deletes_base_action_rate"": {""denominator"": 1, ""numerator"": 1}, ""delta_local_satisfaction"": {""denominator"": 31, ""numerator"": 1}, ""disruption"": {""denominator"": 1, ""numerator"": 1}, ""eppf"": {""denominator"": 0, ""numerator"": 0}, ""local_satisfaction"": {""denominator"": 44, ""numerator"": 44}, ""pfr"": {""denominator"": 0, ""numerator"": 0}, ""sir"": {""denominator"": 1, ""numerator"": 1}, ""srr"": {""denominator"": 29, ""numerator"": 0}, ""vacuous_improvement"": {""denominator"": 1, ""numerator"": 1}}","{""base_deletion_rate"": {""denominator"": 1, ""numerator"": 1}, ""deletes_base_action_rate"": {""denominator"": 1, ""numerator"": 1}, ""delta_local_satisfaction"": {""denominator"": 31, ""numerator"": 1}, ""disruption"": {""denominator"": 1, ""numerator"": 1}, ""eppf"": {""denominator"": 0, ""numerator"": 0}, ""local_satisfaction"": {""denominator"": 44, ""numerator"": 44}, ""pfr"": {""denominator"": 0, ""numerator"": 0}, ""sir"": {""denominator"": 1, ""numerator"": 1}, ""srr"": {""denominator"": 29, ""numerator"": 0}, ""vacuous_improvement"": {""denominator"": 1, ""numerator"": 1}}"
136,62202,valueRequiresStatement,65_plus,0,1,1,"[0, 0, 0, 74195, 74214, 74215]","[0, 0, 0, 98872, 29766, 31309]",null,"[98872, 29766, 31309]",null,"[98872, 29766, 31309]","{""base_deletion_rate"": {""denominator"": 1, ""numerator"": 1}, ""deletes_base_action_rate"": {""denominator"": 1, ""numerator"": 1}, ""delta_local_satisfaction"": {""denominator"": 47, ""numerator"": 4}, ""disruption"": {""denominator"": 1, ""numerator"": 1}, ""eppf"": {""denominator"": 1, ""numerator"": 0}, ""local_satisfaction"": {""denominator"": 53, ""numerator"": 37}, ""pfr"": {""denominator"": 1, ""numerator"": 1}, ""sir"": {""denominator"": 19, ""numerator"": 3}, ""srr"": {""denominator"": 27, ""numerator"": 0}, ""vacuous_improvement"": {""denominator"": 1, ""numerator"": 1}}","{""base_deletion_rate"": {""denominator"": 1, ""numerator"": 1}, ""deletes_base_action_rate"": {""denominator"": 1, ""numerator"": 1}, ""delta_local_satisfaction"": {""denominator"": 47, ""numerator"": 4}, ""disruption"": {""denominator"": 1, ""numerator"": 1}, ""eppf"": {""denominator"": 1, ""numerator"": 0}, ""local_satisfaction"": {""denominator"": 53, ""numerator"": 37}, ""pfr"": {""denominator"": 1, ""numerator"": 1}, ""sir"": {""denominator"": 19, ""numerator"": 3}, ""srr"": {""denominator"": 27, ""numerator"": 0}, ""vacuous_improvement"": {""denominator"": 1, ""numerator"": 1}}"
137,62202,valueRequiresStatement,65_plus,0,1,1,"[0, 0, 0, 74195, 74214, 74215]","[0, 0, 0, 98872, 29766, 29975]",null,"[98872, 29766, 29975]",null,"[98872, 29766, 29975]","{""base_deletion_rate"": {""denominator"": 1, ""numerator"": 1}, ""deletes_base_action_rate"": {""denominator"": 1, ""numerator"": 1}, ""delta_local_satisfaction"": {""denominator"": 55, ""numerator"": 3}, ""disruption"": {""denominator"": 1, ""numerator"": 1}, ""eppf"": {""denominator"": 0, ""numerator"": 0}, ""local_satisfaction"": {""denominator"": 62, ""numerator"": 43}, ""pfr"": {""denominator"": 0, ""numerator"": 0}, ""sir"": {""denominator"": 22, ""numerator"": 3}, ""srr"": {""denominator"": 32, ""numerator"": 0}, ""vacuous_improvement"": {""denominator"": 1, ""numerator"": 1}}","{""base_deletion_rate"": {""denominator"": 1, ""numerator"": 1}, ""deletes_base_action_rate"": {""denominator"": 1, ""numerator"": 1}, ""delta_local_satisfaction"": {""denominator"": 55, ""numerator"": 3}, ""disruption"": {""denominator"": 1, ""numerator"": 1}, ""eppf"": {""denominator"": 0, ""numerator"": 0}, ""local_satisfaction"": {""denominator"": 62, ""numerator"": 43}, ""pfr"": {""denominator"": 0, ""numerator"": 0}, ""sir"": {""denominator"": 22, ""numerator"": 3}, ""srr"": {""denominator"": 32, ""numerator"": 0}, ""vacuous_improvement"": {""denominator"": 1, ""numerator"": 1}}"
138,52830,single,17_64,0,1,1,"[0, 0, 0, 74195, 74214, 74215]","[0, 0, 0, 98872, 30842, 44547]",null,"[98872, 30842, 44547]",null,"[98872, 30842, 44547]","{""base_deletion_rate"": {""denominator"": 1, ""numerator"": 1}, ""deletes_base_action_rate"": {""denominator"": 1, ""numerator"": 1}, ""delta_local_satisfaction"": {""denominator"": 15, ""numerator"": 1}, ""disruption"": {""denominator"": 1, ""numerator"": 1}, ""eppf"": {""denominator"": 1, ""numerator"": 0}, ""local_satisfaction"": {""denominator"": 18, ""numerator"": 10}, ""pfr"": {""denominator"": 1, ""numerator"": 1}, ""sir"": {""denominator"": 8, ""numerator"": 0}, ""srr"": {""denominator"": 6, ""numerator"": 0}, ""vacuous_improvement"": {""denominator"": 1, ""numerator"": 1}}","{""base_deletion_rate"": {""denominator"": 1, ""numerator"": 1}, ""deletes_base_action_rate"": {""denominator"": 1, ""numerator"": 1}, ""delta_local_satisfaction"": {""denominator"": 15, ""numerator"": 1}, ""disruption"": {""denominator"": 1, ""numerator"": 1}, ""eppf"": {""denominator"": 1, ""numerator"": 0}, ""local_satisfaction"": {""denominator"": 18, ""numerator"": 10}, ""pfr"": {""denominator"": 1, ""numerator"": 1}, ""sir"": {""denominator"": 8, ""numerator"": 0}, ""srr"": {""denominator"": 6, ""numerator"": 0}, ""vacuous_improvement"": {""denominator"": 1, ""numerator"": 1}}"
139,59405,distinct,65_plus,0,1,1,"[0, 0, 0, 74195, 74214, 74215]","[0, 0, 0, 98872, 33681, 75281]",null,"[98872, 33681, 75281]",null,"[98872, 33681, 75281]","{""base_deletion_rate"": {""denominator"": 1, ""numerator"": 1}, ""deletes_base_action_rate"": {""denominator"": 1, ""numerator"": 1}, ""delta_local_satisfaction"": {""denominator"": 31, ""numerator"": 1}, ""disruption"": {""denominator"": 1, ""numerator"": 1}, ""eppf"": {""denominator"": 0, ""numerator"": 0}, ""local_satisfaction"": {""denominator"": 44, ""numerator"": 44}, ""pfr"": {""denominator"": 0, ""numerator"": 0}, ""sir"": {""denominator"": 1, ""numerator"": 1}, ""srr"": {""denominator"": 29, ""numerator"": 0}, ""vacuous_improvement"": {""denominator"": 1, ""numerator"": 1}}","{""base_deletion_rate"": {""denominator"": 1, ""numerator"": 1}, ""deletes_base_action_rate"": {""denominator"": 1, ""numerator"": 1}, ""delta_local_satisfaction"": {""denominator"": 31, ""numerator"": 1}, ""disruption"": {""denominator"": 1, ""numerator"": 1}, ""eppf"": {""denominator"": 0, ""numerator"": 0}, ""local_satisfaction"": {""denominator"": 44, ""numerator"": 44}, ""pfr"": {""denominator"": 0, ""numerator"": 0}, ""sir"": {""denominator"": 1, ""numerator"": 1}, ""srr"": {""denominator"": 29, ""numerator"": 0}, ""vacuous_improvement"": {""denominator"": 1, ""numerator"": 1}}"
140,59402,inverse,17_64,0,1,1,"[0, 0, 0, 74195, 74214, 74215]","[0, 0, 0, 98872, 33681, 74723]",null,"[98872, 33681, 74723]",null,"[98872, 33681, 74723]","{""base_deletion_rate"": {""denominator"": 1, ""numerator"": 1}, ""deletes_base_action_rate"": {""denominator"": 1, ""numerator"": 1}, ""delta_local_satisfaction"": {""denominator"": 11, ""numerator"": 1}, ""disruption"": {""denominator"": 1, ""numerator"": 1}, ""eppf"": {""denominator"": 1, ""numerator"": 0}, ""local_satisfaction"": {""denominator"": 14, ""numerator"": 14}, ""pfr"": {""denominator"": 1, ""numerator"": 1}, ""sir"": {""denominator"": 0, ""numerator"": 0}, ""srr"": {""denominator"": 10, ""numerator"": 0}, ""vacuous_improvement"": {""denominator"": 1, ""numerator"": 1}}","{""base_deletion_rate"": {""denominator"": 1, ""numerator"": 1}, ""deletes_base_action_rate"": {""denominator"": 1, ""numerator"": 1}, ""delta_local_satisfaction"": {""denominator"": 11, ""numerator"": 1}, ""disruption"": {""denominator"": 1, ""numerator"": 1}, ""eppf"": {""denominator"": 1, ""numerator"": 0}, ""local_satisfaction"": {""denominator"": 14, ""numerator"": 14}, ""pfr"": {""denominator"": 1, ""numerator"": 1}, ""sir"": {""denominator"": 0, ""numerator"": 0}, ""srr"": {""denominator"": 10, ""numerator"": 0}, ""vacuous_improvement"": {""denominator"": 1, ""numerator"": 1}}"
141,52397,valueRequiresStatement,17_64,0,1,1,"[0, 0, 0, 74195, 74214, 74215]","[0, 0, 0, 98872, 30260, 76552]",null,"[98872, 30260, 76552]",null,"[98872, 30260, 76552]","{""base_deletion_rate"": {""denominator"": 1, ""numerator"": 1}, ""deletes_base_action_rate"": {""denominator"": 1, ""numerator"": 1}, ""delta_local_satisfaction"": {""denominator"": 9, ""numerator"": 3}, ""disruption"": {""denominator"": 1, ""numerator"": 1}, ""eppf"": {""denominator"": 0, ""numerator"": 0}, ""local_satisfaction"": {""denominator"": 13, ""numerator"": 9}, ""pfr"": {""denominator"": 0, ""numerator"": 0}, ""sir"": {""denominator"": 7, ""numerator"": 3}, ""srr"": {""denominator"": 2, ""numerator"": 0}, ""vacuous_improvement"": {""denominator"": 1, ""numerator"": 1}}","{""base_deletion_rate"": {""denominator"": 1, ""numerator"": 1}, ""deletes_base_action_rate"": {""denominator"": 1, ""numerator"": 1}, ""delta_local_satisfaction"": {""denominator"": 9, ""numerator"": 3}, ""disruption"": {""denominator"": 1, ""numerator"": 1}, ""eppf"": {""denominator"": 0, ""numerator"": 0}, ""local_satisfaction"": {""denominator"": 13, ""numerator"": 9}, ""pfr"": {""denominator"": 0, ""numerator"": 0}, ""sir"": {""denominator"": 7, ""numerator"": 3}, ""srr"": {""denominator"": 2, ""numerator"": 0}, ""vacuous_improvement"": {""denominator"": 1, ""numerator"": 1}}"
142,51435,valueType,65_plus,0,1,1,"[0, 0, 0, 74195, 74214, 74215]","[0, 0, 0, 98872, 30111, 46540]",null,"[98872, 30111, 46540]",null,"[98872, 30111, 46540]","{""base_deletion_rate"": {""denominator"": 1, ""numerator"": 1}, ""deletes_base_action_rate"": {""denominator"": 1, ""numerator"": 1}, ""delta_local_satisfaction"": {""denominator"": 204, ""numerator"": 2}, ""disruption"": {""denominator"": 1, ""numerator"": 1}, ""eppf"": {""denominator"": 0, ""numerator"": 0}, ""local_satisfaction"": {""denominator"": 246, ""numerator"": 235}, ""pfr"": {""denominator"": 0, ""numerator"": 0}, ""sir"": {""denominator"": 13, ""numerator"": 2}, ""srr"": {""denominator"": 191, ""numerator"": 0}, ""vacuous_improvement"": {""denominator"": 1, ""numerator"": 1}}","{""base_deletion_rate"": {""denominator"": 1, ""numerator"": 1}, ""deletes_base_action_rate"": {""denominator"": 1, ""numerator"": 1}, ""delta_local_satisfaction"": {""denominator"": 204, ""numerator"": 2}, ""disruption"": {""denominator"": 1, ""numerator"": 1}, ""eppf"": {""denominator"": 0, ""numerator"": 0}, ""local_satisfaction"": {""denominator"": 246, ""numerator"": 235}, ""pfr"": {""denominator"": 0, ""numerator"": 0}, ""sir"": {""denominator"": 13, ""numerator"": 2}, ""srr"": {""denominator"": 191, ""numerator"": 0}, ""vacuous_improvement"": {""denominator"": 1, ""numerator"": 1}}"
143,59405,distinct,65_plus,0,1,1,"[0, 0, 0, 74195, 74214, 74215]","[0, 0, 0, 91410, 33681, 75281]",null,"[91410, 33681, 75281]",null,"[91410, 33681, 75281]","{""base_deletion_rate"": {""denominator"": 1, ""numerator"": 1}, ""deletes_base_action_rate"": {""denominator"": 1, ""numerator"": 1}, ""delta_local_satisfaction"": {""denominator"": 31, ""numerator"": 2}, ""disruption"": {""denominator"": 1, ""numerator"": 1}, ""eppf"": {""denominator"": 1, ""numerator"": 0}, ""local_satisfaction"": {""denominator"": 44, ""numerator"": 44}, ""pfr"": {""denominator"": 1, ""numerator"": 1}, ""sir"": {""denominator"": 1, ""numerator"": 1}, ""srr"": {""denominator"": 29, ""numerator"": 0}, ""vacuous_improvement"": {""denominator"": 1, ""numerator"": 1}}","{""base_deletion_rate"": {""denominator"": 1, ""numerator"": 1}, ""deletes_base_action_rate"": {""denominator"": 1, ""numerator"": 1}, ""delta_local_satisfaction"": {""denominator"": 31, ""numerator"": 2}, ""disruption"": {""denominator"": 1, ""numerator"": 1}, ""eppf"": {""denominator"": 1, ""numerator"": 0}, ""local_satisfaction"": {""denominator"": 44, ""numerator"": 44}, ""pfr"": {""denominator"": 1, ""numerator"": 1}, ""sir"": {""denominator"": 1, ""numerator"": 1}, ""srr"": {""denominator"": 29, ""numerator"": 0}, ""vacuous_improvement"": {""denominator"": 1, ""numerator"": 1}}"
144,67492,valueType,65_plus,0,1,1,"[0, 0, 0, 74195, 74214, 74215]","[0, 0, 0, 98872, 30332, 98872]",null,"[98872, 30332, 98872]",null,"[98872, 30332, 98872]","{""base_deletion_rate"": {""denominator"": 1, ""numerator"": 1}, ""deletes_base_action_rate"": {""denominator"": 1, ""numerator"": 1}, ""delta_local_satisfaction"": {""denominator"": 54, ""numerator"": 0}, ""disruption"": {""denominator"": 1, ""numerator"": 1}, ""eppf"": {""denominator"": 1, ""numerator"": 0}, ""local_satisfaction"": {""denominator"": 58, ""numerator"": 26}, ""pfr"": {""denominator"": 1, ""numerator"": 0}, ""sir"": {""denominator"": 31, ""numerator"": 0}, ""srr"": {""denominator"": 22, ""numerator"": 0}, ""vacuous_improvement"": {""denominator"": 1, ""numerator"": 0}}","{""base_deletion_rate"": {""denominator"": 1, ""numerator"": 1}, ""deletes_base_action_rate"": {""denominator"": 1, ""numerator"": 1}, ""delta_local_satisfaction"": {""denominator"": 54, ""numerator"": 0}, ""disruption"": {""denominator"": 1, ""numerator"": 1}, ""eppf"": {""denominator"": 1, ""numerator"": 0}, ""local_satisfaction"": {""denominator"": 58, ""numerator"": 26}, ""pfr"": {""denominator"": 1, ""numerator"": 0}, ""sir"": {""denominator"": 31, ""numerator"": 0}, ""srr"": {""denominator"": 22, ""numerator"": 0}, ""vacuous_improvement"": {""denominator"": 1, ""numerator"": 0}}"
145,56098,valueType,17_64,0,1,1,"[0, 0, 0, 74195, 74214, 74215]","[0, 0, 0, 98872, 30990, 31172]",null,"[98872, 30990, 31172]",null,"[98872, 30990, 31172]","{""base_deletion_rate"": {""denominator"": 1, ""numerator"": 1}, ""deletes_base_action_rate"": {""denominator"": 1, ""numerator"": 1}, ""delta_local_satisfaction"": {""denominator"": 13, ""numerator"": -1}, ""disruption"": {""denominator"": 1, ""numerator"": 1}, ""eppf"": {""denominator"": 0, ""numerator"": 0}, ""local_satisfaction"": {""denominator"": 20, ""numerator"": 19}, ""pfr"": {""denominator"": 0, ""numerator"": 0}, ""sir"": {""denominator"": 0, ""numerator"": 0}, ""srr"": {""denominator"": 13, ""numerator"": 1}, ""vacuous_improvement"": {""denominator"": 1, ""numerator"": 0}}","{""base_deletion_rate"": {""denominator"": 1, ""numerator"": 1}, ""deletes_base_action_rate"": {""denominator"": 1, ""numerator"": 1}, ""delta_local_satisfaction"": {""denominator"": 13, ""numerator"": -1}, ""disruption"": {""denominator"": 1, ""numerator"": 1}, ""eppf"": {""denominator"": 0, ""numerator"": 0}, ""local_satisfaction"": {""denominator"": 20, ""numerator"": 19}, ""pfr"": {""denominator"": 0, ""numerator"": 0}, ""sir"": {""denominator"": 0, ""numerator"": 0}, ""srr"": {""denominator"": 13, ""numerator"": 1}, ""vacuous_improvement"": {""denominator"": 1, ""numerator"": 0}}"
146,55764,itemRequiresStatement,17_64,0,1,1,"[0, 0, 0, 74195, 74214, 74215]","[0, 0, 0, 98872, 29973, 98872]",null,"[98872, 29973, 98872]",null,"[98872, 29973, 98872]","{""base_deletion_rate"": {""denominator"": 1, ""numerator"": 1}, ""deletes_base_action_rate"": {""denominator"": 1, ""numerator"": 1}, ""delta_local_satisfaction"": {""denominator"": 22, ""numerator"": 2}, ""disruption"": {""denominator"": 1, ""numerator"": 1}, ""eppf"": {""denominator"": 0, ""numerator"": 0}, ""local_satisfaction"": {""denominator"": 24, ""numerator"": 9}, ""pfr"": {""denominator"": 0, ""numerator"": 0}, ""sir"": {""denominator"": 17, ""numerator"": 2}, ""srr"": {""denominator"": 5, ""numerator"": 0}, ""vacuous_improvement"": {""denominator"": 1, ""numerator"": 1}}","{""base_deletion_rate"": {""denominator"": 1, ""numerator"": 1}, ""deletes_base_action_rate"": {""denominator"": 1, ""numerator"": 1}, ""delta_local_satisfaction"": {""denominator"": 22, ""numerator"": 2}, ""disruption"": {""denominator"": 1, ""numerator"": 1}, ""eppf"": {""denominator"": 0, ""numerator"": 0}, ""local_satisfaction"": {""denominator"": 24, ""numerator"": 9}, ""pfr"": {""denominator"": 0, ""numerator"": 0}, ""sir"": {""denominator"": 17, ""numerator"": 2}, ""srr"": {""denominator"": 5, ""numerator"": 0}, ""vacuous_improvement"": {""denominator"": 1, ""numerator"": 1}}"
147,52216,conflictWith,17_64,0,1,1,"[0, 0, 0, 74195, 74214, 74215]","[0, 0, 0, 98872, 30638, 98872]",null,"[98872, 30638, 98872]",null,"[98872, 30638, 98872]","{""base_deletion_rate"": {""denominator"": 1, ""numerator"": 1}, ""deletes_base_action_rate"": {""denominator"": 1, ""numerator"": 1}, ""delta_local_satisfaction"": {""denominator"": 14, ""numerator"": 2}, ""disruption"": {""denominator"": 1, ""numerator"": 1}, ""eppf"": {""denominator"": 1, ""numerator"": 0}, ""local_satisfaction"": {""denominator"": 17, ""numerator"": 11}, ""pfr"": {""denominator"": 1, ""numerator"": 1}, ""sir"": {""denominator"": 7, ""numerator"": 1}, ""srr"": {""denominator"": 6, ""numerator"": 0}, ""vacuous_improvement"": {""denominator"": 1, ""numerator"": 1}}","{""base_deletion_rate"": {""denominator"": 1, ""numerator"": 1}, ""deletes_base_action_rate"": {""denominator"": 1, ""numerator"": 1}, ""delta_local_satisfaction"": {""denominator"": 14, ""numerator"": 2}, ""disruption"": {""denominator"": 1, ""numerator"": 1}, ""eppf"": {""denominator"": 1, ""numerator"": 0}, ""local_satisfaction"": {""denominator"": 17, ""numerator"": 11}, ""pfr"": {""denominator"": 1, ""numerator"": 1}, ""sir"": {""denominator"": 7, ""numerator"": 1}, ""srr"": {""denominator"": 6, ""numerator"": 0}, ""vacuous_improvement"": {""denominator"": 1, ""numerator"": 1}}"
148,66337,conflictWith,65_plus,0,1,1,"[0, 0, 0, 74195, 74214, 74215]","[0, 0, 0, 98872, 29803, 74319]",null,"[98872, 29803, 74319]",null,"[98872, 29803, 74319]","{""base_deletion_rate"": {""denominator"": 1, ""numerator"": 1}, ""deletes_base_action_rate"": {""denominator"": 1, ""numerator"": 1}, ""delta_local_satisfaction"": {""denominator"": 62, ""numerator"": 0}, ""disruption"": {""denominator"": 1, ""numerator"": 1}, ""eppf"": {""denominator"": 1, ""numerator"": 0}, ""local_satisfaction"": {""denominator"": 85, ""numerator"": 78}, ""pfr"": {""denominator"": 1, ""numerator"": 0}, ""sir"": {""denominator"": 6, ""numerator"": 0}, ""srr"": {""denominator"": 55, ""numerator"": 0}, ""vacuous_improvement"": {""denominator"": 1, ""numerator"": 0}}","{""base_deletion_rate"": {""denominator"": 1, ""numerator"": 1}, ""deletes_base_action_rate"": {""denominator"": 1, ""numerator"": 1}, ""delta_local_satisfaction"": {""denominator"": 62, ""numerator"": 0}, ""disruption"": {""denominator"": 1, ""numerator"": 1}, ""eppf"": {""denominator"": 1, ""numerator"": 0}, ""local_satisfaction"": {""denominator"": 85, ""numerator"": 78}, ""pfr"": {""denominator"": 1, ""numerator"": 0}, ""sir"": {""denominator"": 6, ""numerator"": 0}, ""srr"": {""denominator"": 55, ""numerator"": 0}, ""vacuous_improvement"": {""denominator"": 1, ""numerator"": 0}}"
149,72933,inverse,17_64,0,1,1,"[0, 0, 0, 74195, 74214, 74215]","[0, 0, 0, 98872, 44555, 98872]",null,"[98872, 44555, 98872]",null,"[98872, 44555, 98872]","{""base_deletion_rate"": {""denominator"": 1, ""numerator"": 1}, ""deletes_base_action_rate"": {""denominator"": 1, ""numerator"": 1}, ""delta_local_satisfaction"": {""denominator"": 6, ""numerator"": 0}, ""disruption"": {""denominator"": 1, ""numerator"": 1}, ""eppf"": {""denominator"": 0, ""numerator"": 0}, ""local_satisfaction"": {""denominator"": 8, ""numerator"": 3}, ""pfr"": {""denominator"": 0, ""numerator"": 0}, ""sir"": {""denominator"": 5, ""numerator"": 0}, ""srr"": {""denominator"": 0, ""numerator"": 0}, ""vacuous_improvement"": {""denominator"": 1, ""numerator"": 0}}","{""base_deletion_rate"": {""denominator"": 1, ""numerator"": 1}, ""deletes_base_action_rate"": {""denominator"": 1, ""numerator"": 1}, ""delta_local_satisfaction"": {""denominator"": 6, ""numerator"": 0}, ""disruption"": {""denominator"": 1, ""numerator"": 1}, ""eppf"": {""denominator"": 0, ""numerator"": 0}, ""local_satisfaction"": {""denominator"": 8, ""numerator"": 3}, ""pfr"": {""denominator"": 0, ""numerator"": 0}, ""sir"": {""denominator"": 5, ""numerator"": 0}, ""srr"": {""denominator"": 0, ""numerator"": 0}, ""vacuous_improvement"": {""denominator"": 1, ""numerator"": 0}}"
150,58452,conflictWith,65_plus,0,1,1,"[0, 0, 0, 74195, 74214, 74215]","[0, 0, 0, 98872, 32016, 98872]",null,"[98872, 32016, 98872]",null,"[98872, 32016, 98872]","{""base_deletion_rate"": {""denominator"": 1, ""numerator"": 1}, ""deletes_base_action_rate"": {""denominator"": 1, ""numerator"": 1}, ""delta_local_satisfaction"": {""denominator"": 73, ""numerator"": 1}, ""disruption"": {""denominator"": 1, ""numerator"": 1}, ""eppf"": {""denominator"": 1, ""numerator"": 0}, ""local_satisfaction"": {""denominator"": 90, ""numerator"": 60}, ""pfr"": {""denominator"": 1, ""numerator"": 1}, ""sir"": {""denominator"": 30, ""numerator"": 0}, ""srr"": {""denominator"": 42, ""numerator"": 0}, ""vacuous_improvement"": {""denominator"": 1, ""numerator"": 1}}","{""base_deletion_rate"": {""denominator"": 1, ""numerator"": 1}, ""deletes_base_action_rate"": {""denominator"": 1, ""numerator"": 1}, ""delta_local_satisfaction"": {""denominator"": 73, ""numerator"": 1}, ""disruption"": {""denominator"": 1, ""numerator"": 1}, ""eppf"": {""denominator"": 1, ""numerator"": 0}, ""local_satisfaction"": {""denominator"": 90, ""numerator"": 60}, ""pfr"": {""denominator"": 1, ""numerator"": 1}, ""sir"": {""denominator"": 30, ""numerator"": 0}, ""srr"": {""denominator"": 42, ""numerator"": 0}, ""vacuous_improvement"": {""denominator"": 1, ""numerator"": 1}}"
151,68580,single,65_plus,0,1,1,"[0, 0, 0, 74195, 74214, 74215]","[0, 0, 0, 98872, 36262, 98872]",null,"[98872, 36262, 98872]",null,"[98872, 36262, 98872]","{""base_deletion_rate"": {""denominator"": 1, ""numerator"": 1}, ""deletes_base_action_rate"": {""denominator"": 1, ""numerator"": 1}, ""delta_local_satisfaction"": {""denominator"": 30, ""numerator"": 1}, ""disruption"": {""denominator"": 1, ""numerator"": 1}, ""eppf"": {""denominator"": 0, ""numerator"": 0}, ""local_satisfaction"": {""denominator"": 31, ""numerator"": 14}, ""pfr"": {""denominator"": 0, ""numerator"": 0}, ""sir"": {""denominator"": 18, ""numerator"": 1}, ""srr"": {""denominator"": 11, ""numerator"": 0}, ""vacuous_improvement"": {""denominator"": 1, ""numerator"": 1}}","{""base_deletion_rate"": {""denominator"": 1, ""numerator"": 1}, ""deletes_base_action_rate"": {""denominator"": 1, ""numerator"": 1}, ""delta_local_satisfaction"": {""denominator"": 30, ""numerator"": 1}, ""disruption"": {""denominator"": 1, ""numerator"": 1}, ""eppf"": {""denominator"": 0, ""numerator"": 0}, ""local_satisfaction"": {""denominator"": 31, ""numerator"": 14}, ""pfr"": {""denominator"": 0, ""numerator"": 0}, ""sir"": {""denominator"": 18, ""numerator"": 1}, ""srr"": {""denominator"": 11, ""numerator"": 0}, ""vacuous_improvement"": {""denominator"": 1, ""numerator"": 1}}"
152,57013,inverse,17_64,0,1,1,"[0, 0, 0, 74195, 74214, 74215]","[0, 0, 0, 98872, 32843, 98872]",null,"[98872, 32843, 98872]",null,"[98872, 32843, 98872]","{""base_deletion_rate"": {""denominator"": 1, ""numerator"": 1}, ""deletes_base_action_rate"": {""denominator"": 1, ""numerator"": 1}, ""delta_local_satisfaction"": {""denominator"": 11, ""numerator"": 0}, ""disruption"": {""denominator"": 1, ""numerator"": 1}, ""eppf"": {""denominator"": 0, ""numerator"": 0}, ""local_satisfaction"": {""denominator"": 13, ""numerator"": 9}, ""pfr"": {""denominator"": 0, ""numerator"": 0}, ""sir"": {""denominator"": 4, ""numerator"": 0}, ""srr"": {""denominator"": 6, ""numerator"": 0}, ""vacuous_improvement"": {""denominator"": 1, ""numerator"": 0}}","{""base_deletion_rate"": {""denominator"": 1, ""numerator"": 1}, ""deletes_base_action_rate"": {""denominator"": 1, ""numerator"": 1}, ""delta_local_satisfaction"": {""denominator"": 11, ""numerator"": 0}, ""disruption"": {""denominator"": 1, ""numerator"": 1}, ""eppf"": {""denominator"": 0, ""numerator"": 0}, ""local_satisfaction"": {""denominator"": 13, ""numerator"": 9}, ""pfr"": {""denominator"": 0, ""numerator"": 0}, ""sir"": {""denominator"": 4, ""numerator"": 0}, ""srr"": {""denominator"": 6, ""numerator"": 0}, ""vacuous_improvement"": {""denominator"": 1, ""numerator"": 0}}"
153,59405,distinct,65_plus,0,1,1,"[0, 0, 0, 74195, 74214, 74215]","[0, 0, 0, 91523, 33681, 75281]",null,"[91523, 33681, 75281]",null,"[91523, 33681, 75281]","{""base_deletion_rate"": {""denominator"": 1, ""numerator"": 1}, ""deletes_base_action_rate"": {""denominator"": 1, ""numerator"": 1}, ""delta_local_satisfaction"": {""denominator"": 31, ""numerator"": 2}, ""disruption"": {""denominator"": 1, ""numerator"": 1}, ""eppf"": {""denominator"": 1, ""numerator"": 0}, ""local_satisfaction"": {""denominator"": 44, ""numerator"": 44}, ""pfr"": {""denominator"": 1, ""numerator"": 1}, ""sir"": {""denominator"": 1, ""numerator"": 1}, ""srr"": {""denominator"": 29, ""numerator"": 0}, ""vacuous_improvement"": {""denominator"": 1, ""numerator"": 1}}","{""base_deletion_rate"": {""denominator"": 1, ""numerator"": 1}, ""deletes_base_action_rate"": {""denominator"": 1, ""numerator"": 1}, ""delta_local_satisfaction"": {""denominator"": 31, ""numerator"": 2}, ""disruption"": {""denominator"": 1, ""numerator"": 1}, ""eppf"": {""denominator"": 1, ""numerator"": 0}, ""local_satisfaction"": {""denominator"": 44, ""numerator"": 44}, ""pfr"": {""denominator"": 1, ""numerator"": 1}, ""sir"": {""denominator"": 1, ""numerator"": 1}, ""srr"": {""denominator"": 29, ""numerator"": 0}, ""vacuous_improvement"": {""denominator"": 1, ""numerator"": 1}}"
154,53992,valueType,65_plus,0,1,1,"[0, 0, 0, 74195, 74214, 74215]","[0, 0, 0, 98872, 31313, 77631]",null,"[98872, 31313, 77631]",null,"[98872, 31313, 77631]","{""base_deletion_rate"": {""denominator"": 1, ""numerator"": 1}, ""deletes_base_action_rate"": {""denominator"": 1, ""numerator"": 1}, ""delta_local_satisfaction"": {""denominator"": 185, ""numerator"": 0}, ""disruption"": {""denominator"": 1, ""numerator"": 1}, ""eppf"": {""denominator"": 0, ""numerator"": 0}, ""local_satisfaction"": {""denominator"": 217, ""numerator"": 201}, ""pfr"": {""denominator"": 0, ""numerator"": 0}, ""sir"": {""denominator"": 16, ""numerator"": 0}, ""srr"": {""denominator"": 169, ""numerator"": 0}, ""vacuous_improvement"": {""denominator"": 1, ""numerator"": 0}}","{""base_deletion_rate"": {""denominator"": 1, ""numerator"": 1}, ""deletes_base_action_rate"": {""denominator"": 1, ""numerator"": 1}, ""delta_local_satisfaction"": {""denominator"": 185, ""numerator"": 0}, ""disruption"": {""denominator"": 1, ""numerator"": 1}, ""eppf"": {""denominator"": 0, ""numerator"": 0}, ""local_satisfaction"": {""denominator"": 217, ""numerator"": 201}, ""pfr"": {""denominator"": 0, ""numerator"": 0}, ""sir"": {""denominator"": 16, ""numerator"": 0}, ""srr"": {""denominator"": 169, ""numerator"": 0}, ""vacuous_improvement"": {""denominator"": 1, ""numerator"": 0}}"
155,59405,distinct,65_plus,0,1,1,"[0, 0, 0, 74195, 74214, 74215]","[0, 0, 0, 91557, 33681, 75281]",null,"[91557, 33681, 75281]",null,"[91557, 33681, 75281]","{""base_deletion_rate"": {""denominator"": 1, ""numerator"": 1}, ""deletes_base_action_rate"": {""denominator"": 1, ""numerator"": 1}, ""delta_local_satisfaction"": {""denominator"": 31, ""numerator"": 2}, ""disruption"": {""denominator"": 1, ""numerator"": 1}, ""eppf"": {""denominator"": 1, ""numerator"": 0}, ""local_satisfaction"": {""denominator"": 44, ""numerator"": 44}, ""pfr"": {""denominator"": 1, ""numerator"": 1}, ""sir"": {""denominator"": 1, ""numerator"": 1}, ""srr"": {""denominator"": 29, ""numerator"": 0}, ""vacuous_improvement"": {""denominator"": 1, ""numerator"": 1}}","{""base_deletion_rate"": {""denominator"": 1, ""numerator"": 1}, ""deletes_base_action_rate"": {""denominator"": 1, ""numerator"": 1}, ""delta_local_satisfaction"": {""denominator"": 31, ""numerator"": 2}, ""disruption"": {""denominator"": 1, ""numerator"": 1}, ""eppf"": {""denominator"": 1, ""numerator"": 0}, ""local_satisfaction"": {""denominator"": 44, ""numerator"": 44}, ""pfr"": {""denominator"": 1, ""numerator"": 1}, ""sir"": {""denominator"": 1, ""numerator"": 1}, ""srr"": {""denominator"": 29, ""numerator"": 0}, ""vacuous_improvement"": {""denominator"": 1, ""numerator"": 1}}"
156,67492,valueType,65_plus,0,1,1,"[0, 0, 0, 74195, 74214, 74215]","[0, 0, 0, 98872, 30332, 78506]",null,"[98872, 30332, 78506]",null,"[98872, 30332, 78506]","{""base_deletion_rate"": {""denominator"": 1, ""numerator"": 1}, ""deletes_base_action_rate"": {""denominator"": 1, ""numerator"": 1}, ""delta_local_satisfaction"": {""denominator"": 35, ""numerator"": 0}, ""disruption"": {""denominator"": 1, ""numerator"": 1}, ""eppf"": {""denominator"": 0, ""numerator"": 0}, ""local_satisfaction"": {""denominator"": 39, ""numerator"": 29}, ""pfr"": {""denominator"": 0, ""numerator"": 0}, ""sir"": {""denominator"": 10, ""numerator"": 0}, ""srr"": {""denominator"": 24, ""numerator"": 0}, ""vacuous_improvement"": {""denominator"": 1, ""numerator"": 0}}","{""base_deletion_rate"": {""denominator"": 1, ""numerator"": 1}, ""deletes_base_action_rate"": {""denominator"": 1, ""numerator"": 1}, ""delta_local_satisfaction"": {""denominator"": 35, ""numerator"": 0}, ""disruption"": {""denominator"": 1, ""numerator"": 1}, ""eppf"": {""denominator"": 0, ""numerator"": 0}, ""local_satisfaction"": {""denominator"": 39, ""numerator"": 29}, ""pfr"": {""denominator"": 0, ""numerator"": 0}, ""sir"": {""denominator"": 10, ""numerator"": 0}, ""srr"": {""denominator"": 24, ""numerator"": 0}, ""vacuous_improvement"": {""denominator"": 1, ""numerator"": 0}}"
157,60096,distinct,17_64,0,1,1,"[0, 0, 0, 74195, 74214, 74215]","[0, 0, 0, 93936, 30780, 89986]",null,"[93936, 30780, 89986]",null,"[93936, 30780, 89986]","{""base_deletion_rate"": {""denominator"": 1, ""numerator"": 1}, ""deletes_base_action_rate"": {""denominator"": 1, ""numerator"": 1}, ""delta_local_satisfaction"": {""denominator"": 15, ""numerator"": 3}, ""disruption"": {""denominator"": 1, ""numerator"": 1}, ""eppf"": {""denominator"": 1, ""numerator"": 0}, ""local_satisfaction"": {""denominator"": 17, ""numerator"": 11}, ""pfr"": {""denominator"": 1, ""numerator"": 1}, ""sir"": {""denominator"": 8, ""numerator"": 2}, ""srr"": {""denominator"": 6, ""numerator"": 0}, ""vacuous_improvement"": {""denominator"": 1, ""numerator"": 1}}","{""base_deletion_rate"": {""denominator"": 1, ""numerator"": 1}, ""deletes_base_action_rate"": {""denominator"": 1, ""numerator"": 1}, ""delta_local_satisfaction"": {""denominator"": 15, ""numerator"": 3}, ""disruption"": {""denominator"": 1, ""numerator"": 1}, ""eppf"": {""denominator"": 1, ""numerator"": 0}, ""local_satisfaction"": {""denominator"": 17, ""numerator"": 11}, ""pfr"": {""denominator"": 1, ""numerator"": 1}, ""sir"": {""denominator"": 8, ""numerator"": 2}, ""srr"": {""denominator"": 6, ""numerator"": 0}, ""vacuous_improvement"": {""denominator"": 1, ""numerator"": 1}}"
158,66339,valueRequiresStatement,65_plus,0,1,1,"[0, 0, 0, 74195, 74214, 74215]","[0, 0, 0, 98872, 29803, 29916]",null,"[98872, 29803, 29916]",null,"[98872, 29803, 29916]","{""base_deletion_rate"": {""denominator"": 1, ""numerator"": 1}, ""deletes_base_action_rate"": {""denominator"": 1, ""numerator"": 1}, ""delta_local_satisfaction"": {""denominator"": 37, ""numerator"": 0}, ""disruption"": {""denominator"": 1, ""numerator"": 1}, ""eppf"": {""denominator"": 0, ""numerator"": 0}, ""local_satisfaction"": {""denominator"": 52, ""numerator"": 48}, ""pfr"": {""denominator"": 0, ""numerator"": 0}, ""sir"": {""denominator"": 4, ""numerator"": 0}, ""srr"": {""denominator"": 32, ""numerator"": 0}, ""vacuous_improvement"": {""denominator"": 1, ""numerator"": 0}}","{""base_deletion_rate"": {""denominator"": 1, ""numerator"": 1}, ""deletes_base_action_rate"": {""denominator"": 1, ""numerator"": 1}, ""delta_local_satisfaction"": {""denominator"": 37, ""numerator"": 0}, ""disruption"": {""denominator"": 1, ""numerator"": 1}, ""eppf"": {""denominator"": 0, ""numerator"": 0}, ""local_satisfaction"": {""denominator"": 52, ""numerator"": 48}, ""pfr"": {""denominator"": 0, ""numerator"": 0}, ""sir"": {""denominator"": 4, ""numerator"": 0}, ""srr"": {""denominator"": 32, ""numerator"": 0}, ""vacuous_improvement"": {""denominator"": 1, ""numerator"": 0}}"
159,68686,itemRequiresStatement,5_16,0,1,1,"[0, 0, 0, 74195, 74214, 74215]","[0, 0, 0, 98872, 38708, 98872]",null,"[98872, 38708, 98872]",null,"[98872, 38708, 98872]","{""base_deletion_rate"": {""denominator"": 1, ""numerator"": 1}, ""deletes_base_action_rate"": {""denominator"": 1, ""numerator"": 1}, ""delta_local_satisfaction"": {""denominator"": 2, ""numerator"": 0}, ""disruption"": {""denominator"": 1, ""numerator"": 1}, ""eppf"": {""denominator"": 0, ""numerator"": 0}, ""local_satisfaction"": {""denominator"": 5, ""numerator"": 5}, ""pfr"": {""denominator"": 0, ""numerator"": 0}, ""sir"": {""denominator"": 0, ""numerator"": 0}, ""srr"": {""denominator"": 2, ""numerator"": 0}, ""vacuous_improvement"": {""denominator"": 1, ""numerator"": 0}}","{""base_deletion_rate"": {""denominator"": 1, ""numerator"": 1}, ""deletes_base_action_rate"": {""denominator"": 1, ""numerator"": 1}, ""delta_local_satisfaction"": {""denominator"": 2, ""numerator"": 0}, ""disruption"": {""denominator"": 1, ""numerator"": 1}, ""eppf"": {""denominator"": 0, ""numerator"": 0}, ""local_satisfaction"": {""denominator"": 5, ""numerator"": 5}, ""pfr"": {""denominator"": 0, ""numerator"": 0}, ""sir"": {""denominator"": 0, ""numerator"": 0}, ""srr"": {""denominator"": 2, ""numerator"": 0}, ""vacuous_improvement"": {""denominator"": 1, ""numerator"": 0}}"
160,55082,single,65_plus,0,1,1,"[0, 0, 0, 74195, 74214, 74215]","[0, 0, 0, 98872, 30067, 98872]",null,"[98872, 30067, 98872]",null,"[98872, 30067, 98872]","{""base_deletion_rate"": {""denominator"": 1, ""numerator"": 1}, ""deletes_base_action_rate"": {""denominator"": 1, ""numerator"": 1}, ""delta_local_satisfaction"": {""denominator"": 16, ""numerator"": 1}, ""disruption"": {""denominator"": 1, ""numerator"": 1}, ""eppf"": {""denominator"": 1, ""numerator"": 0}, ""local_satisfaction"": {""denominator"": 16, ""numerator"": 4}, ""pfr"": {""denominator"": 1, ""numerator"": 1}, ""sir"": {""denominator"": 12, ""numerator"": 0}, ""srr"": {""denominator"": 3, ""numerator"": 0}, ""vacuous_improvement"": {""denominator"": 1, ""numerator"": 1}}","{""base_deletion_rate"": {""denominator"": 1, ""numerator"": 1}, ""deletes_base_action_rate"": {""denominator"": 1, ""numerator"": 1}, ""delta_local_satisfaction"": {""denominator"": 16, ""numerator"": 1}, ""disruption"": {""denominator"": 1, ""numerator"": 1}, ""eppf"": {""denominator"": 1, ""numerator"": 0}, ""local_satisfaction"": {""denominator"": 16, ""numerator"": 4}, ""pfr"": {""denominator"": 1, ""numerator"": 1}, ""sir"": {""denominator"": 12, ""numerator"": 0}, ""srr"": {""denominator"": 3, ""numerator"": 0}, ""vacuous_improvement"": {""denominator"": 1, ""numerator"": 1}}"
161,59405,distinct,65_plus,0,1,1,"[0, 0, 0, 74195, 74214, 74215]","[0, 0, 0, 90771, 33681, 75281]",null,"[90771, 33681, 75281]",null,"[90771, 33681, 75281]","{""base_deletion_rate"": {""denominator"": 1, ""numerator"": 1}, ""deletes_base_action_rate"": {""denominator"": 1, ""numerator"": 1}, ""delta_local_satisfaction"": {""denominator"": 31, ""numerator"": 2}, ""disruption"": {""denominator"": 1, ""numerator"": 1}, ""eppf"": {""denominator"": 1, ""numerator"": 0}, ""local_satisfaction"": {""denominator"": 44, ""numerator"": 44}, ""pfr"": {""denominator"": 1, ""numerator"": 1}, ""sir"": {""denominator"": 1, ""numerator"": 1}, ""srr"": {""denominator"": 29, ""numerator"": 0}, ""vacuous_improvement"": {""denominator"": 1, ""numerator"": 1}}","{""base_deletion_rate"": {""denominator"": 1, ""numerator"": 1}, ""deletes_base_action_rate"": {""denominator"": 1, ""numerator"": 1}, ""delta_local_satisfaction"": {""denominator"": 31, ""numerator"": 2}, ""disruption"": {""denominator"": 1, ""numerator"": 1}, ""eppf"": {""denominator"": 1, ""numerator"": 0}, ""local_satisfaction"": {""denominator"": 44, ""numerator"": 44}, ""pfr"": {""denominator"": 1, ""numerator"": 1}, ""sir"": {""denominator"": 1, ""numerator"": 1}, ""srr"": {""denominator"": 29, ""numerator"": 0}, ""vacuous_improvement"": {""denominator"": 1, ""numerator"": 1}}"
162,73459,valueType,65_plus,0,1,1,"[0, 0, 0, 74195, 74214, 74215]","[0, 0, 0, 98872, 29760, 74305]",null,"[98872, 29760, 74305]",null,"[98872, 29760, 74305]","{""base_deletion_rate"": {""denominator"": 1, ""numerator"": 1}, ""deletes_base_action_rate"": {""denominator"": 1, ""numerator"": 1}, ""delta_local_satisfaction"": {""denominator"": 113, ""numerator"": 2}, ""disruption"": {""denominator"": 1, ""numerator"": 1}, ""eppf"": {""denominator"": 1, ""numerator"": 0}, ""local_satisfaction"": {""denominator"": 147, ""numerator"": 142}, ""pfr"": {""denominator"": 1, ""numerator"": 1}, ""sir"": {""denominator"": 6, ""numerator"": 1}, ""srr"": {""denominator"": 106, ""numerator"": 0}, ""vacuous_improvement"": {""denominator"": 1, ""numerator"": 1}}","{""base_deletion_rate"": {""denominator"": 1, ""numerator"": 1}, ""deletes_base_action_rate"": {""denominator"": 1, ""numerator"": 1}, ""delta_local_satisfaction"": {""denominator"": 113, ""numerator"": 2}, ""disruption"": {""denominator"": 1, ""numerator"": 1}, ""eppf"": {""denominator"": 1, ""numerator"": 0}, ""local_satisfaction"": {""denominator"": 147, ""numerator"": 142}, ""pfr"": {""denominator"": 1, ""numerator"": 1}, ""sir"": {""denominator"": 6, ""numerator"": 1}, ""srr"": {""denominator"": 106, ""numerator"": 0}, ""vacuous_improvement"": {""denominator"": 1, ""numerator"": 1}}"
163,59405,distinct,65_plus,0,1,1,"[0, 0, 0, 74195, 74214, 74215]","[0, 0, 0, 91755, 33681, 75281]",null,"[91755, 33681, 75281]",null,"[91755, 33681, 75281]","{""base_deletion_rate"": {""denominator"": 1, ""numerator"": 1}, ""deletes_base_action_rate"": {""denominator"": 1, ""numerator"": 1}, ""delta_local_satisfaction"": {""denominator"": 31, ""numerator"": 2}, ""disruption"": {""denominator"": 1, ""numerator"": 1}, ""eppf"": {""denominator"": 1, ""numerator"": 0}, ""local_satisfaction"": {""denominator"": 44, ""numerator"": 44}, ""pfr"": {""denominator"": 1, ""numerator"": 1}, ""sir"": {""denominator"": 1, ""numerator"": 1}, ""srr"": {""denominator"": 29, ""numerator"": 0}, ""vacuous_improvement"": {""denominator"": 1, ""numerator"": 1}}","{""base_deletion_rate"": {""denominator"": 1, ""numerator"": 1}, ""deletes_base_action_rate"": {""denominator"": 1, ""numerator"": 1}, ""delta_local_satisfaction"": {""denominator"": 31, ""numerator"": 2}, ""disruption"": {""denominator"": 1, ""numerator"": 1}, ""eppf"": {""denominator"": 1, ""numerator"": 0}, ""local_satisfaction"": {""denominator"": 44, ""numerator"": 44}, ""pfr"": {""denominator"": 1, ""numerator"": 1}, ""sir"": {""denominator"": 1, ""numerator"": 1}, ""srr"": {""denominator"": 29, ""numerator"": 0}, ""vacuous_improvement"": {""denominator"": 1, ""numerator"": 1}}"
164,56396,itemRequiresStatement,17_64,0,1,1,"[0, 0, 0, 74195, 74214, 74215]","[0, 0, 0, 98872, 32616, 98872]",null,"[98872, 32616, 98872]",null,"[98872, 32616, 98872]","{""base_deletion_rate"": {""denominator"": 1, ""numerator"": 1}, ""deletes_base_action_rate"": {""denominator"": 1, ""numerator"": 1}, ""delta_local_satisfaction"": {""denominator"": 13, ""numerator"": 0}, ""disruption"": {""denominator"": 1, ""numerator"": 1}, ""eppf"": {""denominator"": 0, ""numerator"": 0}, ""local_satisfaction"": {""denominator"": 16, ""numerator"": 16}, ""pfr"": {""denominator"": 0, ""numerator"": 0}, ""sir"": {""denominator"": 0, ""numerator"": 0}, ""srr"": {""denominator"": 13, ""numerator"": 0}, ""vacuous_improvement"": {""denominator"": 1, ""numerator"": 0}}","{""base_deletion_rate"": {""denominator"": 1, ""numerator"": 1}, ""deletes_base_action_rate"": {""denominator"": 1, ""numerator"": 1}, ""delta_local_satisfaction"": {""denominator"": 13, ""numerator"": 0}, ""disruption"": {""denominator"": 1, ""numerator"": 1}, ""eppf"": {""denominator"": 0, ""numerator"": 0}, ""local_satisfaction"": {""denominator"": 16, ""numerator"": 16}, ""pfr"": {""denominator"": 0, ""numerator"": 0}, ""sir"": {""denominator"": 0, ""numerator"": 0}, ""srr"": {""denominator"": 13, ""numerator"": 0}, ""vacuous_improvement"": {""denominator"": 1, ""numerator"": 0}}"
165,68580,single,17_64,0,1,1,"[0, 0, 0, 74195, 74214, 74215]","[0, 0, 0, 98872, 36262, 98872]",null,"[98872, 36262, 98872]",null,"[98872, 36262, 98872]","{""base_deletion_rate"": {""denominator"": 1, ""numerator"": 1}, ""deletes_base_action_rate"": {""denominator"": 1, ""numerator"": 1}, ""delta_local_satisfaction"": {""denominator"": 14, ""numerator"": 1}, ""disruption"": {""denominator"": 1, ""numerator"": 1}, ""eppf"": {""denominator"": 0, ""numerator"": 0}, ""local_satisfaction"": {""denominator"": 19, ""numerator"": 13}, ""pfr"": {""denominator"": 0, ""numerator"": 0}, ""sir"": {""denominator"": 7, ""numerator"": 1}, ""srr"": {""denominator"": 6, ""numerator"": 0}, ""vacuous_improvement"": {""denominator"": 1, ""numerator"": 1}}","{""base_deletion_rate"": {""denominator"": 1, ""numerator"": 1}, ""deletes_base_action_rate"": {""denominator"": 1, ""numerator"": 1}, ""delta_local_satisfaction"": {""denominator"": 14, ""numerator"": 1}, ""disruption"": {""denominator"": 1, ""numerator"": 1}, ""eppf"": {""denominator"": 0, ""numerator"": 0}, ""local_satisfaction"": {""denominator"": 19, ""numerator"": 13}, ""pfr"": {""denominator"": 0, ""numerator"": 0}, ""sir"": {""denominator"": 7, ""numerator"": 1}, ""srr"": {""denominator"": 6, ""numerator"": 0}, ""vacuous_improvement"": {""denominator"": 1, ""numerator"": 1}}"
166,59405,distinct,65_plus,0,1,1,"[0, 0, 0, 74195, 74214, 74215]","[0, 0, 0, 91602, 33681, 75281]",null,"[91602, 33681, 75281]",null,"[91602, 33681, 75281]","{""base_deletion_rate"": {""denominator"": 1, ""numerator"": 1}, ""deletes_base_action_rate"": {""denominator"": 1, ""numerator"": 1}, ""delta_local_satisfaction"": {""denominator"": 31, ""numerator"": 2}, ""disruption"": {""denominator"": 1, ""numerator"": 1}, ""eppf"": {""denominator"": 1, ""numerator"": 0}, ""local_satisfaction"": {""denominator"": 44, ""numerator"": 44}, ""pfr"": {""denominator"": 1, ""numerator"": 1}, ""sir"": {""denominator"": 1, ""numerator"": 1}, ""srr"": {""denominator"": 29, ""numerator"": 0}, ""vacuous_improvement"": {""denominator"": 1, ""numerator"": 1}}","{""base_deletion_rate"": {""denominator"": 1, ""numerator"": 1}, ""deletes_base_action_rate"": {""denominator"": 1, ""numerator"": 1}, ""delta_local_satisfaction"": {""denominator"": 31, ""numerator"": 2}, ""disruption"": {""denominator"": 1, ""numerator"": 1}, ""eppf"": {""denominator"": 1, ""numerator"": 0}, ""local_satisfaction"": {""denominator"": 44, ""numerator"": 44}, ""pfr"": {""denominator"": 1, ""numerator"": 1}, ""sir"": {""denominator"": 1, ""numerator"": 1}, ""srr"": {""denominator"": 29, ""numerator"": 0}, ""vacuous_improvement"": {""denominator"": 1, ""numerator"": 1}}"
167,65158,valueType,65_plus,0,1,1,"[0, 0, 0, 74195, 74214, 74215]","[0, 0, 0, 98872, 32695, 74305]",null,"[98872, 32695, 74305]",null,"[98872, 32695, 74305]","{""base_deletion_rate"": {""denominator"": 1, ""numerator"": 1}, ""deletes_base_action_rate"": {""denominator"": 1, ""numerator"": 1}, ""delta_local_satisfaction"": {""denominator"": 172, ""numerator"": 1}, ""disruption"": {""denominator"": 1, ""numerator"": 1}, ""eppf"": {""denominator"": 1, ""numerator"": 0}, ""local_satisfaction"": {""denominator"": 214, ""numerator"": 167}, ""pfr"": {""denominator"": 1, ""numerator"": 1}, ""sir"": {""denominator"": 47, ""numerator"": 1}, ""srr"": {""denominator"": 124, ""numerator"": 1}, ""vacuous_improvement"": {""denominator"": 1, ""numerator"": 1}}","{""base_deletion_rate"": {""denominator"": 1, ""numerator"": 1}, ""deletes_base_action_rate"": {""denominator"": 1, ""numerator"": 1}, ""delta_local_satisfaction"": {""denominator"": 172, ""numerator"": 1}, ""disruption"": {""denominator"": 1, ""numerator"": 1}, ""eppf"": {""denominator"": 1, ""numerator"": 0}, ""local_satisfaction"": {""denominator"": 214, ""numerator"": 167}, ""pfr"": {""denominator"": 1, ""numerator"": 1}, ""sir"": {""denominator"": 47, ""numerator"": 1}, ""srr"": {""denominator"": 124, ""numerator"": 1}, ""vacuous_improvement"": {""denominator"": 1, ""numerator"": 1}}"
168,72906,valueRequiresStatement,17_64,0,1,1,"[0, 0, 0, 74195, 74214, 74215]","[0, 0, 0, 98872, 29923, 98872]",null,"[98872, 29923, 98872]",null,"[98872, 29923, 98872]","{""base_deletion_rate"": {""denominator"": 1, ""numerator"": 1}, ""deletes_base_action_rate"": {""denominator"": 1, ""numerator"": 1}, ""delta_local_satisfaction"": {""denominator"": 10, ""numerator"": -1}, ""disruption"": {""denominator"": 1, ""numerator"": 1}, ""eppf"": {""denominator"": 0, ""numerator"": 0}, ""local_satisfaction"": {""denominator"": 13, ""numerator"": 11}, ""pfr"": {""denominator"": 0, ""numerator"": 0}, ""sir"": {""denominator"": 1, ""numerator"": 0}, ""srr"": {""denominator"": 8, ""numerator"": 1}, ""vacuous_improvement"": {""denominator"": 1, ""numerator"": 0}}","{""base_deletion_rate"": {""denominator"": 1, ""numerator"": 1}, ""deletes_base_action_rate"": {""denominator"": 1, ""numerator"": 1}, ""delta_local_satisfaction"": {""denominator"": 10, ""numerator"": -1}, ""disruption"": {""denominator"": 1, ""numerator"": 1}, ""eppf"": {""denominator"": 0, ""numerator"": 0}, ""local_satisfaction"": {""denominator"": 13, ""numerator"": 11}, ""pfr"": {""denominator"": 0, ""numerator"": 0}, ""sir"": {""denominator"": 1, ""numerator"": 0}, ""srr"": {""denominator"": 8, ""numerator"": 1}, ""vacuous_improvement"": {""denominator"": 1, ""numerator"": 0}}"
169,52397,valueRequiresStatement,65_plus,0,1,1,"[0, 0, 0, 74195, 74214, 74215]","[0, 0, 0, 98872, 30260, 76739]",null,"[98872, 30260, 76739]",null,"[98872, 30260, 76739]","{""base_deletion_rate"": {""denominator"": 1, ""numerator"": 1}, ""deletes_base_action_rate"": {""denominator"": 1, ""numerator"": 1}, ""delta_local_satisfaction"": {""denominator"": 42, ""numerator"": 3}, ""disruption"": {""denominator"": 1, ""numerator"": 1}, ""eppf"": {""denominator"": 0, ""numerator"": 0}, ""local_satisfaction"": {""denominator"": 52, ""numerator"": 45}, ""pfr"": {""denominator"": 0, ""numerator"": 0}, ""sir"": {""denominator"": 10, ""numerator"": 3}, ""srr"": {""denominator"": 32, ""numerator"": 0}, ""vacuous_improvement"": {""denominator"": 1, ""numerator"": 1}}","{""base_deletion_rate"": {""denominator"": 1, ""numerator"": 1}, ""deletes_base_action_rate"": {""denominator"": 1, ""numerator"": 1}, ""delta_local_satisfaction"": {""denominator"": 42, ""numerator"": 3}, ""disruption"": {""denominator"": 1, ""numerator"": 1}, ""eppf"": {""denominator"": 0, ""numerator"": 0}, ""local_satisfaction"": {""denominator"": 52, ""numerator"": 45}, ""pfr"": {""denominator"": 0, ""numerator"": 0}, ""sir"": {""denominator"": 10, ""numerator"": 3}, ""srr"": {""denominator"": 32, ""numerator"": 0}, ""vacuous_improvement"": {""denominator"": 1, ""numerator"": 1}}"
170,56805,itemRequiresStatement,65_plus,0,1,1,"[0, 0, 0, 74195, 74214, 74215]","[0, 0, 0, 98872, 30122, 98872]",null,"[98872, 30122, 98872]",null,"[98872, 30122, 98872]","{""base_deletion_rate"": {""denominator"": 1, ""numerator"": 1}, ""deletes_base_action_rate"": {""denominator"": 1, ""numerator"": 1}, ""delta_local_satisfaction"": {""denominator"": 34, ""numerator"": 0}, ""disruption"": {""denominator"": 1, ""numerator"": 1}, ""eppf"": {""denominator"": 0, ""numerator"": 0}, ""local_satisfaction"": {""denominator"": 41, ""numerator"": 24}, ""pfr"": {""denominator"": 0, ""numerator"": 0}, ""sir"": {""denominator"": 17, ""numerator"": 0}, ""srr"": {""denominator"": 16, ""numerator"": 0}, ""vacuous_improvement"": {""denominator"": 1, ""numerator"": 0}}","{""base_deletion_rate"": {""denominator"": 1, ""numerator"": 1}, ""deletes_base_action_rate"": {""denominator"": 1, ""numerator"": 1}, ""delta_local_satisfaction"": {""denominator"": 34, ""numerator"": 0}, ""disruption"": {""denominator"": 1, ""numerator"": 1}, ""eppf"": {""denominator"": 0, ""numerator"": 0}, ""local_satisfaction"": {""denominator"": 41, ""numerator"": 24}, ""pfr"": {""denominator"": 0, ""numerator"": 0}, ""sir"": {""denominator"": 17, ""numerator"": 0}, ""srr"": {""denominator"": 16, ""numerator"": 0}, ""vacuous_improvement"": {""denominator"": 1, ""numerator"": 0}}"
171,62586,itemRequiresStatement,65_plus,0,1,1,"[0, 0, 0, 74195, 74214, 74215]","[0, 0, 0, 98872, 35218, 98872]",null,"[98872, 35218, 98872]",null,"[98872, 35218, 98872]","{""base_deletion_rate"": {""denominator"": 1, ""numerator"": 1}, ""deletes_base_action_rate"": {""denominator"": 1, ""numerator"": 1}, ""delta_local_satisfaction"": {""denominator"": 25, ""numerator"": 1}, ""disruption"": {""denominator"": 1, ""numerator"": 1}, ""eppf"": {""denominator"": 0, ""numerator"": 0}, ""local_satisfaction"": {""denominator"": 28, ""numerator"": 18}, ""pfr"": {""denominator"": 0, ""numerator"": 0}, ""sir"": {""denominator"": 11, ""numerator"": 1}, ""srr"": {""denominator"": 14, ""numerator"": 0}, ""vacuous_improvement"": {""denominator"": 1, ""numerator"": 1}}","{""base_deletion_rate"": {""denominator"": 1, ""numerator"": 1}, ""deletes_base_action_rate"": {""denominator"": 1, ""numerator"": 1}, ""delta_local_satisfaction"": {""denominator"": 25, ""numerator"": 1}, ""disruption"": {""denominator"": 1, ""numerator"": 1}, ""eppf"": {""denominator"": 0, ""numerator"": 0}, ""local_satisfaction"": {""denominator"": 28, ""numerator"": 18}, ""pfr"": {""denominator"": 0, ""numerator"": 0}, ""sir"": {""denominator"": 11, ""numerator"": 1}, ""srr"": {""denominator"": 14, ""numerator"": 0}, ""vacuous_improvement"": {""denominator"": 1, ""numerator"": 1}}"
172,53533,distinct,65_plus,0,1,1,"[0, 0, 0, 74195, 74214, 74215]","[0, 0, 0, 91218, 31130, 89884]",null,"[91218, 31130, 89884]",null,"[91218, 31130, 89884]","{""base_deletion_rate"": {""denominator"": 1, ""numerator"": 1}, ""deletes_base_action_rate"": {""denominator"": 1, ""numerator"": 1}, ""delta_local_satisfaction"": {""denominator"": 5, ""numerator"": 1}, ""disruption"": {""denominator"": 1, ""numerator"": 1}, ""eppf"": {""denominator"": 1, ""numerator"": 0}, ""local_satisfaction"": {""denominator"": 8, ""numerator"": 8}, ""pfr"": {""denominator"": 1, ""numerator"": 1}, ""sir"": {""denominator"": 0, ""numerator"": 0}, ""srr"": {""denominator"": 4, ""numerator"": 0}, ""vacuous_improvement"": {""denominator"": 1, ""numerator"": 1}}","{""base_deletion_rate"": {""denominator"": 1, ""numerator"": 1}, ""deletes_base_action_rate"": {""denominator"": 1, ""numerator"": 1}, ""delta_local_satisfaction"": {""denominator"": 5, ""numerator"": 1}, ""disruption"": {""denominator"": 1, ""numerator"": 1}, ""eppf"": {""denominator"": 1, ""numerator"": 0}, ""local_satisfaction"": {""denominator"": 8, ""numerator"": 8}, ""pfr"": {""denominator"": 1, ""numerator"": 1}, ""sir"": {""denominator"": 0, ""numerator"": 0}, ""srr"": {""denominator"": 4, ""numerator"": 0}, ""vacuous_improvement"": {""denominator"": 1, ""numerator"": 1}}"
173,59405,distinct,65_plus,0,1,1,"[0, 0, 0, 74195, 74214, 74215]","[0, 0, 0, 92734, 33681, 75281]",null,"[92734, 33681, 75281]",null,"[92734, 33681, 75281]","{""base_deletion_rate"": {""denominator"": 1, ""numerator"": 1}, ""deletes_base_action_rate"": {""denominator"": 1, ""numerator"": 1}, ""delta_local_satisfaction"": {""denominator"": 31, ""numerator"": 2}, ""disruption"": {""denominator"": 1, ""numerator"": 1}, ""eppf"": {""denominator"": 1, ""numerator"": 0}, ""local_satisfaction"": {""denominator"": 44, ""numerator"": 44}, ""pfr"": {""denominator"": 1, ""numerator"": 1}, ""sir"": {""denominator"": 1, ""numerator"": 1}, ""srr"": {""denominator"": 29, ""numerator"": 0}, ""vacuous_improvement"": {""denominator"": 1, ""numerator"": 1}}","{""base_deletion_rate"": {""denominator"": 1, ""numerator"": 1}, ""deletes_base_action_rate"": {""denominator"": 1, ""numerator"": 1}, ""delta_local_satisfaction"": {""denominator"": 31, ""numerator"": 2}, ""disruption"": {""denominator"": 1, ""numerator"": 1}, ""eppf"": {""denominator"": 1, ""numerator"": 0}, ""local_satisfaction"": {""denominator"": 44, ""numerator"": 44}, ""pfr"": {""denominator"": 1, ""numerator"": 1}, ""sir"": {""denominator"": 1, ""numerator"": 1}, ""srr"": {""denominator"": 29, ""numerator"": 0}, ""vacuous_improvement"": {""denominator"": 1, ""numerator"": 1}}"
175,62202,valueRequiresStatement,65_plus,0,1,1,"[0, 0, 0, 74195, 74214, 74215]","[0, 0, 0, 98872, 29766, 43693]",null,"[98872, 29766, 43693]",null,"[98872, 29766, 43693]","{""base_deletion_rate"": {""denominator"": 1, ""numerator"": 1}, ""deletes_base_action_rate"": {""denominator"": 1, ""numerator"": 1}, ""delta_local_satisfaction"": {""denominator"": 46, ""numerator"": 0}, ""disruption"": {""denominator"": 1, ""numerator"": 1}, ""eppf"": {""denominator"": 0, ""numerator"": 0}, ""local_satisfaction"": {""denominator"": 55, ""numerator"": 43}, ""pfr"": {""denominator"": 0, ""numerator"": 0}, ""sir"": {""denominator"": 12, ""numerator"": 0}, ""srr"": {""denominator"": 33, ""numerator"": 0}, ""vacuous_improvement"": {""denominator"": 1, ""numerator"": 0}}","{""base_deletion_rate"": {""denominator"": 1, ""numerator"": 1}, ""deletes_base_action_rate"": {""denominator"": 1, ""numerator"": 1}, ""delta_local_satisfaction"": {""denominator"": 46, ""numerator"": 0}, ""disruption"": {""denominator"": 1, ""numerator"": 1}, ""eppf"": {""denominator"": 0, ""numerator"": 0}, ""local_satisfaction"": {""denominator"": 55, ""numerator"": 43}, ""pfr"": {""denominator"": 0, ""numerator"": 0}, ""sir"": {""denominator"": 12, ""numerator"": 0}, ""srr"": {""denominator"": 33, ""numerator"": 0}, ""vacuous_improvement"": {""denominator"": 1, ""numerator"": 0}}"
176,56490,valueRequiresStatement,17_64,0,1,1,"[0, 0, 0, 74195, 74214, 74215]","[0, 0, 0, 98872, 29762, 29900]",null,"[98872, 29762, 29900]",null,"[98872, 29762, 29900]","{""base_deletion_rate"": {""denominator"": 1, ""numerator"": 1}, ""deletes_base_action_rate"": {""denominator"": 1, ""numerator"": 1}, ""delta_local_satisfaction"": {""denominator"": 8, ""numerator"": 7}, ""disruption"": {""denominator"": 1, ""numerator"": 1}, ""eppf"": {""denominator"": 0, ""numerator"": 0}, ""local_satisfaction"": {""denominator"": 9, ""numerator"": 9}, ""pfr"": {""denominator"": 0, ""numerator"": 0}, ""sir"": {""denominator"": 7, ""numerator"": 7}, ""srr"": {""denominator"": 1, ""numerator"": 0}, ""vacuous_improvement"": {""denominator"": 1, ""numerator"": 1}}","{""base_deletion_rate"": {""denominator"": 1, ""numerator"": 1}, ""deletes_base_action_rate"": {""denominator"": 1, ""numerator"": 1}, ""delta_local_satisfaction"": {""denominator"": 8, ""numerator"": 7}, ""disruption"": {""denominator"": 1, ""numerator"": 1}, ""eppf"": {""denominator"": 0, ""numerator"": 0}, ""local_satisfaction"": {""denominator"": 9, ""numerator"": 9}, ""pfr"": {""denominator"": 0, ""numerator"": 0}, ""sir"": {""denominator"": 7, ""numerator"": 7}, ""srr"": {""denominator"": 1, ""numerator"": 0}, ""vacuous_improvement"": {""denominator"": 1, ""numerator"": 1}}"
177,56798,itemRequiresStatement,17_64,0,1,1,"[0, 0, 0, 74195, 74214, 74215]","[0, 0, 0, 98872, 30122, 98872]",null,"[98872, 30122, 98872]",null,"[98872, 30122, 98872]","{""base_deletion_rate"": {""denominator"": 1, ""numerator"": 1}, ""deletes_base_action_rate"": {""denominator"": 1, ""numerator"": 1}, ""delta_local_satisfaction"": {""denominator"": 17, ""numerator"": 4}, ""disruption"": {""denominator"": 1, ""numerator"": 1}, ""eppf"": {""denominator"": 0, ""numerator"": 0}, ""local_satisfaction"": {""denominator"": 19, ""numerator"": 14}, ""pfr"": {""denominator"": 0, ""numerator"": 0}, ""sir"": {""denominator"": 9, ""numerator"": 5}, ""srr"": {""denominator"": 7, ""numerator"": 1}, ""vacuous_improvement"": {""denominator"": 1, ""numerator"": 1}}","{""base_deletion_rate"": {""denominator"": 1, ""numerator"": 1}, ""deletes_base_action_rate"": {""denominator"": 1, ""numerator"": 1}, ""delta_local_satisfaction"": {""denominator"": 17, ""numerator"": 4}, ""disruption"": {""denominator"": 1, ""numerator"": 1}, ""eppf"": {""denominator"": 0, ""numerator"": 0}, ""local_satisfaction"": {""denominator"": 19, ""numerator"": 14}, ""pfr"": {""denominator"": 0, ""numerator"": 0}, ""sir"": {""denominator"": 9, ""numerator"": 5}, ""srr"": {""denominator"": 7, ""numerator"": 1}, ""vacuous_improvement"": {""denominator"": 1, ""numerator"": 1}}"
178,59405,distinct,65_plus,0,1,1,"[0, 0, 0, 74195, 74214, 74215]","[0, 0, 0, 91584, 33681, 75281]",null,"[91584, 33681, 75281]",null,"[91584, 33681, 75281]","{""base_deletion_rate"": {""denominator"": 1, ""numerator"": 1}, ""deletes_base_action_rate"": {""denominator"": 1, ""numerator"": 1}, ""delta_local_satisfaction"": {""denominator"": 31, ""numerator"": 2}, ""disruption"": {""denominator"": 1, ""numerator"": 1}, ""eppf"": {""denominator"": 1, ""numerator"": 0}, ""local_satisfaction"": {""denominator"": 44, ""numerator"": 44}, ""pfr"": {""denominator"": 1, ""numerator"": 1}, ""sir"": {""denominator"": 1, ""numerator"": 1}, ""srr"": {""denominator"": 29, ""numerator"": 0}, ""vacuous_improvement"": {""denominator"": 1, ""numerator"": 1}}","{""base_deletion_rate"": {""denominator"": 1, ""numerator"": 1}, ""deletes_base_action_rate"": {""denominator"": 1, ""numerator"": 1}, ""delta_local_satisfaction"": {""denominator"": 31, ""numerator"": 2}, ""disruption"": {""denominator"": 1, ""numerator"": 1}, ""eppf"": {""denominator"": 1, ""numerator"": 0}, ""local_satisfaction"": {""denominator"": 44, ""numerator"": 44}, ""pfr"": {""denominator"": 1, ""numerator"": 1}, ""sir"": {""denominator"": 1, ""numerator"": 1}, ""srr"": {""denominator"": 29, ""numerator"": 0}, ""vacuous_improvement"": {""denominator"": 1, ""numerator"": 1}}"
179,59405,distinct,65_plus,0,1,1,"[0, 0, 0, 74195, 74214, 74215]","[0, 0, 0, 98872, 33681, 75281]",null,"[98872, 33681, 75281]",null,"[98872, 33681, 75281]","{""base_deletion_rate"": {""denominator"": 1, ""numerator"": 1}, ""deletes_base_action_rate"": {""denominator"": 1, ""numerator"": 1}, ""delta_local_satisfaction"": {""denominator"": 31, ""numerator"": 1}, ""disruption"": {""denominator"": 1, ""numerator"": 1}, ""eppf"": {""denominator"": 0, ""numerator"": 0}, ""local_satisfaction"": {""denominator"": 44, ""numerator"": 44}, ""pfr"": {""denominator"": 0, ""numerator"": 0}, ""sir"": {""denominator"": 1, ""numerator"": 1}, ""srr"": {""denominator"": 29, ""numerator"": 0}, ""vacuous_improvement"": {""denominator"": 1, ""numerator"": 1}}","{""base_deletion_rate"": {""denominator"": 1, ""numerator"": 1}, ""deletes_base_action_rate"": {""denominator"": 1, ""numerator"": 1}, ""delta_local_satisfaction"": {""denominator"": 31, ""numerator"": 1}, ""disruption"": {""denominator"": 1, ""numerator"": 1}, ""eppf"": {""denominator"": 0, ""numerator"": 0}, ""local_satisfaction"": {""denominator"": 44, ""numerator"": 44}, ""pfr"": {""denominator"": 0, ""numerator"": 0}, ""sir"": {""denominator"": 1, ""numerator"": 1}, ""srr"": {""denominator"": 29, ""numerator"": 0}, ""vacuous_improvement"": {""denominator"": 1, ""numerator"": 1}}"
180,61651,type,17_64,0,1,1,"[0, 0, 0, 74195, 74214, 74215]","[0, 0, 0, 98872, 31226, 98872]",null,"[98872, 31226, 98872]",null,"[98872, 31226, 98872]","{""base_deletion_rate"": {""denominator"": 1, ""numerator"": 1}, ""deletes_base_action_rate"": {""denominator"": 1, ""numerator"": 1}, ""delta_local_satisfaction"": {""denominator"": 3, ""numerator"": 0}, ""disruption"": {""denominator"": 1, ""numerator"": 1}, ""eppf"": {""denominator"": 0, ""numerator"": 0}, ""local_satisfaction"": {""denominator"": 5, ""numerator"": 5}, ""pfr"": {""denominator"": 0, ""numerator"": 0}, ""sir"": {""denominator"": 0, ""numerator"": 0}, ""srr"": {""denominator"": 3, ""numerator"": 0}, ""vacuous_improvement"": {""denominator"": 1, ""numerator"": 0}}","{""base_deletion_rate"": {""denominator"": 1, ""numerator"": 1}, ""deletes_base_action_rate"": {""denominator"": 1, ""numerator"": 1}, ""delta_local_satisfaction"": {""denominator"": 3, ""numerator"": 0}, ""disruption"": {""denominator"": 1, ""numerator"": 1}, ""eppf"": {""denominator"": 0, ""numerator"": 0}, ""local_satisfaction"": {""denominator"": 5, ""numerator"": 5}, ""pfr"": {""denominator"": 0, ""numerator"": 0}, ""sir"": {""denominator"": 0, ""numerator"": 0}, ""srr"": {""denominator"": 3, ""numerator"": 0}, ""vacuous_improvement"": {""denominator"": 1, ""numerator"": 0}}"
181,59405,distinct,65_plus,0,1,1,"[0, 0, 0, 74195, 74214, 74215]","[0, 0, 0, 92734, 33681, 75281]",null,"[92734, 33681, 75281]",null,"[92734, 33681, 75281]","{""base_deletion_rate"": {""denominator"": 1, ""numerator"": 1}, ""deletes_base_action_rate"": {""denominator"": 1, ""numerator"": 1}, ""delta_local_satisfaction"": {""denominator"": 31, ""numerator"": 2}, ""disruption"": {""denominator"": 1, ""numerator"": 1}, ""eppf"": {""denominator"": 1, ""numerator"": 0}, ""local_satisfaction"": {""denominator"": 44, ""numerator"": 44}, ""pfr"": {""denominator"": 1, ""numerator"": 1}, ""sir"": {""denominator"": 1, ""numerator"": 1}, ""srr"": {""denominator"": 29, ""numerator"": 0}, ""vacuous_improvement"": {""denominator"": 1, ""numerator"": 1}}","{""base_deletion_rate"": {""denominator"": 1, ""numerator"": 1}, ""deletes_base_action_rate"": {""denominator"": 1, ""numerator"": 1}, ""delta_local_satisfaction"": {""denominator"": 31, ""numerator"": 2}, ""disruption"": {""denominator"": 1, ""numerator"": 1}, ""eppf"": {""denominator"": 1, ""numerator"": 0}, ""local_satisfaction"": {""denominator"": 44, ""numerator"": 44}, ""pfr"": {""denominator"": 1, ""numerator"": 1}, ""sir"": {""denominator"": 1, ""numerator"": 1}, ""srr"": {""denominator"": 29, ""numerator"": 0}, ""vacuous_improvement"": {""denominator"": 1, ""numerator"": 1}}"
182,68403,single,65_plus,0,1,1,"[0, 0, 0, 74195, 74214, 74215]","[0, 0, 0, 98872, 30235, 98872]",null,"[98872, 30235, 98872]",null,"[98872, 30235, 98872]","{""base_deletion_rate"": {""denominator"": 1, ""numerator"": 1}, ""deletes_base_action_rate"": {""denominator"": 1, ""numerator"": 1}, ""delta_local_satisfaction"": {""denominator"": 41, ""numerator"": 0}, ""disruption"": {""denominator"": 1, ""numerator"": 1}, ""eppf"": {""denominator"": 0, ""numerator"": 0}, ""local_satisfaction"": {""denominator"": 49, ""numerator"": 33}, ""pfr"": {""denominator"": 0, ""numerator"": 0}, ""sir"": {""denominator"": 16, ""numerator"": 1}, ""srr"": {""denominator"": 24, ""numerator"": 1}, ""vacuous_improvement"": {""denominator"": 1, ""numerator"": 0}}","{""base_deletion_rate"": {""denominator"": 1, ""numerator"": 1}, ""deletes_base_action_rate"": {""denominator"": 1, ""numerator"": 1}, ""delta_local_satisfaction"": {""denominator"": 41, ""numerator"": 0}, ""disruption"": {""denominator"": 1, ""numerator"": 1}, ""eppf"": {""denominator"": 0, ""numerator"": 0}, ""local_satisfaction"": {""denominator"": 49, ""numerator"": 33}, ""pfr"": {""denominator"": 0, ""numerator"": 0}, ""sir"": {""denominator"": 16, ""numerator"": 1}, ""srr"": {""denominator"": 24, ""numerator"": 1}, ""vacuous_improvement"": {""denominator"": 1, ""numerator"": 0}}"
183,53611,valueType,65_plus,0,1,1,"[0, 0, 0, 74195, 74214, 74215]","[0, 0, 0, 98872, 31152, 36173]",null,"[98872, 31152, 36173]",null,"[98872, 31152, 36173]","{""base_deletion_rate"": {""denominator"": 1, ""numerator"": 1}, ""deletes_base_action_rate"": {""denominator"": 1, ""numerator"": 1}, ""delta_local_satisfaction"": {""denominator"": 29, ""numerator"": 0}, ""disruption"": {""denominator"": 1, ""numerator"": 1}, ""eppf"": {""denominator"": 0, ""numerator"": 0}, ""local_satisfaction"": {""denominator"": 32, ""numerator"": 20}, ""pfr"": {""denominator"": 0, ""numerator"": 0}, ""sir"": {""denominator"": 12, ""numerator"": 0}, ""srr"": {""denominator"": 17, ""numerator"": 0}, ""vacuous_improvement"": {""denominator"": 1, ""numerator"": 0}}","{""base_deletion_rate"": {""denominator"": 1, ""numerator"": 1}, ""deletes_base_action_rate"": {""denominator"": 1, ""numerator"": 1}, ""delta_local_satisfaction"": {""denominator"": 29, ""numerator"": 0}, ""disruption"": {""denominator"": 1, ""numerator"": 1}, ""eppf"": {""denominator"": 0, ""numerator"": 0}, ""local_satisfaction"": {""denominator"": 32, ""numerator"": 20}, ""pfr"": {""denominator"": 0, ""numerator"": 0}, ""sir"": {""denominator"": 12, ""numerator"": 0}, ""srr"": {""denominator"": 17, ""numerator"": 0}, ""vacuous_improvement"": {""denominator"": 1, ""numerator"": 0}}"
184,53040,type,5_16,0,1,1,"[0, 0, 0, 74195, 74214, 74215]","[0, 0, 0, 98872, 30956, 98872]",null,"[98872, 30956, 98872]",null,"[98872, 30956, 98872]","{""base_deletion_rate"": {""denominator"": 1, ""numerator"": 1}, ""deletes_base_action_rate"": {""denominator"": 1, ""numerator"": 1}, ""delta_local_satisfaction"": {""denominator"": 2, ""numerator"": 0}, ""disruption"": {""denominator"": 1, ""numerator"": 1}, ""eppf"": {""denominator"": 0, ""numerator"": 0}, ""local_satisfaction"": {""denominator"": 4, ""numerator"": 3}, ""pfr"": {""denominator"": 0, ""numerator"": 0}, ""sir"": {""denominator"": 1, ""numerator"": 0}, ""srr"": {""denominator"": 1, ""numerator"": 0}, ""vacuous_improvement"": {""denominator"": 1, ""numerator"": 0}}","{""base_deletion_rate"": {""denominator"": 1, ""numerator"": 1}, ""deletes_base_action_rate"": {""denominator"": 1, ""numerator"": 1}, ""delta_local_satisfaction"": {""denominator"": 2, ""numerator"": 0}, ""disruption"": {""denominator"": 1, ""numerator"": 1}, ""eppf"": {""denominator"": 0, ""numerator"": 0}, ""local_satisfaction"": {""denominator"": 4, ""numerator"": 3}, ""pfr"": {""denominator"": 0, ""numerator"": 0}, ""sir"": {""denominator"": 1, ""numerator"": 0}, ""srr"": {""denominator"": 1, ""numerator"": 0}, ""vacuous_improvement"": {""denominator"": 1, ""numerator"": 0}}"
185,51431,single,65_plus,0,1,1,"[0, 0, 0, 74195, 74214, 74215]","[0, 0, 0, 98872, 30111, 85446]",null,"[98872, 30111, 85446]",null,"[98872, 30111, 85446]","{""base_deletion_rate"": {""denominator"": 1, ""numerator"": 1}, ""deletes_base_action_rate"": {""denominator"": 1, ""numerator"": 1}, ""delta_local_satisfaction"": {""denominator"": 116, ""numerator"": 1}, ""disruption"": {""denominator"": 1, ""numerator"": 1}, ""eppf"": {""denominator"": 1, ""numerator"": 0}, ""local_satisfaction"": {""denominator"": 141, ""numerator"": 79}, ""pfr"": {""denominator"": 1, ""numerator"": 1}, ""sir"": {""denominator"": 62, ""numerator"": 0}, ""srr"": {""denominator"": 53, ""numerator"": 0}, ""vacuous_improvement"": {""denominator"": 1, ""numerator"": 1}}","{""base_deletion_rate"": {""denominator"": 1, ""numerator"": 1}, ""deletes_base_action_rate"": {""denominator"": 1, ""numerator"": 1}, ""delta_local_satisfaction"": {""denominator"": 116, ""numerator"": 1}, ""disruption"": {""denominator"": 1, ""numerator"": 1}, ""eppf"": {""denominator"": 1, ""numerator"": 0}, ""local_satisfaction"": {""denominator"": 141, ""numerator"": 79}, ""pfr"": {""denominator"": 1, ""numerator"": 1}, ""sir"": {""denominator"": 62, ""numerator"": 0}, ""srr"": {""denominator"": 53, ""numerator"": 0}, ""vacuous_improvement"": {""denominator"": 1, ""numerator"": 1}}"
186,73014,type,17_64,0,1,1,"[0, 0, 0, 74195, 74214, 74215]","[0, 0, 0, 98872, 45023, 77581]",null,"[98872, 45023, 77581]",null,"[98872, 45023, 77581]","{""base_deletion_rate"": {""denominator"": 1, ""numerator"": 1}, ""deletes_base_action_rate"": {""denominator"": 1, ""numerator"": 1}, ""delta_local_satisfaction"": {""denominator"": 4, ""numerator"": 0}, ""disruption"": {""denominator"": 1, ""numerator"": 1}, ""eppf"": {""denominator"": 0, ""numerator"": 0}, ""local_satisfaction"": {""denominator"": 7, ""numerator"": 7}, ""pfr"": {""denominator"": 0, ""numerator"": 0}, ""sir"": {""denominator"": 0, ""numerator"": 0}, ""srr"": {""denominator"": 4, ""numerator"": 0}, ""vacuous_improvement"": {""denominator"": 1, ""numerator"": 0}}","{""base_deletion_rate"": {""denominator"": 1, ""numerator"": 1}, ""deletes_base_action_rate"": {""denominator"": 1, ""numerator"": 1}, ""delta_local_satisfaction"": {""denominator"": 4, ""numerator"": 0}, ""disruption"": {""denominator"": 1, ""numerator"": 1}, ""eppf"": {""denominator"": 0, ""numerator"": 0}, ""local_satisfaction"": {""denominator"": 7, ""numerator"": 7}, ""pfr"": {""denominator"": 0, ""numerator"": 0}, ""sir"": {""denominator"": 0, ""numerator"": 0}, ""srr"": {""denominator"": 4, ""numerator"": 0}, ""vacuous_improvement"": {""denominator"": 1, ""numerator"": 0}}"
187,60924,single,17_64,0,1,1,"[0, 0, 0, 74195, 74214, 74215]","[0, 0, 0, 98872, 34519, 98872]",null,"[98872, 34519, 98872]",null,"[98872, 34519, 98872]","{""base_deletion_rate"": {""denominator"": 1, ""numerator"": 1}, ""deletes_base_action_rate"": {""denominator"": 1, ""numerator"": 1}, ""delta_local_satisfaction"": {""denominator"": 24, ""numerator"": 1}, ""disruption"": {""denominator"": 1, ""numerator"": 1}, ""eppf"": {""denominator"": 0, ""numerator"": 0}, ""local_satisfaction"": {""denominator"": 27, ""numerator"": 16}, ""pfr"": {""denominator"": 0, ""numerator"": 0}, ""sir"": {""denominator"": 12, ""numerator"": 1}, ""srr"": {""denominator"": 11, ""numerator"": 0}, ""vacuous_improvement"": {""denominator"": 1, ""numerator"": 1}}","{""base_deletion_rate"": {""denominator"": 1, ""numerator"": 1}, ""deletes_base_action_rate"": {""denominator"": 1, ""numerator"": 1}, ""delta_local_satisfaction"": {""denominator"": 24, ""numerator"": 1}, ""disruption"": {""denominator"": 1, ""numerator"": 1}, ""eppf"": {""denominator"": 0, ""numerator"": 0}, ""local_satisfaction"": {""denominator"": 27, ""numerator"": 16}, ""pfr"": {""denominator"": 0, ""numerator"": 0}, ""sir"": {""denominator"": 12, ""numerator"": 1}, ""srr"": {""denominator"": 11, ""numerator"": 0}, ""vacuous_improvement"": {""denominator"": 1, ""numerator"": 1}}"
188,61220,type,65_plus,0,1,1,"[0, 0, 0, 74195, 74214, 74215]","[0, 0, 0, 98872, 33336, 98872]",null,"[98872, 33336, 98872]",null,"[98872, 33336, 98872]","{""base_deletion_rate"": {""denominator"": 1, ""numerator"": 1}, ""deletes_base_action_rate"": {""denominator"": 1, ""numerator"": 1}, ""delta_local_satisfaction"": {""denominator"": 18, ""numerator"": 0}, ""disruption"": {""denominator"": 1, ""numerator"": 1}, ""eppf"": {""denominator"": 0, ""numerator"": 0}, ""local_satisfaction"": {""denominator"": 26, ""numerator"": 25}, ""pfr"": {""denominator"": 0, ""numerator"": 0}, ""sir"": {""denominator"": 1, ""numerator"": 0}, ""srr"": {""denominator"": 17, ""numerator"": 0}, ""vacuous_improvement"": {""denominator"": 1, ""numerator"": 0}}","{""base_deletion_rate"": {""denominator"": 1, ""numerator"": 1}, ""deletes_base_action_rate"": {""denominator"": 1, ""numerator"": 1}, ""delta_local_satisfaction"": {""denominator"": 18, ""numerator"": 0}, ""disruption"": {""denominator"": 1, ""numerator"": 1}, ""eppf"": {""denominator"": 0, ""numerator"": 0}, ""local_satisfaction"": {""denominator"": 26, ""numerator"": 25}, ""pfr"": {""denominator"": 0, ""numerator"": 0}, ""sir"": {""denominator"": 1, ""numerator"": 0}, ""srr"": {""denominator"": 17, ""numerator"": 0}, ""vacuous_improvement"": {""denominator"": 1, ""numerator"": 0}}"
189,64000,single,65_plus,0,1,1,"[0, 0, 0, 74195, 74214, 74215]","[0, 0, 0, 95002, 35867, 85168]",null,"[95002, 35867, 85168]",null,"[95002, 35867, 85168]","{""base_deletion_rate"": {""denominator"": 1, ""numerator"": 1}, ""deletes_base_action_rate"": {""denominator"": 1, ""numerator"": 1}, ""delta_local_satisfaction"": {""denominator"": 29, ""numerator"": 0}, ""disruption"": {""denominator"": 1, ""numerator"": 1}, ""eppf"": {""denominator"": 1, ""numerator"": 0}, ""local_satisfaction"": {""denominator"": 35, ""numerator"": 20}, ""pfr"": {""denominator"": 1, ""numerator"": 0}, ""sir"": {""denominator"": 14, ""numerator"": 0}, ""srr"": {""denominator"": 14, ""numerator"": 0}, ""vacuous_improvement"": {""denominator"": 1, ""numerator"": 0}}","{""base_deletion_rate"": {""denominator"": 1, ""numerator"": 1}, ""deletes_base_action_rate"": {""denominator"": 1, ""numerator"": 1}, ""delta_local_satisfaction"": {""denominator"": 29, ""numerator"": 0}, ""disruption"": {""denominator"": 1, ""numerator"": 1}, ""eppf"": {""denominator"": 1, ""numerator"": 0}, ""local_satisfaction"": {""denominator"": 35, ""numerator"": 20}, ""pfr"": {""denominator"": 1, ""numerator"": 0}, ""sir"": {""denominator"": 14, ""numerator"": 0}, ""srr"": {""denominator"": 14, ""numerator"": 0}, ""vacuous_improvement"": {""denominator"": 1, ""numerator"": 0}}"
190,71367,single,65_plus,0,1,1,"[0, 0, 0, 74195, 74214, 74215]","[0, 0, 0, 98872, 43017, 98872]",null,"[98872, 43017, 98872]",null,"[98872, 43017, 98872]","{""base_deletion_rate"": {""denominator"": 1, ""numerator"": 1}, ""deletes_base_action_rate"": {""denominator"": 1, ""numerator"": 1}, ""delta_local_satisfaction"": {""denominator"": 22, ""numerator"": 0}, ""disruption"": {""denominator"": 1, ""numerator"": 1}, ""eppf"": {""denominator"": 0, ""numerator"": 0}, ""local_satisfaction"": {""denominator"": 23, ""numerator"": 12}, ""pfr"": {""denominator"": 0, ""numerator"": 0}, ""sir"": {""denominator"": 11, ""numerator"": 0}, ""srr"": {""denominator"": 10, ""numerator"": 0}, ""vacuous_improvement"": {""denominator"": 1, ""numerator"": 0}}","{""base_deletion_rate"": {""denominator"": 1, ""numerator"": 1}, ""deletes_base_action_rate"": {""denominator"": 1, ""numerator"": 1}, ""delta_local_satisfaction"": {""denominator"": 22, ""numerator"": 0}, ""disruption"": {""denominator"": 1, ""numerator"": 1}, ""eppf"": {""denominator"": 0, ""numerator"": 0}, ""local_satisfaction"": {""denominator"": 23, ""numerator"": 12}, ""pfr"": {""denominator"": 0, ""numerator"": 0}, ""sir"": {""denominator"": 11, ""numerator"": 0}, ""srr"": {""denominator"": 10, ""numerator"": 0}, ""vacuous_improvement"": {""denominator"": 1, ""numerator"": 0}}"
191,56490,valueRequiresStatement,17_64,0,1,1,"[0, 0, 0, 74195, 74214, 74215]","[0, 0, 0, 98872, 29762, 30002]",null,"[98872, 29762, 30002]",null,"[98872, 29762, 30002]","{""base_deletion_rate"": {""denominator"": 1, ""numerator"": 1}, ""deletes_base_action_rate"": {""denominator"": 1, ""numerator"": 1}, ""delta_local_satisfaction"": {""denominator"": 17, ""numerator"": 0}, ""disruption"": {""denominator"": 1, ""numerator"": 1}, ""eppf"": {""denominator"": 0, ""numerator"": 0}, ""local_satisfaction"": {""denominator"": 20, ""numerator"": 19}, ""pfr"": {""denominator"": 0, ""numerator"": 0}, ""sir"": {""denominator"": 1, ""numerator"": 0}, ""srr"": {""denominator"": 15, ""numerator"": 0}, ""vacuous_improvement"": {""denominator"": 1, ""numerator"": 0}}","{""base_deletion_rate"": {""denominator"": 1, ""numerator"": 1}, ""deletes_base_action_rate"": {""denominator"": 1, ""numerator"": 1}, ""delta_local_satisfaction"": {""denominator"": 17, ""numerator"": 0}, ""disruption"": {""denominator"": 1, ""numerator"": 1}, ""eppf"": {""denominator"": 0, ""numerator"": 0}, ""local_satisfaction"": {""denominator"": 20, ""numerator"": 19}, ""pfr"": {""denominator"": 0, ""numerator"": 0}, ""sir"": {""denominator"": 1, ""numerator"": 0}, ""srr"": {""denominator"": 15, ""numerator"": 0}, ""vacuous_improvement"": {""denominator"": 1, ""numerator"": 0}}"
192,56490,valueRequiresStatement,17_64,0,1,1,"[0, 0, 0, 74195, 74214, 74215]","[0, 0, 0, 98872, 29762, 29900]",null,"[98872, 29762, 29900]",null,"[98872, 29762, 29900]","{""base_deletion_rate"": {""denominator"": 1, ""numerator"": 1}, ""deletes_base_action_rate"": {""denominator"": 1, ""numerator"": 1}, ""delta_local_satisfaction"": {""denominator"": 11, ""numerator"": 7}, ""disruption"": {""denominator"": 1, ""numerator"": 1}, ""eppf"": {""denominator"": 0, ""numerator"": 0}, ""local_satisfaction"": {""denominator"": 12, ""numerator"": 12}, ""pfr"": {""denominator"": 0, ""numerator"": 0}, ""sir"": {""denominator"": 7, ""numerator"": 7}, ""srr"": {""denominator"": 4, ""numerator"": 0}, ""vacuous_improvement"": {""denominator"": 1, ""numerator"": 1}}","{""base_deletion_rate"": {""denominator"": 1, ""numerator"": 1}, ""deletes_base_action_rate"": {""denominator"": 1, ""numerator"": 1}, ""delta_local_satisfaction"": {""denominator"": 11, ""numerator"": 7}, ""disruption"": {""denominator"": 1, ""numerator"": 1}, ""eppf"": {""denominator"": 0, ""numerator"": 0}, ""local_satisfaction"": {""denominator"": 12, ""numerator"": 12}, ""pfr"": {""denominator"": 0, ""numerator"": 0}, ""sir"": {""denominator"": 7, ""numerator"": 7}, ""srr"": {""denominator"": 4, ""numerator"": 0}, ""vacuous_improvement"": {""denominator"": 1, ""numerator"": 1}}"
193,57013,inverse,17_64,0,1,1,"[0, 0, 0, 74195, 74214, 74215]","[0, 0, 0, 98872, 32843, 98872]",null,"[98872, 32843, 98872]",null,"[98872, 32843, 98872]","{""base_deletion_rate"": {""denominator"": 1, ""numerator"": 1}, ""deletes_base_action_rate"": {""denominator"": 1, ""numerator"": 1}, ""delta_local_satisfaction"": {""denominator"": 14, ""numerator"": 0}, ""disruption"": {""denominator"": 1, ""numerator"": 1}, ""eppf"": {""denominator"": 0, ""numerator"": 0}, ""local_satisfaction"": {""denominator"": 17, ""numerator"": 13}, ""pfr"": {""denominator"": 0, ""numerator"": 0}, ""sir"": {""denominator"": 4, ""numerator"": 0}, ""srr"": {""denominator"": 9, ""numerator"": 0}, ""vacuous_improvement"": {""denominator"": 1, ""numerator"": 0}}","{""base_deletion_rate"": {""denominator"": 1, ""numerator"": 1}, ""deletes_base_action_rate"": {""denominator"": 1, ""numerator"": 1}, ""delta_local_satisfaction"": {""denominator"": 14, ""numerator"": 0}, ""disruption"": {""denominator"": 1, ""numerator"": 1}, ""eppf"": {""denominator"": 0, ""numerator"": 0}, ""local_satisfaction"": {""denominator"": 17, ""numerator"": 13}, ""pfr"": {""denominator"": 0, ""numerator"": 0}, ""sir"": {""denominator"": 4, ""numerator"": 0}, ""srr"": {""denominator"": 9, ""numerator"": 0}, ""vacuous_improvement"": {""denominator"": 1, ""numerator"": 0}}"
194,59405,distinct,65_plus,0,1,1,"[0, 0, 0, 74195, 74214, 74215]","[0, 0, 0, 92010, 33681, 75281]",null,"[92010, 33681, 75281]",null,"[92010, 33681, 75281]","{""base_deletion_rate"": {""denominator"": 1, ""numerator"": 1}, ""deletes_base_action_rate"": {""denominator"": 1, ""numerator"": 1}, ""delta_local_satisfaction"": {""denominator"": 31, ""numerator"": 2}, ""disruption"": {""denominator"": 1, ""numerator"": 1}, ""eppf"": {""denominator"": 1, ""numerator"": 0}, ""local_satisfaction"": {""denominator"": 44, ""numerator"": 44}, ""pfr"": {""denominator"": 1, ""numerator"": 1}, ""sir"": {""denominator"": 1, ""numerator"": 1}, ""srr"": {""denominator"": 29, ""numerator"": 0}, ""vacuous_improvement"": {""denominator"": 1, ""numerator"": 1}}","{""base_deletion_rate"": {""denominator"": 1, ""numerator"": 1}, ""deletes_base_action_rate"": {""denominator"": 1, ""numerator"": 1}, ""delta_local_satisfaction"": {""denominator"": 31, ""numerator"": 2}, ""disruption"": {""denominator"": 1, ""numerator"": 1}, ""eppf"": {""denominator"": 1, ""numerator"": 0}, ""local_satisfaction"": {""denominator"": 44, ""numerator"": 44}, ""pfr"": {""denominator"": 1, ""numerator"": 1}, ""sir"": {""denominator"": 1, ""numerator"": 1}, ""srr"": {""denominator"": 29, ""numerator"": 0}, ""vacuous_improvement"": {""denominator"": 1, ""numerator"": 1}}"
195,51669,single,65_plus,0,1,1,"[0, 0, 0, 74195, 74214, 74215]","[0, 0, 0, 98872, 30357, 98872]",null,"[98872, 30357, 98872]",null,"[98872, 30357, 98872]","{""base_deletion_rate"": {""denominator"": 1, ""numerator"": 1}, ""deletes_base_action_rate"": {""denominator"": 1, ""numerator"": 1}, ""delta_local_satisfaction"": {""denominator"": 26, ""numerator"": 0}, ""disruption"": {""denominator"": 1, ""numerator"": 1}, ""eppf"": {""denominator"": 0, ""numerator"": 0}, ""local_satisfaction"": {""denominator"": 27, ""numerator"": 16}, ""pfr"": {""denominator"": 0, ""numerator"": 0}, ""sir"": {""denominator"": 11, ""numerator"": 0}, ""srr"": {""denominator"": 14, ""numerator"": 0}, ""vacuous_improvement"": {""denominator"": 1, ""numerator"": 0}}","{""base_deletion_rate"": {""denominator"": 1, ""numerator"": 1}, ""deletes_base_action_rate"": {""denominator"": 1, ""numerator"": 1}, ""delta_local_satisfaction"": {""denominator"": 26, ""numerator"": 0}, ""disruption"": {""denominator"": 1, ""numerator"": 1}, ""eppf"": {""denominator"": 0, ""numerator"": 0}, ""local_satisfaction"": {""denominator"": 27, ""numerator"": 16}, ""pfr"": {""denominator"": 0, ""numerator"": 0}, ""sir"": {""denominator"": 11, ""numerator"": 0}, ""srr"": {""denominator"": 14, ""numerator"": 0}, ""vacuous_improvement"": {""denominator"": 1, ""numerator"": 0}}"
196,60919,type,17_64,0,1,1,"[0, 0, 0, 74195, 74214, 74215]","[0, 0, 0, 98872, 34519, 98872]",null,"[98872, 34519, 98872]",null,"[98872, 34519, 98872]","{""base_deletion_rate"": {""denominator"": 1, ""numerator"": 1}, ""deletes_base_action_rate"": {""denominator"": 1, ""numerator"": 1}, ""delta_local_satisfaction"": {""denominator"": 5, ""numerator"": 0}, ""disruption"": {""denominator"": 1, ""numerator"": 1}, ""eppf"": {""denominator"": 0, ""numerator"": 0}, ""local_satisfaction"": {""denominator"": 9, ""numerator"": 9}, ""pfr"": {""denominator"": 0, ""numerator"": 0}, ""sir"": {""denominator"": 0, ""numerator"": 0}, ""srr"": {""denominator"": 5, ""numerator"": 0}, ""vacuous_improvement"": {""denominator"": 1, ""numerator"": 0}}","{""base_deletion_rate"": {""denominator"": 1, ""numerator"": 1}, ""deletes_base_action_rate"": {""denominator"": 1, ""numerator"": 1}, ""delta_local_satisfaction"": {""denominator"": 5, ""numerator"": 0}, ""disruption"": {""denominator"": 1, ""numerator"": 1}, ""eppf"": {""denominator"": 0, ""numerator"": 0}, ""local_satisfaction"": {""denominator"": 9, ""numerator"": 9}, ""pfr"": {""denominator"": 0, ""numerator"": 0}, ""sir"": {""denominator"": 0, ""numerator"": 0}, ""srr"": {""denominator"": 5, ""numerator"": 0}, ""vacuous_improvement"": {""denominator"": 1, ""numerator"": 0}}"
197,63258,itemRequiresStatement,65_plus,0,1,1,"[0, 0, 0, 74195, 74214, 74215]","[0, 0, 0, 98872, 35506, 82218]",null,"[98872, 35506, 82218]",null,"[98872, 35506, 82218]","{""base_deletion_rate"": {""denominator"": 1, ""numerator"": 1}, ""deletes_base_action_rate"": {""denominator"": 1, ""numerator"": 1}, ""delta_local_satisfaction"": {""denominator"": 28, ""numerator"": 1}, ""disruption"": {""denominator"": 1, ""numerator"": 1}, ""eppf"": {""denominator"": 1, ""numerator"": 0}, ""local_satisfaction"": {""denominator"": 37, ""numerator"": 37}, ""pfr"": {""denominator"": 1, ""numerator"": 1}, ""sir"": {""denominator"": 0, ""numerator"": 0}, ""srr"": {""denominator"": 27, ""numerator"": 0}, ""vacuous_improvement"": {""denominator"": 1, ""numerator"": 1}}","{""base_deletion_rate"": {""denominator"": 1, ""numerator"": 1}, ""deletes_base_action_rate"": {""denominator"": 1, ""numerator"": 1}, ""delta_local_satisfaction"": {""denominator"": 28, ""numerator"": 1}, ""disruption"": {""denominator"": 1, ""numerator"": 1}, ""eppf"": {""denominator"": 1, ""numerator"": 0}, ""local_satisfaction"": {""denominator"": 37, ""numerator"": 37}, ""pfr"": {""denominator"": 1, ""numerator"": 1}, ""sir"": {""denominator"": 0, ""numerator"": 0}, ""srr"": {""denominator"": 27, ""numerator"": 0}, ""vacuous_improvement"": {""denominator"": 1, ""numerator"": 1}}"
198,52397,valueRequiresStatement,65_plus,0,1,1,"[0, 0, 0, 74195, 74214, 74215]","[0, 0, 0, 98872, 30260, 83622]",null,"[98872, 30260, 83622]",null,"[98872, 30260, 83622]","{""base_deletion_rate"": {""denominator"": 1, ""numerator"": 1}, ""deletes_base_action_rate"": {""denominator"": 1, ""numerator"": 1}, ""delta_local_satisfaction"": {""denominator"": 28, ""numerator"": 3}, ""disruption"": {""denominator"": 1, ""numerator"": 1}, ""eppf"": {""denominator"": 0, ""numerator"": 0}, ""local_satisfaction"": {""denominator"": 32, ""numerator"": 26}, ""pfr"": {""denominator"": 0, ""numerator"": 0}, ""sir"": {""denominator"": 9, ""numerator"": 3}, ""srr"": {""denominator"": 18, ""numerator"": 0}, ""vacuous_improvement"": {""denominator"": 1, ""numerator"": 1}}","{""base_deletion_rate"": {""denominator"": 1, ""numerator"": 1}, ""deletes_base_action_rate"": {""denominator"": 1, ""numerator"": 1}, ""delta_local_satisfaction"": {""denominator"": 28, ""numerator"": 3}, ""disruption"": {""denominator"": 1, ""numerator"": 1}, ""eppf"": {""denominator"": 0, ""numerator"": 0}, ""local_satisfaction"": {""denominator"": 32, ""numerator"": 26}, ""pfr"": {""denominator"": 0, ""numerator"": 0}, ""sir"": {""denominator"": 9, ""numerator"": 3}, ""srr"": {""denominator"": 18, ""numerator"": 0}, ""vacuous_improvement"": {""denominator"": 1, ""numerator"": 1}}"
199,71312,valueType,17_64,0,1,1,"[0, 0, 0, 74195, 74214, 74215]","[0, 0, 0, 98872, 31386, 94583]",null,"[98872, 31386, 94583]",null,"[98872, 31386, 94583]","{""base_deletion_rate"": {""denominator"": 1, ""numerator"": 1}, ""deletes_base_action_rate"": {""denominator"": 1, ""numerator"": 1}, ""delta_local_satisfaction"": {""denominator"": 13, ""numerator"": 0}, ""disruption"": {""denominator"": 1, ""numerator"": 1}, ""eppf"": {""denominator"": 1, ""numerator"": 0}, ""local_satisfaction"": {""denominator"": 16, ""numerator"": 15}, ""pfr"": {""denominator"": 1, ""numerator"": 1}, ""sir"": {""denominator"": 0, ""numerator"": 0}, ""srr"": {""denominator"": 12, ""numerator"": 1}, ""vacuous_improvement"": {""denominator"": 1, ""numerator"": 0}}","{""base_deletion_rate"": {""denominator"": 1, ""numerator"": 1}, ""deletes_base_action_rate"": {""denominator"": 1, ""numerator"": 1}, ""delta_local_satisfaction"": {""denominator"": 13, ""numerator"": 0}, ""disruption"": {""denominator"": 1, ""numerator"": 1}, ""eppf"": {""denominator"": 1, ""numerator"": 0}, ""local_satisfaction"": {""denominator"": 16, ""numerator"": 15}, ""pfr"": {""denominator"": 1, ""numerator"": 1}, ""sir"": {""denominator"": 0, ""numerator"": 0}, ""srr"": {""denominator"": 12, ""numerator"": 1}, ""vacuous_improvement"": {""denominator"": 1, ""numerator"": 0}}"
200,64245,valueType,65_plus,0,1,1,"[0, 0, 0, 74195, 74214, 74215]","[0, 0, 0, 98872, 33289, 32351]",null,"[98872, 33289, 32351]",null,"[98872, 33289, 32351]","{""base_deletion_rate"": {""denominator"": 1, ""numerator"": 1}, ""deletes_base_action_rate"": {""denominator"": 1, ""numerator"": 1}, ""delta_local_satisfaction"": {""denominator"": 75, ""numerator"": 2}, ""disruption"": {""denominator"": 1, ""numerator"": 1}, ""eppf"": {""denominator"": 0, ""numerator"": 0}, ""local_satisfaction"": {""denominator"": 88, ""numerator"": 84}, ""pfr"": {""denominator"": 0, ""numerator"": 0}, ""sir"": {""denominator"": 6, ""numerator"": 2}, ""srr"": {""denominator"": 69, ""numerator"": 0}, ""vacuous_improvement"": {""denominator"": 1, ""numerator"": 1}}","{""base_deletion_rate"": {""denominator"": 1, ""numerator"": 1}, ""deletes_base_action_rate"": {""denominator"": 1, ""numerator"": 1}, ""delta_local_satisfaction"": {""denominator"": 75, ""numerator"": 2}, ""disruption"": {""denominator"": 1, ""numerator"": 1}, ""eppf"": {""denominator"": 0, ""numerator"": 0}, ""local_satisfaction"": {""denominator"": 88, ""numerator"": 84}, ""pfr"": {""denominator"": 0, ""numerator"": 0}, ""sir"": {""denominator"": 6, ""numerator"": 2}, ""srr"": {""denominator"": 69, ""numerator"": 0}, ""vacuous_improvement"": {""denominator"": 1, ""numerator"": 1}}"
201,65605,single,17_64,0,1,1,"[0, 0, 0, 74195, 74214, 74215]","[0, 0, 0, 98872, 36694, 98872]",null,"[98872, 36694, 98872]",null,"[98872, 36694, 98872]","{""base_deletion_rate"": {""denominator"": 1, ""numerator"": 1}, ""deletes_base_action_rate"": {""denominator"": 1, ""numerator"": 1}, ""delta_local_satisfaction"": {""denominator"": 8, ""numerator"": 0}, ""disruption"": {""denominator"": 1, ""numerator"": 1}, ""eppf"": {""denominator"": 0, ""numerator"": 0}, ""local_satisfaction"": {""denominator"": 9, ""numerator"": 7}, ""pfr"": {""denominator"": 0, ""numerator"": 0}, ""sir"": {""denominator"": 2, ""numerator"": 0}, ""srr"": {""denominator"": 5, ""numerator"": 0}, ""vacuous_improvement"": {""denominator"": 1, ""numerator"": 0}}","{""base_deletion_rate"": {""denominator"": 1, ""numerator"": 1}, ""deletes_base_action_rate"": {""denominator"": 1, ""numerator"": 1}, ""delta_local_satisfaction"": {""denominator"": 8, ""numerator"": 0}, ""disruption"": {""denominator"": 1, ""numerator"": 1}, ""eppf"": {""denominator"": 0, ""numerator"": 0}, ""local_satisfaction"": {""denominator"": 9, ""numerator"": 7}, ""pfr"": {""denominator"": 0, ""numerator"": 0}, ""sir"": {""denominator"": 2, ""numerator"": 0}, ""srr"": {""denominator"": 5, ""numerator"": 0}, ""vacuous_improvement"": {""denominator"": 1, ""numerator"": 0}}"
202,51861,distinct,17_64,0,1,1,"[0, 0, 0, 74195, 74214, 74215]","[0, 0, 0, 98872, 29963, 88882]",null,"[98872, 29963, 88882]",null,"[98872, 29963, 88882]","{""base_deletion_rate"": {""denominator"": 1, ""numerator"": 1}, ""deletes_base_action_rate"": {""denominator"": 1, ""numerator"": 1}, ""delta_local_satisfaction"": {""denominator"": 2, ""numerator"": 0}, ""disruption"": {""denominator"": 1, ""numerator"": 1}, ""eppf"": {""denominator"": 0, ""numerator"": 0}, ""local_satisfaction"": {""denominator"": 4, ""numerator"": 4}, ""pfr"": {""denominator"": 0, ""numerator"": 0}, ""sir"": {""denominator"": 0, ""numerator"": 0}, ""srr"": {""denominator"": 1, ""numerator"": 0}, ""vacuous_improvement"": {""denominator"": 1, ""numerator"": 0}}","{""base_deletion_rate"": {""denominator"": 1, ""numerator"": 1}, ""deletes_base_action_rate"": {""denominator"": 1, ""numerator"": 1}, ""delta_local_satisfaction"": {""denominator"": 2, ""numerator"": 0}, ""disruption"": {""denominator"": 1, ""numerator"": 1}, ""eppf"": {""denominator"": 0, ""numerator"": 0}, ""local_satisfaction"": {""denominator"": 4, ""numerator"": 4}, ""pfr"": {""denominator"": 0, ""numerator"": 0}, ""sir"": {""denominator"": 0, ""numerator"": 0}, ""srr"": {""denominator"": 1, ""numerator"": 0}, ""vacuous_improvement"": {""denominator"": 1, ""numerator"": 0}}"
