family,input_profile,populated_slots,population,reason,split,vocabulary_profile
overall,passive,1893,parent_pool,known_constant_blocked_by_output_mask,overall,existing_train_val_minocc100
overall,passive,209,parent_pool,local_constraint_parameter,overall,existing_train_val_minocc100
overall,passive,9831,parent_pool,missing_role_present_local_neighbor,overall,existing_train_val_minocc100
overall,passive,1539236,parent_pool,output_constant,overall,existing_train_val_minocc100
overall,passive,190473,parent_pool,outside_fixed_vocabulary_and_input,overall,existing_train_val_minocc100
overall,passive,4368434,parent_pool,role,overall,existing_train_val_minocc100
overall,passive,517,parent_pool,known_constant_blocked_by_output_mask,test,existing_train_val_minocc100
overall,passive,62,parent_pool,local_constraint_parameter,test,existing_train_val_minocc100
overall,passive,1477,parent_pool,missing_role_present_local_neighbor,test,existing_train_val_minocc100
overall,passive,230768,parent_pool,output_constant,test,existing_train_val_minocc100
overall,passive,28454,parent_pool,outside_fixed_vocabulary_and_input,test,existing_train_val_minocc100
overall,passive,655000,parent_pool,role,test,existing_train_val_minocc100
overall,passive,1151,parent_pool,known_constant_blocked_by_output_mask,train,existing_train_val_minocc100
overall,passive,115,parent_pool,local_constraint_parameter,train,existing_train_val_minocc100
overall,passive,6890,parent_pool,missing_role_present_local_neighbor,train,existing_train_val_minocc100
overall,passive,1077453,parent_pool,output_constant,train,existing_train_val_minocc100
overall,passive,133582,parent_pool,outside_fixed_vocabulary_and_input,train,existing_train_val_minocc100
overall,passive,3058110,parent_pool,role,train,existing_train_val_minocc100
overall,passive,225,parent_pool,known_constant_blocked_by_output_mask,val,existing_train_val_minocc100
overall,passive,32,parent_pool,local_constraint_parameter,val,existing_train_val_minocc100
overall,passive,1464,parent_pool,missing_role_present_local_neighbor,val,existing_train_val_minocc100
overall,passive,231015,parent_pool,output_constant,val,existing_train_val_minocc100
overall,passive,28437,parent_pool,outside_fixed_vocabulary_and_input,val,existing_train_val_minocc100
overall,passive,655324,parent_pool,role,val,existing_train_val_minocc100
conflictWith,passive,71,parent_pool,known_constant_blocked_by_output_mask,overall,existing_train_val_minocc100
conflictWith,passive,7,parent_pool,local_constraint_parameter,overall,existing_train_val_minocc100
conflictWith,passive,445,parent_pool,missing_role_present_local_neighbor,overall,existing_train_val_minocc100
conflictWith,passive,29928,parent_pool,output_constant,overall,existing_train_val_minocc100
conflictWith,passive,11513,parent_pool,outside_fixed_vocabulary_and_input,overall,existing_train_val_minocc100
conflictWith,passive,668781,parent_pool,role,overall,existing_train_val_minocc100
distinct,passive,7,parent_pool,known_constant_blocked_by_output_mask,overall,existing_train_val_minocc100
distinct,passive,21,parent_pool,missing_role_present_local_neighbor,overall,existing_train_val_minocc100
distinct,passive,13006,parent_pool,output_constant,overall,existing_train_val_minocc100
distinct,passive,13182,parent_pool,outside_fixed_vocabulary_and_input,overall,existing_train_val_minocc100
distinct,passive,1421659,parent_pool,role,overall,existing_train_val_minocc100
inverse,passive,31,parent_pool,known_constant_blocked_by_output_mask,overall,existing_train_val_minocc100
inverse,passive,4,parent_pool,local_constraint_parameter,overall,existing_train_val_minocc100
inverse,passive,284,parent_pool,missing_role_present_local_neighbor,overall,existing_train_val_minocc100
inverse,passive,126105,parent_pool,output_constant,overall,existing_train_val_minocc100
inverse,passive,2702,parent_pool,outside_fixed_vocabulary_and_input,overall,existing_train_val_minocc100
inverse,passive,304800,parent_pool,role,overall,existing_train_val_minocc100
itemRequiresStatement,passive,987,parent_pool,known_constant_blocked_by_output_mask,overall,existing_train_val_minocc100
itemRequiresStatement,passive,80,parent_pool,local_constraint_parameter,overall,existing_train_val_minocc100
itemRequiresStatement,passive,4114,parent_pool,missing_role_present_local_neighbor,overall,existing_train_val_minocc100
itemRequiresStatement,passive,300821,parent_pool,output_constant,overall,existing_train_val_minocc100
itemRequiresStatement,passive,85583,parent_pool,outside_fixed_vocabulary_and_input,overall,existing_train_val_minocc100
itemRequiresStatement,passive,211715,parent_pool,role,overall,existing_train_val_minocc100
oneOf,passive,7,parent_pool,known_constant_blocked_by_output_mask,overall,existing_train_val_minocc100
oneOf,passive,79,parent_pool,local_constraint_parameter,overall,existing_train_val_minocc100
oneOf,passive,3,parent_pool,missing_role_present_local_neighbor,overall,existing_train_val_minocc100
oneOf,passive,9937,parent_pool,output_constant,overall,existing_train_val_minocc100
oneOf,passive,97,parent_pool,outside_fixed_vocabulary_and_input,overall,existing_train_val_minocc100
oneOf,passive,61373,parent_pool,role,overall,existing_train_val_minocc100
single,passive,283,parent_pool,known_constant_blocked_by_output_mask,overall,existing_train_val_minocc100
single,passive,1812,parent_pool,missing_role_present_local_neighbor,overall,existing_train_val_minocc100
single,passive,6814,parent_pool,output_constant,overall,existing_train_val_minocc100
single,passive,29235,parent_pool,outside_fixed_vocabulary_and_input,overall,existing_train_val_minocc100
single,passive,785614,parent_pool,role,overall,existing_train_val_minocc100
symmetric,passive,15,parent_pool,known_constant_blocked_by_output_mask,overall,existing_train_val_minocc100
symmetric,passive,104,parent_pool,missing_role_present_local_neighbor,overall,existing_train_val_minocc100
symmetric,passive,195,parent_pool,output_constant,overall,existing_train_val_minocc100
symmetric,passive,794,parent_pool,outside_fixed_vocabulary_and_input,overall,existing_train_val_minocc100
symmetric,passive,181175,parent_pool,role,overall,existing_train_val_minocc100
type,passive,150,parent_pool,known_constant_blocked_by_output_mask,overall,existing_train_val_minocc100
type,passive,20,parent_pool,local_constraint_parameter,overall,existing_train_val_minocc100
type,passive,719,parent_pool,missing_role_present_local_neighbor,overall,existing_train_val_minocc100
type,passive,372252,parent_pool,output_constant,overall,existing_train_val_minocc100
type,passive,8509,parent_pool,outside_fixed_vocabulary_and_input,overall,existing_train_val_minocc100
type,passive,231094,parent_pool,role,overall,existing_train_val_minocc100
valueRequiresStatement,passive,263,parent_pool,known_constant_blocked_by_output_mask,overall,existing_train_val_minocc100
valueRequiresStatement,passive,1,parent_pool,local_constraint_parameter,overall,existing_train_val_minocc100
valueRequiresStatement,passive,1551,parent_pool,missing_role_present_local_neighbor,overall,existing_train_val_minocc100
valueRequiresStatement,passive,295219,parent_pool,output_constant,overall,existing_train_val_minocc100
valueRequiresStatement,passive,31772,parent_pool,outside_fixed_vocabulary_and_input,overall,existing_train_val_minocc100
valueRequiresStatement,passive,284817,parent_pool,role,overall,existing_train_val_minocc100
valueType,passive,79,parent_pool,known_constant_blocked_by_output_mask,overall,existing_train_val_minocc100
valueType,passive,18,parent_pool,local_constraint_parameter,overall,existing_train_val_minocc100
valueType,passive,778,parent_pool,missing_role_present_local_neighbor,overall,existing_train_val_minocc100
valueType,passive,384959,parent_pool,output_constant,overall,existing_train_val_minocc100
valueType,passive,7086,parent_pool,outside_fixed_vocabulary_and_input,overall,existing_train_val_minocc100
valueType,passive,217406,parent_pool,role,overall,existing_train_val_minocc100
conflictWith,passive,16,parent_pool,known_constant_blocked_by_output_mask,test,existing_train_val_minocc100
conflictWith,passive,2,parent_pool,local_constraint_parameter,test,existing_train_val_minocc100
conflictWith,passive,72,parent_pool,missing_role_present_local_neighbor,test,existing_train_val_minocc100
conflictWith,passive,4505,parent_pool,output_constant,test,existing_train_val_minocc100
conflictWith,passive,1671,parent_pool,outside_fixed_vocabulary_and_input,test,existing_train_val_minocc100
conflictWith,passive,100369,parent_pool,role,test,existing_train_val_minocc100
distinct,passive,2,parent_pool,known_constant_blocked_by_output_mask,test,existing_train_val_minocc100
distinct,passive,2,parent_pool,missing_role_present_local_neighbor,test,existing_train_val_minocc100
distinct,passive,1989,parent_pool,output_constant,test,existing_train_val_minocc100
distinct,passive,1992,parent_pool,outside_fixed_vocabulary_and_input,test,existing_train_val_minocc100
distinct,passive,213356,parent_pool,role,test,existing_train_val_minocc100
inverse,passive,10,parent_pool,known_constant_blocked_by_output_mask,test,existing_train_val_minocc100
inverse,passive,39,parent_pool,missing_role_present_local_neighbor,test,existing_train_val_minocc100
inverse,passive,18985,parent_pool,output_constant,test,existing_train_val_minocc100
inverse,passive,361,parent_pool,outside_fixed_vocabulary_and_input,test,existing_train_val_minocc100
inverse,passive,45666,parent_pool,role,test,existing_train_val_minocc100
itemRequiresStatement,passive,266,parent_pool,known_constant_blocked_by_output_mask,test,existing_train_val_minocc100
itemRequiresStatement,passive,27,parent_pool,local_constraint_parameter,test,existing_train_val_minocc100
itemRequiresStatement,passive,617,parent_pool,missing_role_present_local_neighbor,test,existing_train_val_minocc100
itemRequiresStatement,passive,44971,parent_pool,output_constant,test,existing_train_val_minocc100
itemRequiresStatement,passive,12877,parent_pool,outside_fixed_vocabulary_and_input,test,existing_train_val_minocc100
itemRequiresStatement,passive,31692,parent_pool,role,test,existing_train_val_minocc100
oneOf,passive,3,parent_pool,known_constant_blocked_by_output_mask,test,existing_train_val_minocc100
oneOf,passive,24,parent_pool,local_constraint_parameter,test,existing_train_val_minocc100
oneOf,passive,1,parent_pool,missing_role_present_local_neighbor,test,existing_train_val_minocc100
oneOf,passive,1483,parent_pool,output_constant,test,existing_train_val_minocc100
oneOf,passive,20,parent_pool,outside_fixed_vocabulary_and_input,test,existing_train_val_minocc100
oneOf,passive,9230,parent_pool,role,test,existing_train_val_minocc100
single,passive,70,parent_pool,known_constant_blocked_by_output_mask,test,existing_train_val_minocc100
single,passive,258,parent_pool,missing_role_present_local_neighbor,test,existing_train_val_minocc100
single,passive,964,parent_pool,output_constant,test,existing_train_val_minocc100
single,passive,4418,parent_pool,outside_fixed_vocabulary_and_input,test,existing_train_val_minocc100
single,passive,117794,parent_pool,role,test,existing_train_val_minocc100
symmetric,passive,6,parent_pool,known_constant_blocked_by_output_mask,test,existing_train_val_minocc100
symmetric,passive,13,parent_pool,missing_role_present_local_neighbor,test,existing_train_val_minocc100
symmetric,passive,22,parent_pool,output_constant,test,existing_train_val_minocc100
symmetric,passive,105,parent_pool,outside_fixed_vocabulary_and_input,test,existing_train_val_minocc100
symmetric,passive,26965,parent_pool,role,test,existing_train_val_minocc100
type,passive,43,parent_pool,known_constant_blocked_by_output_mask,test,existing_train_val_minocc100
type,passive,4,parent_pool,local_constraint_parameter,test,existing_train_val_minocc100
type,passive,125,parent_pool,missing_role_present_local_neighbor,test,existing_train_val_minocc100
type,passive,55826,parent_pool,output_constant,test,existing_train_val_minocc100
type,passive,1265,parent_pool,outside_fixed_vocabulary_and_input,test,existing_train_val_minocc100
type,passive,34723,parent_pool,role,test,existing_train_val_minocc100
valueRequiresStatement,passive,76,parent_pool,known_constant_blocked_by_output_mask,test,existing_train_val_minocc100
valueRequiresStatement,passive,226,parent_pool,missing_role_present_local_neighbor,test,existing_train_val_minocc100
valueRequiresStatement,passive,44287,parent_pool,output_constant,test,existing_train_val_minocc100
valueRequiresStatement,passive,4691,parent_pool,outside_fixed_vocabulary_and_input,test,existing_train_val_minocc100
valueRequiresStatement,passive,42652,parent_pool,role,test,existing_train_val_minocc100
valueType,passive,25,parent_pool,known_constant_blocked_by_output_mask,test,existing_train_val_minocc100
valueType,passive,5,parent_pool,local_constraint_parameter,test,existing_train_val_minocc100
valueType,passive,124,parent_pool,missing_role_present_local_neighbor,test,existing_train_val_minocc100
valueType,passive,57736,parent_pool,output_constant,test,existing_train_val_minocc100
valueType,passive,1054,parent_pool,outside_fixed_vocabulary_and_input,test,existing_train_val_minocc100
valueType,passive,32553,parent_pool,role,test,existing_train_val_minocc100
conflictWith,passive,51,parent_pool,known_constant_blocked_by_output_mask,train,existing_train_val_minocc100
conflictWith,passive,5,parent_pool,local_constraint_parameter,train,existing_train_val_minocc100
conflictWith,passive,301,parent_pool,missing_role_present_local_neighbor,train,existing_train_val_minocc100
conflictWith,passive,20977,parent_pool,output_constant,train,existing_train_val_minocc100
conflictWith,passive,8114,parent_pool,outside_fixed_vocabulary_and_input,train,existing_train_val_minocc100
conflictWith,passive,468102,parent_pool,role,train,existing_train_val_minocc100
distinct,passive,3,parent_pool,known_constant_blocked_by_output_mask,train,existing_train_val_minocc100
distinct,passive,17,parent_pool,missing_role_present_local_neighbor,train,existing_train_val_minocc100
distinct,passive,9061,parent_pool,output_constant,train,existing_train_val_minocc100
distinct,passive,9207,parent_pool,outside_fixed_vocabulary_and_input,train,existing_train_val_minocc100
distinct,passive,995034,parent_pool,role,train,existing_train_val_minocc100
inverse,passive,19,parent_pool,known_constant_blocked_by_output_mask,train,existing_train_val_minocc100
inverse,passive,4,parent_pool,local_constraint_parameter,train,existing_train_val_minocc100
inverse,passive,195,parent_pool,missing_role_present_local_neighbor,train,existing_train_val_minocc100
inverse,passive,88171,parent_pool,output_constant,train,existing_train_val_minocc100
inverse,passive,1951,parent_pool,outside_fixed_vocabulary_and_input,train,existing_train_val_minocc100
inverse,passive,213578,parent_pool,role,train,existing_train_val_minocc100
itemRequiresStatement,passive,600,parent_pool,known_constant_blocked_by_output_mask,train,existing_train_val_minocc100
itemRequiresStatement,passive,40,parent_pool,local_constraint_parameter,train,existing_train_val_minocc100
itemRequiresStatement,passive,2879,parent_pool,missing_role_present_local_neighbor,train,existing_train_val_minocc100
itemRequiresStatement,passive,210659,parent_pool,output_constant,train,existing_train_val_minocc100
itemRequiresStatement,passive,59936,parent_pool,outside_fixed_vocabulary_and_input,train,existing_train_val_minocc100
itemRequiresStatement,passive,148274,parent_pool,role,train,existing_train_val_minocc100
oneOf,passive,3,parent_pool,known_constant_blocked_by_output_mask,train,existing_train_val_minocc100
oneOf,passive,42,parent_pool,local_constraint_parameter,train,existing_train_val_minocc100
oneOf,passive,1,parent_pool,missing_role_present_local_neighbor,train,existing_train_val_minocc100
oneOf,passive,6992,parent_pool,output_constant,train,existing_train_val_minocc100
oneOf,passive,63,parent_pool,outside_fixed_vocabulary_and_input,train,existing_train_val_minocc100
oneOf,passive,42990,parent_pool,role,train,existing_train_val_minocc100
single,passive,170,parent_pool,known_constant_blocked_by_output_mask,train,existing_train_val_minocc100
single,passive,1281,parent_pool,missing_role_present_local_neighbor,train,existing_train_val_minocc100
single,passive,4809,parent_pool,output_constant,train,existing_train_val_minocc100
single,passive,20432,parent_pool,outside_fixed_vocabulary_and_input,train,existing_train_val_minocc100
single,passive,549944,parent_pool,role,train,existing_train_val_minocc100
symmetric,passive,8,parent_pool,known_constant_blocked_by_output_mask,train,existing_train_val_minocc100
symmetric,passive,68,parent_pool,missing_role_present_local_neighbor,train,existing_train_val_minocc100
symmetric,passive,137,parent_pool,output_constant,train,existing_train_val_minocc100
symmetric,passive,581,parent_pool,outside_fixed_vocabulary_and_input,train,existing_train_val_minocc100
symmetric,passive,126919,parent_pool,role,train,existing_train_val_minocc100
type,passive,90,parent_pool,known_constant_blocked_by_output_mask,train,existing_train_val_minocc100
type,passive,14,parent_pool,local_constraint_parameter,train,existing_train_val_minocc100
type,passive,516,parent_pool,missing_role_present_local_neighbor,train,existing_train_val_minocc100
type,passive,260515,parent_pool,output_constant,train,existing_train_val_minocc100
type,passive,6003,parent_pool,outside_fixed_vocabulary_and_input,train,existing_train_val_minocc100
type,passive,161787,parent_pool,role,train,existing_train_val_minocc100
valueRequiresStatement,passive,161,parent_pool,known_constant_blocked_by_output_mask,train,existing_train_val_minocc100
valueRequiresStatement,passive,1,parent_pool,local_constraint_parameter,train,existing_train_val_minocc100
valueRequiresStatement,passive,1108,parent_pool,missing_role_present_local_neighbor,train,existing_train_val_minocc100
valueRequiresStatement,passive,206674,parent_pool,output_constant,train,existing_train_val_minocc100
valueRequiresStatement,passive,22315,parent_pool,outside_fixed_vocabulary_and_input,train,existing_train_val_minocc100
valueRequiresStatement,passive,199284,parent_pool,role,train,existing_train_val_minocc100
valueType,passive,46,parent_pool,known_constant_blocked_by_output_mask,train,existing_train_val_minocc100
valueType,passive,9,parent_pool,local_constraint_parameter,train,existing_train_val_minocc100
valueType,passive,524,parent_pool,missing_role_present_local_neighbor,train,existing_train_val_minocc100
valueType,passive,269458,parent_pool,output_constant,train,existing_train_val_minocc100
valueType,passive,4980,parent_pool,outside_fixed_vocabulary_and_input,train,existing_train_val_minocc100
valueType,passive,152198,parent_pool,role,train,existing_train_val_minocc100
conflictWith,passive,4,parent_pool,known_constant_blocked_by_output_mask,val,existing_train_val_minocc100
conflictWith,passive,72,parent_pool,missing_role_present_local_neighbor,val,existing_train_val_minocc100
conflictWith,passive,4446,parent_pool,output_constant,val,existing_train_val_minocc100
conflictWith,passive,1728,parent_pool,outside_fixed_vocabulary_and_input,val,existing_train_val_minocc100
conflictWith,passive,100310,parent_pool,role,val,existing_train_val_minocc100
distinct,passive,2,parent_pool,known_constant_blocked_by_output_mask,val,existing_train_val_minocc100
distinct,passive,2,parent_pool,missing_role_present_local_neighbor,val,existing_train_val_minocc100
distinct,passive,1956,parent_pool,output_constant,val,existing_train_val_minocc100
distinct,passive,1983,parent_pool,outside_fixed_vocabulary_and_input,val,existing_train_val_minocc100
distinct,passive,213269,parent_pool,role,val,existing_train_val_minocc100
inverse,passive,2,parent_pool,known_constant_blocked_by_output_mask,val,existing_train_val_minocc100
inverse,passive,50,parent_pool,missing_role_present_local_neighbor,val,existing_train_val_minocc100
inverse,passive,18949,parent_pool,output_constant,val,existing_train_val_minocc100
inverse,passive,390,parent_pool,outside_fixed_vocabulary_and_input,val,existing_train_val_minocc100
inverse,passive,45556,parent_pool,role,val,existing_train_val_minocc100
itemRequiresStatement,passive,121,parent_pool,known_constant_blocked_by_output_mask,val,existing_train_val_minocc100
itemRequiresStatement,passive,13,parent_pool,local_constraint_parameter,val,existing_train_val_minocc100
itemRequiresStatement,passive,618,parent_pool,missing_role_present_local_neighbor,val,existing_train_val_minocc100
itemRequiresStatement,passive,45191,parent_pool,output_constant,val,existing_train_val_minocc100
itemRequiresStatement,passive,12770,parent_pool,outside_fixed_vocabulary_and_input,val,existing_train_val_minocc100
itemRequiresStatement,passive,31749,parent_pool,role,val,existing_train_val_minocc100
oneOf,passive,1,parent_pool,known_constant_blocked_by_output_mask,val,existing_train_val_minocc100
oneOf,passive,13,parent_pool,local_constraint_parameter,val,existing_train_val_minocc100
oneOf,passive,1,parent_pool,missing_role_present_local_neighbor,val,existing_train_val_minocc100
oneOf,passive,1462,parent_pool,output_constant,val,existing_train_val_minocc100
oneOf,passive,14,parent_pool,outside_fixed_vocabulary_and_input,val,existing_train_val_minocc100
oneOf,passive,9153,parent_pool,role,val,existing_train_val_minocc100
single,passive,43,parent_pool,known_constant_blocked_by_output_mask,val,existing_train_val_minocc100
single,passive,273,parent_pool,missing_role_present_local_neighbor,val,existing_train_val_minocc100
single,passive,1041,parent_pool,output_constant,val,existing_train_val_minocc100
single,passive,4385,parent_pool,outside_fixed_vocabulary_and_input,val,existing_train_val_minocc100
single,passive,117876,parent_pool,role,val,existing_train_val_minocc100
symmetric,passive,1,parent_pool,known_constant_blocked_by_output_mask,val,existing_train_val_minocc100
symmetric,passive,23,parent_pool,missing_role_present_local_neighbor,val,existing_train_val_minocc100
symmetric,passive,36,parent_pool,output_constant,val,existing_train_val_minocc100
symmetric,passive,108,parent_pool,outside_fixed_vocabulary_and_input,val,existing_train_val_minocc100
symmetric,passive,27291,parent_pool,role,val,existing_train_val_minocc100
type,passive,17,parent_pool,known_constant_blocked_by_output_mask,val,existing_train_val_minocc100
type,passive,2,parent_pool,local_constraint_parameter,val,existing_train_val_minocc100
type,passive,78,parent_pool,missing_role_present_local_neighbor,val,existing_train_val_minocc100
type,passive,55911,parent_pool,output_constant,val,existing_train_val_minocc100
type,passive,1241,parent_pool,outside_fixed_vocabulary_and_input,val,existing_train_val_minocc100
type,passive,34584,parent_pool,role,val,existing_train_val_minocc100
valueRequiresStatement,passive,26,parent_pool,known_constant_blocked_by_output_mask,val,existing_train_val_minocc100
valueRequiresStatement,passive,217,parent_pool,missing_role_present_local_neighbor,val,existing_train_val_minocc100
valueRequiresStatement,passive,44258,parent_pool,output_constant,val,existing_train_val_minocc100
valueRequiresStatement,passive,4766,parent_pool,outside_fixed_vocabulary_and_input,val,existing_train_val_minocc100
valueRequiresStatement,passive,42881,parent_pool,role,val,existing_train_val_minocc100
valueType,passive,8,parent_pool,known_constant_blocked_by_output_mask,val,existing_train_val_minocc100
valueType,passive,4,parent_pool,local_constraint_parameter,val,existing_train_val_minocc100
valueType,passive,130,parent_pool,missing_role_present_local_neighbor,val,existing_train_val_minocc100
valueType,passive,57765,parent_pool,output_constant,val,existing_train_val_minocc100
valueType,passive,1052,parent_pool,outside_fixed_vocabulary_and_input,val,existing_train_val_minocc100
valueType,passive,32655,parent_pool,role,val,existing_train_val_minocc100
overall,factorized,1730,parent_pool,known_constant_blocked_by_output_mask,overall,existing_train_val_minocc100
overall,factorized,410,parent_pool,local_constraint_parameter,overall,existing_train_val_minocc100
overall,factorized,9793,parent_pool,missing_role_present_local_neighbor,overall,existing_train_val_minocc100
overall,factorized,1539236,parent_pool,output_constant,overall,existing_train_val_minocc100
overall,factorized,190473,parent_pool,outside_fixed_vocabulary_and_input,overall,existing_train_val_minocc100
overall,factorized,4368434,parent_pool,role,overall,existing_train_val_minocc100
overall,factorized,473,parent_pool,known_constant_blocked_by_output_mask,test,existing_train_val_minocc100
overall,factorized,116,parent_pool,local_constraint_parameter,test,existing_train_val_minocc100
overall,factorized,1467,parent_pool,missing_role_present_local_neighbor,test,existing_train_val_minocc100
overall,factorized,230768,parent_pool,output_constant,test,existing_train_val_minocc100
overall,factorized,28454,parent_pool,outside_fixed_vocabulary_and_input,test,existing_train_val_minocc100
overall,factorized,655000,parent_pool,role,test,existing_train_val_minocc100
overall,factorized,1058,parent_pool,known_constant_blocked_by_output_mask,train,existing_train_val_minocc100
overall,factorized,233,parent_pool,local_constraint_parameter,train,existing_train_val_minocc100
overall,factorized,6865,parent_pool,missing_role_present_local_neighbor,train,existing_train_val_minocc100
overall,factorized,1077453,parent_pool,output_constant,train,existing_train_val_minocc100
overall,factorized,133582,parent_pool,outside_fixed_vocabulary_and_input,train,existing_train_val_minocc100
overall,factorized,3058110,parent_pool,role,train,existing_train_val_minocc100
overall,factorized,199,parent_pool,known_constant_blocked_by_output_mask,val,existing_train_val_minocc100
overall,factorized,61,parent_pool,local_constraint_parameter,val,existing_train_val_minocc100
overall,factorized,1461,parent_pool,missing_role_present_local_neighbor,val,existing_train_val_minocc100
overall,factorized,231015,parent_pool,output_constant,val,existing_train_val_minocc100
overall,factorized,28437,parent_pool,outside_fixed_vocabulary_and_input,val,existing_train_val_minocc100
overall,factorized,655324,parent_pool,role,val,existing_train_val_minocc100
conflictWith,factorized,70,parent_pool,known_constant_blocked_by_output_mask,overall,existing_train_val_minocc100
conflictWith,factorized,12,parent_pool,local_constraint_parameter,overall,existing_train_val_minocc100
conflictWith,factorized,441,parent_pool,missing_role_present_local_neighbor,overall,existing_train_val_minocc100
conflictWith,factorized,29928,parent_pool,output_constant,overall,existing_train_val_minocc100
conflictWith,factorized,11513,parent_pool,outside_fixed_vocabulary_and_input,overall,existing_train_val_minocc100
conflictWith,factorized,668781,parent_pool,role,overall,existing_train_val_minocc100
distinct,factorized,7,parent_pool,known_constant_blocked_by_output_mask,overall,existing_train_val_minocc100
distinct,factorized,21,parent_pool,missing_role_present_local_neighbor,overall,existing_train_val_minocc100
distinct,factorized,13006,parent_pool,output_constant,overall,existing_train_val_minocc100
distinct,factorized,13182,parent_pool,outside_fixed_vocabulary_and_input,overall,existing_train_val_minocc100
distinct,factorized,1421659,parent_pool,role,overall,existing_train_val_minocc100
inverse,factorized,31,parent_pool,known_constant_blocked_by_output_mask,overall,existing_train_val_minocc100
inverse,factorized,5,parent_pool,local_constraint_parameter,overall,existing_train_val_minocc100
inverse,factorized,283,parent_pool,missing_role_present_local_neighbor,overall,existing_train_val_minocc100
inverse,factorized,126105,parent_pool,output_constant,overall,existing_train_val_minocc100
inverse,factorized,2702,parent_pool,outside_fixed_vocabulary_and_input,overall,existing_train_val_minocc100
inverse,factorized,304800,parent_pool,role,overall,existing_train_val_minocc100
itemRequiresStatement,factorized,862,parent_pool,known_constant_blocked_by_output_mask,overall,existing_train_val_minocc100
itemRequiresStatement,factorized,233,parent_pool,local_constraint_parameter,overall,existing_train_val_minocc100
itemRequiresStatement,factorized,4086,parent_pool,missing_role_present_local_neighbor,overall,existing_train_val_minocc100
itemRequiresStatement,factorized,300821,parent_pool,output_constant,overall,existing_train_val_minocc100
itemRequiresStatement,factorized,85583,parent_pool,outside_fixed_vocabulary_and_input,overall,existing_train_val_minocc100
itemRequiresStatement,factorized,211715,parent_pool,role,overall,existing_train_val_minocc100
oneOf,factorized,7,parent_pool,known_constant_blocked_by_output_mask,overall,existing_train_val_minocc100
oneOf,factorized,79,parent_pool,local_constraint_parameter,overall,existing_train_val_minocc100
oneOf,factorized,3,parent_pool,missing_role_present_local_neighbor,overall,existing_train_val_minocc100
oneOf,factorized,9937,parent_pool,output_constant,overall,existing_train_val_minocc100
oneOf,factorized,97,parent_pool,outside_fixed_vocabulary_and_input,overall,existing_train_val_minocc100
oneOf,factorized,61373,parent_pool,role,overall,existing_train_val_minocc100
single,factorized,276,parent_pool,known_constant_blocked_by_output_mask,overall,existing_train_val_minocc100
single,factorized,9,parent_pool,local_constraint_parameter,overall,existing_train_val_minocc100
single,factorized,1810,parent_pool,missing_role_present_local_neighbor,overall,existing_train_val_minocc100
single,factorized,6814,parent_pool,output_constant,overall,existing_train_val_minocc100
single,factorized,29235,parent_pool,outside_fixed_vocabulary_and_input,overall,existing_train_val_minocc100
single,factorized,785614,parent_pool,role,overall,existing_train_val_minocc100
symmetric,factorized,15,parent_pool,known_constant_blocked_by_output_mask,overall,existing_train_val_minocc100
symmetric,factorized,104,parent_pool,missing_role_present_local_neighbor,overall,existing_train_val_minocc100
symmetric,factorized,195,parent_pool,output_constant,overall,existing_train_val_minocc100
symmetric,factorized,794,parent_pool,outside_fixed_vocabulary_and_input,overall,existing_train_val_minocc100
symmetric,factorized,181175,parent_pool,role,overall,existing_train_val_minocc100
type,factorized,136,parent_pool,known_constant_blocked_by_output_mask,overall,existing_train_val_minocc100
type,factorized,34,parent_pool,local_constraint_parameter,overall,existing_train_val_minocc100
type,factorized,719,parent_pool,missing_role_present_local_neighbor,overall,existing_train_val_minocc100
type,factorized,372252,parent_pool,output_constant,overall,existing_train_val_minocc100
type,factorized,8509,parent_pool,outside_fixed_vocabulary_and_input,overall,existing_train_val_minocc100
type,factorized,231094,parent_pool,role,overall,existing_train_val_minocc100
valueRequiresStatement,factorized,252,parent_pool,known_constant_blocked_by_output_mask,overall,existing_train_val_minocc100
valueRequiresStatement,factorized,15,parent_pool,local_constraint_parameter,overall,existing_train_val_minocc100
valueRequiresStatement,factorized,1548,parent_pool,missing_role_present_local_neighbor,overall,existing_train_val_minocc100
valueRequiresStatement,factorized,295219,parent_pool,output_constant,overall,existing_train_val_minocc100
valueRequiresStatement,factorized,31772,parent_pool,outside_fixed_vocabulary_and_input,overall,existing_train_val_minocc100
valueRequiresStatement,factorized,284817,parent_pool,role,overall,existing_train_val_minocc100
valueType,factorized,74,parent_pool,known_constant_blocked_by_output_mask,overall,existing_train_val_minocc100
valueType,factorized,23,parent_pool,local_constraint_parameter,overall,existing_train_val_minocc100
valueType,factorized,778,parent_pool,missing_role_present_local_neighbor,overall,existing_train_val_minocc100
valueType,factorized,384959,parent_pool,output_constant,overall,existing_train_val_minocc100
valueType,factorized,7086,parent_pool,outside_fixed_vocabulary_and_input,overall,existing_train_val_minocc100
valueType,factorized,217406,parent_pool,role,overall,existing_train_val_minocc100
conflictWith,factorized,15,parent_pool,known_constant_blocked_by_output_mask,test,existing_train_val_minocc100
conflictWith,factorized,3,parent_pool,local_constraint_parameter,test,existing_train_val_minocc100
conflictWith,factorized,72,parent_pool,missing_role_present_local_neighbor,test,existing_train_val_minocc100
conflictWith,factorized,4505,parent_pool,output_constant,test,existing_train_val_minocc100
conflictWith,factorized,1671,parent_pool,outside_fixed_vocabulary_and_input,test,existing_train_val_minocc100
conflictWith,factorized,100369,parent_pool,role,test,existing_train_val_minocc100
distinct,factorized,2,parent_pool,known_constant_blocked_by_output_mask,test,existing_train_val_minocc100
distinct,factorized,2,parent_pool,missing_role_present_local_neighbor,test,existing_train_val_minocc100
distinct,factorized,1989,parent_pool,output_constant,test,existing_train_val_minocc100
distinct,factorized,1992,parent_pool,outside_fixed_vocabulary_and_input,test,existing_train_val_minocc100
distinct,factorized,213356,parent_pool,role,test,existing_train_val_minocc100
inverse,factorized,10,parent_pool,known_constant_blocked_by_output_mask,test,existing_train_val_minocc100
inverse,factorized,39,parent_pool,missing_role_present_local_neighbor,test,existing_train_val_minocc100
inverse,factorized,18985,parent_pool,output_constant,test,existing_train_val_minocc100
inverse,factorized,361,parent_pool,outside_fixed_vocabulary_and_input,test,existing_train_val_minocc100
inverse,factorized,45666,parent_pool,role,test,existing_train_val_minocc100
itemRequiresStatement,factorized,236,parent_pool,known_constant_blocked_by_output_mask,test,existing_train_val_minocc100
itemRequiresStatement,factorized,66,parent_pool,local_constraint_parameter,test,existing_train_val_minocc100
itemRequiresStatement,factorized,608,parent_pool,missing_role_present_local_neighbor,test,existing_train_val_minocc100
itemRequiresStatement,factorized,44971,parent_pool,output_constant,test,existing_train_val_minocc100
itemRequiresStatement,factorized,12877,parent_pool,outside_fixed_vocabulary_and_input,test,existing_train_val_minocc100
itemRequiresStatement,factorized,31692,parent_pool,role,test,existing_train_val_minocc100
oneOf,factorized,3,parent_pool,known_constant_blocked_by_output_mask,test,existing_train_val_minocc100
oneOf,factorized,24,parent_pool,local_constraint_parameter,test,existing_train_val_minocc100
oneOf,factorized,1,parent_pool,missing_role_present_local_neighbor,test,existing_train_val_minocc100
oneOf,factorized,1483,parent_pool,output_constant,test,existing_train_val_minocc100
oneOf,factorized,20,parent_pool,outside_fixed_vocabulary_and_input,test,existing_train_val_minocc100
oneOf,factorized,9230,parent_pool,role,test,existing_train_val_minocc100
single,factorized,69,parent_pool,known_constant_blocked_by_output_mask,test,existing_train_val_minocc100
single,factorized,1,parent_pool,local_constraint_parameter,test,existing_train_val_minocc100
single,factorized,258,parent_pool,missing_role_present_local_neighbor,test,existing_train_val_minocc100
single,factorized,964,parent_pool,output_constant,test,existing_train_val_minocc100
single,factorized,4418,parent_pool,outside_fixed_vocabulary_and_input,test,existing_train_val_minocc100
single,factorized,117794,parent_pool,role,test,existing_train_val_minocc100
symmetric,factorized,6,parent_pool,known_constant_blocked_by_output_mask,test,existing_train_val_minocc100
symmetric,factorized,13,parent_pool,missing_role_present_local_neighbor,test,existing_train_val_minocc100
symmetric,factorized,22,parent_pool,output_constant,test,existing_train_val_minocc100
symmetric,factorized,105,parent_pool,outside_fixed_vocabulary_and_input,test,existing_train_val_minocc100
symmetric,factorized,26965,parent_pool,role,test,existing_train_val_minocc100
type,factorized,37,parent_pool,known_constant_blocked_by_output_mask,test,existing_train_val_minocc100
type,factorized,10,parent_pool,local_constraint_parameter,test,existing_train_val_minocc100
type,factorized,125,parent_pool,missing_role_present_local_neighbor,test,existing_train_val_minocc100
type,factorized,55826,parent_pool,output_constant,test,existing_train_val_minocc100
type,factorized,1265,parent_pool,outside_fixed_vocabulary_and_input,test,existing_train_val_minocc100
type,factorized,34723,parent_pool,role,test,existing_train_val_minocc100
valueRequiresStatement,factorized,72,parent_pool,known_constant_blocked_by_output_mask,test,existing_train_val_minocc100
valueRequiresStatement,factorized,5,parent_pool,local_constraint_parameter,test,existing_train_val_minocc100
valueRequiresStatement,factorized,225,parent_pool,missing_role_present_local_neighbor,test,existing_train_val_minocc100
valueRequiresStatement,factorized,44287,parent_pool,output_constant,test,existing_train_val_minocc100
valueRequiresStatement,factorized,4691,parent_pool,outside_fixed_vocabulary_and_input,test,existing_train_val_minocc100
valueRequiresStatement,factorized,42652,parent_pool,role,test,existing_train_val_minocc100
valueType,factorized,23,parent_pool,known_constant_blocked_by_output_mask,test,existing_train_val_minocc100
valueType,factorized,7,parent_pool,local_constraint_parameter,test,existing_train_val_minocc100
valueType,factorized,124,parent_pool,missing_role_present_local_neighbor,test,existing_train_val_minocc100
valueType,factorized,57736,parent_pool,output_constant,test,existing_train_val_minocc100
valueType,factorized,1054,parent_pool,outside_fixed_vocabulary_and_input,test,existing_train_val_minocc100
valueType,factorized,32553,parent_pool,role,test,existing_train_val_minocc100
conflictWith,factorized,51,parent_pool,known_constant_blocked_by_output_mask,train,existing_train_val_minocc100
conflictWith,factorized,9,parent_pool,local_constraint_parameter,train,existing_train_val_minocc100
conflictWith,factorized,297,parent_pool,missing_role_present_local_neighbor,train,existing_train_val_minocc100
conflictWith,factorized,20977,parent_pool,output_constant,train,existing_train_val_minocc100
conflictWith,factorized,8114,parent_pool,outside_fixed_vocabulary_and_input,train,existing_train_val_minocc100
conflictWith,factorized,468102,parent_pool,role,train,existing_train_val_minocc100
distinct,factorized,3,parent_pool,known_constant_blocked_by_output_mask,train,existing_train_val_minocc100
distinct,factorized,17,parent_pool,missing_role_present_local_neighbor,train,existing_train_val_minocc100
distinct,factorized,9061,parent_pool,output_constant,train,existing_train_val_minocc100
distinct,factorized,9207,parent_pool,outside_fixed_vocabulary_and_input,train,existing_train_val_minocc100
distinct,factorized,995034,parent_pool,role,train,existing_train_val_minocc100
inverse,factorized,19,parent_pool,known_constant_blocked_by_output_mask,train,existing_train_val_minocc100
inverse,factorized,5,parent_pool,local_constraint_parameter,train,existing_train_val_minocc100
inverse,factorized,194,parent_pool,missing_role_present_local_neighbor,train,existing_train_val_minocc100
inverse,factorized,88171,parent_pool,output_constant,train,existing_train_val_minocc100
inverse,factorized,1951,parent_pool,outside_fixed_vocabulary_and_input,train,existing_train_val_minocc100
inverse,factorized,213578,parent_pool,role,train,existing_train_val_minocc100
itemRequiresStatement,factorized,523,parent_pool,known_constant_blocked_by_output_mask,train,existing_train_val_minocc100
itemRequiresStatement,factorized,134,parent_pool,local_constraint_parameter,train,existing_train_val_minocc100
itemRequiresStatement,factorized,2862,parent_pool,missing_role_present_local_neighbor,train,existing_train_val_minocc100
itemRequiresStatement,factorized,210659,parent_pool,output_constant,train,existing_train_val_minocc100
itemRequiresStatement,factorized,59936,parent_pool,outside_fixed_vocabulary_and_input,train,existing_train_val_minocc100
itemRequiresStatement,factorized,148274,parent_pool,role,train,existing_train_val_minocc100
oneOf,factorized,3,parent_pool,known_constant_blocked_by_output_mask,train,existing_train_val_minocc100
oneOf,factorized,42,parent_pool,local_constraint_parameter,train,existing_train_val_minocc100
oneOf,factorized,1,parent_pool,missing_role_present_local_neighbor,train,existing_train_val_minocc100
oneOf,factorized,6992,parent_pool,output_constant,train,existing_train_val_minocc100
oneOf,factorized,63,parent_pool,outside_fixed_vocabulary_and_input,train,existing_train_val_minocc100
oneOf,factorized,42990,parent_pool,role,train,existing_train_val_minocc100
single,factorized,167,parent_pool,known_constant_blocked_by_output_mask,train,existing_train_val_minocc100
single,factorized,5,parent_pool,local_constraint_parameter,train,existing_train_val_minocc100
single,factorized,1279,parent_pool,missing_role_present_local_neighbor,train,existing_train_val_minocc100
single,factorized,4809,parent_pool,output_constant,train,existing_train_val_minocc100
single,factorized,20432,parent_pool,outside_fixed_vocabulary_and_input,train,existing_train_val_minocc100
single,factorized,549944,parent_pool,role,train,existing_train_val_minocc100
symmetric,factorized,8,parent_pool,known_constant_blocked_by_output_mask,train,existing_train_val_minocc100
symmetric,factorized,68,parent_pool,missing_role_present_local_neighbor,train,existing_train_val_minocc100
symmetric,factorized,137,parent_pool,output_constant,train,existing_train_val_minocc100
symmetric,factorized,581,parent_pool,outside_fixed_vocabulary_and_input,train,existing_train_val_minocc100
symmetric,factorized,126919,parent_pool,role,train,existing_train_val_minocc100
type,factorized,83,parent_pool,known_constant_blocked_by_output_mask,train,existing_train_val_minocc100
type,factorized,21,parent_pool,local_constraint_parameter,train,existing_train_val_minocc100
type,factorized,516,parent_pool,missing_role_present_local_neighbor,train,existing_train_val_minocc100
type,factorized,260515,parent_pool,output_constant,train,existing_train_val_minocc100
type,factorized,6003,parent_pool,outside_fixed_vocabulary_and_input,train,existing_train_val_minocc100
type,factorized,161787,parent_pool,role,train,existing_train_val_minocc100
valueRequiresStatement,factorized,157,parent_pool,known_constant_blocked_by_output_mask,train,existing_train_val_minocc100
valueRequiresStatement,factorized,6,parent_pool,local_constraint_parameter,train,existing_train_val_minocc100
valueRequiresStatement,factorized,1107,parent_pool,missing_role_present_local_neighbor,train,existing_train_val_minocc100
valueRequiresStatement,factorized,206674,parent_pool,output_constant,train,existing_train_val_minocc100
valueRequiresStatement,factorized,22315,parent_pool,outside_fixed_vocabulary_and_input,train,existing_train_val_minocc100
valueRequiresStatement,factorized,199284,parent_pool,role,train,existing_train_val_minocc100
valueType,factorized,44,parent_pool,known_constant_blocked_by_output_mask,train,existing_train_val_minocc100
valueType,factorized,11,parent_pool,local_constraint_parameter,train,existing_train_val_minocc100
valueType,factorized,524,parent_pool,missing_role_present_local_neighbor,train,existing_train_val_minocc100
valueType,factorized,269458,parent_pool,output_constant,train,existing_train_val_minocc100
valueType,factorized,4980,parent_pool,outside_fixed_vocabulary_and_input,train,existing_train_val_minocc100
valueType,factorized,152198,parent_pool,role,train,existing_train_val_minocc100
conflictWith,factorized,4,parent_pool,known_constant_blocked_by_output_mask,val,existing_train_val_minocc100
conflictWith,factorized,72,parent_pool,missing_role_present_local_neighbor,val,existing_train_val_minocc100
conflictWith,factorized,4446,parent_pool,output_constant,val,existing_train_val_minocc100
conflictWith,factorized,1728,parent_pool,outside_fixed_vocabulary_and_input,val,existing_train_val_minocc100
conflictWith,factorized,100310,parent_pool,role,val,existing_train_val_minocc100
distinct,factorized,2,parent_pool,known_constant_blocked_by_output_mask,val,existing_train_val_minocc100
distinct,factorized,2,parent_pool,missing_role_present_local_neighbor,val,existing_train_val_minocc100
distinct,factorized,1956,parent_pool,output_constant,val,existing_train_val_minocc100
distinct,factorized,1983,parent_pool,outside_fixed_vocabulary_and_input,val,existing_train_val_minocc100
distinct,factorized,213269,parent_pool,role,val,existing_train_val_minocc100
inverse,factorized,2,parent_pool,known_constant_blocked_by_output_mask,val,existing_train_val_minocc100
inverse,factorized,50,parent_pool,missing_role_present_local_neighbor,val,existing_train_val_minocc100
inverse,factorized,18949,parent_pool,output_constant,val,existing_train_val_minocc100
inverse,factorized,390,parent_pool,outside_fixed_vocabulary_and_input,val,existing_train_val_minocc100
inverse,factorized,45556,parent_pool,role,val,existing_train_val_minocc100
itemRequiresStatement,factorized,103,parent_pool,known_constant_blocked_by_output_mask,val,existing_train_val_minocc100
itemRequiresStatement,factorized,33,parent_pool,local_constraint_parameter,val,existing_train_val_minocc100
itemRequiresStatement,factorized,616,parent_pool,missing_role_present_local_neighbor,val,existing_train_val_minocc100
itemRequiresStatement,factorized,45191,parent_pool,output_constant,val,existing_train_val_minocc100
itemRequiresStatement,factorized,12770,parent_pool,outside_fixed_vocabulary_and_input,val,existing_train_val_minocc100
itemRequiresStatement,factorized,31749,parent_pool,role,val,existing_train_val_minocc100
oneOf,factorized,1,parent_pool,known_constant_blocked_by_output_mask,val,existing_train_val_minocc100
oneOf,factorized,13,parent_pool,local_constraint_parameter,val,existing_train_val_minocc100
oneOf,factorized,1,parent_pool,missing_role_present_local_neighbor,val,existing_train_val_minocc100
oneOf,factorized,1462,parent_pool,output_constant,val,existing_train_val_minocc100
oneOf,factorized,14,parent_pool,outside_fixed_vocabulary_and_input,val,existing_train_val_minocc100
oneOf,factorized,9153,parent_pool,role,val,existing_train_val_minocc100
single,factorized,40,parent_pool,known_constant_blocked_by_output_mask,val,existing_train_val_minocc100
single,factorized,3,parent_pool,local_constraint_parameter,val,existing_train_val_minocc100
single,factorized,273,parent_pool,missing_role_present_local_neighbor,val,existing_train_val_minocc100
single,factorized,1041,parent_pool,output_constant,val,existing_train_val_minocc100
single,factorized,4385,parent_pool,outside_fixed_vocabulary_and_input,val,existing_train_val_minocc100
single,factorized,117876,parent_pool,role,val,existing_train_val_minocc100
symmetric,factorized,1,parent_pool,known_constant_blocked_by_output_mask,val,existing_train_val_minocc100
symmetric,factorized,23,parent_pool,missing_role_present_local_neighbor,val,existing_train_val_minocc100
symmetric,factorized,36,parent_pool,output_constant,val,existing_train_val_minocc100
symmetric,factorized,108,parent_pool,outside_fixed_vocabulary_and_input,val,existing_train_val_minocc100
symmetric,factorized,27291,parent_pool,role,val,existing_train_val_minocc100
type,factorized,16,parent_pool,known_constant_blocked_by_output_mask,val,existing_train_val_minocc100
type,factorized,3,parent_pool,local_constraint_parameter,val,existing_train_val_minocc100
type,factorized,78,parent_pool,missing_role_present_local_neighbor,val,existing_train_val_minocc100
type,factorized,55911,parent_pool,output_constant,val,existing_train_val_minocc100
type,factorized,1241,parent_pool,outside_fixed_vocabulary_and_input,val,existing_train_val_minocc100
type,factorized,34584,parent_pool,role,val,existing_train_val_minocc100
valueRequiresStatement,factorized,23,parent_pool,known_constant_blocked_by_output_mask,val,existing_train_val_minocc100
valueRequiresStatement,factorized,4,parent_pool,local_constraint_parameter,val,existing_train_val_minocc100
valueRequiresStatement,factorized,216,parent_pool,missing_role_present_local_neighbor,val,existing_train_val_minocc100
valueRequiresStatement,factorized,44258,parent_pool,output_constant,val,existing_train_val_minocc100
valueRequiresStatement,factorized,4766,parent_pool,outside_fixed_vocabulary_and_input,val,existing_train_val_minocc100
valueRequiresStatement,factorized,42881,parent_pool,role,val,existing_train_val_minocc100
valueType,factorized,7,parent_pool,known_constant_blocked_by_output_mask,val,existing_train_val_minocc100
valueType,factorized,5,parent_pool,local_constraint_parameter,val,existing_train_val_minocc100
valueType,factorized,130,parent_pool,missing_role_present_local_neighbor,val,existing_train_val_minocc100
valueType,factorized,57765,parent_pool,output_constant,val,existing_train_val_minocc100
valueType,factorized,1052,parent_pool,outside_fixed_vocabulary_and_input,val,existing_train_val_minocc100
valueType,factorized,32655,parent_pool,role,val,existing_train_val_minocc100
overall,passive,704,parent_pool,known_constant_blocked_by_output_mask,overall,clean_parent_train_minocc100
overall,passive,83,parent_pool,local_constraint_parameter,overall,clean_parent_train_minocc100
overall,passive,9679,parent_pool,missing_role_present_local_neighbor,overall,clean_parent_train_minocc100
overall,passive,1540703,parent_pool,output_constant,overall,clean_parent_train_minocc100
overall,passive,190473,parent_pool,outside_fixed_vocabulary_and_input,overall,clean_parent_train_minocc100
overall,passive,4368434,parent_pool,role,overall,clean_parent_train_minocc100
overall,passive,346,parent_pool,known_constant_blocked_by_output_mask,test,clean_parent_train_minocc100
overall,passive,40,parent_pool,local_constraint_parameter,test,clean_parent_train_minocc100
overall,passive,1453,parent_pool,missing_role_present_local_neighbor,test,clean_parent_train_minocc100
overall,passive,230985,parent_pool,output_constant,test,clean_parent_train_minocc100
overall,passive,28454,parent_pool,outside_fixed_vocabulary_and_input,test,clean_parent_train_minocc100
overall,passive,655000,parent_pool,role,test,clean_parent_train_minocc100
overall,passive,6752,parent_pool,missing_role_present_local_neighbor,train,clean_parent_train_minocc100
overall,passive,1078857,parent_pool,output_constant,train,clean_parent_train_minocc100
overall,passive,133582,parent_pool,outside_fixed_vocabulary_and_input,train,clean_parent_train_minocc100
overall,passive,3058110,parent_pool,role,train,clean_parent_train_minocc100
overall,passive,358,parent_pool,known_constant_blocked_by_output_mask,val,clean_parent_train_minocc100
overall,passive,43,parent_pool,local_constraint_parameter,val,clean_parent_train_minocc100
overall,passive,1474,parent_pool,missing_role_present_local_neighbor,val,clean_parent_train_minocc100
overall,passive,230861,parent_pool,output_constant,val,clean_parent_train_minocc100
overall,passive,28437,parent_pool,outside_fixed_vocabulary_and_input,val,clean_parent_train_minocc100
overall,passive,655324,parent_pool,role,val,clean_parent_train_minocc100
conflictWith,passive,18,parent_pool,known_constant_blocked_by_output_mask,overall,clean_parent_train_minocc100
conflictWith,passive,3,parent_pool,local_constraint_parameter,overall,clean_parent_train_minocc100
conflictWith,passive,427,parent_pool,missing_role_present_local_neighbor,overall,clean_parent_train_minocc100
conflictWith,passive,30003,parent_pool,output_constant,overall,clean_parent_train_minocc100
conflictWith,passive,11513,parent_pool,outside_fixed_vocabulary_and_input,overall,clean_parent_train_minocc100
conflictWith,passive,668781,parent_pool,role,overall,clean_parent_train_minocc100
distinct,passive,5,parent_pool,known_constant_blocked_by_output_mask,overall,clean_parent_train_minocc100
distinct,passive,21,parent_pool,missing_role_present_local_neighbor,overall,clean_parent_train_minocc100
distinct,passive,13008,parent_pool,output_constant,overall,clean_parent_train_minocc100
distinct,passive,13182,parent_pool,outside_fixed_vocabulary_and_input,overall,clean_parent_train_minocc100
distinct,passive,1421659,parent_pool,role,overall,clean_parent_train_minocc100
inverse,passive,15,parent_pool,known_constant_blocked_by_output_mask,overall,clean_parent_train_minocc100
inverse,passive,282,parent_pool,missing_role_present_local_neighbor,overall,clean_parent_train_minocc100
inverse,passive,126127,parent_pool,output_constant,overall,clean_parent_train_minocc100
inverse,passive,2702,parent_pool,outside_fixed_vocabulary_and_input,overall,clean_parent_train_minocc100
inverse,passive,304800,parent_pool,role,overall,clean_parent_train_minocc100
itemRequiresStatement,passive,363,parent_pool,known_constant_blocked_by_output_mask,overall,clean_parent_train_minocc100
itemRequiresStatement,passive,33,parent_pool,local_constraint_parameter,overall,clean_parent_train_minocc100
itemRequiresStatement,passive,4058,parent_pool,missing_role_present_local_neighbor,overall,clean_parent_train_minocc100
itemRequiresStatement,passive,301548,parent_pool,output_constant,overall,clean_parent_train_minocc100
itemRequiresStatement,passive,85583,parent_pool,outside_fixed_vocabulary_and_input,overall,clean_parent_train_minocc100
itemRequiresStatement,passive,211715,parent_pool,role,overall,clean_parent_train_minocc100
oneOf,passive,3,parent_pool,known_constant_blocked_by_output_mask,overall,clean_parent_train_minocc100
oneOf,passive,34,parent_pool,local_constraint_parameter,overall,clean_parent_train_minocc100
oneOf,passive,3,parent_pool,missing_role_present_local_neighbor,overall,clean_parent_train_minocc100
oneOf,passive,9986,parent_pool,output_constant,overall,clean_parent_train_minocc100
oneOf,passive,97,parent_pool,outside_fixed_vocabulary_and_input,overall,clean_parent_train_minocc100
oneOf,passive,61373,parent_pool,role,overall,clean_parent_train_minocc100
single,passive,122,parent_pool,known_constant_blocked_by_output_mask,overall,clean_parent_train_minocc100
single,passive,1,parent_pool,local_constraint_parameter,overall,clean_parent_train_minocc100
single,passive,1784,parent_pool,missing_role_present_local_neighbor,overall,clean_parent_train_minocc100
single,passive,7002,parent_pool,output_constant,overall,clean_parent_train_minocc100
single,passive,29235,parent_pool,outside_fixed_vocabulary_and_input,overall,clean_parent_train_minocc100
single,passive,785614,parent_pool,role,overall,clean_parent_train_minocc100
symmetric,passive,7,parent_pool,known_constant_blocked_by_output_mask,overall,clean_parent_train_minocc100
symmetric,passive,98,parent_pool,missing_role_present_local_neighbor,overall,clean_parent_train_minocc100
symmetric,passive,209,parent_pool,output_constant,overall,clean_parent_train_minocc100
symmetric,passive,794,parent_pool,outside_fixed_vocabulary_and_input,overall,clean_parent_train_minocc100
symmetric,passive,181175,parent_pool,role,overall,clean_parent_train_minocc100
type,passive,46,parent_pool,known_constant_blocked_by_output_mask,overall,clean_parent_train_minocc100
type,passive,4,parent_pool,local_constraint_parameter,overall,clean_parent_train_minocc100
type,passive,708,parent_pool,missing_role_present_local_neighbor,overall,clean_parent_train_minocc100
type,passive,372383,parent_pool,output_constant,overall,clean_parent_train_minocc100
type,passive,8509,parent_pool,outside_fixed_vocabulary_and_input,overall,clean_parent_train_minocc100
type,passive,231094,parent_pool,role,overall,clean_parent_train_minocc100
valueRequiresStatement,passive,97,parent_pool,known_constant_blocked_by_output_mask,overall,clean_parent_train_minocc100
valueRequiresStatement,passive,3,parent_pool,local_constraint_parameter,overall,clean_parent_train_minocc100
valueRequiresStatement,passive,1528,parent_pool,missing_role_present_local_neighbor,overall,clean_parent_train_minocc100
valueRequiresStatement,passive,295406,parent_pool,output_constant,overall,clean_parent_train_minocc100
valueRequiresStatement,passive,31772,parent_pool,outside_fixed_vocabulary_and_input,overall,clean_parent_train_minocc100
valueRequiresStatement,passive,284817,parent_pool,role,overall,clean_parent_train_minocc100
valueType,passive,28,parent_pool,known_constant_blocked_by_output_mask,overall,clean_parent_train_minocc100
valueType,passive,5,parent_pool,local_constraint_parameter,overall,clean_parent_train_minocc100
valueType,passive,770,parent_pool,missing_role_present_local_neighbor,overall,clean_parent_train_minocc100
valueType,passive,385031,parent_pool,output_constant,overall,clean_parent_train_minocc100
valueType,passive,7086,parent_pool,outside_fixed_vocabulary_and_input,overall,clean_parent_train_minocc100
valueType,passive,217406,parent_pool,role,overall,clean_parent_train_minocc100
conflictWith,passive,10,parent_pool,known_constant_blocked_by_output_mask,test,clean_parent_train_minocc100
conflictWith,passive,1,parent_pool,local_constraint_parameter,test,clean_parent_train_minocc100
conflictWith,passive,71,parent_pool,missing_role_present_local_neighbor,test,clean_parent_train_minocc100
conflictWith,passive,4513,parent_pool,output_constant,test,clean_parent_train_minocc100
conflictWith,passive,1671,parent_pool,outside_fixed_vocabulary_and_input,test,clean_parent_train_minocc100
conflictWith,passive,100369,parent_pool,role,test,clean_parent_train_minocc100
distinct,passive,2,parent_pool,known_constant_blocked_by_output_mask,test,clean_parent_train_minocc100
distinct,passive,2,parent_pool,missing_role_present_local_neighbor,test,clean_parent_train_minocc100
distinct,passive,1989,parent_pool,output_constant,test,clean_parent_train_minocc100
distinct,passive,1992,parent_pool,outside_fixed_vocabulary_and_input,test,clean_parent_train_minocc100
distinct,passive,213356,parent_pool,role,test,clean_parent_train_minocc100
inverse,passive,9,parent_pool,known_constant_blocked_by_output_mask,test,clean_parent_train_minocc100
inverse,passive,39,parent_pool,missing_role_present_local_neighbor,test,clean_parent_train_minocc100
inverse,passive,18986,parent_pool,output_constant,test,clean_parent_train_minocc100
inverse,passive,361,parent_pool,outside_fixed_vocabulary_and_input,test,clean_parent_train_minocc100
inverse,passive,45666,parent_pool,role,test,clean_parent_train_minocc100
itemRequiresStatement,passive,176,parent_pool,known_constant_blocked_by_output_mask,test,clean_parent_train_minocc100
itemRequiresStatement,passive,18,parent_pool,local_constraint_parameter,test,clean_parent_train_minocc100
itemRequiresStatement,passive,606,parent_pool,missing_role_present_local_neighbor,test,clean_parent_train_minocc100
itemRequiresStatement,passive,45081,parent_pool,output_constant,test,clean_parent_train_minocc100
itemRequiresStatement,passive,12877,parent_pool,outside_fixed_vocabulary_and_input,test,clean_parent_train_minocc100
itemRequiresStatement,passive,31692,parent_pool,role,test,clean_parent_train_minocc100
oneOf,passive,3,parent_pool,known_constant_blocked_by_output_mask,test,clean_parent_train_minocc100
oneOf,passive,17,parent_pool,local_constraint_parameter,test,clean_parent_train_minocc100
oneOf,passive,1,parent_pool,missing_role_present_local_neighbor,test,clean_parent_train_minocc100
oneOf,passive,1490,parent_pool,output_constant,test,clean_parent_train_minocc100
oneOf,passive,20,parent_pool,outside_fixed_vocabulary_and_input,test,clean_parent_train_minocc100
oneOf,passive,9230,parent_pool,role,test,clean_parent_train_minocc100
single,passive,54,parent_pool,known_constant_blocked_by_output_mask,test,clean_parent_train_minocc100
single,passive,255,parent_pool,missing_role_present_local_neighbor,test,clean_parent_train_minocc100
single,passive,983,parent_pool,output_constant,test,clean_parent_train_minocc100
single,passive,4418,parent_pool,outside_fixed_vocabulary_and_input,test,clean_parent_train_minocc100
single,passive,117794,parent_pool,role,test,clean_parent_train_minocc100
symmetric,passive,5,parent_pool,known_constant_blocked_by_output_mask,test,clean_parent_train_minocc100
symmetric,passive,12,parent_pool,missing_role_present_local_neighbor,test,clean_parent_train_minocc100
symmetric,passive,24,parent_pool,output_constant,test,clean_parent_train_minocc100
symmetric,passive,105,parent_pool,outside_fixed_vocabulary_and_input,test,clean_parent_train_minocc100
symmetric,passive,26965,parent_pool,role,test,clean_parent_train_minocc100
type,passive,22,parent_pool,known_constant_blocked_by_output_mask,test,clean_parent_train_minocc100
type,passive,1,parent_pool,local_constraint_parameter,test,clean_parent_train_minocc100
type,passive,124,parent_pool,missing_role_present_local_neighbor,test,clean_parent_train_minocc100
type,passive,55851,parent_pool,output_constant,test,clean_parent_train_minocc100
type,passive,1265,parent_pool,outside_fixed_vocabulary_and_input,test,clean_parent_train_minocc100
type,passive,34723,parent_pool,role,test,clean_parent_train_minocc100
valueRequiresStatement,passive,51,parent_pool,known_constant_blocked_by_output_mask,test,clean_parent_train_minocc100
valueRequiresStatement,passive,1,parent_pool,local_constraint_parameter,test,clean_parent_train_minocc100
valueRequiresStatement,passive,222,parent_pool,missing_role_present_local_neighbor,test,clean_parent_train_minocc100
valueRequiresStatement,passive,44315,parent_pool,output_constant,test,clean_parent_train_minocc100
valueRequiresStatement,passive,4691,parent_pool,outside_fixed_vocabulary_and_input,test,clean_parent_train_minocc100
valueRequiresStatement,passive,42652,parent_pool,role,test,clean_parent_train_minocc100
valueType,passive,14,parent_pool,known_constant_blocked_by_output_mask,test,clean_parent_train_minocc100
valueType,passive,2,parent_pool,local_constraint_parameter,test,clean_parent_train_minocc100
valueType,passive,121,parent_pool,missing_role_present_local_neighbor,test,clean_parent_train_minocc100
valueType,passive,57753,parent_pool,output_constant,test,clean_parent_train_minocc100
valueType,passive,1054,parent_pool,outside_fixed_vocabulary_and_input,test,clean_parent_train_minocc100
valueType,passive,32553,parent_pool,role,test,clean_parent_train_minocc100
conflictWith,passive,282,parent_pool,missing_role_present_local_neighbor,train,clean_parent_train_minocc100
conflictWith,passive,21052,parent_pool,output_constant,train,clean_parent_train_minocc100
conflictWith,passive,8114,parent_pool,outside_fixed_vocabulary_and_input,train,clean_parent_train_minocc100
conflictWith,passive,468102,parent_pool,role,train,clean_parent_train_minocc100
distinct,passive,17,parent_pool,missing_role_present_local_neighbor,train,clean_parent_train_minocc100
distinct,passive,9064,parent_pool,output_constant,train,clean_parent_train_minocc100
distinct,passive,9207,parent_pool,outside_fixed_vocabulary_and_input,train,clean_parent_train_minocc100
distinct,passive,995034,parent_pool,role,train,clean_parent_train_minocc100
inverse,passive,191,parent_pool,missing_role_present_local_neighbor,train,clean_parent_train_minocc100
inverse,passive,88198,parent_pool,output_constant,train,clean_parent_train_minocc100
inverse,passive,1951,parent_pool,outside_fixed_vocabulary_and_input,train,clean_parent_train_minocc100
inverse,passive,213578,parent_pool,role,train,clean_parent_train_minocc100
itemRequiresStatement,passive,2837,parent_pool,missing_role_present_local_neighbor,train,clean_parent_train_minocc100
itemRequiresStatement,passive,211341,parent_pool,output_constant,train,clean_parent_train_minocc100
itemRequiresStatement,passive,59936,parent_pool,outside_fixed_vocabulary_and_input,train,clean_parent_train_minocc100
itemRequiresStatement,passive,148274,parent_pool,role,train,clean_parent_train_minocc100
oneOf,passive,1,parent_pool,missing_role_present_local_neighbor,train,clean_parent_train_minocc100
oneOf,passive,7037,parent_pool,output_constant,train,clean_parent_train_minocc100
oneOf,passive,63,parent_pool,outside_fixed_vocabulary_and_input,train,clean_parent_train_minocc100
oneOf,passive,42990,parent_pool,role,train,clean_parent_train_minocc100
single,passive,1256,parent_pool,missing_role_present_local_neighbor,train,clean_parent_train_minocc100
single,passive,5004,parent_pool,output_constant,train,clean_parent_train_minocc100
single,passive,20432,parent_pool,outside_fixed_vocabulary_and_input,train,clean_parent_train_minocc100
single,passive,549944,parent_pool,role,train,clean_parent_train_minocc100
symmetric,passive,64,parent_pool,missing_role_present_local_neighbor,train,clean_parent_train_minocc100
symmetric,passive,149,parent_pool,output_constant,train,clean_parent_train_minocc100
symmetric,passive,581,parent_pool,outside_fixed_vocabulary_and_input,train,clean_parent_train_minocc100
symmetric,passive,126919,parent_pool,role,train,clean_parent_train_minocc100
type,passive,505,parent_pool,missing_role_present_local_neighbor,train,clean_parent_train_minocc100
type,passive,260630,parent_pool,output_constant,train,clean_parent_train_minocc100
type,passive,6003,parent_pool,outside_fixed_vocabulary_and_input,train,clean_parent_train_minocc100
type,passive,161787,parent_pool,role,train,clean_parent_train_minocc100
valueRequiresStatement,passive,1081,parent_pool,missing_role_present_local_neighbor,train,clean_parent_train_minocc100
valueRequiresStatement,passive,206863,parent_pool,output_constant,train,clean_parent_train_minocc100
valueRequiresStatement,passive,22315,parent_pool,outside_fixed_vocabulary_and_input,train,clean_parent_train_minocc100
valueRequiresStatement,passive,199284,parent_pool,role,train,clean_parent_train_minocc100
valueType,passive,518,parent_pool,missing_role_present_local_neighbor,train,clean_parent_train_minocc100
valueType,passive,269519,parent_pool,output_constant,train,clean_parent_train_minocc100
valueType,passive,4980,parent_pool,outside_fixed_vocabulary_and_input,train,clean_parent_train_minocc100
valueType,passive,152198,parent_pool,role,train,clean_parent_train_minocc100
conflictWith,passive,8,parent_pool,known_constant_blocked_by_output_mask,val,clean_parent_train_minocc100
conflictWith,passive,2,parent_pool,local_constraint_parameter,val,clean_parent_train_minocc100
conflictWith,passive,74,parent_pool,missing_role_present_local_neighbor,val,clean_parent_train_minocc100
conflictWith,passive,4438,parent_pool,output_constant,val,clean_parent_train_minocc100
conflictWith,passive,1728,parent_pool,outside_fixed_vocabulary_and_input,val,clean_parent_train_minocc100
conflictWith,passive,100310,parent_pool,role,val,clean_parent_train_minocc100
distinct,passive,3,parent_pool,known_constant_blocked_by_output_mask,val,clean_parent_train_minocc100
distinct,passive,2,parent_pool,missing_role_present_local_neighbor,val,clean_parent_train_minocc100
distinct,passive,1955,parent_pool,output_constant,val,clean_parent_train_minocc100
distinct,passive,1983,parent_pool,outside_fixed_vocabulary_and_input,val,clean_parent_train_minocc100
distinct,passive,213269,parent_pool,role,val,clean_parent_train_minocc100
inverse,passive,6,parent_pool,known_constant_blocked_by_output_mask,val,clean_parent_train_minocc100
inverse,passive,52,parent_pool,missing_role_present_local_neighbor,val,clean_parent_train_minocc100
inverse,passive,18943,parent_pool,output_constant,val,clean_parent_train_minocc100
inverse,passive,390,parent_pool,outside_fixed_vocabulary_and_input,val,clean_parent_train_minocc100
inverse,passive,45556,parent_pool,role,val,clean_parent_train_minocc100
itemRequiresStatement,passive,187,parent_pool,known_constant_blocked_by_output_mask,val,clean_parent_train_minocc100
itemRequiresStatement,passive,15,parent_pool,local_constraint_parameter,val,clean_parent_train_minocc100
itemRequiresStatement,passive,615,parent_pool,missing_role_present_local_neighbor,val,clean_parent_train_minocc100
itemRequiresStatement,passive,45126,parent_pool,output_constant,val,clean_parent_train_minocc100
itemRequiresStatement,passive,12770,parent_pool,outside_fixed_vocabulary_and_input,val,clean_parent_train_minocc100
itemRequiresStatement,passive,31749,parent_pool,role,val,clean_parent_train_minocc100
oneOf,passive,17,parent_pool,local_constraint_parameter,val,clean_parent_train_minocc100
oneOf,passive,1,parent_pool,missing_role_present_local_neighbor,val,clean_parent_train_minocc100
oneOf,passive,1459,parent_pool,output_constant,val,clean_parent_train_minocc100
oneOf,passive,14,parent_pool,outside_fixed_vocabulary_and_input,val,clean_parent_train_minocc100
oneOf,passive,9153,parent_pool,role,val,clean_parent_train_minocc100
single,passive,68,parent_pool,known_constant_blocked_by_output_mask,val,clean_parent_train_minocc100
single,passive,1,parent_pool,local_constraint_parameter,val,clean_parent_train_minocc100
single,passive,273,parent_pool,missing_role_present_local_neighbor,val,clean_parent_train_minocc100
single,passive,1015,parent_pool,output_constant,val,clean_parent_train_minocc100
single,passive,4385,parent_pool,outside_fixed_vocabulary_and_input,val,clean_parent_train_minocc100
single,passive,117876,parent_pool,role,val,clean_parent_train_minocc100
symmetric,passive,2,parent_pool,known_constant_blocked_by_output_mask,val,clean_parent_train_minocc100
symmetric,passive,22,parent_pool,missing_role_present_local_neighbor,val,clean_parent_train_minocc100
symmetric,passive,36,parent_pool,output_constant,val,clean_parent_train_minocc100
symmetric,passive,108,parent_pool,outside_fixed_vocabulary_and_input,val,clean_parent_train_minocc100
symmetric,passive,27291,parent_pool,role,val,clean_parent_train_minocc100
type,passive,24,parent_pool,known_constant_blocked_by_output_mask,val,clean_parent_train_minocc100
type,passive,3,parent_pool,local_constraint_parameter,val,clean_parent_train_minocc100
type,passive,79,parent_pool,missing_role_present_local_neighbor,val,clean_parent_train_minocc100
type,passive,55902,parent_pool,output_constant,val,clean_parent_train_minocc100
type,passive,1241,parent_pool,outside_fixed_vocabulary_and_input,val,clean_parent_train_minocc100
type,passive,34584,parent_pool,role,val,clean_parent_train_minocc100
valueRequiresStatement,passive,46,parent_pool,known_constant_blocked_by_output_mask,val,clean_parent_train_minocc100
valueRequiresStatement,passive,2,parent_pool,local_constraint_parameter,val,clean_parent_train_minocc100
valueRequiresStatement,passive,225,parent_pool,missing_role_present_local_neighbor,val,clean_parent_train_minocc100
valueRequiresStatement,passive,44228,parent_pool,output_constant,val,clean_parent_train_minocc100
valueRequiresStatement,passive,4766,parent_pool,outside_fixed_vocabulary_and_input,val,clean_parent_train_minocc100
valueRequiresStatement,passive,42881,parent_pool,role,val,clean_parent_train_minocc100
valueType,passive,14,parent_pool,known_constant_blocked_by_output_mask,val,clean_parent_train_minocc100
valueType,passive,3,parent_pool,local_constraint_parameter,val,clean_parent_train_minocc100
valueType,passive,131,parent_pool,missing_role_present_local_neighbor,val,clean_parent_train_minocc100
valueType,passive,57759,parent_pool,output_constant,val,clean_parent_train_minocc100
valueType,passive,1052,parent_pool,outside_fixed_vocabulary_and_input,val,clean_parent_train_minocc100
valueType,passive,32655,parent_pool,role,val,clean_parent_train_minocc100
overall,factorized,625,parent_pool,known_constant_blocked_by_output_mask,overall,clean_parent_train_minocc100
overall,factorized,162,parent_pool,local_constraint_parameter,overall,clean_parent_train_minocc100
overall,factorized,9679,parent_pool,missing_role_present_local_neighbor,overall,clean_parent_train_minocc100
overall,factorized,1540703,parent_pool,output_constant,overall,clean_parent_train_minocc100
overall,factorized,190473,parent_pool,outside_fixed_vocabulary_and_input,overall,clean_parent_train_minocc100
overall,factorized,4368434,parent_pool,role,overall,clean_parent_train_minocc100
overall,factorized,306,parent_pool,known_constant_blocked_by_output_mask,test,clean_parent_train_minocc100
overall,factorized,80,parent_pool,local_constraint_parameter,test,clean_parent_train_minocc100
overall,factorized,1453,parent_pool,missing_role_present_local_neighbor,test,clean_parent_train_minocc100
overall,factorized,230985,parent_pool,output_constant,test,clean_parent_train_minocc100
overall,factorized,28454,parent_pool,outside_fixed_vocabulary_and_input,test,clean_parent_train_minocc100
overall,factorized,655000,parent_pool,role,test,clean_parent_train_minocc100
overall,factorized,6752,parent_pool,missing_role_present_local_neighbor,train,clean_parent_train_minocc100
overall,factorized,1078857,parent_pool,output_constant,train,clean_parent_train_minocc100
overall,factorized,133582,parent_pool,outside_fixed_vocabulary_and_input,train,clean_parent_train_minocc100
overall,factorized,3058110,parent_pool,role,train,clean_parent_train_minocc100
overall,factorized,319,parent_pool,known_constant_blocked_by_output_mask,val,clean_parent_train_minocc100
overall,factorized,82,parent_pool,local_constraint_parameter,val,clean_parent_train_minocc100
overall,factorized,1474,parent_pool,missing_role_present_local_neighbor,val,clean_parent_train_minocc100
overall,factorized,230861,parent_pool,output_constant,val,clean_parent_train_minocc100
overall,factorized,28437,parent_pool,outside_fixed_vocabulary_and_input,val,clean_parent_train_minocc100
overall,factorized,655324,parent_pool,role,val,clean_parent_train_minocc100
conflictWith,factorized,17,parent_pool,known_constant_blocked_by_output_mask,overall,clean_parent_train_minocc100
conflictWith,factorized,4,parent_pool,local_constraint_parameter,overall,clean_parent_train_minocc100
conflictWith,factorized,427,parent_pool,missing_role_present_local_neighbor,overall,clean_parent_train_minocc100
conflictWith,factorized,30003,parent_pool,output_constant,overall,clean_parent_train_minocc100
conflictWith,factorized,11513,parent_pool,outside_fixed_vocabulary_and_input,overall,clean_parent_train_minocc100
conflictWith,factorized,668781,parent_pool,role,overall,clean_parent_train_minocc100
distinct,factorized,5,parent_pool,known_constant_blocked_by_output_mask,overall,clean_parent_train_minocc100
distinct,factorized,21,parent_pool,missing_role_present_local_neighbor,overall,clean_parent_train_minocc100
distinct,factorized,13008,parent_pool,output_constant,overall,clean_parent_train_minocc100
distinct,factorized,13182,parent_pool,outside_fixed_vocabulary_and_input,overall,clean_parent_train_minocc100
distinct,factorized,1421659,parent_pool,role,overall,clean_parent_train_minocc100
inverse,factorized,13,parent_pool,known_constant_blocked_by_output_mask,overall,clean_parent_train_minocc100
inverse,factorized,2,parent_pool,local_constraint_parameter,overall,clean_parent_train_minocc100
inverse,factorized,282,parent_pool,missing_role_present_local_neighbor,overall,clean_parent_train_minocc100
inverse,factorized,126127,parent_pool,output_constant,overall,clean_parent_train_minocc100
inverse,factorized,2702,parent_pool,outside_fixed_vocabulary_and_input,overall,clean_parent_train_minocc100
inverse,factorized,304800,parent_pool,role,overall,clean_parent_train_minocc100
itemRequiresStatement,factorized,305,parent_pool,known_constant_blocked_by_output_mask,overall,clean_parent_train_minocc100
itemRequiresStatement,factorized,91,parent_pool,local_constraint_parameter,overall,clean_parent_train_minocc100
itemRequiresStatement,factorized,4058,parent_pool,missing_role_present_local_neighbor,overall,clean_parent_train_minocc100
itemRequiresStatement,factorized,301548,parent_pool,output_constant,overall,clean_parent_train_minocc100
itemRequiresStatement,factorized,85583,parent_pool,outside_fixed_vocabulary_and_input,overall,clean_parent_train_minocc100
itemRequiresStatement,factorized,211715,parent_pool,role,overall,clean_parent_train_minocc100
oneOf,factorized,3,parent_pool,known_constant_blocked_by_output_mask,overall,clean_parent_train_minocc100
oneOf,factorized,34,parent_pool,local_constraint_parameter,overall,clean_parent_train_minocc100
oneOf,factorized,3,parent_pool,missing_role_present_local_neighbor,overall,clean_parent_train_minocc100
oneOf,factorized,9986,parent_pool,output_constant,overall,clean_parent_train_minocc100
oneOf,factorized,97,parent_pool,outside_fixed_vocabulary_and_input,overall,clean_parent_train_minocc100
oneOf,factorized,61373,parent_pool,role,overall,clean_parent_train_minocc100
single,factorized,116,parent_pool,known_constant_blocked_by_output_mask,overall,clean_parent_train_minocc100
single,factorized,7,parent_pool,local_constraint_parameter,overall,clean_parent_train_minocc100
single,factorized,1784,parent_pool,missing_role_present_local_neighbor,overall,clean_parent_train_minocc100
single,factorized,7002,parent_pool,output_constant,overall,clean_parent_train_minocc100
single,factorized,29235,parent_pool,outside_fixed_vocabulary_and_input,overall,clean_parent_train_minocc100
single,factorized,785614,parent_pool,role,overall,clean_parent_train_minocc100
symmetric,factorized,7,parent_pool,known_constant_blocked_by_output_mask,overall,clean_parent_train_minocc100
symmetric,factorized,98,parent_pool,missing_role_present_local_neighbor,overall,clean_parent_train_minocc100
symmetric,factorized,209,parent_pool,output_constant,overall,clean_parent_train_minocc100
symmetric,factorized,794,parent_pool,outside_fixed_vocabulary_and_input,overall,clean_parent_train_minocc100
symmetric,factorized,181175,parent_pool,role,overall,clean_parent_train_minocc100
type,factorized,43,parent_pool,known_constant_blocked_by_output_mask,overall,clean_parent_train_minocc100
type,factorized,7,parent_pool,local_constraint_parameter,overall,clean_parent_train_minocc100
type,factorized,708,parent_pool,missing_role_present_local_neighbor,overall,clean_parent_train_minocc100
type,factorized,372383,parent_pool,output_constant,overall,clean_parent_train_minocc100
type,factorized,8509,parent_pool,outside_fixed_vocabulary_and_input,overall,clean_parent_train_minocc100
type,factorized,231094,parent_pool,role,overall,clean_parent_train_minocc100
valueRequiresStatement,factorized,89,parent_pool,known_constant_blocked_by_output_mask,overall,clean_parent_train_minocc100
valueRequiresStatement,factorized,11,parent_pool,local_constraint_parameter,overall,clean_parent_train_minocc100
valueRequiresStatement,factorized,1528,parent_pool,missing_role_present_local_neighbor,overall,clean_parent_train_minocc100
valueRequiresStatement,factorized,295406,parent_pool,output_constant,overall,clean_parent_train_minocc100
valueRequiresStatement,factorized,31772,parent_pool,outside_fixed_vocabulary_and_input,overall,clean_parent_train_minocc100
valueRequiresStatement,factorized,284817,parent_pool,role,overall,clean_parent_train_minocc100
valueType,factorized,27,parent_pool,known_constant_blocked_by_output_mask,overall,clean_parent_train_minocc100
valueType,factorized,6,parent_pool,local_constraint_parameter,overall,clean_parent_train_minocc100
valueType,factorized,770,parent_pool,missing_role_present_local_neighbor,overall,clean_parent_train_minocc100
valueType,factorized,385031,parent_pool,output_constant,overall,clean_parent_train_minocc100
valueType,factorized,7086,parent_pool,outside_fixed_vocabulary_and_input,overall,clean_parent_train_minocc100
valueType,factorized,217406,parent_pool,role,overall,clean_parent_train_minocc100
conflictWith,factorized,9,parent_pool,known_constant_blocked_by_output_mask,test,clean_parent_train_minocc100
conflictWith,factorized,2,parent_pool,local_constraint_parameter,test,clean_parent_train_minocc100
conflictWith,factorized,71,parent_pool,missing_role_present_local_neighbor,test,clean_parent_train_minocc100
conflictWith,factorized,4513,parent_pool,output_constant,test,clean_parent_train_minocc100
conflictWith,factorized,1671,parent_pool,outside_fixed_vocabulary_and_input,test,clean_parent_train_minocc100
conflictWith,factorized,100369,parent_pool,role,test,clean_parent_train_minocc100
distinct,factorized,2,parent_pool,known_constant_blocked_by_output_mask,test,clean_parent_train_minocc100
distinct,factorized,2,parent_pool,missing_role_present_local_neighbor,test,clean_parent_train_minocc100
distinct,factorized,1989,parent_pool,output_constant,test,clean_parent_train_minocc100
distinct,factorized,1992,parent_pool,outside_fixed_vocabulary_and_input,test,clean_parent_train_minocc100
distinct,factorized,213356,parent_pool,role,test,clean_parent_train_minocc100
inverse,factorized,9,parent_pool,known_constant_blocked_by_output_mask,test,clean_parent_train_minocc100
inverse,factorized,39,parent_pool,missing_role_present_local_neighbor,test,clean_parent_train_minocc100
inverse,factorized,18986,parent_pool,output_constant,test,clean_parent_train_minocc100
inverse,factorized,361,parent_pool,outside_fixed_vocabulary_and_input,test,clean_parent_train_minocc100
inverse,factorized,45666,parent_pool,role,test,clean_parent_train_minocc100
itemRequiresStatement,factorized,145,parent_pool,known_constant_blocked_by_output_mask,test,clean_parent_train_minocc100
itemRequiresStatement,factorized,49,parent_pool,local_constraint_parameter,test,clean_parent_train_minocc100
itemRequiresStatement,factorized,606,parent_pool,missing_role_present_local_neighbor,test,clean_parent_train_minocc100
itemRequiresStatement,factorized,45081,parent_pool,output_constant,test,clean_parent_train_minocc100
itemRequiresStatement,factorized,12877,parent_pool,outside_fixed_vocabulary_and_input,test,clean_parent_train_minocc100
itemRequiresStatement,factorized,31692,parent_pool,role,test,clean_parent_train_minocc100
oneOf,factorized,3,parent_pool,known_constant_blocked_by_output_mask,test,clean_parent_train_minocc100
oneOf,factorized,17,parent_pool,local_constraint_parameter,test,clean_parent_train_minocc100
oneOf,factorized,1,parent_pool,missing_role_present_local_neighbor,test,clean_parent_train_minocc100
oneOf,factorized,1490,parent_pool,output_constant,test,clean_parent_train_minocc100
oneOf,factorized,20,parent_pool,outside_fixed_vocabulary_and_input,test,clean_parent_train_minocc100
oneOf,factorized,9230,parent_pool,role,test,clean_parent_train_minocc100
single,factorized,52,parent_pool,known_constant_blocked_by_output_mask,test,clean_parent_train_minocc100
single,factorized,2,parent_pool,local_constraint_parameter,test,clean_parent_train_minocc100
single,factorized,255,parent_pool,missing_role_present_local_neighbor,test,clean_parent_train_minocc100
single,factorized,983,parent_pool,output_constant,test,clean_parent_train_minocc100
single,factorized,4418,parent_pool,outside_fixed_vocabulary_and_input,test,clean_parent_train_minocc100
single,factorized,117794,parent_pool,role,test,clean_parent_train_minocc100
symmetric,factorized,5,parent_pool,known_constant_blocked_by_output_mask,test,clean_parent_train_minocc100
symmetric,factorized,12,parent_pool,missing_role_present_local_neighbor,test,clean_parent_train_minocc100
symmetric,factorized,24,parent_pool,output_constant,test,clean_parent_train_minocc100
symmetric,factorized,105,parent_pool,outside_fixed_vocabulary_and_input,test,clean_parent_train_minocc100
symmetric,factorized,26965,parent_pool,role,test,clean_parent_train_minocc100
type,factorized,20,parent_pool,known_constant_blocked_by_output_mask,test,clean_parent_train_minocc100
type,factorized,3,parent_pool,local_constraint_parameter,test,clean_parent_train_minocc100
type,factorized,124,parent_pool,missing_role_present_local_neighbor,test,clean_parent_train_minocc100
type,factorized,55851,parent_pool,output_constant,test,clean_parent_train_minocc100
type,factorized,1265,parent_pool,outside_fixed_vocabulary_and_input,test,clean_parent_train_minocc100
type,factorized,34723,parent_pool,role,test,clean_parent_train_minocc100
valueRequiresStatement,factorized,48,parent_pool,known_constant_blocked_by_output_mask,test,clean_parent_train_minocc100
valueRequiresStatement,factorized,4,parent_pool,local_constraint_parameter,test,clean_parent_train_minocc100
valueRequiresStatement,factorized,222,parent_pool,missing_role_present_local_neighbor,test,clean_parent_train_minocc100
valueRequiresStatement,factorized,44315,parent_pool,output_constant,test,clean_parent_train_minocc100
valueRequiresStatement,factorized,4691,parent_pool,outside_fixed_vocabulary_and_input,test,clean_parent_train_minocc100
valueRequiresStatement,factorized,42652,parent_pool,role,test,clean_parent_train_minocc100
valueType,factorized,13,parent_pool,known_constant_blocked_by_output_mask,test,clean_parent_train_minocc100
valueType,factorized,3,parent_pool,local_constraint_parameter,test,clean_parent_train_minocc100
valueType,factorized,121,parent_pool,missing_role_present_local_neighbor,test,clean_parent_train_minocc100
valueType,factorized,57753,parent_pool,output_constant,test,clean_parent_train_minocc100
valueType,factorized,1054,parent_pool,outside_fixed_vocabulary_and_input,test,clean_parent_train_minocc100
valueType,factorized,32553,parent_pool,role,test,clean_parent_train_minocc100
conflictWith,factorized,282,parent_pool,missing_role_present_local_neighbor,train,clean_parent_train_minocc100
conflictWith,factorized,21052,parent_pool,output_constant,train,clean_parent_train_minocc100
conflictWith,factorized,8114,parent_pool,outside_fixed_vocabulary_and_input,train,clean_parent_train_minocc100
conflictWith,factorized,468102,parent_pool,role,train,clean_parent_train_minocc100
distinct,factorized,17,parent_pool,missing_role_present_local_neighbor,train,clean_parent_train_minocc100
distinct,factorized,9064,parent_pool,output_constant,train,clean_parent_train_minocc100
distinct,factorized,9207,parent_pool,outside_fixed_vocabulary_and_input,train,clean_parent_train_minocc100
distinct,factorized,995034,parent_pool,role,train,clean_parent_train_minocc100
inverse,factorized,191,parent_pool,missing_role_present_local_neighbor,train,clean_parent_train_minocc100
inverse,factorized,88198,parent_pool,output_constant,train,clean_parent_train_minocc100
inverse,factorized,1951,parent_pool,outside_fixed_vocabulary_and_input,train,clean_parent_train_minocc100
inverse,factorized,213578,parent_pool,role,train,clean_parent_train_minocc100
itemRequiresStatement,factorized,2837,parent_pool,missing_role_present_local_neighbor,train,clean_parent_train_minocc100
itemRequiresStatement,factorized,211341,parent_pool,output_constant,train,clean_parent_train_minocc100
itemRequiresStatement,factorized,59936,parent_pool,outside_fixed_vocabulary_and_input,train,clean_parent_train_minocc100
itemRequiresStatement,factorized,148274,parent_pool,role,train,clean_parent_train_minocc100
oneOf,factorized,1,parent_pool,missing_role_present_local_neighbor,train,clean_parent_train_minocc100
oneOf,factorized,7037,parent_pool,output_constant,train,clean_parent_train_minocc100
oneOf,factorized,63,parent_pool,outside_fixed_vocabulary_and_input,train,clean_parent_train_minocc100
oneOf,factorized,42990,parent_pool,role,train,clean_parent_train_minocc100
single,factorized,1256,parent_pool,missing_role_present_local_neighbor,train,clean_parent_train_minocc100
single,factorized,5004,parent_pool,output_constant,train,clean_parent_train_minocc100
single,factorized,20432,parent_pool,outside_fixed_vocabulary_and_input,train,clean_parent_train_minocc100
single,factorized,549944,parent_pool,role,train,clean_parent_train_minocc100
symmetric,factorized,64,parent_pool,missing_role_present_local_neighbor,train,clean_parent_train_minocc100
symmetric,factorized,149,parent_pool,output_constant,train,clean_parent_train_minocc100
symmetric,factorized,581,parent_pool,outside_fixed_vocabulary_and_input,train,clean_parent_train_minocc100
symmetric,factorized,126919,parent_pool,role,train,clean_parent_train_minocc100
type,factorized,505,parent_pool,missing_role_present_local_neighbor,train,clean_parent_train_minocc100
type,factorized,260630,parent_pool,output_constant,train,clean_parent_train_minocc100
type,factorized,6003,parent_pool,outside_fixed_vocabulary_and_input,train,clean_parent_train_minocc100
type,factorized,161787,parent_pool,role,train,clean_parent_train_minocc100
valueRequiresStatement,factorized,1081,parent_pool,missing_role_present_local_neighbor,train,clean_parent_train_minocc100
valueRequiresStatement,factorized,206863,parent_pool,output_constant,train,clean_parent_train_minocc100
valueRequiresStatement,factorized,22315,parent_pool,outside_fixed_vocabulary_and_input,train,clean_parent_train_minocc100
valueRequiresStatement,factorized,199284,parent_pool,role,train,clean_parent_train_minocc100
valueType,factorized,518,parent_pool,missing_role_present_local_neighbor,train,clean_parent_train_minocc100
valueType,factorized,269519,parent_pool,output_constant,train,clean_parent_train_minocc100
valueType,factorized,4980,parent_pool,outside_fixed_vocabulary_and_input,train,clean_parent_train_minocc100
valueType,factorized,152198,parent_pool,role,train,clean_parent_train_minocc100
conflictWith,factorized,8,parent_pool,known_constant_blocked_by_output_mask,val,clean_parent_train_minocc100
conflictWith,factorized,2,parent_pool,local_constraint_parameter,val,clean_parent_train_minocc100
conflictWith,factorized,74,parent_pool,missing_role_present_local_neighbor,val,clean_parent_train_minocc100
conflictWith,factorized,4438,parent_pool,output_constant,val,clean_parent_train_minocc100
conflictWith,factorized,1728,parent_pool,outside_fixed_vocabulary_and_input,val,clean_parent_train_minocc100
conflictWith,factorized,100310,parent_pool,role,val,clean_parent_train_minocc100
distinct,factorized,3,parent_pool,known_constant_blocked_by_output_mask,val,clean_parent_train_minocc100
distinct,factorized,2,parent_pool,missing_role_present_local_neighbor,val,clean_parent_train_minocc100
distinct,factorized,1955,parent_pool,output_constant,val,clean_parent_train_minocc100
distinct,factorized,1983,parent_pool,outside_fixed_vocabulary_and_input,val,clean_parent_train_minocc100
distinct,factorized,213269,parent_pool,role,val,clean_parent_train_minocc100
inverse,factorized,4,parent_pool,known_constant_blocked_by_output_mask,val,clean_parent_train_minocc100
inverse,factorized,2,parent_pool,local_constraint_parameter,val,clean_parent_train_minocc100
inverse,factorized,52,parent_pool,missing_role_present_local_neighbor,val,clean_parent_train_minocc100
inverse,factorized,18943,parent_pool,output_constant,val,clean_parent_train_minocc100
inverse,factorized,390,parent_pool,outside_fixed_vocabulary_and_input,val,clean_parent_train_minocc100
inverse,factorized,45556,parent_pool,role,val,clean_parent_train_minocc100
itemRequiresStatement,factorized,160,parent_pool,known_constant_blocked_by_output_mask,val,clean_parent_train_minocc100
itemRequiresStatement,factorized,42,parent_pool,local_constraint_parameter,val,clean_parent_train_minocc100
itemRequiresStatement,factorized,615,parent_pool,missing_role_present_local_neighbor,val,clean_parent_train_minocc100
itemRequiresStatement,factorized,45126,parent_pool,output_constant,val,clean_parent_train_minocc100
itemRequiresStatement,factorized,12770,parent_pool,outside_fixed_vocabulary_and_input,val,clean_parent_train_minocc100
itemRequiresStatement,factorized,31749,parent_pool,role,val,clean_parent_train_minocc100
oneOf,factorized,17,parent_pool,local_constraint_parameter,val,clean_parent_train_minocc100
oneOf,factorized,1,parent_pool,missing_role_present_local_neighbor,val,clean_parent_train_minocc100
oneOf,factorized,1459,parent_pool,output_constant,val,clean_parent_train_minocc100
oneOf,factorized,14,parent_pool,outside_fixed_vocabulary_and_input,val,clean_parent_train_minocc100
oneOf,factorized,9153,parent_pool,role,val,clean_parent_train_minocc100
single,factorized,64,parent_pool,known_constant_blocked_by_output_mask,val,clean_parent_train_minocc100
single,factorized,5,parent_pool,local_constraint_parameter,val,clean_parent_train_minocc100
single,factorized,273,parent_pool,missing_role_present_local_neighbor,val,clean_parent_train_minocc100
single,factorized,1015,parent_pool,output_constant,val,clean_parent_train_minocc100
single,factorized,4385,parent_pool,outside_fixed_vocabulary_and_input,val,clean_parent_train_minocc100
single,factorized,117876,parent_pool,role,val,clean_parent_train_minocc100
symmetric,factorized,2,parent_pool,known_constant_blocked_by_output_mask,val,clean_parent_train_minocc100
symmetric,factorized,22,parent_pool,missing_role_present_local_neighbor,val,clean_parent_train_minocc100
symmetric,factorized,36,parent_pool,output_constant,val,clean_parent_train_minocc100
symmetric,factorized,108,parent_pool,outside_fixed_vocabulary_and_input,val,clean_parent_train_minocc100
symmetric,factorized,27291,parent_pool,role,val,clean_parent_train_minocc100
type,factorized,23,parent_pool,known_constant_blocked_by_output_mask,val,clean_parent_train_minocc100
type,factorized,4,parent_pool,local_constraint_parameter,val,clean_parent_train_minocc100
type,factorized,79,parent_pool,missing_role_present_local_neighbor,val,clean_parent_train_minocc100
type,factorized,55902,parent_pool,output_constant,val,clean_parent_train_minocc100
type,factorized,1241,parent_pool,outside_fixed_vocabulary_and_input,val,clean_parent_train_minocc100
type,factorized,34584,parent_pool,role,val,clean_parent_train_minocc100
valueRequiresStatement,factorized,41,parent_pool,known_constant_blocked_by_output_mask,val,clean_parent_train_minocc100
valueRequiresStatement,factorized,7,parent_pool,local_constraint_parameter,val,clean_parent_train_minocc100
valueRequiresStatement,factorized,225,parent_pool,missing_role_present_local_neighbor,val,clean_parent_train_minocc100
valueRequiresStatement,factorized,44228,parent_pool,output_constant,val,clean_parent_train_minocc100
valueRequiresStatement,factorized,4766,parent_pool,outside_fixed_vocabulary_and_input,val,clean_parent_train_minocc100
valueRequiresStatement,factorized,42881,parent_pool,role,val,clean_parent_train_minocc100
valueType,factorized,14,parent_pool,known_constant_blocked_by_output_mask,val,clean_parent_train_minocc100
valueType,factorized,3,parent_pool,local_constraint_parameter,val,clean_parent_train_minocc100
valueType,factorized,131,parent_pool,missing_role_present_local_neighbor,val,clean_parent_train_minocc100
valueType,factorized,57759,parent_pool,output_constant,val,clean_parent_train_minocc100
valueType,factorized,1052,parent_pool,outside_fixed_vocabulary_and_input,val,clean_parent_train_minocc100
valueType,factorized,32655,parent_pool,role,val,clean_parent_train_minocc100
overall,passive,276,existing_sample,known_constant_blocked_by_output_mask,overall,existing_train_val_minocc100
overall,passive,24,existing_sample,local_constraint_parameter,overall,existing_train_val_minocc100
overall,passive,4849,existing_sample,missing_role_present_local_neighbor,overall,existing_train_val_minocc100
overall,passive,770657,existing_sample,output_constant,overall,existing_train_val_minocc100
overall,passive,95157,existing_sample,outside_fixed_vocabulary_and_input,overall,existing_train_val_minocc100
overall,passive,2184480,existing_sample,role,overall,existing_train_val_minocc100
overall,passive,276,existing_sample,known_constant_blocked_by_output_mask,test,existing_train_val_minocc100
overall,passive,24,existing_sample,local_constraint_parameter,test,existing_train_val_minocc100
overall,passive,744,existing_sample,missing_role_present_local_neighbor,test,existing_train_val_minocc100
overall,passive,115423,existing_sample,output_constant,test,existing_train_val_minocc100
overall,passive,14298,existing_sample,outside_fixed_vocabulary_and_input,test,existing_train_val_minocc100
overall,passive,327689,existing_sample,role,test,existing_train_val_minocc100
overall,passive,3398,existing_sample,missing_role_present_local_neighbor,train,existing_train_val_minocc100
overall,passive,539540,existing_sample,output_constant,train,existing_train_val_minocc100
overall,passive,66759,existing_sample,outside_fixed_vocabulary_and_input,train,existing_train_val_minocc100
overall,passive,1529252,existing_sample,role,train,existing_train_val_minocc100
overall,passive,707,existing_sample,missing_role_present_local_neighbor,val,existing_train_val_minocc100
overall,passive,115694,existing_sample,output_constant,val,existing_train_val_minocc100
overall,passive,14100,existing_sample,outside_fixed_vocabulary_and_input,val,existing_train_val_minocc100
overall,passive,327539,existing_sample,role,val,existing_train_val_minocc100
conflictWith,passive,8,existing_sample,known_constant_blocked_by_output_mask,overall,existing_train_val_minocc100
conflictWith,passive,1,existing_sample,local_constraint_parameter,overall,existing_train_val_minocc100
conflictWith,passive,192,existing_sample,missing_role_present_local_neighbor,overall,existing_train_val_minocc100
conflictWith,passive,15078,existing_sample,output_constant,overall,existing_train_val_minocc100
conflictWith,passive,5805,existing_sample,outside_fixed_vocabulary_and_input,overall,existing_train_val_minocc100
conflictWith,passive,334587,existing_sample,role,overall,existing_train_val_minocc100
distinct,passive,1,existing_sample,known_constant_blocked_by_output_mask,overall,existing_train_val_minocc100
distinct,passive,10,existing_sample,missing_role_present_local_neighbor,overall,existing_train_val_minocc100
distinct,passive,6578,existing_sample,output_constant,overall,existing_train_val_minocc100
distinct,passive,6586,existing_sample,outside_fixed_vocabulary_and_input,overall,existing_train_val_minocc100
distinct,passive,710974,existing_sample,role,overall,existing_train_val_minocc100
inverse,passive,6,existing_sample,known_constant_blocked_by_output_mask,overall,existing_train_val_minocc100
inverse,passive,150,existing_sample,missing_role_present_local_neighbor,overall,existing_train_val_minocc100
inverse,passive,63183,existing_sample,output_constant,overall,existing_train_val_minocc100
inverse,passive,1344,existing_sample,outside_fixed_vocabulary_and_input,overall,existing_train_val_minocc100
inverse,passive,152802,existing_sample,role,overall,existing_train_val_minocc100
itemRequiresStatement,passive,139,existing_sample,known_constant_blocked_by_output_mask,overall,existing_train_val_minocc100
itemRequiresStatement,passive,12,existing_sample,local_constraint_parameter,overall,existing_train_val_minocc100
itemRequiresStatement,passive,2050,existing_sample,missing_role_present_local_neighbor,overall,existing_train_val_minocc100
itemRequiresStatement,passive,150909,existing_sample,output_constant,overall,existing_train_val_minocc100
itemRequiresStatement,passive,42689,existing_sample,outside_fixed_vocabulary_and_input,overall,existing_train_val_minocc100
itemRequiresStatement,passive,105803,existing_sample,role,overall,existing_train_val_minocc100
oneOf,passive,2,existing_sample,known_constant_blocked_by_output_mask,overall,existing_train_val_minocc100
oneOf,passive,7,existing_sample,local_constraint_parameter,overall,existing_train_val_minocc100
oneOf,passive,1,existing_sample,missing_role_present_local_neighbor,overall,existing_train_val_minocc100
oneOf,passive,4994,existing_sample,output_constant,overall,existing_train_val_minocc100
oneOf,passive,50,existing_sample,outside_fixed_vocabulary_and_input,overall,existing_train_val_minocc100
oneOf,passive,30673,existing_sample,role,overall,existing_train_val_minocc100
single,passive,38,existing_sample,known_constant_blocked_by_output_mask,overall,existing_train_val_minocc100
single,passive,884,existing_sample,missing_role_present_local_neighbor,overall,existing_train_val_minocc100
single,passive,3544,existing_sample,output_constant,overall,existing_train_val_minocc100
single,passive,14614,existing_sample,outside_fixed_vocabulary_and_input,overall,existing_train_val_minocc100
single,passive,392919,existing_sample,role,overall,existing_train_val_minocc100
symmetric,passive,5,existing_sample,known_constant_blocked_by_output_mask,overall,existing_train_val_minocc100
symmetric,passive,46,existing_sample,missing_role_present_local_neighbor,overall,existing_train_val_minocc100
symmetric,passive,95,existing_sample,output_constant,overall,existing_train_val_minocc100
symmetric,passive,385,existing_sample,outside_fixed_vocabulary_and_input,overall,existing_train_val_minocc100
symmetric,passive,89988,existing_sample,role,overall,existing_train_val_minocc100
type,passive,24,existing_sample,known_constant_blocked_by_output_mask,overall,existing_train_val_minocc100
type,passive,1,existing_sample,local_constraint_parameter,overall,existing_train_val_minocc100
type,passive,364,existing_sample,missing_role_present_local_neighbor,overall,existing_train_val_minocc100
type,passive,186280,existing_sample,output_constant,overall,existing_train_val_minocc100
type,passive,4187,existing_sample,outside_fixed_vocabulary_and_input,overall,existing_train_val_minocc100
type,passive,115522,existing_sample,role,overall,existing_train_val_minocc100
valueRequiresStatement,passive,39,existing_sample,known_constant_blocked_by_output_mask,overall,existing_train_val_minocc100
valueRequiresStatement,passive,759,existing_sample,missing_role_present_local_neighbor,overall,existing_train_val_minocc100
valueRequiresStatement,passive,147416,existing_sample,output_constant,overall,existing_train_val_minocc100
valueRequiresStatement,passive,15981,existing_sample,outside_fixed_vocabulary_and_input,overall,existing_train_val_minocc100
valueRequiresStatement,passive,142639,existing_sample,role,overall,existing_train_val_minocc100
valueType,passive,14,existing_sample,known_constant_blocked_by_output_mask,overall,existing_train_val_minocc100
valueType,passive,3,existing_sample,local_constraint_parameter,overall,existing_train_val_minocc100
valueType,passive,393,existing_sample,missing_role_present_local_neighbor,overall,existing_train_val_minocc100
valueType,passive,192580,existing_sample,output_constant,overall,existing_train_val_minocc100
valueType,passive,3516,existing_sample,outside_fixed_vocabulary_and_input,overall,existing_train_val_minocc100
valueType,passive,108573,existing_sample,role,overall,existing_train_val_minocc100
conflictWith,passive,8,existing_sample,known_constant_blocked_by_output_mask,test,existing_train_val_minocc100
conflictWith,passive,1,existing_sample,local_constraint_parameter,test,existing_train_val_minocc100
conflictWith,passive,30,existing_sample,missing_role_present_local_neighbor,test,existing_train_val_minocc100
conflictWith,passive,2291,existing_sample,output_constant,test,existing_train_val_minocc100
conflictWith,passive,868,existing_sample,outside_fixed_vocabulary_and_input,test,existing_train_val_minocc100
conflictWith,passive,50253,existing_sample,role,test,existing_train_val_minocc100
distinct,passive,1,existing_sample,known_constant_blocked_by_output_mask,test,existing_train_val_minocc100
distinct,passive,1010,existing_sample,output_constant,test,existing_train_val_minocc100
distinct,passive,1005,existing_sample,outside_fixed_vocabulary_and_input,test,existing_train_val_minocc100
distinct,passive,106728,existing_sample,role,test,existing_train_val_minocc100
inverse,passive,6,existing_sample,known_constant_blocked_by_output_mask,test,existing_train_val_minocc100
inverse,passive,22,existing_sample,missing_role_present_local_neighbor,test,existing_train_val_minocc100
inverse,passive,9499,existing_sample,output_constant,test,existing_train_val_minocc100
inverse,passive,177,existing_sample,outside_fixed_vocabulary_and_input,test,existing_train_val_minocc100
inverse,passive,22891,existing_sample,role,test,existing_train_val_minocc100
itemRequiresStatement,passive,139,existing_sample,known_constant_blocked_by_output_mask,test,existing_train_val_minocc100
itemRequiresStatement,passive,12,existing_sample,local_constraint_parameter,test,existing_train_val_minocc100
itemRequiresStatement,passive,312,existing_sample,missing_role_present_local_neighbor,test,existing_train_val_minocc100
itemRequiresStatement,passive,22468,existing_sample,output_constant,test,existing_train_val_minocc100
itemRequiresStatement,passive,6440,existing_sample,outside_fixed_vocabulary_and_input,test,existing_train_val_minocc100
itemRequiresStatement,passive,15833,existing_sample,role,test,existing_train_val_minocc100
oneOf,passive,2,existing_sample,known_constant_blocked_by_output_mask,test,existing_train_val_minocc100
oneOf,passive,7,existing_sample,local_constraint_parameter,test,existing_train_val_minocc100
oneOf,passive,1,existing_sample,missing_role_present_local_neighbor,test,existing_train_val_minocc100
oneOf,passive,761,existing_sample,output_constant,test,existing_train_val_minocc100
oneOf,passive,8,existing_sample,outside_fixed_vocabulary_and_input,test,existing_train_val_minocc100
oneOf,passive,4642,existing_sample,role,test,existing_train_val_minocc100
single,passive,38,existing_sample,known_constant_blocked_by_output_mask,test,existing_train_val_minocc100
single,passive,129,existing_sample,missing_role_present_local_neighbor,test,existing_train_val_minocc100
single,passive,486,existing_sample,output_constant,test,existing_train_val_minocc100
single,passive,2230,existing_sample,outside_fixed_vocabulary_and_input,test,existing_train_val_minocc100
single,passive,58989,existing_sample,role,test,existing_train_val_minocc100
symmetric,passive,5,existing_sample,known_constant_blocked_by_output_mask,test,existing_train_val_minocc100
symmetric,passive,4,existing_sample,missing_role_present_local_neighbor,test,existing_train_val_minocc100
symmetric,passive,8,existing_sample,output_constant,test,existing_train_val_minocc100
symmetric,passive,54,existing_sample,outside_fixed_vocabulary_and_input,test,existing_train_val_minocc100
symmetric,passive,13390,existing_sample,role,test,existing_train_val_minocc100
type,passive,24,existing_sample,known_constant_blocked_by_output_mask,test,existing_train_val_minocc100
type,passive,1,existing_sample,local_constraint_parameter,test,existing_train_val_minocc100
type,passive,66,existing_sample,missing_role_present_local_neighbor,test,existing_train_val_minocc100
type,passive,27940,existing_sample,output_constant,test,existing_train_val_minocc100
type,passive,629,existing_sample,outside_fixed_vocabulary_and_input,test,existing_train_val_minocc100
type,passive,17351,existing_sample,role,test,existing_train_val_minocc100
valueRequiresStatement,passive,39,existing_sample,known_constant_blocked_by_output_mask,test,existing_train_val_minocc100
valueRequiresStatement,passive,122,existing_sample,missing_role_present_local_neighbor,test,existing_train_val_minocc100
valueRequiresStatement,passive,22056,existing_sample,output_constant,test,existing_train_val_minocc100
valueRequiresStatement,passive,2359,existing_sample,outside_fixed_vocabulary_and_input,test,existing_train_val_minocc100
valueRequiresStatement,passive,21402,existing_sample,role,test,existing_train_val_minocc100
valueType,passive,14,existing_sample,known_constant_blocked_by_output_mask,test,existing_train_val_minocc100
valueType,passive,3,existing_sample,local_constraint_parameter,test,existing_train_val_minocc100
valueType,passive,58,existing_sample,missing_role_present_local_neighbor,test,existing_train_val_minocc100
valueType,passive,28904,existing_sample,output_constant,test,existing_train_val_minocc100
valueType,passive,528,existing_sample,outside_fixed_vocabulary_and_input,test,existing_train_val_minocc100
valueType,passive,16210,existing_sample,role,test,existing_train_val_minocc100
conflictWith,passive,132,existing_sample,missing_role_present_local_neighbor,train,existing_train_val_minocc100
conflictWith,passive,10514,existing_sample,output_constant,train,existing_train_val_minocc100
conflictWith,passive,4087,existing_sample,outside_fixed_vocabulary_and_input,train,existing_train_val_minocc100
conflictWith,passive,234063,existing_sample,role,train,existing_train_val_minocc100
distinct,passive,9,existing_sample,missing_role_present_local_neighbor,train,existing_train_val_minocc100
distinct,passive,4601,existing_sample,output_constant,train,existing_train_val_minocc100
distinct,passive,4624,existing_sample,outside_fixed_vocabulary_and_input,train,existing_train_val_minocc100
distinct,passive,497697,existing_sample,role,train,existing_train_val_minocc100
inverse,passive,105,existing_sample,missing_role_present_local_neighbor,train,existing_train_val_minocc100
inverse,passive,44214,existing_sample,output_constant,train,existing_train_val_minocc100
inverse,passive,965,existing_sample,outside_fixed_vocabulary_and_input,train,existing_train_val_minocc100
inverse,passive,107107,existing_sample,role,train,existing_train_val_minocc100
itemRequiresStatement,passive,1435,existing_sample,missing_role_present_local_neighbor,train,existing_train_val_minocc100
itemRequiresStatement,passive,105714,existing_sample,output_constant,train,existing_train_val_minocc100
itemRequiresStatement,passive,29923,existing_sample,outside_fixed_vocabulary_and_input,train,existing_train_val_minocc100
itemRequiresStatement,passive,74149,existing_sample,role,train,existing_train_val_minocc100
oneOf,passive,3507,existing_sample,output_constant,train,existing_train_val_minocc100
oneOf,passive,33,existing_sample,outside_fixed_vocabulary_and_input,train,existing_train_val_minocc100
oneOf,passive,21474,existing_sample,role,train,existing_train_val_minocc100
single,passive,618,existing_sample,missing_role_present_local_neighbor,train,existing_train_val_minocc100
single,passive,2486,existing_sample,output_constant,train,existing_train_val_minocc100
single,passive,10237,existing_sample,outside_fixed_vocabulary_and_input,train,existing_train_val_minocc100
single,passive,275031,existing_sample,role,train,existing_train_val_minocc100
symmetric,passive,31,existing_sample,missing_role_present_local_neighbor,train,existing_train_val_minocc100
symmetric,passive,72,existing_sample,output_constant,train,existing_train_val_minocc100
symmetric,passive,283,existing_sample,outside_fixed_vocabulary_and_input,train,existing_train_val_minocc100
symmetric,passive,63007,existing_sample,role,train,existing_train_val_minocc100
type,passive,258,existing_sample,missing_role_present_local_neighbor,train,existing_train_val_minocc100
type,passive,130406,existing_sample,output_constant,train,existing_train_val_minocc100
type,passive,2947,existing_sample,outside_fixed_vocabulary_and_input,train,existing_train_val_minocc100
type,passive,80868,existing_sample,role,train,existing_train_val_minocc100
valueRequiresStatement,passive,542,existing_sample,missing_role_present_local_neighbor,train,existing_train_val_minocc100
valueRequiresStatement,passive,103216,existing_sample,output_constant,train,existing_train_val_minocc100
valueRequiresStatement,passive,11194,existing_sample,outside_fixed_vocabulary_and_input,train,existing_train_val_minocc100
valueRequiresStatement,passive,99845,existing_sample,role,train,existing_train_val_minocc100
valueType,passive,268,existing_sample,missing_role_present_local_neighbor,train,existing_train_val_minocc100
valueType,passive,134810,existing_sample,output_constant,train,existing_train_val_minocc100
valueType,passive,2466,existing_sample,outside_fixed_vocabulary_and_input,train,existing_train_val_minocc100
valueType,passive,76011,existing_sample,role,train,existing_train_val_minocc100
conflictWith,passive,30,existing_sample,missing_role_present_local_neighbor,val,existing_train_val_minocc100
conflictWith,passive,2273,existing_sample,output_constant,val,existing_train_val_minocc100
conflictWith,passive,850,existing_sample,outside_fixed_vocabulary_and_input,val,existing_train_val_minocc100
conflictWith,passive,50271,existing_sample,role,val,existing_train_val_minocc100
distinct,passive,1,existing_sample,missing_role_present_local_neighbor,val,existing_train_val_minocc100
distinct,passive,967,existing_sample,output_constant,val,existing_train_val_minocc100
distinct,passive,957,existing_sample,outside_fixed_vocabulary_and_input,val,existing_train_val_minocc100
distinct,passive,106549,existing_sample,role,val,existing_train_val_minocc100
inverse,passive,23,existing_sample,missing_role_present_local_neighbor,val,existing_train_val_minocc100
inverse,passive,9470,existing_sample,output_constant,val,existing_train_val_minocc100
inverse,passive,202,existing_sample,outside_fixed_vocabulary_and_input,val,existing_train_val_minocc100
inverse,passive,22804,existing_sample,role,val,existing_train_val_minocc100
itemRequiresStatement,passive,303,existing_sample,missing_role_present_local_neighbor,val,existing_train_val_minocc100
itemRequiresStatement,passive,22727,existing_sample,output_constant,val,existing_train_val_minocc100
itemRequiresStatement,passive,6326,existing_sample,outside_fixed_vocabulary_and_input,val,existing_train_val_minocc100
itemRequiresStatement,passive,15821,existing_sample,role,val,existing_train_val_minocc100
oneOf,passive,726,existing_sample,output_constant,val,existing_train_val_minocc100
oneOf,passive,9,existing_sample,outside_fixed_vocabulary_and_input,val,existing_train_val_minocc100
oneOf,passive,4557,existing_sample,role,val,existing_train_val_minocc100
single,passive,137,existing_sample,missing_role_present_local_neighbor,val,existing_train_val_minocc100
single,passive,572,existing_sample,output_constant,val,existing_train_val_minocc100
single,passive,2147,existing_sample,outside_fixed_vocabulary_and_input,val,existing_train_val_minocc100
single,passive,58899,existing_sample,role,val,existing_train_val_minocc100
symmetric,passive,11,existing_sample,missing_role_present_local_neighbor,val,existing_train_val_minocc100
symmetric,passive,15,existing_sample,output_constant,val,existing_train_val_minocc100
symmetric,passive,48,existing_sample,outside_fixed_vocabulary_and_input,val,existing_train_val_minocc100
symmetric,passive,13591,existing_sample,role,val,existing_train_val_minocc100
type,passive,40,existing_sample,missing_role_present_local_neighbor,val,existing_train_val_minocc100
type,passive,27934,existing_sample,output_constant,val,existing_train_val_minocc100
type,passive,611,existing_sample,outside_fixed_vocabulary_and_input,val,existing_train_val_minocc100
type,passive,17303,existing_sample,role,val,existing_train_val_minocc100
valueRequiresStatement,passive,95,existing_sample,missing_role_present_local_neighbor,val,existing_train_val_minocc100
valueRequiresStatement,passive,22144,existing_sample,output_constant,val,existing_train_val_minocc100
valueRequiresStatement,passive,2428,existing_sample,outside_fixed_vocabulary_and_input,val,existing_train_val_minocc100
valueRequiresStatement,passive,21392,existing_sample,role,val,existing_train_val_minocc100
valueType,passive,67,existing_sample,missing_role_present_local_neighbor,val,existing_train_val_minocc100
valueType,passive,28866,existing_sample,output_constant,val,existing_train_val_minocc100
valueType,passive,522,existing_sample,outside_fixed_vocabulary_and_input,val,existing_train_val_minocc100
valueType,passive,16352,existing_sample,role,val,existing_train_val_minocc100
overall,factorized,257,existing_sample,known_constant_blocked_by_output_mask,overall,existing_train_val_minocc100
overall,factorized,49,existing_sample,local_constraint_parameter,overall,existing_train_val_minocc100
overall,factorized,4843,existing_sample,missing_role_present_local_neighbor,overall,existing_train_val_minocc100
overall,factorized,770657,existing_sample,output_constant,overall,existing_train_val_minocc100
overall,factorized,95157,existing_sample,outside_fixed_vocabulary_and_input,overall,existing_train_val_minocc100
overall,factorized,2184480,existing_sample,role,overall,existing_train_val_minocc100
overall,factorized,257,existing_sample,known_constant_blocked_by_output_mask,test,existing_train_val_minocc100
overall,factorized,49,existing_sample,local_constraint_parameter,test,existing_train_val_minocc100
overall,factorized,738,existing_sample,missing_role_present_local_neighbor,test,existing_train_val_minocc100
overall,factorized,115423,existing_sample,output_constant,test,existing_train_val_minocc100
overall,factorized,14298,existing_sample,outside_fixed_vocabulary_and_input,test,existing_train_val_minocc100
overall,factorized,327689,existing_sample,role,test,existing_train_val_minocc100
overall,factorized,3398,existing_sample,missing_role_present_local_neighbor,train,existing_train_val_minocc100
overall,factorized,539540,existing_sample,output_constant,train,existing_train_val_minocc100
overall,factorized,66759,existing_sample,outside_fixed_vocabulary_and_input,train,existing_train_val_minocc100
overall,factorized,1529252,existing_sample,role,train,existing_train_val_minocc100
overall,factorized,707,existing_sample,missing_role_present_local_neighbor,val,existing_train_val_minocc100
overall,factorized,115694,existing_sample,output_constant,val,existing_train_val_minocc100
overall,factorized,14100,existing_sample,outside_fixed_vocabulary_and_input,val,existing_train_val_minocc100
overall,factorized,327539,existing_sample,role,val,existing_train_val_minocc100
conflictWith,factorized,8,existing_sample,known_constant_blocked_by_output_mask,overall,existing_train_val_minocc100
conflictWith,factorized,1,existing_sample,local_constraint_parameter,overall,existing_train_val_minocc100
conflictWith,factorized,192,existing_sample,missing_role_present_local_neighbor,overall,existing_train_val_minocc100
conflictWith,factorized,15078,existing_sample,output_constant,overall,existing_train_val_minocc100
conflictWith,factorized,5805,existing_sample,outside_fixed_vocabulary_and_input,overall,existing_train_val_minocc100
conflictWith,factorized,334587,existing_sample,role,overall,existing_train_val_minocc100
distinct,factorized,1,existing_sample,known_constant_blocked_by_output_mask,overall,existing_train_val_minocc100
distinct,factorized,10,existing_sample,missing_role_present_local_neighbor,overall,existing_train_val_minocc100
distinct,factorized,6578,existing_sample,output_constant,overall,existing_train_val_minocc100
distinct,factorized,6586,existing_sample,outside_fixed_vocabulary_and_input,overall,existing_train_val_minocc100
distinct,factorized,710974,existing_sample,role,overall,existing_train_val_minocc100
inverse,factorized,6,existing_sample,known_constant_blocked_by_output_mask,overall,existing_train_val_minocc100
inverse,factorized,150,existing_sample,missing_role_present_local_neighbor,overall,existing_train_val_minocc100
inverse,factorized,63183,existing_sample,output_constant,overall,existing_train_val_minocc100
inverse,factorized,1344,existing_sample,outside_fixed_vocabulary_and_input,overall,existing_train_val_minocc100
inverse,factorized,152802,existing_sample,role,overall,existing_train_val_minocc100
itemRequiresStatement,factorized,127,existing_sample,known_constant_blocked_by_output_mask,overall,existing_train_val_minocc100
itemRequiresStatement,factorized,30,existing_sample,local_constraint_parameter,overall,existing_train_val_minocc100
itemRequiresStatement,factorized,2044,existing_sample,missing_role_present_local_neighbor,overall,existing_train_val_minocc100
itemRequiresStatement,factorized,150909,existing_sample,output_constant,overall,existing_train_val_minocc100
itemRequiresStatement,factorized,42689,existing_sample,outside_fixed_vocabulary_and_input,overall,existing_train_val_minocc100
itemRequiresStatement,factorized,105803,existing_sample,role,overall,existing_train_val_minocc100
oneOf,factorized,2,existing_sample,known_constant_blocked_by_output_mask,overall,existing_train_val_minocc100
oneOf,factorized,7,existing_sample,local_constraint_parameter,overall,existing_train_val_minocc100
oneOf,factorized,1,existing_sample,missing_role_present_local_neighbor,overall,existing_train_val_minocc100
oneOf,factorized,4994,existing_sample,output_constant,overall,existing_train_val_minocc100
oneOf,factorized,50,existing_sample,outside_fixed_vocabulary_and_input,overall,existing_train_val_minocc100
oneOf,factorized,30673,existing_sample,role,overall,existing_train_val_minocc100
single,factorized,38,existing_sample,known_constant_blocked_by_output_mask,overall,existing_train_val_minocc100
single,factorized,884,existing_sample,missing_role_present_local_neighbor,overall,existing_train_val_minocc100
single,factorized,3544,existing_sample,output_constant,overall,existing_train_val_minocc100
single,factorized,14614,existing_sample,outside_fixed_vocabulary_and_input,overall,existing_train_val_minocc100
single,factorized,392919,existing_sample,role,overall,existing_train_val_minocc100
symmetric,factorized,5,existing_sample,known_constant_blocked_by_output_mask,overall,existing_train_val_minocc100
symmetric,factorized,46,existing_sample,missing_role_present_local_neighbor,overall,existing_train_val_minocc100
symmetric,factorized,95,existing_sample,output_constant,overall,existing_train_val_minocc100
symmetric,factorized,385,existing_sample,outside_fixed_vocabulary_and_input,overall,existing_train_val_minocc100
symmetric,factorized,89988,existing_sample,role,overall,existing_train_val_minocc100
type,factorized,21,existing_sample,known_constant_blocked_by_output_mask,overall,existing_train_val_minocc100
type,factorized,4,existing_sample,local_constraint_parameter,overall,existing_train_val_minocc100
type,factorized,364,existing_sample,missing_role_present_local_neighbor,overall,existing_train_val_minocc100
type,factorized,186280,existing_sample,output_constant,overall,existing_train_val_minocc100
type,factorized,4187,existing_sample,outside_fixed_vocabulary_and_input,overall,existing_train_val_minocc100
type,factorized,115522,existing_sample,role,overall,existing_train_val_minocc100
valueRequiresStatement,factorized,37,existing_sample,known_constant_blocked_by_output_mask,overall,existing_train_val_minocc100
valueRequiresStatement,factorized,2,existing_sample,local_constraint_parameter,overall,existing_train_val_minocc100
valueRequiresStatement,factorized,759,existing_sample,missing_role_present_local_neighbor,overall,existing_train_val_minocc100
valueRequiresStatement,factorized,147416,existing_sample,output_constant,overall,existing_train_val_minocc100
valueRequiresStatement,factorized,15981,existing_sample,outside_fixed_vocabulary_and_input,overall,existing_train_val_minocc100
valueRequiresStatement,factorized,142639,existing_sample,role,overall,existing_train_val_minocc100
valueType,factorized,12,existing_sample,known_constant_blocked_by_output_mask,overall,existing_train_val_minocc100
valueType,factorized,5,existing_sample,local_constraint_parameter,overall,existing_train_val_minocc100
valueType,factorized,393,existing_sample,missing_role_present_local_neighbor,overall,existing_train_val_minocc100
valueType,factorized,192580,existing_sample,output_constant,overall,existing_train_val_minocc100
valueType,factorized,3516,existing_sample,outside_fixed_vocabulary_and_input,overall,existing_train_val_minocc100
valueType,factorized,108573,existing_sample,role,overall,existing_train_val_minocc100
conflictWith,factorized,8,existing_sample,known_constant_blocked_by_output_mask,test,existing_train_val_minocc100
conflictWith,factorized,1,existing_sample,local_constraint_parameter,test,existing_train_val_minocc100
conflictWith,factorized,30,existing_sample,missing_role_present_local_neighbor,test,existing_train_val_minocc100
conflictWith,factorized,2291,existing_sample,output_constant,test,existing_train_val_minocc100
conflictWith,factorized,868,existing_sample,outside_fixed_vocabulary_and_input,test,existing_train_val_minocc100
conflictWith,factorized,50253,existing_sample,role,test,existing_train_val_minocc100
distinct,factorized,1,existing_sample,known_constant_blocked_by_output_mask,test,existing_train_val_minocc100
distinct,factorized,1010,existing_sample,output_constant,test,existing_train_val_minocc100
distinct,factorized,1005,existing_sample,outside_fixed_vocabulary_and_input,test,existing_train_val_minocc100
distinct,factorized,106728,existing_sample,role,test,existing_train_val_minocc100
inverse,factorized,6,existing_sample,known_constant_blocked_by_output_mask,test,existing_train_val_minocc100
inverse,factorized,22,existing_sample,missing_role_present_local_neighbor,test,existing_train_val_minocc100
inverse,factorized,9499,existing_sample,output_constant,test,existing_train_val_minocc100
inverse,factorized,177,existing_sample,outside_fixed_vocabulary_and_input,test,existing_train_val_minocc100
inverse,factorized,22891,existing_sample,role,test,existing_train_val_minocc100
itemRequiresStatement,factorized,127,existing_sample,known_constant_blocked_by_output_mask,test,existing_train_val_minocc100
itemRequiresStatement,factorized,30,existing_sample,local_constraint_parameter,test,existing_train_val_minocc100
itemRequiresStatement,factorized,306,existing_sample,missing_role_present_local_neighbor,test,existing_train_val_minocc100
itemRequiresStatement,factorized,22468,existing_sample,output_constant,test,existing_train_val_minocc100
itemRequiresStatement,factorized,6440,existing_sample,outside_fixed_vocabulary_and_input,test,existing_train_val_minocc100
itemRequiresStatement,factorized,15833,existing_sample,role,test,existing_train_val_minocc100
oneOf,factorized,2,existing_sample,known_constant_blocked_by_output_mask,test,existing_train_val_minocc100
oneOf,factorized,7,existing_sample,local_constraint_parameter,test,existing_train_val_minocc100
oneOf,factorized,1,existing_sample,missing_role_present_local_neighbor,test,existing_train_val_minocc100
oneOf,factorized,761,existing_sample,output_constant,test,existing_train_val_minocc100
oneOf,factorized,8,existing_sample,outside_fixed_vocabulary_and_input,test,existing_train_val_minocc100
oneOf,factorized,4642,existing_sample,role,test,existing_train_val_minocc100
single,factorized,38,existing_sample,known_constant_blocked_by_output_mask,test,existing_train_val_minocc100
single,factorized,129,existing_sample,missing_role_present_local_neighbor,test,existing_train_val_minocc100
single,factorized,486,existing_sample,output_constant,test,existing_train_val_minocc100
single,factorized,2230,existing_sample,outside_fixed_vocabulary_and_input,test,existing_train_val_minocc100
single,factorized,58989,existing_sample,role,test,existing_train_val_minocc100
symmetric,factorized,5,existing_sample,known_constant_blocked_by_output_mask,test,existing_train_val_minocc100
symmetric,factorized,4,existing_sample,missing_role_present_local_neighbor,test,existing_train_val_minocc100
symmetric,factorized,8,existing_sample,output_constant,test,existing_train_val_minocc100
symmetric,factorized,54,existing_sample,outside_fixed_vocabulary_and_input,test,existing_train_val_minocc100
symmetric,factorized,13390,existing_sample,role,test,existing_train_val_minocc100
type,factorized,21,existing_sample,known_constant_blocked_by_output_mask,test,existing_train_val_minocc100
type,factorized,4,existing_sample,local_constraint_parameter,test,existing_train_val_minocc100
type,factorized,66,existing_sample,missing_role_present_local_neighbor,test,existing_train_val_minocc100
type,factorized,27940,existing_sample,output_constant,test,existing_train_val_minocc100
type,factorized,629,existing_sample,outside_fixed_vocabulary_and_input,test,existing_train_val_minocc100
type,factorized,17351,existing_sample,role,test,existing_train_val_minocc100
valueRequiresStatement,factorized,37,existing_sample,known_constant_blocked_by_output_mask,test,existing_train_val_minocc100
valueRequiresStatement,factorized,2,existing_sample,local_constraint_parameter,test,existing_train_val_minocc100
valueRequiresStatement,factorized,122,existing_sample,missing_role_present_local_neighbor,test,existing_train_val_minocc100
valueRequiresStatement,factorized,22056,existing_sample,output_constant,test,existing_train_val_minocc100
valueRequiresStatement,factorized,2359,existing_sample,outside_fixed_vocabulary_and_input,test,existing_train_val_minocc100
valueRequiresStatement,factorized,21402,existing_sample,role,test,existing_train_val_minocc100
valueType,factorized,12,existing_sample,known_constant_blocked_by_output_mask,test,existing_train_val_minocc100
valueType,factorized,5,existing_sample,local_constraint_parameter,test,existing_train_val_minocc100
valueType,factorized,58,existing_sample,missing_role_present_local_neighbor,test,existing_train_val_minocc100
valueType,factorized,28904,existing_sample,output_constant,test,existing_train_val_minocc100
valueType,factorized,528,existing_sample,outside_fixed_vocabulary_and_input,test,existing_train_val_minocc100
valueType,factorized,16210,existing_sample,role,test,existing_train_val_minocc100
conflictWith,factorized,132,existing_sample,missing_role_present_local_neighbor,train,existing_train_val_minocc100
conflictWith,factorized,10514,existing_sample,output_constant,train,existing_train_val_minocc100
conflictWith,factorized,4087,existing_sample,outside_fixed_vocabulary_and_input,train,existing_train_val_minocc100
conflictWith,factorized,234063,existing_sample,role,train,existing_train_val_minocc100
distinct,factorized,9,existing_sample,missing_role_present_local_neighbor,train,existing_train_val_minocc100
distinct,factorized,4601,existing_sample,output_constant,train,existing_train_val_minocc100
distinct,factorized,4624,existing_sample,outside_fixed_vocabulary_and_input,train,existing_train_val_minocc100
distinct,factorized,497697,existing_sample,role,train,existing_train_val_minocc100
inverse,factorized,105,existing_sample,missing_role_present_local_neighbor,train,existing_train_val_minocc100
inverse,factorized,44214,existing_sample,output_constant,train,existing_train_val_minocc100
inverse,factorized,965,existing_sample,outside_fixed_vocabulary_and_input,train,existing_train_val_minocc100
inverse,factorized,107107,existing_sample,role,train,existing_train_val_minocc100
itemRequiresStatement,factorized,1435,existing_sample,missing_role_present_local_neighbor,train,existing_train_val_minocc100
itemRequiresStatement,factorized,105714,existing_sample,output_constant,train,existing_train_val_minocc100
itemRequiresStatement,factorized,29923,existing_sample,outside_fixed_vocabulary_and_input,train,existing_train_val_minocc100
itemRequiresStatement,factorized,74149,existing_sample,role,train,existing_train_val_minocc100
oneOf,factorized,3507,existing_sample,output_constant,train,existing_train_val_minocc100
oneOf,factorized,33,existing_sample,outside_fixed_vocabulary_and_input,train,existing_train_val_minocc100
oneOf,factorized,21474,existing_sample,role,train,existing_train_val_minocc100
single,factorized,618,existing_sample,missing_role_present_local_neighbor,train,existing_train_val_minocc100
single,factorized,2486,existing_sample,output_constant,train,existing_train_val_minocc100
single,factorized,10237,existing_sample,outside_fixed_vocabulary_and_input,train,existing_train_val_minocc100
single,factorized,275031,existing_sample,role,train,existing_train_val_minocc100
symmetric,factorized,31,existing_sample,missing_role_present_local_neighbor,train,existing_train_val_minocc100
symmetric,factorized,72,existing_sample,output_constant,train,existing_train_val_minocc100
symmetric,factorized,283,existing_sample,outside_fixed_vocabulary_and_input,train,existing_train_val_minocc100
symmetric,factorized,63007,existing_sample,role,train,existing_train_val_minocc100
type,factorized,258,existing_sample,missing_role_present_local_neighbor,train,existing_train_val_minocc100
type,factorized,130406,existing_sample,output_constant,train,existing_train_val_minocc100
type,factorized,2947,existing_sample,outside_fixed_vocabulary_and_input,train,existing_train_val_minocc100
type,factorized,80868,existing_sample,role,train,existing_train_val_minocc100
valueRequiresStatement,factorized,542,existing_sample,missing_role_present_local_neighbor,train,existing_train_val_minocc100
valueRequiresStatement,factorized,103216,existing_sample,output_constant,train,existing_train_val_minocc100
valueRequiresStatement,factorized,11194,existing_sample,outside_fixed_vocabulary_and_input,train,existing_train_val_minocc100
valueRequiresStatement,factorized,99845,existing_sample,role,train,existing_train_val_minocc100
valueType,factorized,268,existing_sample,missing_role_present_local_neighbor,train,existing_train_val_minocc100
valueType,factorized,134810,existing_sample,output_constant,train,existing_train_val_minocc100
valueType,factorized,2466,existing_sample,outside_fixed_vocabulary_and_input,train,existing_train_val_minocc100
valueType,factorized,76011,existing_sample,role,train,existing_train_val_minocc100
conflictWith,factorized,30,existing_sample,missing_role_present_local_neighbor,val,existing_train_val_minocc100
conflictWith,factorized,2273,existing_sample,output_constant,val,existing_train_val_minocc100
conflictWith,factorized,850,existing_sample,outside_fixed_vocabulary_and_input,val,existing_train_val_minocc100
conflictWith,factorized,50271,existing_sample,role,val,existing_train_val_minocc100
distinct,factorized,1,existing_sample,missing_role_present_local_neighbor,val,existing_train_val_minocc100
distinct,factorized,967,existing_sample,output_constant,val,existing_train_val_minocc100
distinct,factorized,957,existing_sample,outside_fixed_vocabulary_and_input,val,existing_train_val_minocc100
distinct,factorized,106549,existing_sample,role,val,existing_train_val_minocc100
inverse,factorized,23,existing_sample,missing_role_present_local_neighbor,val,existing_train_val_minocc100
inverse,factorized,9470,existing_sample,output_constant,val,existing_train_val_minocc100
inverse,factorized,202,existing_sample,outside_fixed_vocabulary_and_input,val,existing_train_val_minocc100
inverse,factorized,22804,existing_sample,role,val,existing_train_val_minocc100
itemRequiresStatement,factorized,303,existing_sample,missing_role_present_local_neighbor,val,existing_train_val_minocc100
itemRequiresStatement,factorized,22727,existing_sample,output_constant,val,existing_train_val_minocc100
itemRequiresStatement,factorized,6326,existing_sample,outside_fixed_vocabulary_and_input,val,existing_train_val_minocc100
itemRequiresStatement,factorized,15821,existing_sample,role,val,existing_train_val_minocc100
oneOf,factorized,726,existing_sample,output_constant,val,existing_train_val_minocc100
oneOf,factorized,9,existing_sample,outside_fixed_vocabulary_and_input,val,existing_train_val_minocc100
oneOf,factorized,4557,existing_sample,role,val,existing_train_val_minocc100
single,factorized,137,existing_sample,missing_role_present_local_neighbor,val,existing_train_val_minocc100
single,factorized,572,existing_sample,output_constant,val,existing_train_val_minocc100
single,factorized,2147,existing_sample,outside_fixed_vocabulary_and_input,val,existing_train_val_minocc100
single,factorized,58899,existing_sample,role,val,existing_train_val_minocc100
symmetric,factorized,11,existing_sample,missing_role_present_local_neighbor,val,existing_train_val_minocc100
symmetric,factorized,15,existing_sample,output_constant,val,existing_train_val_minocc100
symmetric,factorized,48,existing_sample,outside_fixed_vocabulary_and_input,val,existing_train_val_minocc100
symmetric,factorized,13591,existing_sample,role,val,existing_train_val_minocc100
type,factorized,40,existing_sample,missing_role_present_local_neighbor,val,existing_train_val_minocc100
type,factorized,27934,existing_sample,output_constant,val,existing_train_val_minocc100
type,factorized,611,existing_sample,outside_fixed_vocabulary_and_input,val,existing_train_val_minocc100
type,factorized,17303,existing_sample,role,val,existing_train_val_minocc100
valueRequiresStatement,factorized,95,existing_sample,missing_role_present_local_neighbor,val,existing_train_val_minocc100
valueRequiresStatement,factorized,22144,existing_sample,output_constant,val,existing_train_val_minocc100
valueRequiresStatement,factorized,2428,existing_sample,outside_fixed_vocabulary_and_input,val,existing_train_val_minocc100
valueRequiresStatement,factorized,21392,existing_sample,role,val,existing_train_val_minocc100
valueType,factorized,67,existing_sample,missing_role_present_local_neighbor,val,existing_train_val_minocc100
valueType,factorized,28866,existing_sample,output_constant,val,existing_train_val_minocc100
valueType,factorized,522,existing_sample,outside_fixed_vocabulary_and_input,val,existing_train_val_minocc100
valueType,factorized,16352,existing_sample,role,val,existing_train_val_minocc100
overall,passive,369,existing_sample,known_constant_blocked_by_output_mask,overall,clean_parent_train_minocc100
overall,passive,36,existing_sample,local_constraint_parameter,overall,clean_parent_train_minocc100
overall,passive,4858,existing_sample,missing_role_present_local_neighbor,overall,clean_parent_train_minocc100
overall,passive,770543,existing_sample,output_constant,overall,clean_parent_train_minocc100
overall,passive,95157,existing_sample,outside_fixed_vocabulary_and_input,overall,clean_parent_train_minocc100
overall,passive,2184480,existing_sample,role,overall,clean_parent_train_minocc100
overall,passive,180,existing_sample,known_constant_blocked_by_output_mask,test,clean_parent_train_minocc100
overall,passive,13,existing_sample,local_constraint_parameter,test,clean_parent_train_minocc100
overall,passive,732,existing_sample,missing_role_present_local_neighbor,test,clean_parent_train_minocc100
overall,passive,115542,existing_sample,output_constant,test,clean_parent_train_minocc100
overall,passive,14298,existing_sample,outside_fixed_vocabulary_and_input,test,clean_parent_train_minocc100
overall,passive,327689,existing_sample,role,test,clean_parent_train_minocc100
overall,passive,3398,existing_sample,missing_role_present_local_neighbor,train,clean_parent_train_minocc100
overall,passive,539540,existing_sample,output_constant,train,clean_parent_train_minocc100
overall,passive,66759,existing_sample,outside_fixed_vocabulary_and_input,train,clean_parent_train_minocc100
overall,passive,1529252,existing_sample,role,train,clean_parent_train_minocc100
overall,passive,189,existing_sample,known_constant_blocked_by_output_mask,val,clean_parent_train_minocc100
overall,passive,23,existing_sample,local_constraint_parameter,val,clean_parent_train_minocc100
overall,passive,728,existing_sample,missing_role_present_local_neighbor,val,clean_parent_train_minocc100
overall,passive,115461,existing_sample,output_constant,val,clean_parent_train_minocc100
overall,passive,14100,existing_sample,outside_fixed_vocabulary_and_input,val,clean_parent_train_minocc100
overall,passive,327539,existing_sample,role,val,clean_parent_train_minocc100
conflictWith,passive,12,existing_sample,known_constant_blocked_by_output_mask,overall,clean_parent_train_minocc100
conflictWith,passive,3,existing_sample,local_constraint_parameter,overall,clean_parent_train_minocc100
conflictWith,passive,195,existing_sample,missing_role_present_local_neighbor,overall,clean_parent_train_minocc100
conflictWith,passive,15069,existing_sample,output_constant,overall,clean_parent_train_minocc100
conflictWith,passive,5805,existing_sample,outside_fixed_vocabulary_and_input,overall,clean_parent_train_minocc100
conflictWith,passive,334587,existing_sample,role,overall,clean_parent_train_minocc100
distinct,passive,3,existing_sample,known_constant_blocked_by_output_mask,overall,clean_parent_train_minocc100
distinct,passive,10,existing_sample,missing_role_present_local_neighbor,overall,clean_parent_train_minocc100
distinct,passive,6576,existing_sample,output_constant,overall,clean_parent_train_minocc100
distinct,passive,6586,existing_sample,outside_fixed_vocabulary_and_input,overall,clean_parent_train_minocc100
distinct,passive,710974,existing_sample,role,overall,clean_parent_train_minocc100
inverse,passive,10,existing_sample,known_constant_blocked_by_output_mask,overall,clean_parent_train_minocc100
inverse,passive,152,existing_sample,missing_role_present_local_neighbor,overall,clean_parent_train_minocc100
inverse,passive,63177,existing_sample,output_constant,overall,clean_parent_train_minocc100
inverse,passive,1344,existing_sample,outside_fixed_vocabulary_and_input,overall,clean_parent_train_minocc100
inverse,passive,152802,existing_sample,role,overall,clean_parent_train_minocc100
itemRequiresStatement,passive,180,existing_sample,known_constant_blocked_by_output_mask,overall,clean_parent_train_minocc100
itemRequiresStatement,passive,17,existing_sample,local_constraint_parameter,overall,clean_parent_train_minocc100
itemRequiresStatement,passive,2045,existing_sample,missing_role_present_local_neighbor,overall,clean_parent_train_minocc100
itemRequiresStatement,passive,150868,existing_sample,output_constant,overall,clean_parent_train_minocc100
itemRequiresStatement,passive,42689,existing_sample,outside_fixed_vocabulary_and_input,overall,clean_parent_train_minocc100
itemRequiresStatement,passive,105803,existing_sample,role,overall,clean_parent_train_minocc100
oneOf,passive,2,existing_sample,known_constant_blocked_by_output_mask,overall,clean_parent_train_minocc100
oneOf,passive,12,existing_sample,local_constraint_parameter,overall,clean_parent_train_minocc100
oneOf,passive,1,existing_sample,missing_role_present_local_neighbor,overall,clean_parent_train_minocc100
oneOf,passive,4989,existing_sample,output_constant,overall,clean_parent_train_minocc100
oneOf,passive,50,existing_sample,outside_fixed_vocabulary_and_input,overall,clean_parent_train_minocc100
oneOf,passive,30673,existing_sample,role,overall,clean_parent_train_minocc100
single,passive,63,existing_sample,known_constant_blocked_by_output_mask,overall,clean_parent_train_minocc100
single,passive,1,existing_sample,local_constraint_parameter,overall,clean_parent_train_minocc100
single,passive,885,existing_sample,missing_role_present_local_neighbor,overall,clean_parent_train_minocc100
single,passive,3517,existing_sample,output_constant,overall,clean_parent_train_minocc100
single,passive,14614,existing_sample,outside_fixed_vocabulary_and_input,overall,clean_parent_train_minocc100
single,passive,392919,existing_sample,role,overall,clean_parent_train_minocc100
symmetric,passive,6,existing_sample,known_constant_blocked_by_output_mask,overall,clean_parent_train_minocc100
symmetric,passive,47,existing_sample,missing_role_present_local_neighbor,overall,clean_parent_train_minocc100
symmetric,passive,93,existing_sample,output_constant,overall,clean_parent_train_minocc100
symmetric,passive,385,existing_sample,outside_fixed_vocabulary_and_input,overall,clean_parent_train_minocc100
symmetric,passive,89988,existing_sample,role,overall,clean_parent_train_minocc100
type,passive,26,existing_sample,known_constant_blocked_by_output_mask,overall,clean_parent_train_minocc100
type,passive,2,existing_sample,local_constraint_parameter,overall,clean_parent_train_minocc100
type,passive,366,existing_sample,missing_role_present_local_neighbor,overall,clean_parent_train_minocc100
type,passive,186275,existing_sample,output_constant,overall,clean_parent_train_minocc100
type,passive,4187,existing_sample,outside_fixed_vocabulary_and_input,overall,clean_parent_train_minocc100
type,passive,115522,existing_sample,role,overall,clean_parent_train_minocc100
valueRequiresStatement,passive,52,existing_sample,known_constant_blocked_by_output_mask,overall,clean_parent_train_minocc100
valueRequiresStatement,passive,764,existing_sample,missing_role_present_local_neighbor,overall,clean_parent_train_minocc100
valueRequiresStatement,passive,147398,existing_sample,output_constant,overall,clean_parent_train_minocc100
valueRequiresStatement,passive,15981,existing_sample,outside_fixed_vocabulary_and_input,overall,clean_parent_train_minocc100
valueRequiresStatement,passive,142639,existing_sample,role,overall,clean_parent_train_minocc100
valueType,passive,15,existing_sample,known_constant_blocked_by_output_mask,overall,clean_parent_train_minocc100
valueType,passive,1,existing_sample,local_constraint_parameter,overall,clean_parent_train_minocc100
valueType,passive,393,existing_sample,missing_role_present_local_neighbor,overall,clean_parent_train_minocc100
valueType,passive,192581,existing_sample,output_constant,overall,clean_parent_train_minocc100
valueType,passive,3516,existing_sample,outside_fixed_vocabulary_and_input,overall,clean_parent_train_minocc100
valueType,passive,108573,existing_sample,role,overall,clean_parent_train_minocc100
conflictWith,passive,7,existing_sample,known_constant_blocked_by_output_mask,test,clean_parent_train_minocc100
conflictWith,passive,1,existing_sample,local_constraint_parameter,test,clean_parent_train_minocc100
conflictWith,passive,30,existing_sample,missing_role_present_local_neighbor,test,clean_parent_train_minocc100
conflictWith,passive,2292,existing_sample,output_constant,test,clean_parent_train_minocc100
conflictWith,passive,868,existing_sample,outside_fixed_vocabulary_and_input,test,clean_parent_train_minocc100
conflictWith,passive,50253,existing_sample,role,test,clean_parent_train_minocc100
distinct,passive,1,existing_sample,known_constant_blocked_by_output_mask,test,clean_parent_train_minocc100
distinct,passive,1010,existing_sample,output_constant,test,clean_parent_train_minocc100
distinct,passive,1005,existing_sample,outside_fixed_vocabulary_and_input,test,clean_parent_train_minocc100
distinct,passive,106728,existing_sample,role,test,clean_parent_train_minocc100
inverse,passive,5,existing_sample,known_constant_blocked_by_output_mask,test,clean_parent_train_minocc100
inverse,passive,22,existing_sample,missing_role_present_local_neighbor,test,clean_parent_train_minocc100
inverse,passive,9500,existing_sample,output_constant,test,clean_parent_train_minocc100
inverse,passive,177,existing_sample,outside_fixed_vocabulary_and_input,test,clean_parent_train_minocc100
inverse,passive,22891,existing_sample,role,test,clean_parent_train_minocc100
itemRequiresStatement,passive,83,existing_sample,known_constant_blocked_by_output_mask,test,clean_parent_train_minocc100
itemRequiresStatement,passive,8,existing_sample,local_constraint_parameter,test,clean_parent_train_minocc100
itemRequiresStatement,passive,305,existing_sample,missing_role_present_local_neighbor,test,clean_parent_train_minocc100
itemRequiresStatement,passive,22535,existing_sample,output_constant,test,clean_parent_train_minocc100
itemRequiresStatement,passive,6440,existing_sample,outside_fixed_vocabulary_and_input,test,clean_parent_train_minocc100
itemRequiresStatement,passive,15833,existing_sample,role,test,clean_parent_train_minocc100
oneOf,passive,2,existing_sample,known_constant_blocked_by_output_mask,test,clean_parent_train_minocc100
oneOf,passive,3,existing_sample,local_constraint_parameter,test,clean_parent_train_minocc100
oneOf,passive,1,existing_sample,missing_role_present_local_neighbor,test,clean_parent_train_minocc100
oneOf,passive,765,existing_sample,output_constant,test,clean_parent_train_minocc100
oneOf,passive,8,existing_sample,outside_fixed_vocabulary_and_input,test,clean_parent_train_minocc100
oneOf,passive,4642,existing_sample,role,test,clean_parent_train_minocc100
single,passive,32,existing_sample,known_constant_blocked_by_output_mask,test,clean_parent_train_minocc100
single,passive,128,existing_sample,missing_role_present_local_neighbor,test,clean_parent_train_minocc100
single,passive,493,existing_sample,output_constant,test,clean_parent_train_minocc100
single,passive,2230,existing_sample,outside_fixed_vocabulary_and_input,test,clean_parent_train_minocc100
single,passive,58989,existing_sample,role,test,clean_parent_train_minocc100
symmetric,passive,4,existing_sample,known_constant_blocked_by_output_mask,test,clean_parent_train_minocc100
symmetric,passive,4,existing_sample,missing_role_present_local_neighbor,test,clean_parent_train_minocc100
symmetric,passive,9,existing_sample,output_constant,test,clean_parent_train_minocc100
symmetric,passive,54,existing_sample,outside_fixed_vocabulary_and_input,test,clean_parent_train_minocc100
symmetric,passive,13390,existing_sample,role,test,clean_parent_train_minocc100
type,passive,14,existing_sample,known_constant_blocked_by_output_mask,test,clean_parent_train_minocc100
type,passive,1,existing_sample,local_constraint_parameter,test,clean_parent_train_minocc100
type,passive,65,existing_sample,missing_role_present_local_neighbor,test,clean_parent_train_minocc100
type,passive,27951,existing_sample,output_constant,test,clean_parent_train_minocc100
type,passive,629,existing_sample,outside_fixed_vocabulary_and_input,test,clean_parent_train_minocc100
type,passive,17351,existing_sample,role,test,clean_parent_train_minocc100
valueRequiresStatement,passive,25,existing_sample,known_constant_blocked_by_output_mask,test,clean_parent_train_minocc100
valueRequiresStatement,passive,120,existing_sample,missing_role_present_local_neighbor,test,clean_parent_train_minocc100
valueRequiresStatement,passive,22072,existing_sample,output_constant,test,clean_parent_train_minocc100
valueRequiresStatement,passive,2359,existing_sample,outside_fixed_vocabulary_and_input,test,clean_parent_train_minocc100
valueRequiresStatement,passive,21402,existing_sample,role,test,clean_parent_train_minocc100
valueType,passive,7,existing_sample,known_constant_blocked_by_output_mask,test,clean_parent_train_minocc100
valueType,passive,57,existing_sample,missing_role_present_local_neighbor,test,clean_parent_train_minocc100
valueType,passive,28915,existing_sample,output_constant,test,clean_parent_train_minocc100
valueType,passive,528,existing_sample,outside_fixed_vocabulary_and_input,test,clean_parent_train_minocc100
valueType,passive,16210,existing_sample,role,test,clean_parent_train_minocc100
conflictWith,passive,132,existing_sample,missing_role_present_local_neighbor,train,clean_parent_train_minocc100
conflictWith,passive,10514,existing_sample,output_constant,train,clean_parent_train_minocc100
conflictWith,passive,4087,existing_sample,outside_fixed_vocabulary_and_input,train,clean_parent_train_minocc100
conflictWith,passive,234063,existing_sample,role,train,clean_parent_train_minocc100
distinct,passive,9,existing_sample,missing_role_present_local_neighbor,train,clean_parent_train_minocc100
distinct,passive,4601,existing_sample,output_constant,train,clean_parent_train_minocc100
distinct,passive,4624,existing_sample,outside_fixed_vocabulary_and_input,train,clean_parent_train_minocc100
distinct,passive,497697,existing_sample,role,train,clean_parent_train_minocc100
inverse,passive,105,existing_sample,missing_role_present_local_neighbor,train,clean_parent_train_minocc100
inverse,passive,44214,existing_sample,output_constant,train,clean_parent_train_minocc100
inverse,passive,965,existing_sample,outside_fixed_vocabulary_and_input,train,clean_parent_train_minocc100
inverse,passive,107107,existing_sample,role,train,clean_parent_train_minocc100
itemRequiresStatement,passive,1435,existing_sample,missing_role_present_local_neighbor,train,clean_parent_train_minocc100
itemRequiresStatement,passive,105714,existing_sample,output_constant,train,clean_parent_train_minocc100
itemRequiresStatement,passive,29923,existing_sample,outside_fixed_vocabulary_and_input,train,clean_parent_train_minocc100
itemRequiresStatement,passive,74149,existing_sample,role,train,clean_parent_train_minocc100
oneOf,passive,3507,existing_sample,output_constant,train,clean_parent_train_minocc100
oneOf,passive,33,existing_sample,outside_fixed_vocabulary_and_input,train,clean_parent_train_minocc100
oneOf,passive,21474,existing_sample,role,train,clean_parent_train_minocc100
single,passive,618,existing_sample,missing_role_present_local_neighbor,train,clean_parent_train_minocc100
single,passive,2486,existing_sample,output_constant,train,clean_parent_train_minocc100
single,passive,10237,existing_sample,outside_fixed_vocabulary_and_input,train,clean_parent_train_minocc100
single,passive,275031,existing_sample,role,train,clean_parent_train_minocc100
symmetric,passive,31,existing_sample,missing_role_present_local_neighbor,train,clean_parent_train_minocc100
symmetric,passive,72,existing_sample,output_constant,train,clean_parent_train_minocc100
symmetric,passive,283,existing_sample,outside_fixed_vocabulary_and_input,train,clean_parent_train_minocc100
symmetric,passive,63007,existing_sample,role,train,clean_parent_train_minocc100
type,passive,258,existing_sample,missing_role_present_local_neighbor,train,clean_parent_train_minocc100
type,passive,130406,existing_sample,output_constant,train,clean_parent_train_minocc100
type,passive,2947,existing_sample,outside_fixed_vocabulary_and_input,train,clean_parent_train_minocc100
type,passive,80868,existing_sample,role,train,clean_parent_train_minocc100
valueRequiresStatement,passive,542,existing_sample,missing_role_present_local_neighbor,train,clean_parent_train_minocc100
valueRequiresStatement,passive,103216,existing_sample,output_constant,train,clean_parent_train_minocc100
valueRequiresStatement,passive,11194,existing_sample,outside_fixed_vocabulary_and_input,train,clean_parent_train_minocc100
valueRequiresStatement,passive,99845,existing_sample,role,train,clean_parent_train_minocc100
valueType,passive,268,existing_sample,missing_role_present_local_neighbor,train,clean_parent_train_minocc100
valueType,passive,134810,existing_sample,output_constant,train,clean_parent_train_minocc100
valueType,passive,2466,existing_sample,outside_fixed_vocabulary_and_input,train,clean_parent_train_minocc100
valueType,passive,76011,existing_sample,role,train,clean_parent_train_minocc100
conflictWith,passive,5,existing_sample,known_constant_blocked_by_output_mask,val,clean_parent_train_minocc100
conflictWith,passive,2,existing_sample,local_constraint_parameter,val,clean_parent_train_minocc100
conflictWith,passive,33,existing_sample,missing_role_present_local_neighbor,val,clean_parent_train_minocc100
conflictWith,passive,2263,existing_sample,output_constant,val,clean_parent_train_minocc100
conflictWith,passive,850,existing_sample,outside_fixed_vocabulary_and_input,val,clean_parent_train_minocc100
conflictWith,passive,50271,existing_sample,role,val,clean_parent_train_minocc100
distinct,passive,2,existing_sample,known_constant_blocked_by_output_mask,val,clean_parent_train_minocc100
distinct,passive,1,existing_sample,missing_role_present_local_neighbor,val,clean_parent_train_minocc100
distinct,passive,965,existing_sample,output_constant,val,clean_parent_train_minocc100
distinct,passive,957,existing_sample,outside_fixed_vocabulary_and_input,val,clean_parent_train_minocc100
distinct,passive,106549,existing_sample,role,val,clean_parent_train_minocc100
inverse,passive,5,existing_sample,known_constant_blocked_by_output_mask,val,clean_parent_train_minocc100
inverse,passive,25,existing_sample,missing_role_present_local_neighbor,val,clean_parent_train_minocc100
inverse,passive,9463,existing_sample,output_constant,val,clean_parent_train_minocc100
inverse,passive,202,existing_sample,outside_fixed_vocabulary_and_input,val,clean_parent_train_minocc100
inverse,passive,22804,existing_sample,role,val,clean_parent_train_minocc100
itemRequiresStatement,passive,97,existing_sample,known_constant_blocked_by_output_mask,val,clean_parent_train_minocc100
itemRequiresStatement,passive,9,existing_sample,local_constraint_parameter,val,clean_parent_train_minocc100
itemRequiresStatement,passive,305,existing_sample,missing_role_present_local_neighbor,val,clean_parent_train_minocc100
itemRequiresStatement,passive,22619,existing_sample,output_constant,val,clean_parent_train_minocc100
itemRequiresStatement,passive,6326,existing_sample,outside_fixed_vocabulary_and_input,val,clean_parent_train_minocc100
itemRequiresStatement,passive,15821,existing_sample,role,val,clean_parent_train_minocc100
oneOf,passive,9,existing_sample,local_constraint_parameter,val,clean_parent_train_minocc100
oneOf,passive,717,existing_sample,output_constant,val,clean_parent_train_minocc100
oneOf,passive,9,existing_sample,outside_fixed_vocabulary_and_input,val,clean_parent_train_minocc100
oneOf,passive,4557,existing_sample,role,val,clean_parent_train_minocc100
single,passive,31,existing_sample,known_constant_blocked_by_output_mask,val,clean_parent_train_minocc100
single,passive,1,existing_sample,local_constraint_parameter,val,clean_parent_train_minocc100
single,passive,139,existing_sample,missing_role_present_local_neighbor,val,clean_parent_train_minocc100
single,passive,538,existing_sample,output_constant,val,clean_parent_train_minocc100
single,passive,2147,existing_sample,outside_fixed_vocabulary_and_input,val,clean_parent_train_minocc100
single,passive,58899,existing_sample,role,val,clean_parent_train_minocc100
symmetric,passive,2,existing_sample,known_constant_blocked_by_output_mask,val,clean_parent_train_minocc100
symmetric,passive,12,existing_sample,missing_role_present_local_neighbor,val,clean_parent_train_minocc100
symmetric,passive,12,existing_sample,output_constant,val,clean_parent_train_minocc100
symmetric,passive,48,existing_sample,outside_fixed_vocabulary_and_input,val,clean_parent_train_minocc100
symmetric,passive,13591,existing_sample,role,val,clean_parent_train_minocc100
type,passive,12,existing_sample,known_constant_blocked_by_output_mask,val,clean_parent_train_minocc100
type,passive,1,existing_sample,local_constraint_parameter,val,clean_parent_train_minocc100
type,passive,43,existing_sample,missing_role_present_local_neighbor,val,clean_parent_train_minocc100
type,passive,27918,existing_sample,output_constant,val,clean_parent_train_minocc100
type,passive,611,existing_sample,outside_fixed_vocabulary_and_input,val,clean_parent_train_minocc100
type,passive,17303,existing_sample,role,val,clean_parent_train_minocc100
valueRequiresStatement,passive,27,existing_sample,known_constant_blocked_by_output_mask,val,clean_parent_train_minocc100
valueRequiresStatement,passive,102,existing_sample,missing_role_present_local_neighbor,val,clean_parent_train_minocc100
valueRequiresStatement,passive,22110,existing_sample,output_constant,val,clean_parent_train_minocc100
valueRequiresStatement,passive,2428,existing_sample,outside_fixed_vocabulary_and_input,val,clean_parent_train_minocc100
valueRequiresStatement,passive,21392,existing_sample,role,val,clean_parent_train_minocc100
valueType,passive,8,existing_sample,known_constant_blocked_by_output_mask,val,clean_parent_train_minocc100
valueType,passive,1,existing_sample,local_constraint_parameter,val,clean_parent_train_minocc100
valueType,passive,68,existing_sample,missing_role_present_local_neighbor,val,clean_parent_train_minocc100
valueType,passive,28856,existing_sample,output_constant,val,clean_parent_train_minocc100
valueType,passive,522,existing_sample,outside_fixed_vocabulary_and_input,val,clean_parent_train_minocc100
valueType,passive,16352,existing_sample,role,val,clean_parent_train_minocc100
overall,factorized,335,existing_sample,known_constant_blocked_by_output_mask,overall,clean_parent_train_minocc100
overall,factorized,70,existing_sample,local_constraint_parameter,overall,clean_parent_train_minocc100
overall,factorized,4858,existing_sample,missing_role_present_local_neighbor,overall,clean_parent_train_minocc100
overall,factorized,770543,existing_sample,output_constant,overall,clean_parent_train_minocc100
overall,factorized,95157,existing_sample,outside_fixed_vocabulary_and_input,overall,clean_parent_train_minocc100
overall,factorized,2184480,existing_sample,role,overall,clean_parent_train_minocc100
overall,factorized,164,existing_sample,known_constant_blocked_by_output_mask,test,clean_parent_train_minocc100
overall,factorized,29,existing_sample,local_constraint_parameter,test,clean_parent_train_minocc100
overall,factorized,732,existing_sample,missing_role_present_local_neighbor,test,clean_parent_train_minocc100
overall,factorized,115542,existing_sample,output_constant,test,clean_parent_train_minocc100
overall,factorized,14298,existing_sample,outside_fixed_vocabulary_and_input,test,clean_parent_train_minocc100
overall,factorized,327689,existing_sample,role,test,clean_parent_train_minocc100
overall,factorized,3398,existing_sample,missing_role_present_local_neighbor,train,clean_parent_train_minocc100
overall,factorized,539540,existing_sample,output_constant,train,clean_parent_train_minocc100
overall,factorized,66759,existing_sample,outside_fixed_vocabulary_and_input,train,clean_parent_train_minocc100
overall,factorized,1529252,existing_sample,role,train,clean_parent_train_minocc100
overall,factorized,171,existing_sample,known_constant_blocked_by_output_mask,val,clean_parent_train_minocc100
overall,factorized,41,existing_sample,local_constraint_parameter,val,clean_parent_train_minocc100
overall,factorized,728,existing_sample,missing_role_present_local_neighbor,val,clean_parent_train_minocc100
overall,factorized,115461,existing_sample,output_constant,val,clean_parent_train_minocc100
overall,factorized,14100,existing_sample,outside_fixed_vocabulary_and_input,val,clean_parent_train_minocc100
overall,factorized,327539,existing_sample,role,val,clean_parent_train_minocc100
conflictWith,factorized,12,existing_sample,known_constant_blocked_by_output_mask,overall,clean_parent_train_minocc100
conflictWith,factorized,3,existing_sample,local_constraint_parameter,overall,clean_parent_train_minocc100
conflictWith,factorized,195,existing_sample,missing_role_present_local_neighbor,overall,clean_parent_train_minocc100
conflictWith,factorized,15069,existing_sample,output_constant,overall,clean_parent_train_minocc100
conflictWith,factorized,5805,existing_sample,outside_fixed_vocabulary_and_input,overall,clean_parent_train_minocc100
conflictWith,factorized,334587,existing_sample,role,overall,clean_parent_train_minocc100
distinct,factorized,3,existing_sample,known_constant_blocked_by_output_mask,overall,clean_parent_train_minocc100
distinct,factorized,10,existing_sample,missing_role_present_local_neighbor,overall,clean_parent_train_minocc100
distinct,factorized,6576,existing_sample,output_constant,overall,clean_parent_train_minocc100
distinct,factorized,6586,existing_sample,outside_fixed_vocabulary_and_input,overall,clean_parent_train_minocc100
distinct,factorized,710974,existing_sample,role,overall,clean_parent_train_minocc100
inverse,factorized,8,existing_sample,known_constant_blocked_by_output_mask,overall,clean_parent_train_minocc100
inverse,factorized,2,existing_sample,local_constraint_parameter,overall,clean_parent_train_minocc100
inverse,factorized,152,existing_sample,missing_role_present_local_neighbor,overall,clean_parent_train_minocc100
inverse,factorized,63177,existing_sample,output_constant,overall,clean_parent_train_minocc100
inverse,factorized,1344,existing_sample,outside_fixed_vocabulary_and_input,overall,clean_parent_train_minocc100
inverse,factorized,152802,existing_sample,role,overall,clean_parent_train_minocc100
itemRequiresStatement,factorized,157,existing_sample,known_constant_blocked_by_output_mask,overall,clean_parent_train_minocc100
itemRequiresStatement,factorized,40,existing_sample,local_constraint_parameter,overall,clean_parent_train_minocc100
itemRequiresStatement,factorized,2045,existing_sample,missing_role_present_local_neighbor,overall,clean_parent_train_minocc100
itemRequiresStatement,factorized,150868,existing_sample,output_constant,overall,clean_parent_train_minocc100
itemRequiresStatement,factorized,42689,existing_sample,outside_fixed_vocabulary_and_input,overall,clean_parent_train_minocc100
itemRequiresStatement,factorized,105803,existing_sample,role,overall,clean_parent_train_minocc100
oneOf,factorized,2,existing_sample,known_constant_blocked_by_output_mask,overall,clean_parent_train_minocc100
oneOf,factorized,12,existing_sample,local_constraint_parameter,overall,clean_parent_train_minocc100
oneOf,factorized,1,existing_sample,missing_role_present_local_neighbor,overall,clean_parent_train_minocc100
oneOf,factorized,4989,existing_sample,output_constant,overall,clean_parent_train_minocc100
oneOf,factorized,50,existing_sample,outside_fixed_vocabulary_and_input,overall,clean_parent_train_minocc100
oneOf,factorized,30673,existing_sample,role,overall,clean_parent_train_minocc100
single,factorized,61,existing_sample,known_constant_blocked_by_output_mask,overall,clean_parent_train_minocc100
single,factorized,3,existing_sample,local_constraint_parameter,overall,clean_parent_train_minocc100
single,factorized,885,existing_sample,missing_role_present_local_neighbor,overall,clean_parent_train_minocc100
single,factorized,3517,existing_sample,output_constant,overall,clean_parent_train_minocc100
single,factorized,14614,existing_sample,outside_fixed_vocabulary_and_input,overall,clean_parent_train_minocc100
single,factorized,392919,existing_sample,role,overall,clean_parent_train_minocc100
symmetric,factorized,6,existing_sample,known_constant_blocked_by_output_mask,overall,clean_parent_train_minocc100
symmetric,factorized,47,existing_sample,missing_role_present_local_neighbor,overall,clean_parent_train_minocc100
symmetric,factorized,93,existing_sample,output_constant,overall,clean_parent_train_minocc100
symmetric,factorized,385,existing_sample,outside_fixed_vocabulary_and_input,overall,clean_parent_train_minocc100
symmetric,factorized,89988,existing_sample,role,overall,clean_parent_train_minocc100
type,factorized,25,existing_sample,known_constant_blocked_by_output_mask,overall,clean_parent_train_minocc100
type,factorized,3,existing_sample,local_constraint_parameter,overall,clean_parent_train_minocc100
type,factorized,366,existing_sample,missing_role_present_local_neighbor,overall,clean_parent_train_minocc100
type,factorized,186275,existing_sample,output_constant,overall,clean_parent_train_minocc100
type,factorized,4187,existing_sample,outside_fixed_vocabulary_and_input,overall,clean_parent_train_minocc100
type,factorized,115522,existing_sample,role,overall,clean_parent_train_minocc100
valueRequiresStatement,factorized,47,existing_sample,known_constant_blocked_by_output_mask,overall,clean_parent_train_minocc100
valueRequiresStatement,factorized,5,existing_sample,local_constraint_parameter,overall,clean_parent_train_minocc100
valueRequiresStatement,factorized,764,existing_sample,missing_role_present_local_neighbor,overall,clean_parent_train_minocc100
valueRequiresStatement,factorized,147398,existing_sample,output_constant,overall,clean_parent_train_minocc100
valueRequiresStatement,factorized,15981,existing_sample,outside_fixed_vocabulary_and_input,overall,clean_parent_train_minocc100
valueRequiresStatement,factorized,142639,existing_sample,role,overall,clean_parent_train_minocc100
valueType,factorized,14,existing_sample,known_constant_blocked_by_output_mask,overall,clean_parent_train_minocc100
valueType,factorized,2,existing_sample,local_constraint_parameter,overall,clean_parent_train_minocc100
valueType,factorized,393,existing_sample,missing_role_present_local_neighbor,overall,clean_parent_train_minocc100
valueType,factorized,192581,existing_sample,output_constant,overall,clean_parent_train_minocc100
valueType,factorized,3516,existing_sample,outside_fixed_vocabulary_and_input,overall,clean_parent_train_minocc100
valueType,factorized,108573,existing_sample,role,overall,clean_parent_train_minocc100
conflictWith,factorized,7,existing_sample,known_constant_blocked_by_output_mask,test,clean_parent_train_minocc100
conflictWith,factorized,1,existing_sample,local_constraint_parameter,test,clean_parent_train_minocc100
conflictWith,factorized,30,existing_sample,missing_role_present_local_neighbor,test,clean_parent_train_minocc100
conflictWith,factorized,2292,existing_sample,output_constant,test,clean_parent_train_minocc100
conflictWith,factorized,868,existing_sample,outside_fixed_vocabulary_and_input,test,clean_parent_train_minocc100
conflictWith,factorized,50253,existing_sample,role,test,clean_parent_train_minocc100
distinct,factorized,1,existing_sample,known_constant_blocked_by_output_mask,test,clean_parent_train_minocc100
distinct,factorized,1010,existing_sample,output_constant,test,clean_parent_train_minocc100
distinct,factorized,1005,existing_sample,outside_fixed_vocabulary_and_input,test,clean_parent_train_minocc100
distinct,factorized,106728,existing_sample,role,test,clean_parent_train_minocc100
inverse,factorized,5,existing_sample,known_constant_blocked_by_output_mask,test,clean_parent_train_minocc100
inverse,factorized,22,existing_sample,missing_role_present_local_neighbor,test,clean_parent_train_minocc100
inverse,factorized,9500,existing_sample,output_constant,test,clean_parent_train_minocc100
inverse,factorized,177,existing_sample,outside_fixed_vocabulary_and_input,test,clean_parent_train_minocc100
inverse,factorized,22891,existing_sample,role,test,clean_parent_train_minocc100
itemRequiresStatement,factorized,72,existing_sample,known_constant_blocked_by_output_mask,test,clean_parent_train_minocc100
itemRequiresStatement,factorized,19,existing_sample,local_constraint_parameter,test,clean_parent_train_minocc100
itemRequiresStatement,factorized,305,existing_sample,missing_role_present_local_neighbor,test,clean_parent_train_minocc100
itemRequiresStatement,factorized,22535,existing_sample,output_constant,test,clean_parent_train_minocc100
itemRequiresStatement,factorized,6440,existing_sample,outside_fixed_vocabulary_and_input,test,clean_parent_train_minocc100
itemRequiresStatement,factorized,15833,existing_sample,role,test,clean_parent_train_minocc100
oneOf,factorized,2,existing_sample,known_constant_blocked_by_output_mask,test,clean_parent_train_minocc100
oneOf,factorized,3,existing_sample,local_constraint_parameter,test,clean_parent_train_minocc100
oneOf,factorized,1,existing_sample,missing_role_present_local_neighbor,test,clean_parent_train_minocc100
oneOf,factorized,765,existing_sample,output_constant,test,clean_parent_train_minocc100
oneOf,factorized,8,existing_sample,outside_fixed_vocabulary_and_input,test,clean_parent_train_minocc100
oneOf,factorized,4642,existing_sample,role,test,clean_parent_train_minocc100
single,factorized,31,existing_sample,known_constant_blocked_by_output_mask,test,clean_parent_train_minocc100
single,factorized,1,existing_sample,local_constraint_parameter,test,clean_parent_train_minocc100
single,factorized,128,existing_sample,missing_role_present_local_neighbor,test,clean_parent_train_minocc100
single,factorized,493,existing_sample,output_constant,test,clean_parent_train_minocc100
single,factorized,2230,existing_sample,outside_fixed_vocabulary_and_input,test,clean_parent_train_minocc100
single,factorized,58989,existing_sample,role,test,clean_parent_train_minocc100
symmetric,factorized,4,existing_sample,known_constant_blocked_by_output_mask,test,clean_parent_train_minocc100
symmetric,factorized,4,existing_sample,missing_role_present_local_neighbor,test,clean_parent_train_minocc100
symmetric,factorized,9,existing_sample,output_constant,test,clean_parent_train_minocc100
symmetric,factorized,54,existing_sample,outside_fixed_vocabulary_and_input,test,clean_parent_train_minocc100
symmetric,factorized,13390,existing_sample,role,test,clean_parent_train_minocc100
type,factorized,13,existing_sample,known_constant_blocked_by_output_mask,test,clean_parent_train_minocc100
type,factorized,2,existing_sample,local_constraint_parameter,test,clean_parent_train_minocc100
type,factorized,65,existing_sample,missing_role_present_local_neighbor,test,clean_parent_train_minocc100
type,factorized,27951,existing_sample,output_constant,test,clean_parent_train_minocc100
type,factorized,629,existing_sample,outside_fixed_vocabulary_and_input,test,clean_parent_train_minocc100
type,factorized,17351,existing_sample,role,test,clean_parent_train_minocc100
valueRequiresStatement,factorized,23,existing_sample,known_constant_blocked_by_output_mask,test,clean_parent_train_minocc100
valueRequiresStatement,factorized,2,existing_sample,local_constraint_parameter,test,clean_parent_train_minocc100
valueRequiresStatement,factorized,120,existing_sample,missing_role_present_local_neighbor,test,clean_parent_train_minocc100
valueRequiresStatement,factorized,22072,existing_sample,output_constant,test,clean_parent_train_minocc100
valueRequiresStatement,factorized,2359,existing_sample,outside_fixed_vocabulary_and_input,test,clean_parent_train_minocc100
valueRequiresStatement,factorized,21402,existing_sample,role,test,clean_parent_train_minocc100
valueType,factorized,6,existing_sample,known_constant_blocked_by_output_mask,test,clean_parent_train_minocc100
valueType,factorized,1,existing_sample,local_constraint_parameter,test,clean_parent_train_minocc100
valueType,factorized,57,existing_sample,missing_role_present_local_neighbor,test,clean_parent_train_minocc100
valueType,factorized,28915,existing_sample,output_constant,test,clean_parent_train_minocc100
valueType,factorized,528,existing_sample,outside_fixed_vocabulary_and_input,test,clean_parent_train_minocc100
valueType,factorized,16210,existing_sample,role,test,clean_parent_train_minocc100
conflictWith,factorized,132,existing_sample,missing_role_present_local_neighbor,train,clean_parent_train_minocc100
conflictWith,factorized,10514,existing_sample,output_constant,train,clean_parent_train_minocc100
conflictWith,factorized,4087,existing_sample,outside_fixed_vocabulary_and_input,train,clean_parent_train_minocc100
conflictWith,factorized,234063,existing_sample,role,train,clean_parent_train_minocc100
distinct,factorized,9,existing_sample,missing_role_present_local_neighbor,train,clean_parent_train_minocc100
distinct,factorized,4601,existing_sample,output_constant,train,clean_parent_train_minocc100
distinct,factorized,4624,existing_sample,outside_fixed_vocabulary_and_input,train,clean_parent_train_minocc100
distinct,factorized,497697,existing_sample,role,train,clean_parent_train_minocc100
inverse,factorized,105,existing_sample,missing_role_present_local_neighbor,train,clean_parent_train_minocc100
inverse,factorized,44214,existing_sample,output_constant,train,clean_parent_train_minocc100
inverse,factorized,965,existing_sample,outside_fixed_vocabulary_and_input,train,clean_parent_train_minocc100
inverse,factorized,107107,existing_sample,role,train,clean_parent_train_minocc100
itemRequiresStatement,factorized,1435,existing_sample,missing_role_present_local_neighbor,train,clean_parent_train_minocc100
itemRequiresStatement,factorized,105714,existing_sample,output_constant,train,clean_parent_train_minocc100
itemRequiresStatement,factorized,29923,existing_sample,outside_fixed_vocabulary_and_input,train,clean_parent_train_minocc100
itemRequiresStatement,factorized,74149,existing_sample,role,train,clean_parent_train_minocc100
oneOf,factorized,3507,existing_sample,output_constant,train,clean_parent_train_minocc100
oneOf,factorized,33,existing_sample,outside_fixed_vocabulary_and_input,train,clean_parent_train_minocc100
oneOf,factorized,21474,existing_sample,role,train,clean_parent_train_minocc100
single,factorized,618,existing_sample,missing_role_present_local_neighbor,train,clean_parent_train_minocc100
single,factorized,2486,existing_sample,output_constant,train,clean_parent_train_minocc100
single,factorized,10237,existing_sample,outside_fixed_vocabulary_and_input,train,clean_parent_train_minocc100
single,factorized,275031,existing_sample,role,train,clean_parent_train_minocc100
symmetric,factorized,31,existing_sample,missing_role_present_local_neighbor,train,clean_parent_train_minocc100
symmetric,factorized,72,existing_sample,output_constant,train,clean_parent_train_minocc100
symmetric,factorized,283,existing_sample,outside_fixed_vocabulary_and_input,train,clean_parent_train_minocc100
symmetric,factorized,63007,existing_sample,role,train,clean_parent_train_minocc100
type,factorized,258,existing_sample,missing_role_present_local_neighbor,train,clean_parent_train_minocc100
type,factorized,130406,existing_sample,output_constant,train,clean_parent_train_minocc100
type,factorized,2947,existing_sample,outside_fixed_vocabulary_and_input,train,clean_parent_train_minocc100
type,factorized,80868,existing_sample,role,train,clean_parent_train_minocc100
valueRequiresStatement,factorized,542,existing_sample,missing_role_present_local_neighbor,train,clean_parent_train_minocc100
valueRequiresStatement,factorized,103216,existing_sample,output_constant,train,clean_parent_train_minocc100
valueRequiresStatement,factorized,11194,existing_sample,outside_fixed_vocabulary_and_input,train,clean_parent_train_minocc100
valueRequiresStatement,factorized,99845,existing_sample,role,train,clean_parent_train_minocc100
valueType,factorized,268,existing_sample,missing_role_present_local_neighbor,train,clean_parent_train_minocc100
valueType,factorized,134810,existing_sample,output_constant,train,clean_parent_train_minocc100
valueType,factorized,2466,existing_sample,outside_fixed_vocabulary_and_input,train,clean_parent_train_minocc100
valueType,factorized,76011,existing_sample,role,train,clean_parent_train_minocc100
conflictWith,factorized,5,existing_sample,known_constant_blocked_by_output_mask,val,clean_parent_train_minocc100
conflictWith,factorized,2,existing_sample,local_constraint_parameter,val,clean_parent_train_minocc100
conflictWith,factorized,33,existing_sample,missing_role_present_local_neighbor,val,clean_parent_train_minocc100
conflictWith,factorized,2263,existing_sample,output_constant,val,clean_parent_train_minocc100
conflictWith,factorized,850,existing_sample,outside_fixed_vocabulary_and_input,val,clean_parent_train_minocc100
conflictWith,factorized,50271,existing_sample,role,val,clean_parent_train_minocc100
distinct,factorized,2,existing_sample,known_constant_blocked_by_output_mask,val,clean_parent_train_minocc100
distinct,factorized,1,existing_sample,missing_role_present_local_neighbor,val,clean_parent_train_minocc100
distinct,factorized,965,existing_sample,output_constant,val,clean_parent_train_minocc100
distinct,factorized,957,existing_sample,outside_fixed_vocabulary_and_input,val,clean_parent_train_minocc100
distinct,factorized,106549,existing_sample,role,val,clean_parent_train_minocc100
inverse,factorized,3,existing_sample,known_constant_blocked_by_output_mask,val,clean_parent_train_minocc100
inverse,factorized,2,existing_sample,local_constraint_parameter,val,clean_parent_train_minocc100
inverse,factorized,25,existing_sample,missing_role_present_local_neighbor,val,clean_parent_train_minocc100
inverse,factorized,9463,existing_sample,output_constant,val,clean_parent_train_minocc100
inverse,factorized,202,existing_sample,outside_fixed_vocabulary_and_input,val,clean_parent_train_minocc100
inverse,factorized,22804,existing_sample,role,val,clean_parent_train_minocc100
itemRequiresStatement,factorized,85,existing_sample,known_constant_blocked_by_output_mask,val,clean_parent_train_minocc100
itemRequiresStatement,factorized,21,existing_sample,local_constraint_parameter,val,clean_parent_train_minocc100
itemRequiresStatement,factorized,305,existing_sample,missing_role_present_local_neighbor,val,clean_parent_train_minocc100
itemRequiresStatement,factorized,22619,existing_sample,output_constant,val,clean_parent_train_minocc100
itemRequiresStatement,factorized,6326,existing_sample,outside_fixed_vocabulary_and_input,val,clean_parent_train_minocc100
itemRequiresStatement,factorized,15821,existing_sample,role,val,clean_parent_train_minocc100
oneOf,factorized,9,existing_sample,local_constraint_parameter,val,clean_parent_train_minocc100
oneOf,factorized,717,existing_sample,output_constant,val,clean_parent_train_minocc100
oneOf,factorized,9,existing_sample,outside_fixed_vocabulary_and_input,val,clean_parent_train_minocc100
oneOf,factorized,4557,existing_sample,role,val,clean_parent_train_minocc100
single,factorized,30,existing_sample,known_constant_blocked_by_output_mask,val,clean_parent_train_minocc100
single,factorized,2,existing_sample,local_constraint_parameter,val,clean_parent_train_minocc100
single,factorized,139,existing_sample,missing_role_present_local_neighbor,val,clean_parent_train_minocc100
single,factorized,538,existing_sample,output_constant,val,clean_parent_train_minocc100
single,factorized,2147,existing_sample,outside_fixed_vocabulary_and_input,val,clean_parent_train_minocc100
single,factorized,58899,existing_sample,role,val,clean_parent_train_minocc100
symmetric,factorized,2,existing_sample,known_constant_blocked_by_output_mask,val,clean_parent_train_minocc100
symmetric,factorized,12,existing_sample,missing_role_present_local_neighbor,val,clean_parent_train_minocc100
symmetric,factorized,12,existing_sample,output_constant,val,clean_parent_train_minocc100
symmetric,factorized,48,existing_sample,outside_fixed_vocabulary_and_input,val,clean_parent_train_minocc100
symmetric,factorized,13591,existing_sample,role,val,clean_parent_train_minocc100
type,factorized,12,existing_sample,known_constant_blocked_by_output_mask,val,clean_parent_train_minocc100
type,factorized,1,existing_sample,local_constraint_parameter,val,clean_parent_train_minocc100
type,factorized,43,existing_sample,missing_role_present_local_neighbor,val,clean_parent_train_minocc100
type,factorized,27918,existing_sample,output_constant,val,clean_parent_train_minocc100
type,factorized,611,existing_sample,outside_fixed_vocabulary_and_input,val,clean_parent_train_minocc100
type,factorized,17303,existing_sample,role,val,clean_parent_train_minocc100
valueRequiresStatement,factorized,24,existing_sample,known_constant_blocked_by_output_mask,val,clean_parent_train_minocc100
valueRequiresStatement,factorized,3,existing_sample,local_constraint_parameter,val,clean_parent_train_minocc100
valueRequiresStatement,factorized,102,existing_sample,missing_role_present_local_neighbor,val,clean_parent_train_minocc100
valueRequiresStatement,factorized,22110,existing_sample,output_constant,val,clean_parent_train_minocc100
valueRequiresStatement,factorized,2428,existing_sample,outside_fixed_vocabulary_and_input,val,clean_parent_train_minocc100
valueRequiresStatement,factorized,21392,existing_sample,role,val,clean_parent_train_minocc100
valueType,factorized,8,existing_sample,known_constant_blocked_by_output_mask,val,clean_parent_train_minocc100
valueType,factorized,1,existing_sample,local_constraint_parameter,val,clean_parent_train_minocc100
valueType,factorized,68,existing_sample,missing_role_present_local_neighbor,val,clean_parent_train_minocc100
valueType,factorized,28856,existing_sample,output_constant,val,clean_parent_train_minocc100
valueType,factorized,522,existing_sample,outside_fixed_vocabulary_and_input,val,clean_parent_train_minocc100
valueType,factorized,16352,existing_sample,role,val,clean_parent_train_minocc100
overall,passive,1617,previously_discarded,known_constant_blocked_by_output_mask,overall,existing_train_val_minocc100
overall,passive,185,previously_discarded,local_constraint_parameter,overall,existing_train_val_minocc100
overall,passive,4982,previously_discarded,missing_role_present_local_neighbor,overall,existing_train_val_minocc100
overall,passive,768579,previously_discarded,output_constant,overall,existing_train_val_minocc100
overall,passive,95316,previously_discarded,outside_fixed_vocabulary_and_input,overall,existing_train_val_minocc100
overall,passive,2183954,previously_discarded,role,overall,existing_train_val_minocc100
overall,passive,241,previously_discarded,known_constant_blocked_by_output_mask,test,existing_train_val_minocc100
overall,passive,38,previously_discarded,local_constraint_parameter,test,existing_train_val_minocc100
overall,passive,733,previously_discarded,missing_role_present_local_neighbor,test,existing_train_val_minocc100
overall,passive,115345,previously_discarded,output_constant,test,existing_train_val_minocc100
overall,passive,14156,previously_discarded,outside_fixed_vocabulary_and_input,test,existing_train_val_minocc100
overall,passive,327311,previously_discarded,role,test,existing_train_val_minocc100
overall,passive,1151,previously_discarded,known_constant_blocked_by_output_mask,train,existing_train_val_minocc100
overall,passive,115,previously_discarded,local_constraint_parameter,train,existing_train_val_minocc100
overall,passive,3492,previously_discarded,missing_role_present_local_neighbor,train,existing_train_val_minocc100
overall,passive,537913,previously_discarded,output_constant,train,existing_train_val_minocc100
overall,passive,66823,previously_discarded,outside_fixed_vocabulary_and_input,train,existing_train_val_minocc100
overall,passive,1528858,previously_discarded,role,train,existing_train_val_minocc100
overall,passive,225,previously_discarded,known_constant_blocked_by_output_mask,val,existing_train_val_minocc100
overall,passive,32,previously_discarded,local_constraint_parameter,val,existing_train_val_minocc100
overall,passive,757,previously_discarded,missing_role_present_local_neighbor,val,existing_train_val_minocc100
overall,passive,115321,previously_discarded,output_constant,val,existing_train_val_minocc100
overall,passive,14337,previously_discarded,outside_fixed_vocabulary_and_input,val,existing_train_val_minocc100
overall,passive,327785,previously_discarded,role,val,existing_train_val_minocc100
conflictWith,passive,63,previously_discarded,known_constant_blocked_by_output_mask,overall,existing_train_val_minocc100
conflictWith,passive,6,previously_discarded,local_constraint_parameter,overall,existing_train_val_minocc100
conflictWith,passive,253,previously_discarded,missing_role_present_local_neighbor,overall,existing_train_val_minocc100
conflictWith,passive,14850,previously_discarded,output_constant,overall,existing_train_val_minocc100
conflictWith,passive,5708,previously_discarded,outside_fixed_vocabulary_and_input,overall,existing_train_val_minocc100
conflictWith,passive,334194,previously_discarded,role,overall,existing_train_val_minocc100
distinct,passive,6,previously_discarded,known_constant_blocked_by_output_mask,overall,existing_train_val_minocc100
distinct,passive,11,previously_discarded,missing_role_present_local_neighbor,overall,existing_train_val_minocc100
distinct,passive,6428,previously_discarded,output_constant,overall,existing_train_val_minocc100
distinct,passive,6596,previously_discarded,outside_fixed_vocabulary_and_input,overall,existing_train_val_minocc100
distinct,passive,710685,previously_discarded,role,overall,existing_train_val_minocc100
inverse,passive,25,previously_discarded,known_constant_blocked_by_output_mask,overall,existing_train_val_minocc100
inverse,passive,4,previously_discarded,local_constraint_parameter,overall,existing_train_val_minocc100
inverse,passive,134,previously_discarded,missing_role_present_local_neighbor,overall,existing_train_val_minocc100
inverse,passive,62922,previously_discarded,output_constant,overall,existing_train_val_minocc100
inverse,passive,1358,previously_discarded,outside_fixed_vocabulary_and_input,overall,existing_train_val_minocc100
inverse,passive,151998,previously_discarded,role,overall,existing_train_val_minocc100
itemRequiresStatement,passive,848,previously_discarded,known_constant_blocked_by_output_mask,overall,existing_train_val_minocc100
itemRequiresStatement,passive,68,previously_discarded,local_constraint_parameter,overall,existing_train_val_minocc100
itemRequiresStatement,passive,2064,previously_discarded,missing_role_present_local_neighbor,overall,existing_train_val_minocc100
itemRequiresStatement,passive,149912,previously_discarded,output_constant,overall,existing_train_val_minocc100
itemRequiresStatement,passive,42894,previously_discarded,outside_fixed_vocabulary_and_input,overall,existing_train_val_minocc100
itemRequiresStatement,passive,105912,previously_discarded,role,overall,existing_train_val_minocc100
oneOf,passive,5,previously_discarded,known_constant_blocked_by_output_mask,overall,existing_train_val_minocc100
oneOf,passive,72,previously_discarded,local_constraint_parameter,overall,existing_train_val_minocc100
oneOf,passive,2,previously_discarded,missing_role_present_local_neighbor,overall,existing_train_val_minocc100
oneOf,passive,4943,previously_discarded,output_constant,overall,existing_train_val_minocc100
oneOf,passive,47,previously_discarded,outside_fixed_vocabulary_and_input,overall,existing_train_val_minocc100
oneOf,passive,30700,previously_discarded,role,overall,existing_train_val_minocc100
single,passive,245,previously_discarded,known_constant_blocked_by_output_mask,overall,existing_train_val_minocc100
single,passive,928,previously_discarded,missing_role_present_local_neighbor,overall,existing_train_val_minocc100
single,passive,3270,previously_discarded,output_constant,overall,existing_train_val_minocc100
single,passive,14621,previously_discarded,outside_fixed_vocabulary_and_input,overall,existing_train_val_minocc100
single,passive,392695,previously_discarded,role,overall,existing_train_val_minocc100
symmetric,passive,10,previously_discarded,known_constant_blocked_by_output_mask,overall,existing_train_val_minocc100
symmetric,passive,58,previously_discarded,missing_role_present_local_neighbor,overall,existing_train_val_minocc100
symmetric,passive,100,previously_discarded,output_constant,overall,existing_train_val_minocc100
symmetric,passive,409,previously_discarded,outside_fixed_vocabulary_and_input,overall,existing_train_val_minocc100
symmetric,passive,91187,previously_discarded,role,overall,existing_train_val_minocc100
type,passive,126,previously_discarded,known_constant_blocked_by_output_mask,overall,existing_train_val_minocc100
type,passive,19,previously_discarded,local_constraint_parameter,overall,existing_train_val_minocc100
type,passive,355,previously_discarded,missing_role_present_local_neighbor,overall,existing_train_val_minocc100
type,passive,185972,previously_discarded,output_constant,overall,existing_train_val_minocc100
type,passive,4322,previously_discarded,outside_fixed_vocabulary_and_input,overall,existing_train_val_minocc100
type,passive,115572,previously_discarded,role,overall,existing_train_val_minocc100
valueRequiresStatement,passive,224,previously_discarded,known_constant_blocked_by_output_mask,overall,existing_train_val_minocc100
valueRequiresStatement,passive,1,previously_discarded,local_constraint_parameter,overall,existing_train_val_minocc100
valueRequiresStatement,passive,792,previously_discarded,missing_role_present_local_neighbor,overall,existing_train_val_minocc100
valueRequiresStatement,passive,147803,previously_discarded,output_constant,overall,existing_train_val_minocc100
valueRequiresStatement,passive,15791,previously_discarded,outside_fixed_vocabulary_and_input,overall,existing_train_val_minocc100
valueRequiresStatement,passive,142178,previously_discarded,role,overall,existing_train_val_minocc100
valueType,passive,65,previously_discarded,known_constant_blocked_by_output_mask,overall,existing_train_val_minocc100
valueType,passive,15,previously_discarded,local_constraint_parameter,overall,existing_train_val_minocc100
valueType,passive,385,previously_discarded,missing_role_present_local_neighbor,overall,existing_train_val_minocc100
valueType,passive,192379,previously_discarded,output_constant,overall,existing_train_val_minocc100
valueType,passive,3570,previously_discarded,outside_fixed_vocabulary_and_input,overall,existing_train_val_minocc100
valueType,passive,108833,previously_discarded,role,overall,existing_train_val_minocc100
conflictWith,passive,8,previously_discarded,known_constant_blocked_by_output_mask,test,existing_train_val_minocc100
conflictWith,passive,1,previously_discarded,local_constraint_parameter,test,existing_train_val_minocc100
conflictWith,passive,42,previously_discarded,missing_role_present_local_neighbor,test,existing_train_val_minocc100
conflictWith,passive,2214,previously_discarded,output_constant,test,existing_train_val_minocc100
conflictWith,passive,803,previously_discarded,outside_fixed_vocabulary_and_input,test,existing_train_val_minocc100
conflictWith,passive,50116,previously_discarded,role,test,existing_train_val_minocc100
distinct,passive,1,previously_discarded,known_constant_blocked_by_output_mask,test,existing_train_val_minocc100
distinct,passive,2,previously_discarded,missing_role_present_local_neighbor,test,existing_train_val_minocc100
distinct,passive,979,previously_discarded,output_constant,test,existing_train_val_minocc100
distinct,passive,987,previously_discarded,outside_fixed_vocabulary_and_input,test,existing_train_val_minocc100
distinct,passive,106628,previously_discarded,role,test,existing_train_val_minocc100
inverse,passive,4,previously_discarded,known_constant_blocked_by_output_mask,test,existing_train_val_minocc100
inverse,passive,17,previously_discarded,missing_role_present_local_neighbor,test,existing_train_val_minocc100
inverse,passive,9486,previously_discarded,output_constant,test,existing_train_val_minocc100
inverse,passive,184,previously_discarded,outside_fixed_vocabulary_and_input,test,existing_train_val_minocc100
inverse,passive,22775,previously_discarded,role,test,existing_train_val_minocc100
itemRequiresStatement,passive,127,previously_discarded,known_constant_blocked_by_output_mask,test,existing_train_val_minocc100
itemRequiresStatement,passive,15,previously_discarded,local_constraint_parameter,test,existing_train_val_minocc100
itemRequiresStatement,passive,305,previously_discarded,missing_role_present_local_neighbor,test,existing_train_val_minocc100
itemRequiresStatement,passive,22503,previously_discarded,output_constant,test,existing_train_val_minocc100
itemRequiresStatement,passive,6437,previously_discarded,outside_fixed_vocabulary_and_input,test,existing_train_val_minocc100
itemRequiresStatement,passive,15859,previously_discarded,role,test,existing_train_val_minocc100
oneOf,passive,1,previously_discarded,known_constant_blocked_by_output_mask,test,existing_train_val_minocc100
oneOf,passive,17,previously_discarded,local_constraint_parameter,test,existing_train_val_minocc100
oneOf,passive,722,previously_discarded,output_constant,test,existing_train_val_minocc100
oneOf,passive,12,previously_discarded,outside_fixed_vocabulary_and_input,test,existing_train_val_minocc100
oneOf,passive,4588,previously_discarded,role,test,existing_train_val_minocc100
single,passive,32,previously_discarded,known_constant_blocked_by_output_mask,test,existing_train_val_minocc100
single,passive,129,previously_discarded,missing_role_present_local_neighbor,test,existing_train_val_minocc100
single,passive,478,previously_discarded,output_constant,test,existing_train_val_minocc100
single,passive,2188,previously_discarded,outside_fixed_vocabulary_and_input,test,existing_train_val_minocc100
single,passive,58805,previously_discarded,role,test,existing_train_val_minocc100
symmetric,passive,1,previously_discarded,known_constant_blocked_by_output_mask,test,existing_train_val_minocc100
symmetric,passive,9,previously_discarded,missing_role_present_local_neighbor,test,existing_train_val_minocc100
symmetric,passive,14,previously_discarded,output_constant,test,existing_train_val_minocc100
symmetric,passive,51,previously_discarded,outside_fixed_vocabulary_and_input,test,existing_train_val_minocc100
symmetric,passive,13575,previously_discarded,role,test,existing_train_val_minocc100
type,passive,19,previously_discarded,known_constant_blocked_by_output_mask,test,existing_train_val_minocc100
type,passive,3,previously_discarded,local_constraint_parameter,test,existing_train_val_minocc100
type,passive,59,previously_discarded,missing_role_present_local_neighbor,test,existing_train_val_minocc100
type,passive,27886,previously_discarded,output_constant,test,existing_train_val_minocc100
type,passive,636,previously_discarded,outside_fixed_vocabulary_and_input,test,existing_train_val_minocc100
type,passive,17372,previously_discarded,role,test,existing_train_val_minocc100
valueRequiresStatement,passive,37,previously_discarded,known_constant_blocked_by_output_mask,test,existing_train_val_minocc100
valueRequiresStatement,passive,104,previously_discarded,missing_role_present_local_neighbor,test,existing_train_val_minocc100
valueRequiresStatement,passive,22231,previously_discarded,output_constant,test,existing_train_val_minocc100
valueRequiresStatement,passive,2332,previously_discarded,outside_fixed_vocabulary_and_input,test,existing_train_val_minocc100
valueRequiresStatement,passive,21250,previously_discarded,role,test,existing_train_val_minocc100
valueType,passive,11,previously_discarded,known_constant_blocked_by_output_mask,test,existing_train_val_minocc100
valueType,passive,2,previously_discarded,local_constraint_parameter,test,existing_train_val_minocc100
valueType,passive,66,previously_discarded,missing_role_present_local_neighbor,test,existing_train_val_minocc100
valueType,passive,28832,previously_discarded,output_constant,test,existing_train_val_minocc100
valueType,passive,526,previously_discarded,outside_fixed_vocabulary_and_input,test,existing_train_val_minocc100
valueType,passive,16343,previously_discarded,role,test,existing_train_val_minocc100
conflictWith,passive,51,previously_discarded,known_constant_blocked_by_output_mask,train,existing_train_val_minocc100
conflictWith,passive,5,previously_discarded,local_constraint_parameter,train,existing_train_val_minocc100
conflictWith,passive,169,previously_discarded,missing_role_present_local_neighbor,train,existing_train_val_minocc100
conflictWith,passive,10463,previously_discarded,output_constant,train,existing_train_val_minocc100
conflictWith,passive,4027,previously_discarded,outside_fixed_vocabulary_and_input,train,existing_train_val_minocc100
conflictWith,passive,234039,previously_discarded,role,train,existing_train_val_minocc100
distinct,passive,3,previously_discarded,known_constant_blocked_by_output_mask,train,existing_train_val_minocc100
distinct,passive,8,previously_discarded,missing_role_present_local_neighbor,train,existing_train_val_minocc100
distinct,passive,4460,previously_discarded,output_constant,train,existing_train_val_minocc100
distinct,passive,4583,previously_discarded,outside_fixed_vocabulary_and_input,train,existing_train_val_minocc100
distinct,passive,497337,previously_discarded,role,train,existing_train_val_minocc100
inverse,passive,19,previously_discarded,known_constant_blocked_by_output_mask,train,existing_train_val_minocc100
inverse,passive,4,previously_discarded,local_constraint_parameter,train,existing_train_val_minocc100
inverse,passive,90,previously_discarded,missing_role_present_local_neighbor,train,existing_train_val_minocc100
inverse,passive,43957,previously_discarded,output_constant,train,existing_train_val_minocc100
inverse,passive,986,previously_discarded,outside_fixed_vocabulary_and_input,train,existing_train_val_minocc100
inverse,passive,106471,previously_discarded,role,train,existing_train_val_minocc100
itemRequiresStatement,passive,600,previously_discarded,known_constant_blocked_by_output_mask,train,existing_train_val_minocc100
itemRequiresStatement,passive,40,previously_discarded,local_constraint_parameter,train,existing_train_val_minocc100
itemRequiresStatement,passive,1444,previously_discarded,missing_role_present_local_neighbor,train,existing_train_val_minocc100
itemRequiresStatement,passive,104945,previously_discarded,output_constant,train,existing_train_val_minocc100
itemRequiresStatement,passive,30013,previously_discarded,outside_fixed_vocabulary_and_input,train,existing_train_val_minocc100
itemRequiresStatement,passive,74125,previously_discarded,role,train,existing_train_val_minocc100
oneOf,passive,3,previously_discarded,known_constant_blocked_by_output_mask,train,existing_train_val_minocc100
oneOf,passive,42,previously_discarded,local_constraint_parameter,train,existing_train_val_minocc100
oneOf,passive,1,previously_discarded,missing_role_present_local_neighbor,train,existing_train_val_minocc100
oneOf,passive,3485,previously_discarded,output_constant,train,existing_train_val_minocc100
oneOf,passive,30,previously_discarded,outside_fixed_vocabulary_and_input,train,existing_train_val_minocc100
oneOf,passive,21516,previously_discarded,role,train,existing_train_val_minocc100
single,passive,170,previously_discarded,known_constant_blocked_by_output_mask,train,existing_train_val_minocc100
single,passive,663,previously_discarded,missing_role_present_local_neighbor,train,existing_train_val_minocc100
single,passive,2323,previously_discarded,output_constant,train,existing_train_val_minocc100
single,passive,10195,previously_discarded,outside_fixed_vocabulary_and_input,train,existing_train_val_minocc100
single,passive,274913,previously_discarded,role,train,existing_train_val_minocc100
symmetric,passive,8,previously_discarded,known_constant_blocked_by_output_mask,train,existing_train_val_minocc100
symmetric,passive,37,previously_discarded,missing_role_present_local_neighbor,train,existing_train_val_minocc100
symmetric,passive,65,previously_discarded,output_constant,train,existing_train_val_minocc100
symmetric,passive,298,previously_discarded,outside_fixed_vocabulary_and_input,train,existing_train_val_minocc100
symmetric,passive,63912,previously_discarded,role,train,existing_train_val_minocc100
type,passive,90,previously_discarded,known_constant_blocked_by_output_mask,train,existing_train_val_minocc100
type,passive,14,previously_discarded,local_constraint_parameter,train,existing_train_val_minocc100
type,passive,258,previously_discarded,missing_role_present_local_neighbor,train,existing_train_val_minocc100
type,passive,130109,previously_discarded,output_constant,train,existing_train_val_minocc100
type,passive,3056,previously_discarded,outside_fixed_vocabulary_and_input,train,existing_train_val_minocc100
type,passive,80919,previously_discarded,role,train,existing_train_val_minocc100
valueRequiresStatement,passive,161,previously_discarded,known_constant_blocked_by_output_mask,train,existing_train_val_minocc100
valueRequiresStatement,passive,1,previously_discarded,local_constraint_parameter,train,existing_train_val_minocc100
valueRequiresStatement,passive,566,previously_discarded,missing_role_present_local_neighbor,train,existing_train_val_minocc100
valueRequiresStatement,passive,103458,previously_discarded,output_constant,train,existing_train_val_minocc100
valueRequiresStatement,passive,11121,previously_discarded,outside_fixed_vocabulary_and_input,train,existing_train_val_minocc100
valueRequiresStatement,passive,99439,previously_discarded,role,train,existing_train_val_minocc100
valueType,passive,46,previously_discarded,known_constant_blocked_by_output_mask,train,existing_train_val_minocc100
valueType,passive,9,previously_discarded,local_constraint_parameter,train,existing_train_val_minocc100
valueType,passive,256,previously_discarded,missing_role_present_local_neighbor,train,existing_train_val_minocc100
valueType,passive,134648,previously_discarded,output_constant,train,existing_train_val_minocc100
valueType,passive,2514,previously_discarded,outside_fixed_vocabulary_and_input,train,existing_train_val_minocc100
valueType,passive,76187,previously_discarded,role,train,existing_train_val_minocc100
conflictWith,passive,4,previously_discarded,known_constant_blocked_by_output_mask,val,existing_train_val_minocc100
conflictWith,passive,42,previously_discarded,missing_role_present_local_neighbor,val,existing_train_val_minocc100
conflictWith,passive,2173,previously_discarded,output_constant,val,existing_train_val_minocc100
conflictWith,passive,878,previously_discarded,outside_fixed_vocabulary_and_input,val,existing_train_val_minocc100
conflictWith,passive,50039,previously_discarded,role,val,existing_train_val_minocc100
distinct,passive,2,previously_discarded,known_constant_blocked_by_output_mask,val,existing_train_val_minocc100
distinct,passive,1,previously_discarded,missing_role_present_local_neighbor,val,existing_train_val_minocc100
distinct,passive,989,previously_discarded,output_constant,val,existing_train_val_minocc100
distinct,passive,1026,previously_discarded,outside_fixed_vocabulary_and_input,val,existing_train_val_minocc100
distinct,passive,106720,previously_discarded,role,val,existing_train_val_minocc100
inverse,passive,2,previously_discarded,known_constant_blocked_by_output_mask,val,existing_train_val_minocc100
inverse,passive,27,previously_discarded,missing_role_present_local_neighbor,val,existing_train_val_minocc100
inverse,passive,9479,previously_discarded,output_constant,val,existing_train_val_minocc100
inverse,passive,188,previously_discarded,outside_fixed_vocabulary_and_input,val,existing_train_val_minocc100
inverse,passive,22752,previously_discarded,role,val,existing_train_val_minocc100
itemRequiresStatement,passive,121,previously_discarded,known_constant_blocked_by_output_mask,val,existing_train_val_minocc100
itemRequiresStatement,passive,13,previously_discarded,local_constraint_parameter,val,existing_train_val_minocc100
itemRequiresStatement,passive,315,previously_discarded,missing_role_present_local_neighbor,val,existing_train_val_minocc100
itemRequiresStatement,passive,22464,previously_discarded,output_constant,val,existing_train_val_minocc100
itemRequiresStatement,passive,6444,previously_discarded,outside_fixed_vocabulary_and_input,val,existing_train_val_minocc100
itemRequiresStatement,passive,15928,previously_discarded,role,val,existing_train_val_minocc100
oneOf,passive,1,previously_discarded,known_constant_blocked_by_output_mask,val,existing_train_val_minocc100
oneOf,passive,13,previously_discarded,local_constraint_parameter,val,existing_train_val_minocc100
oneOf,passive,1,previously_discarded,missing_role_present_local_neighbor,val,existing_train_val_minocc100
oneOf,passive,736,previously_discarded,output_constant,val,existing_train_val_minocc100
oneOf,passive,5,previously_discarded,outside_fixed_vocabulary_and_input,val,existing_train_val_minocc100
oneOf,passive,4596,previously_discarded,role,val,existing_train_val_minocc100
single,passive,43,previously_discarded,known_constant_blocked_by_output_mask,val,existing_train_val_minocc100
single,passive,136,previously_discarded,missing_role_present_local_neighbor,val,existing_train_val_minocc100
single,passive,469,previously_discarded,output_constant,val,existing_train_val_minocc100
single,passive,2238,previously_discarded,outside_fixed_vocabulary_and_input,val,existing_train_val_minocc100
single,passive,58977,previously_discarded,role,val,existing_train_val_minocc100
symmetric,passive,1,previously_discarded,known_constant_blocked_by_output_mask,val,existing_train_val_minocc100
symmetric,passive,12,previously_discarded,missing_role_present_local_neighbor,val,existing_train_val_minocc100
symmetric,passive,21,previously_discarded,output_constant,val,existing_train_val_minocc100
symmetric,passive,60,previously_discarded,outside_fixed_vocabulary_and_input,val,existing_train_val_minocc100
symmetric,passive,13700,previously_discarded,role,val,existing_train_val_minocc100
type,passive,17,previously_discarded,known_constant_blocked_by_output_mask,val,existing_train_val_minocc100
type,passive,2,previously_discarded,local_constraint_parameter,val,existing_train_val_minocc100
type,passive,38,previously_discarded,missing_role_present_local_neighbor,val,existing_train_val_minocc100
type,passive,27977,previously_discarded,output_constant,val,existing_train_val_minocc100
type,passive,630,previously_discarded,outside_fixed_vocabulary_and_input,val,existing_train_val_minocc100
type,passive,17281,previously_discarded,role,val,existing_train_val_minocc100
valueRequiresStatement,passive,26,previously_discarded,known_constant_blocked_by_output_mask,val,existing_train_val_minocc100
valueRequiresStatement,passive,122,previously_discarded,missing_role_present_local_neighbor,val,existing_train_val_minocc100
valueRequiresStatement,passive,22114,previously_discarded,output_constant,val,existing_train_val_minocc100
valueRequiresStatement,passive,2338,previously_discarded,outside_fixed_vocabulary_and_input,val,existing_train_val_minocc100
valueRequiresStatement,passive,21489,previously_discarded,role,val,existing_train_val_minocc100
valueType,passive,8,previously_discarded,known_constant_blocked_by_output_mask,val,existing_train_val_minocc100
valueType,passive,4,previously_discarded,local_constraint_parameter,val,existing_train_val_minocc100
valueType,passive,63,previously_discarded,missing_role_present_local_neighbor,val,existing_train_val_minocc100
valueType,passive,28899,previously_discarded,output_constant,val,existing_train_val_minocc100
valueType,passive,530,previously_discarded,outside_fixed_vocabulary_and_input,val,existing_train_val_minocc100
valueType,passive,16303,previously_discarded,role,val,existing_train_val_minocc100
overall,factorized,1473,previously_discarded,known_constant_blocked_by_output_mask,overall,existing_train_val_minocc100
overall,factorized,361,previously_discarded,local_constraint_parameter,overall,existing_train_val_minocc100
overall,factorized,4950,previously_discarded,missing_role_present_local_neighbor,overall,existing_train_val_minocc100
overall,factorized,768579,previously_discarded,output_constant,overall,existing_train_val_minocc100
overall,factorized,95316,previously_discarded,outside_fixed_vocabulary_and_input,overall,existing_train_val_minocc100
overall,factorized,2183954,previously_discarded,role,overall,existing_train_val_minocc100
overall,factorized,216,previously_discarded,known_constant_blocked_by_output_mask,test,existing_train_val_minocc100
overall,factorized,67,previously_discarded,local_constraint_parameter,test,existing_train_val_minocc100
overall,factorized,729,previously_discarded,missing_role_present_local_neighbor,test,existing_train_val_minocc100
overall,factorized,115345,previously_discarded,output_constant,test,existing_train_val_minocc100
overall,factorized,14156,previously_discarded,outside_fixed_vocabulary_and_input,test,existing_train_val_minocc100
overall,factorized,327311,previously_discarded,role,test,existing_train_val_minocc100
overall,factorized,1058,previously_discarded,known_constant_blocked_by_output_mask,train,existing_train_val_minocc100
overall,factorized,233,previously_discarded,local_constraint_parameter,train,existing_train_val_minocc100
overall,factorized,3467,previously_discarded,missing_role_present_local_neighbor,train,existing_train_val_minocc100
overall,factorized,537913,previously_discarded,output_constant,train,existing_train_val_minocc100
overall,factorized,66823,previously_discarded,outside_fixed_vocabulary_and_input,train,existing_train_val_minocc100
overall,factorized,1528858,previously_discarded,role,train,existing_train_val_minocc100
overall,factorized,199,previously_discarded,known_constant_blocked_by_output_mask,val,existing_train_val_minocc100
overall,factorized,61,previously_discarded,local_constraint_parameter,val,existing_train_val_minocc100
overall,factorized,754,previously_discarded,missing_role_present_local_neighbor,val,existing_train_val_minocc100
overall,factorized,115321,previously_discarded,output_constant,val,existing_train_val_minocc100
overall,factorized,14337,previously_discarded,outside_fixed_vocabulary_and_input,val,existing_train_val_minocc100
overall,factorized,327785,previously_discarded,role,val,existing_train_val_minocc100
conflictWith,factorized,62,previously_discarded,known_constant_blocked_by_output_mask,overall,existing_train_val_minocc100
conflictWith,factorized,11,previously_discarded,local_constraint_parameter,overall,existing_train_val_minocc100
conflictWith,factorized,249,previously_discarded,missing_role_present_local_neighbor,overall,existing_train_val_minocc100
conflictWith,factorized,14850,previously_discarded,output_constant,overall,existing_train_val_minocc100
conflictWith,factorized,5708,previously_discarded,outside_fixed_vocabulary_and_input,overall,existing_train_val_minocc100
conflictWith,factorized,334194,previously_discarded,role,overall,existing_train_val_minocc100
distinct,factorized,6,previously_discarded,known_constant_blocked_by_output_mask,overall,existing_train_val_minocc100
distinct,factorized,11,previously_discarded,missing_role_present_local_neighbor,overall,existing_train_val_minocc100
distinct,factorized,6428,previously_discarded,output_constant,overall,existing_train_val_minocc100
distinct,factorized,6596,previously_discarded,outside_fixed_vocabulary_and_input,overall,existing_train_val_minocc100
distinct,factorized,710685,previously_discarded,role,overall,existing_train_val_minocc100
inverse,factorized,25,previously_discarded,known_constant_blocked_by_output_mask,overall,existing_train_val_minocc100
inverse,factorized,5,previously_discarded,local_constraint_parameter,overall,existing_train_val_minocc100
inverse,factorized,133,previously_discarded,missing_role_present_local_neighbor,overall,existing_train_val_minocc100
inverse,factorized,62922,previously_discarded,output_constant,overall,existing_train_val_minocc100
inverse,factorized,1358,previously_discarded,outside_fixed_vocabulary_and_input,overall,existing_train_val_minocc100
inverse,factorized,151998,previously_discarded,role,overall,existing_train_val_minocc100
itemRequiresStatement,factorized,735,previously_discarded,known_constant_blocked_by_output_mask,overall,existing_train_val_minocc100
itemRequiresStatement,factorized,203,previously_discarded,local_constraint_parameter,overall,existing_train_val_minocc100
itemRequiresStatement,factorized,2042,previously_discarded,missing_role_present_local_neighbor,overall,existing_train_val_minocc100
itemRequiresStatement,factorized,149912,previously_discarded,output_constant,overall,existing_train_val_minocc100
itemRequiresStatement,factorized,42894,previously_discarded,outside_fixed_vocabulary_and_input,overall,existing_train_val_minocc100
itemRequiresStatement,factorized,105912,previously_discarded,role,overall,existing_train_val_minocc100
oneOf,factorized,5,previously_discarded,known_constant_blocked_by_output_mask,overall,existing_train_val_minocc100
oneOf,factorized,72,previously_discarded,local_constraint_parameter,overall,existing_train_val_minocc100
oneOf,factorized,2,previously_discarded,missing_role_present_local_neighbor,overall,existing_train_val_minocc100
oneOf,factorized,4943,previously_discarded,output_constant,overall,existing_train_val_minocc100
oneOf,factorized,47,previously_discarded,outside_fixed_vocabulary_and_input,overall,existing_train_val_minocc100
oneOf,factorized,30700,previously_discarded,role,overall,existing_train_val_minocc100
single,factorized,238,previously_discarded,known_constant_blocked_by_output_mask,overall,existing_train_val_minocc100
single,factorized,9,previously_discarded,local_constraint_parameter,overall,existing_train_val_minocc100
single,factorized,926,previously_discarded,missing_role_present_local_neighbor,overall,existing_train_val_minocc100
single,factorized,3270,previously_discarded,output_constant,overall,existing_train_val_minocc100
single,factorized,14621,previously_discarded,outside_fixed_vocabulary_and_input,overall,existing_train_val_minocc100
single,factorized,392695,previously_discarded,role,overall,existing_train_val_minocc100
symmetric,factorized,10,previously_discarded,known_constant_blocked_by_output_mask,overall,existing_train_val_minocc100
symmetric,factorized,58,previously_discarded,missing_role_present_local_neighbor,overall,existing_train_val_minocc100
symmetric,factorized,100,previously_discarded,output_constant,overall,existing_train_val_minocc100
symmetric,factorized,409,previously_discarded,outside_fixed_vocabulary_and_input,overall,existing_train_val_minocc100
symmetric,factorized,91187,previously_discarded,role,overall,existing_train_val_minocc100
type,factorized,115,previously_discarded,known_constant_blocked_by_output_mask,overall,existing_train_val_minocc100
type,factorized,30,previously_discarded,local_constraint_parameter,overall,existing_train_val_minocc100
type,factorized,355,previously_discarded,missing_role_present_local_neighbor,overall,existing_train_val_minocc100
type,factorized,185972,previously_discarded,output_constant,overall,existing_train_val_minocc100
type,factorized,4322,previously_discarded,outside_fixed_vocabulary_and_input,overall,existing_train_val_minocc100
type,factorized,115572,previously_discarded,role,overall,existing_train_val_minocc100
valueRequiresStatement,factorized,215,previously_discarded,known_constant_blocked_by_output_mask,overall,existing_train_val_minocc100
valueRequiresStatement,factorized,13,previously_discarded,local_constraint_parameter,overall,existing_train_val_minocc100
valueRequiresStatement,factorized,789,previously_discarded,missing_role_present_local_neighbor,overall,existing_train_val_minocc100
valueRequiresStatement,factorized,147803,previously_discarded,output_constant,overall,existing_train_val_minocc100
valueRequiresStatement,factorized,15791,previously_discarded,outside_fixed_vocabulary_and_input,overall,existing_train_val_minocc100
valueRequiresStatement,factorized,142178,previously_discarded,role,overall,existing_train_val_minocc100
valueType,factorized,62,previously_discarded,known_constant_blocked_by_output_mask,overall,existing_train_val_minocc100
valueType,factorized,18,previously_discarded,local_constraint_parameter,overall,existing_train_val_minocc100
valueType,factorized,385,previously_discarded,missing_role_present_local_neighbor,overall,existing_train_val_minocc100
valueType,factorized,192379,previously_discarded,output_constant,overall,existing_train_val_minocc100
valueType,factorized,3570,previously_discarded,outside_fixed_vocabulary_and_input,overall,existing_train_val_minocc100
valueType,factorized,108833,previously_discarded,role,overall,existing_train_val_minocc100
conflictWith,factorized,7,previously_discarded,known_constant_blocked_by_output_mask,test,existing_train_val_minocc100
conflictWith,factorized,2,previously_discarded,local_constraint_parameter,test,existing_train_val_minocc100
conflictWith,factorized,42,previously_discarded,missing_role_present_local_neighbor,test,existing_train_val_minocc100
conflictWith,factorized,2214,previously_discarded,output_constant,test,existing_train_val_minocc100
conflictWith,factorized,803,previously_discarded,outside_fixed_vocabulary_and_input,test,existing_train_val_minocc100
conflictWith,factorized,50116,previously_discarded,role,test,existing_train_val_minocc100
distinct,factorized,1,previously_discarded,known_constant_blocked_by_output_mask,test,existing_train_val_minocc100
distinct,factorized,2,previously_discarded,missing_role_present_local_neighbor,test,existing_train_val_minocc100
distinct,factorized,979,previously_discarded,output_constant,test,existing_train_val_minocc100
distinct,factorized,987,previously_discarded,outside_fixed_vocabulary_and_input,test,existing_train_val_minocc100
distinct,factorized,106628,previously_discarded,role,test,existing_train_val_minocc100
inverse,factorized,4,previously_discarded,known_constant_blocked_by_output_mask,test,existing_train_val_minocc100
inverse,factorized,17,previously_discarded,missing_role_present_local_neighbor,test,existing_train_val_minocc100
inverse,factorized,9486,previously_discarded,output_constant,test,existing_train_val_minocc100
inverse,factorized,184,previously_discarded,outside_fixed_vocabulary_and_input,test,existing_train_val_minocc100
inverse,factorized,22775,previously_discarded,role,test,existing_train_val_minocc100
itemRequiresStatement,factorized,109,previously_discarded,known_constant_blocked_by_output_mask,test,existing_train_val_minocc100
itemRequiresStatement,factorized,36,previously_discarded,local_constraint_parameter,test,existing_train_val_minocc100
itemRequiresStatement,factorized,302,previously_discarded,missing_role_present_local_neighbor,test,existing_train_val_minocc100
itemRequiresStatement,factorized,22503,previously_discarded,output_constant,test,existing_train_val_minocc100
itemRequiresStatement,factorized,6437,previously_discarded,outside_fixed_vocabulary_and_input,test,existing_train_val_minocc100
itemRequiresStatement,factorized,15859,previously_discarded,role,test,existing_train_val_minocc100
oneOf,factorized,1,previously_discarded,known_constant_blocked_by_output_mask,test,existing_train_val_minocc100
oneOf,factorized,17,previously_discarded,local_constraint_parameter,test,existing_train_val_minocc100
oneOf,factorized,722,previously_discarded,output_constant,test,existing_train_val_minocc100
oneOf,factorized,12,previously_discarded,outside_fixed_vocabulary_and_input,test,existing_train_val_minocc100
oneOf,factorized,4588,previously_discarded,role,test,existing_train_val_minocc100
single,factorized,31,previously_discarded,known_constant_blocked_by_output_mask,test,existing_train_val_minocc100
single,factorized,1,previously_discarded,local_constraint_parameter,test,existing_train_val_minocc100
single,factorized,129,previously_discarded,missing_role_present_local_neighbor,test,existing_train_val_minocc100
single,factorized,478,previously_discarded,output_constant,test,existing_train_val_minocc100
single,factorized,2188,previously_discarded,outside_fixed_vocabulary_and_input,test,existing_train_val_minocc100
single,factorized,58805,previously_discarded,role,test,existing_train_val_minocc100
symmetric,factorized,1,previously_discarded,known_constant_blocked_by_output_mask,test,existing_train_val_minocc100
symmetric,factorized,9,previously_discarded,missing_role_present_local_neighbor,test,existing_train_val_minocc100
symmetric,factorized,14,previously_discarded,output_constant,test,existing_train_val_minocc100
symmetric,factorized,51,previously_discarded,outside_fixed_vocabulary_and_input,test,existing_train_val_minocc100
symmetric,factorized,13575,previously_discarded,role,test,existing_train_val_minocc100
type,factorized,16,previously_discarded,known_constant_blocked_by_output_mask,test,existing_train_val_minocc100
type,factorized,6,previously_discarded,local_constraint_parameter,test,existing_train_val_minocc100
type,factorized,59,previously_discarded,missing_role_present_local_neighbor,test,existing_train_val_minocc100
type,factorized,27886,previously_discarded,output_constant,test,existing_train_val_minocc100
type,factorized,636,previously_discarded,outside_fixed_vocabulary_and_input,test,existing_train_val_minocc100
type,factorized,17372,previously_discarded,role,test,existing_train_val_minocc100
valueRequiresStatement,factorized,35,previously_discarded,known_constant_blocked_by_output_mask,test,existing_train_val_minocc100
valueRequiresStatement,factorized,3,previously_discarded,local_constraint_parameter,test,existing_train_val_minocc100
valueRequiresStatement,factorized,103,previously_discarded,missing_role_present_local_neighbor,test,existing_train_val_minocc100
valueRequiresStatement,factorized,22231,previously_discarded,output_constant,test,existing_train_val_minocc100
valueRequiresStatement,factorized,2332,previously_discarded,outside_fixed_vocabulary_and_input,test,existing_train_val_minocc100
valueRequiresStatement,factorized,21250,previously_discarded,role,test,existing_train_val_minocc100
valueType,factorized,11,previously_discarded,known_constant_blocked_by_output_mask,test,existing_train_val_minocc100
valueType,factorized,2,previously_discarded,local_constraint_parameter,test,existing_train_val_minocc100
valueType,factorized,66,previously_discarded,missing_role_present_local_neighbor,test,existing_train_val_minocc100
valueType,factorized,28832,previously_discarded,output_constant,test,existing_train_val_minocc100
valueType,factorized,526,previously_discarded,outside_fixed_vocabulary_and_input,test,existing_train_val_minocc100
valueType,factorized,16343,previously_discarded,role,test,existing_train_val_minocc100
conflictWith,factorized,51,previously_discarded,known_constant_blocked_by_output_mask,train,existing_train_val_minocc100
conflictWith,factorized,9,previously_discarded,local_constraint_parameter,train,existing_train_val_minocc100
conflictWith,factorized,165,previously_discarded,missing_role_present_local_neighbor,train,existing_train_val_minocc100
conflictWith,factorized,10463,previously_discarded,output_constant,train,existing_train_val_minocc100
conflictWith,factorized,4027,previously_discarded,outside_fixed_vocabulary_and_input,train,existing_train_val_minocc100
conflictWith,factorized,234039,previously_discarded,role,train,existing_train_val_minocc100
distinct,factorized,3,previously_discarded,known_constant_blocked_by_output_mask,train,existing_train_val_minocc100
distinct,factorized,8,previously_discarded,missing_role_present_local_neighbor,train,existing_train_val_minocc100
distinct,factorized,4460,previously_discarded,output_constant,train,existing_train_val_minocc100
distinct,factorized,4583,previously_discarded,outside_fixed_vocabulary_and_input,train,existing_train_val_minocc100
distinct,factorized,497337,previously_discarded,role,train,existing_train_val_minocc100
inverse,factorized,19,previously_discarded,known_constant_blocked_by_output_mask,train,existing_train_val_minocc100
inverse,factorized,5,previously_discarded,local_constraint_parameter,train,existing_train_val_minocc100
inverse,factorized,89,previously_discarded,missing_role_present_local_neighbor,train,existing_train_val_minocc100
inverse,factorized,43957,previously_discarded,output_constant,train,existing_train_val_minocc100
inverse,factorized,986,previously_discarded,outside_fixed_vocabulary_and_input,train,existing_train_val_minocc100
inverse,factorized,106471,previously_discarded,role,train,existing_train_val_minocc100
itemRequiresStatement,factorized,523,previously_discarded,known_constant_blocked_by_output_mask,train,existing_train_val_minocc100
itemRequiresStatement,factorized,134,previously_discarded,local_constraint_parameter,train,existing_train_val_minocc100
itemRequiresStatement,factorized,1427,previously_discarded,missing_role_present_local_neighbor,train,existing_train_val_minocc100
itemRequiresStatement,factorized,104945,previously_discarded,output_constant,train,existing_train_val_minocc100
itemRequiresStatement,factorized,30013,previously_discarded,outside_fixed_vocabulary_and_input,train,existing_train_val_minocc100
itemRequiresStatement,factorized,74125,previously_discarded,role,train,existing_train_val_minocc100
oneOf,factorized,3,previously_discarded,known_constant_blocked_by_output_mask,train,existing_train_val_minocc100
oneOf,factorized,42,previously_discarded,local_constraint_parameter,train,existing_train_val_minocc100
oneOf,factorized,1,previously_discarded,missing_role_present_local_neighbor,train,existing_train_val_minocc100
oneOf,factorized,3485,previously_discarded,output_constant,train,existing_train_val_minocc100
oneOf,factorized,30,previously_discarded,outside_fixed_vocabulary_and_input,train,existing_train_val_minocc100
oneOf,factorized,21516,previously_discarded,role,train,existing_train_val_minocc100
single,factorized,167,previously_discarded,known_constant_blocked_by_output_mask,train,existing_train_val_minocc100
single,factorized,5,previously_discarded,local_constraint_parameter,train,existing_train_val_minocc100
single,factorized,661,previously_discarded,missing_role_present_local_neighbor,train,existing_train_val_minocc100
single,factorized,2323,previously_discarded,output_constant,train,existing_train_val_minocc100
single,factorized,10195,previously_discarded,outside_fixed_vocabulary_and_input,train,existing_train_val_minocc100
single,factorized,274913,previously_discarded,role,train,existing_train_val_minocc100
symmetric,factorized,8,previously_discarded,known_constant_blocked_by_output_mask,train,existing_train_val_minocc100
symmetric,factorized,37,previously_discarded,missing_role_present_local_neighbor,train,existing_train_val_minocc100
symmetric,factorized,65,previously_discarded,output_constant,train,existing_train_val_minocc100
symmetric,factorized,298,previously_discarded,outside_fixed_vocabulary_and_input,train,existing_train_val_minocc100
symmetric,factorized,63912,previously_discarded,role,train,existing_train_val_minocc100
type,factorized,83,previously_discarded,known_constant_blocked_by_output_mask,train,existing_train_val_minocc100
type,factorized,21,previously_discarded,local_constraint_parameter,train,existing_train_val_minocc100
type,factorized,258,previously_discarded,missing_role_present_local_neighbor,train,existing_train_val_minocc100
type,factorized,130109,previously_discarded,output_constant,train,existing_train_val_minocc100
type,factorized,3056,previously_discarded,outside_fixed_vocabulary_and_input,train,existing_train_val_minocc100
type,factorized,80919,previously_discarded,role,train,existing_train_val_minocc100
valueRequiresStatement,factorized,157,previously_discarded,known_constant_blocked_by_output_mask,train,existing_train_val_minocc100
valueRequiresStatement,factorized,6,previously_discarded,local_constraint_parameter,train,existing_train_val_minocc100
valueRequiresStatement,factorized,565,previously_discarded,missing_role_present_local_neighbor,train,existing_train_val_minocc100
valueRequiresStatement,factorized,103458,previously_discarded,output_constant,train,existing_train_val_minocc100
valueRequiresStatement,factorized,11121,previously_discarded,outside_fixed_vocabulary_and_input,train,existing_train_val_minocc100
valueRequiresStatement,factorized,99439,previously_discarded,role,train,existing_train_val_minocc100
valueType,factorized,44,previously_discarded,known_constant_blocked_by_output_mask,train,existing_train_val_minocc100
valueType,factorized,11,previously_discarded,local_constraint_parameter,train,existing_train_val_minocc100
valueType,factorized,256,previously_discarded,missing_role_present_local_neighbor,train,existing_train_val_minocc100
valueType,factorized,134648,previously_discarded,output_constant,train,existing_train_val_minocc100
valueType,factorized,2514,previously_discarded,outside_fixed_vocabulary_and_input,train,existing_train_val_minocc100
valueType,factorized,76187,previously_discarded,role,train,existing_train_val_minocc100
conflictWith,factorized,4,previously_discarded,known_constant_blocked_by_output_mask,val,existing_train_val_minocc100
conflictWith,factorized,42,previously_discarded,missing_role_present_local_neighbor,val,existing_train_val_minocc100
conflictWith,factorized,2173,previously_discarded,output_constant,val,existing_train_val_minocc100
conflictWith,factorized,878,previously_discarded,outside_fixed_vocabulary_and_input,val,existing_train_val_minocc100
conflictWith,factorized,50039,previously_discarded,role,val,existing_train_val_minocc100
distinct,factorized,2,previously_discarded,known_constant_blocked_by_output_mask,val,existing_train_val_minocc100
distinct,factorized,1,previously_discarded,missing_role_present_local_neighbor,val,existing_train_val_minocc100
distinct,factorized,989,previously_discarded,output_constant,val,existing_train_val_minocc100
distinct,factorized,1026,previously_discarded,outside_fixed_vocabulary_and_input,val,existing_train_val_minocc100
distinct,factorized,106720,previously_discarded,role,val,existing_train_val_minocc100
inverse,factorized,2,previously_discarded,known_constant_blocked_by_output_mask,val,existing_train_val_minocc100
inverse,factorized,27,previously_discarded,missing_role_present_local_neighbor,val,existing_train_val_minocc100
inverse,factorized,9479,previously_discarded,output_constant,val,existing_train_val_minocc100
inverse,factorized,188,previously_discarded,outside_fixed_vocabulary_and_input,val,existing_train_val_minocc100
inverse,factorized,22752,previously_discarded,role,val,existing_train_val_minocc100
itemRequiresStatement,factorized,103,previously_discarded,known_constant_blocked_by_output_mask,val,existing_train_val_minocc100
itemRequiresStatement,factorized,33,previously_discarded,local_constraint_parameter,val,existing_train_val_minocc100
itemRequiresStatement,factorized,313,previously_discarded,missing_role_present_local_neighbor,val,existing_train_val_minocc100
itemRequiresStatement,factorized,22464,previously_discarded,output_constant,val,existing_train_val_minocc100
itemRequiresStatement,factorized,6444,previously_discarded,outside_fixed_vocabulary_and_input,val,existing_train_val_minocc100
itemRequiresStatement,factorized,15928,previously_discarded,role,val,existing_train_val_minocc100
oneOf,factorized,1,previously_discarded,known_constant_blocked_by_output_mask,val,existing_train_val_minocc100
oneOf,factorized,13,previously_discarded,local_constraint_parameter,val,existing_train_val_minocc100
oneOf,factorized,1,previously_discarded,missing_role_present_local_neighbor,val,existing_train_val_minocc100
oneOf,factorized,736,previously_discarded,output_constant,val,existing_train_val_minocc100
oneOf,factorized,5,previously_discarded,outside_fixed_vocabulary_and_input,val,existing_train_val_minocc100
oneOf,factorized,4596,previously_discarded,role,val,existing_train_val_minocc100
single,factorized,40,previously_discarded,known_constant_blocked_by_output_mask,val,existing_train_val_minocc100
single,factorized,3,previously_discarded,local_constraint_parameter,val,existing_train_val_minocc100
single,factorized,136,previously_discarded,missing_role_present_local_neighbor,val,existing_train_val_minocc100
single,factorized,469,previously_discarded,output_constant,val,existing_train_val_minocc100
single,factorized,2238,previously_discarded,outside_fixed_vocabulary_and_input,val,existing_train_val_minocc100
single,factorized,58977,previously_discarded,role,val,existing_train_val_minocc100
symmetric,factorized,1,previously_discarded,known_constant_blocked_by_output_mask,val,existing_train_val_minocc100
symmetric,factorized,12,previously_discarded,missing_role_present_local_neighbor,val,existing_train_val_minocc100
symmetric,factorized,21,previously_discarded,output_constant,val,existing_train_val_minocc100
symmetric,factorized,60,previously_discarded,outside_fixed_vocabulary_and_input,val,existing_train_val_minocc100
symmetric,factorized,13700,previously_discarded,role,val,existing_train_val_minocc100
type,factorized,16,previously_discarded,known_constant_blocked_by_output_mask,val,existing_train_val_minocc100
type,factorized,3,previously_discarded,local_constraint_parameter,val,existing_train_val_minocc100
type,factorized,38,previously_discarded,missing_role_present_local_neighbor,val,existing_train_val_minocc100
type,factorized,27977,previously_discarded,output_constant,val,existing_train_val_minocc100
type,factorized,630,previously_discarded,outside_fixed_vocabulary_and_input,val,existing_train_val_minocc100
type,factorized,17281,previously_discarded,role,val,existing_train_val_minocc100
valueRequiresStatement,factorized,23,previously_discarded,known_constant_blocked_by_output_mask,val,existing_train_val_minocc100
valueRequiresStatement,factorized,4,previously_discarded,local_constraint_parameter,val,existing_train_val_minocc100
valueRequiresStatement,factorized,121,previously_discarded,missing_role_present_local_neighbor,val,existing_train_val_minocc100
valueRequiresStatement,factorized,22114,previously_discarded,output_constant,val,existing_train_val_minocc100
valueRequiresStatement,factorized,2338,previously_discarded,outside_fixed_vocabulary_and_input,val,existing_train_val_minocc100
valueRequiresStatement,factorized,21489,previously_discarded,role,val,existing_train_val_minocc100
valueType,factorized,7,previously_discarded,known_constant_blocked_by_output_mask,val,existing_train_val_minocc100
valueType,factorized,5,previously_discarded,local_constraint_parameter,val,existing_train_val_minocc100
valueType,factorized,63,previously_discarded,missing_role_present_local_neighbor,val,existing_train_val_minocc100
valueType,factorized,28899,previously_discarded,output_constant,val,existing_train_val_minocc100
valueType,factorized,530,previously_discarded,outside_fixed_vocabulary_and_input,val,existing_train_val_minocc100
valueType,factorized,16303,previously_discarded,role,val,existing_train_val_minocc100
overall,passive,335,previously_discarded,known_constant_blocked_by_output_mask,overall,clean_parent_train_minocc100
overall,passive,47,previously_discarded,local_constraint_parameter,overall,clean_parent_train_minocc100
overall,passive,4821,previously_discarded,missing_role_present_local_neighbor,overall,clean_parent_train_minocc100
overall,passive,770160,previously_discarded,output_constant,overall,clean_parent_train_minocc100
overall,passive,95316,previously_discarded,outside_fixed_vocabulary_and_input,overall,clean_parent_train_minocc100
overall,passive,2183954,previously_discarded,role,overall,clean_parent_train_minocc100
overall,passive,166,previously_discarded,known_constant_blocked_by_output_mask,test,clean_parent_train_minocc100
overall,passive,27,previously_discarded,local_constraint_parameter,test,clean_parent_train_minocc100
overall,passive,721,previously_discarded,missing_role_present_local_neighbor,test,clean_parent_train_minocc100
overall,passive,115443,previously_discarded,output_constant,test,clean_parent_train_minocc100
overall,passive,14156,previously_discarded,outside_fixed_vocabulary_and_input,test,clean_parent_train_minocc100
overall,passive,327311,previously_discarded,role,test,clean_parent_train_minocc100
overall,passive,3354,previously_discarded,missing_role_present_local_neighbor,train,clean_parent_train_minocc100
overall,passive,539317,previously_discarded,output_constant,train,clean_parent_train_minocc100
overall,passive,66823,previously_discarded,outside_fixed_vocabulary_and_input,train,clean_parent_train_minocc100
overall,passive,1528858,previously_discarded,role,train,clean_parent_train_minocc100
overall,passive,169,previously_discarded,known_constant_blocked_by_output_mask,val,clean_parent_train_minocc100
overall,passive,20,previously_discarded,local_constraint_parameter,val,clean_parent_train_minocc100
overall,passive,746,previously_discarded,missing_role_present_local_neighbor,val,clean_parent_train_minocc100
overall,passive,115400,previously_discarded,output_constant,val,clean_parent_train_minocc100
overall,passive,14337,previously_discarded,outside_fixed_vocabulary_and_input,val,clean_parent_train_minocc100
overall,passive,327785,previously_discarded,role,val,clean_parent_train_minocc100
conflictWith,passive,6,previously_discarded,known_constant_blocked_by_output_mask,overall,clean_parent_train_minocc100
conflictWith,passive,232,previously_discarded,missing_role_present_local_neighbor,overall,clean_parent_train_minocc100
conflictWith,passive,14934,previously_discarded,output_constant,overall,clean_parent_train_minocc100
conflictWith,passive,5708,previously_discarded,outside_fixed_vocabulary_and_input,overall,clean_parent_train_minocc100
conflictWith,passive,334194,previously_discarded,role,overall,clean_parent_train_minocc100
distinct,passive,2,previously_discarded,known_constant_blocked_by_output_mask,overall,clean_parent_train_minocc100
distinct,passive,11,previously_discarded,missing_role_present_local_neighbor,overall,clean_parent_train_minocc100
distinct,passive,6432,previously_discarded,output_constant,overall,clean_parent_train_minocc100
distinct,passive,6596,previously_discarded,outside_fixed_vocabulary_and_input,overall,clean_parent_train_minocc100
distinct,passive,710685,previously_discarded,role,overall,clean_parent_train_minocc100
inverse,passive,5,previously_discarded,known_constant_blocked_by_output_mask,overall,clean_parent_train_minocc100
inverse,passive,130,previously_discarded,missing_role_present_local_neighbor,overall,clean_parent_train_minocc100
inverse,passive,62950,previously_discarded,output_constant,overall,clean_parent_train_minocc100
inverse,passive,1358,previously_discarded,outside_fixed_vocabulary_and_input,overall,clean_parent_train_minocc100
inverse,passive,151998,previously_discarded,role,overall,clean_parent_train_minocc100
itemRequiresStatement,passive,183,previously_discarded,known_constant_blocked_by_output_mask,overall,clean_parent_train_minocc100
itemRequiresStatement,passive,16,previously_discarded,local_constraint_parameter,overall,clean_parent_train_minocc100
itemRequiresStatement,passive,2013,previously_discarded,missing_role_present_local_neighbor,overall,clean_parent_train_minocc100
itemRequiresStatement,passive,150680,previously_discarded,output_constant,overall,clean_parent_train_minocc100
itemRequiresStatement,passive,42894,previously_discarded,outside_fixed_vocabulary_and_input,overall,clean_parent_train_minocc100
itemRequiresStatement,passive,105912,previously_discarded,role,overall,clean_parent_train_minocc100
oneOf,passive,1,previously_discarded,known_constant_blocked_by_output_mask,overall,clean_parent_train_minocc100
oneOf,passive,22,previously_discarded,local_constraint_parameter,overall,clean_parent_train_minocc100
oneOf,passive,2,previously_discarded,missing_role_present_local_neighbor,overall,clean_parent_train_minocc100
oneOf,passive,4997,previously_discarded,output_constant,overall,clean_parent_train_minocc100
oneOf,passive,47,previously_discarded,outside_fixed_vocabulary_and_input,overall,clean_parent_train_minocc100
oneOf,passive,30700,previously_discarded,role,overall,clean_parent_train_minocc100
single,passive,59,previously_discarded,known_constant_blocked_by_output_mask,overall,clean_parent_train_minocc100
single,passive,899,previously_discarded,missing_role_present_local_neighbor,overall,clean_parent_train_minocc100
single,passive,3485,previously_discarded,output_constant,overall,clean_parent_train_minocc100
single,passive,14621,previously_discarded,outside_fixed_vocabulary_and_input,overall,clean_parent_train_minocc100
single,passive,392695,previously_discarded,role,overall,clean_parent_train_minocc100
symmetric,passive,1,previously_discarded,known_constant_blocked_by_output_mask,overall,clean_parent_train_minocc100
symmetric,passive,51,previously_discarded,missing_role_present_local_neighbor,overall,clean_parent_train_minocc100
symmetric,passive,116,previously_discarded,output_constant,overall,clean_parent_train_minocc100
symmetric,passive,409,previously_discarded,outside_fixed_vocabulary_and_input,overall,clean_parent_train_minocc100
symmetric,passive,91187,previously_discarded,role,overall,clean_parent_train_minocc100
type,passive,20,previously_discarded,known_constant_blocked_by_output_mask,overall,clean_parent_train_minocc100
type,passive,2,previously_discarded,local_constraint_parameter,overall,clean_parent_train_minocc100
type,passive,342,previously_discarded,missing_role_present_local_neighbor,overall,clean_parent_train_minocc100
type,passive,186108,previously_discarded,output_constant,overall,clean_parent_train_minocc100
type,passive,4322,previously_discarded,outside_fixed_vocabulary_and_input,overall,clean_parent_train_minocc100
type,passive,115572,previously_discarded,role,overall,clean_parent_train_minocc100
valueRequiresStatement,passive,45,previously_discarded,known_constant_blocked_by_output_mask,overall,clean_parent_train_minocc100
valueRequiresStatement,passive,3,previously_discarded,local_constraint_parameter,overall,clean_parent_train_minocc100
valueRequiresStatement,passive,764,previously_discarded,missing_role_present_local_neighbor,overall,clean_parent_train_minocc100
valueRequiresStatement,passive,148008,previously_discarded,output_constant,overall,clean_parent_train_minocc100
valueRequiresStatement,passive,15791,previously_discarded,outside_fixed_vocabulary_and_input,overall,clean_parent_train_minocc100
valueRequiresStatement,passive,142178,previously_discarded,role,overall,clean_parent_train_minocc100
valueType,passive,13,previously_discarded,known_constant_blocked_by_output_mask,overall,clean_parent_train_minocc100
valueType,passive,4,previously_discarded,local_constraint_parameter,overall,clean_parent_train_minocc100
valueType,passive,377,previously_discarded,missing_role_present_local_neighbor,overall,clean_parent_train_minocc100
valueType,passive,192450,previously_discarded,output_constant,overall,clean_parent_train_minocc100
valueType,passive,3570,previously_discarded,outside_fixed_vocabulary_and_input,overall,clean_parent_train_minocc100
valueType,passive,108833,previously_discarded,role,overall,clean_parent_train_minocc100
conflictWith,passive,3,previously_discarded,known_constant_blocked_by_output_mask,test,clean_parent_train_minocc100
conflictWith,passive,41,previously_discarded,missing_role_present_local_neighbor,test,clean_parent_train_minocc100
conflictWith,passive,2221,previously_discarded,output_constant,test,clean_parent_train_minocc100
conflictWith,passive,803,previously_discarded,outside_fixed_vocabulary_and_input,test,clean_parent_train_minocc100
conflictWith,passive,50116,previously_discarded,role,test,clean_parent_train_minocc100
distinct,passive,1,previously_discarded,known_constant_blocked_by_output_mask,test,clean_parent_train_minocc100
distinct,passive,2,previously_discarded,missing_role_present_local_neighbor,test,clean_parent_train_minocc100
distinct,passive,979,previously_discarded,output_constant,test,clean_parent_train_minocc100
distinct,passive,987,previously_discarded,outside_fixed_vocabulary_and_input,test,clean_parent_train_minocc100
distinct,passive,106628,previously_discarded,role,test,clean_parent_train_minocc100
inverse,passive,4,previously_discarded,known_constant_blocked_by_output_mask,test,clean_parent_train_minocc100
inverse,passive,17,previously_discarded,missing_role_present_local_neighbor,test,clean_parent_train_minocc100
inverse,passive,9486,previously_discarded,output_constant,test,clean_parent_train_minocc100
inverse,passive,184,previously_discarded,outside_fixed_vocabulary_and_input,test,clean_parent_train_minocc100
inverse,passive,22775,previously_discarded,role,test,clean_parent_train_minocc100
itemRequiresStatement,passive,93,previously_discarded,known_constant_blocked_by_output_mask,test,clean_parent_train_minocc100
itemRequiresStatement,passive,10,previously_discarded,local_constraint_parameter,test,clean_parent_train_minocc100
itemRequiresStatement,passive,301,previously_discarded,missing_role_present_local_neighbor,test,clean_parent_train_minocc100
itemRequiresStatement,passive,22546,previously_discarded,output_constant,test,clean_parent_train_minocc100
itemRequiresStatement,passive,6437,previously_discarded,outside_fixed_vocabulary_and_input,test,clean_parent_train_minocc100
itemRequiresStatement,passive,15859,previously_discarded,role,test,clean_parent_train_minocc100
oneOf,passive,1,previously_discarded,known_constant_blocked_by_output_mask,test,clean_parent_train_minocc100
oneOf,passive,14,previously_discarded,local_constraint_parameter,test,clean_parent_train_minocc100
oneOf,passive,725,previously_discarded,output_constant,test,clean_parent_train_minocc100
oneOf,passive,12,previously_discarded,outside_fixed_vocabulary_and_input,test,clean_parent_train_minocc100
oneOf,passive,4588,previously_discarded,role,test,clean_parent_train_minocc100
single,passive,22,previously_discarded,known_constant_blocked_by_output_mask,test,clean_parent_train_minocc100
single,passive,127,previously_discarded,missing_role_present_local_neighbor,test,clean_parent_train_minocc100
single,passive,490,previously_discarded,output_constant,test,clean_parent_train_minocc100
single,passive,2188,previously_discarded,outside_fixed_vocabulary_and_input,test,clean_parent_train_minocc100
single,passive,58805,previously_discarded,role,test,clean_parent_train_minocc100
symmetric,passive,1,previously_discarded,known_constant_blocked_by_output_mask,test,clean_parent_train_minocc100
symmetric,passive,8,previously_discarded,missing_role_present_local_neighbor,test,clean_parent_train_minocc100
symmetric,passive,15,previously_discarded,output_constant,test,clean_parent_train_minocc100
symmetric,passive,51,previously_discarded,outside_fixed_vocabulary_and_input,test,clean_parent_train_minocc100
symmetric,passive,13575,previously_discarded,role,test,clean_parent_train_minocc100
type,passive,8,previously_discarded,known_constant_blocked_by_output_mask,test,clean_parent_train_minocc100
type,passive,59,previously_discarded,missing_role_present_local_neighbor,test,clean_parent_train_minocc100
type,passive,27900,previously_discarded,output_constant,test,clean_parent_train_minocc100
type,passive,636,previously_discarded,outside_fixed_vocabulary_and_input,test,clean_parent_train_minocc100
type,passive,17372,previously_discarded,role,test,clean_parent_train_minocc100
valueRequiresStatement,passive,26,previously_discarded,known_constant_blocked_by_output_mask,test,clean_parent_train_minocc100
valueRequiresStatement,passive,1,previously_discarded,local_constraint_parameter,test,clean_parent_train_minocc100
valueRequiresStatement,passive,102,previously_discarded,missing_role_present_local_neighbor,test,clean_parent_train_minocc100
valueRequiresStatement,passive,22243,previously_discarded,output_constant,test,clean_parent_train_minocc100
valueRequiresStatement,passive,2332,previously_discarded,outside_fixed_vocabulary_and_input,test,clean_parent_train_minocc100
valueRequiresStatement,passive,21250,previously_discarded,role,test,clean_parent_train_minocc100
valueType,passive,7,previously_discarded,known_constant_blocked_by_output_mask,test,clean_parent_train_minocc100
valueType,passive,2,previously_discarded,local_constraint_parameter,test,clean_parent_train_minocc100
valueType,passive,64,previously_discarded,missing_role_present_local_neighbor,test,clean_parent_train_minocc100
valueType,passive,28838,previously_discarded,output_constant,test,clean_parent_train_minocc100
valueType,passive,526,previously_discarded,outside_fixed_vocabulary_and_input,test,clean_parent_train_minocc100
valueType,passive,16343,previously_discarded,role,test,clean_parent_train_minocc100
conflictWith,passive,150,previously_discarded,missing_role_present_local_neighbor,train,clean_parent_train_minocc100
conflictWith,passive,10538,previously_discarded,output_constant,train,clean_parent_train_minocc100
conflictWith,passive,4027,previously_discarded,outside_fixed_vocabulary_and_input,train,clean_parent_train_minocc100
conflictWith,passive,234039,previously_discarded,role,train,clean_parent_train_minocc100
distinct,passive,8,previously_discarded,missing_role_present_local_neighbor,train,clean_parent_train_minocc100
distinct,passive,4463,previously_discarded,output_constant,train,clean_parent_train_minocc100
distinct,passive,4583,previously_discarded,outside_fixed_vocabulary_and_input,train,clean_parent_train_minocc100
distinct,passive,497337,previously_discarded,role,train,clean_parent_train_minocc100
inverse,passive,86,previously_discarded,missing_role_present_local_neighbor,train,clean_parent_train_minocc100
inverse,passive,43984,previously_discarded,output_constant,train,clean_parent_train_minocc100
inverse,passive,986,previously_discarded,outside_fixed_vocabulary_and_input,train,clean_parent_train_minocc100
inverse,passive,106471,previously_discarded,role,train,clean_parent_train_minocc100
itemRequiresStatement,passive,1402,previously_discarded,missing_role_present_local_neighbor,train,clean_parent_train_minocc100
itemRequiresStatement,passive,105627,previously_discarded,output_constant,train,clean_parent_train_minocc100
itemRequiresStatement,passive,30013,previously_discarded,outside_fixed_vocabulary_and_input,train,clean_parent_train_minocc100
itemRequiresStatement,passive,74125,previously_discarded,role,train,clean_parent_train_minocc100
oneOf,passive,1,previously_discarded,missing_role_present_local_neighbor,train,clean_parent_train_minocc100
oneOf,passive,3530,previously_discarded,output_constant,train,clean_parent_train_minocc100
oneOf,passive,30,previously_discarded,outside_fixed_vocabulary_and_input,train,clean_parent_train_minocc100
oneOf,passive,21516,previously_discarded,role,train,clean_parent_train_minocc100
single,passive,638,previously_discarded,missing_role_present_local_neighbor,train,clean_parent_train_minocc100
single,passive,2518,previously_discarded,output_constant,train,clean_parent_train_minocc100
single,passive,10195,previously_discarded,outside_fixed_vocabulary_and_input,train,clean_parent_train_minocc100
single,passive,274913,previously_discarded,role,train,clean_parent_train_minocc100
symmetric,passive,33,previously_discarded,missing_role_present_local_neighbor,train,clean_parent_train_minocc100
symmetric,passive,77,previously_discarded,output_constant,train,clean_parent_train_minocc100
symmetric,passive,298,previously_discarded,outside_fixed_vocabulary_and_input,train,clean_parent_train_minocc100
symmetric,passive,63912,previously_discarded,role,train,clean_parent_train_minocc100
type,passive,247,previously_discarded,missing_role_present_local_neighbor,train,clean_parent_train_minocc100
type,passive,130224,previously_discarded,output_constant,train,clean_parent_train_minocc100
type,passive,3056,previously_discarded,outside_fixed_vocabulary_and_input,train,clean_parent_train_minocc100
type,passive,80919,previously_discarded,role,train,clean_parent_train_minocc100
valueRequiresStatement,passive,539,previously_discarded,missing_role_present_local_neighbor,train,clean_parent_train_minocc100
valueRequiresStatement,passive,103647,previously_discarded,output_constant,train,clean_parent_train_minocc100
valueRequiresStatement,passive,11121,previously_discarded,outside_fixed_vocabulary_and_input,train,clean_parent_train_minocc100
valueRequiresStatement,passive,99439,previously_discarded,role,train,clean_parent_train_minocc100
valueType,passive,250,previously_discarded,missing_role_present_local_neighbor,train,clean_parent_train_minocc100
valueType,passive,134709,previously_discarded,output_constant,train,clean_parent_train_minocc100
valueType,passive,2514,previously_discarded,outside_fixed_vocabulary_and_input,train,clean_parent_train_minocc100
valueType,passive,76187,previously_discarded,role,train,clean_parent_train_minocc100
conflictWith,passive,3,previously_discarded,known_constant_blocked_by_output_mask,val,clean_parent_train_minocc100
conflictWith,passive,41,previously_discarded,missing_role_present_local_neighbor,val,clean_parent_train_minocc100
conflictWith,passive,2175,previously_discarded,output_constant,val,clean_parent_train_minocc100
conflictWith,passive,878,previously_discarded,outside_fixed_vocabulary_and_input,val,clean_parent_train_minocc100
conflictWith,passive,50039,previously_discarded,role,val,clean_parent_train_minocc100
distinct,passive,1,previously_discarded,known_constant_blocked_by_output_mask,val,clean_parent_train_minocc100
distinct,passive,1,previously_discarded,missing_role_present_local_neighbor,val,clean_parent_train_minocc100
distinct,passive,990,previously_discarded,output_constant,val,clean_parent_train_minocc100
distinct,passive,1026,previously_discarded,outside_fixed_vocabulary_and_input,val,clean_parent_train_minocc100
distinct,passive,106720,previously_discarded,role,val,clean_parent_train_minocc100
inverse,passive,1,previously_discarded,known_constant_blocked_by_output_mask,val,clean_parent_train_minocc100
inverse,passive,27,previously_discarded,missing_role_present_local_neighbor,val,clean_parent_train_minocc100
inverse,passive,9480,previously_discarded,output_constant,val,clean_parent_train_minocc100
inverse,passive,188,previously_discarded,outside_fixed_vocabulary_and_input,val,clean_parent_train_minocc100
inverse,passive,22752,previously_discarded,role,val,clean_parent_train_minocc100
itemRequiresStatement,passive,90,previously_discarded,known_constant_blocked_by_output_mask,val,clean_parent_train_minocc100
itemRequiresStatement,passive,6,previously_discarded,local_constraint_parameter,val,clean_parent_train_minocc100
itemRequiresStatement,passive,310,previously_discarded,missing_role_present_local_neighbor,val,clean_parent_train_minocc100
itemRequiresStatement,passive,22507,previously_discarded,output_constant,val,clean_parent_train_minocc100
itemRequiresStatement,passive,6444,previously_discarded,outside_fixed_vocabulary_and_input,val,clean_parent_train_minocc100
itemRequiresStatement,passive,15928,previously_discarded,role,val,clean_parent_train_minocc100
oneOf,passive,8,previously_discarded,local_constraint_parameter,val,clean_parent_train_minocc100
oneOf,passive,1,previously_discarded,missing_role_present_local_neighbor,val,clean_parent_train_minocc100
oneOf,passive,742,previously_discarded,output_constant,val,clean_parent_train_minocc100
oneOf,passive,5,previously_discarded,outside_fixed_vocabulary_and_input,val,clean_parent_train_minocc100
oneOf,passive,4596,previously_discarded,role,val,clean_parent_train_minocc100
single,passive,37,previously_discarded,known_constant_blocked_by_output_mask,val,clean_parent_train_minocc100
single,passive,134,previously_discarded,missing_role_present_local_neighbor,val,clean_parent_train_minocc100
single,passive,477,previously_discarded,output_constant,val,clean_parent_train_minocc100
single,passive,2238,previously_discarded,outside_fixed_vocabulary_and_input,val,clean_parent_train_minocc100
single,passive,58977,previously_discarded,role,val,clean_parent_train_minocc100
symmetric,passive,10,previously_discarded,missing_role_present_local_neighbor,val,clean_parent_train_minocc100
symmetric,passive,24,previously_discarded,output_constant,val,clean_parent_train_minocc100
symmetric,passive,60,previously_discarded,outside_fixed_vocabulary_and_input,val,clean_parent_train_minocc100
symmetric,passive,13700,previously_discarded,role,val,clean_parent_train_minocc100
type,passive,12,previously_discarded,known_constant_blocked_by_output_mask,val,clean_parent_train_minocc100
type,passive,2,previously_discarded,local_constraint_parameter,val,clean_parent_train_minocc100
type,passive,36,previously_discarded,missing_role_present_local_neighbor,val,clean_parent_train_minocc100
type,passive,27984,previously_discarded,output_constant,val,clean_parent_train_minocc100
type,passive,630,previously_discarded,outside_fixed_vocabulary_and_input,val,clean_parent_train_minocc100
type,passive,17281,previously_discarded,role,val,clean_parent_train_minocc100
valueRequiresStatement,passive,19,previously_discarded,known_constant_blocked_by_output_mask,val,clean_parent_train_minocc100
valueRequiresStatement,passive,2,previously_discarded,local_constraint_parameter,val,clean_parent_train_minocc100
valueRequiresStatement,passive,123,previously_discarded,missing_role_present_local_neighbor,val,clean_parent_train_minocc100
valueRequiresStatement,passive,22118,previously_discarded,output_constant,val,clean_parent_train_minocc100
valueRequiresStatement,passive,2338,previously_discarded,outside_fixed_vocabulary_and_input,val,clean_parent_train_minocc100
valueRequiresStatement,passive,21489,previously_discarded,role,val,clean_parent_train_minocc100
valueType,passive,6,previously_discarded,known_constant_blocked_by_output_mask,val,clean_parent_train_minocc100
valueType,passive,2,previously_discarded,local_constraint_parameter,val,clean_parent_train_minocc100
valueType,passive,63,previously_discarded,missing_role_present_local_neighbor,val,clean_parent_train_minocc100
valueType,passive,28903,previously_discarded,output_constant,val,clean_parent_train_minocc100
valueType,passive,530,previously_discarded,outside_fixed_vocabulary_and_input,val,clean_parent_train_minocc100
valueType,passive,16303,previously_discarded,role,val,clean_parent_train_minocc100
overall,factorized,290,previously_discarded,known_constant_blocked_by_output_mask,overall,clean_parent_train_minocc100
overall,factorized,92,previously_discarded,local_constraint_parameter,overall,clean_parent_train_minocc100
overall,factorized,4821,previously_discarded,missing_role_present_local_neighbor,overall,clean_parent_train_minocc100
overall,factorized,770160,previously_discarded,output_constant,overall,clean_parent_train_minocc100
overall,factorized,95316,previously_discarded,outside_fixed_vocabulary_and_input,overall,clean_parent_train_minocc100
overall,factorized,2183954,previously_discarded,role,overall,clean_parent_train_minocc100
overall,factorized,142,previously_discarded,known_constant_blocked_by_output_mask,test,clean_parent_train_minocc100
overall,factorized,51,previously_discarded,local_constraint_parameter,test,clean_parent_train_minocc100
overall,factorized,721,previously_discarded,missing_role_present_local_neighbor,test,clean_parent_train_minocc100
overall,factorized,115443,previously_discarded,output_constant,test,clean_parent_train_minocc100
overall,factorized,14156,previously_discarded,outside_fixed_vocabulary_and_input,test,clean_parent_train_minocc100
overall,factorized,327311,previously_discarded,role,test,clean_parent_train_minocc100
overall,factorized,3354,previously_discarded,missing_role_present_local_neighbor,train,clean_parent_train_minocc100
overall,factorized,539317,previously_discarded,output_constant,train,clean_parent_train_minocc100
overall,factorized,66823,previously_discarded,outside_fixed_vocabulary_and_input,train,clean_parent_train_minocc100
overall,factorized,1528858,previously_discarded,role,train,clean_parent_train_minocc100
overall,factorized,148,previously_discarded,known_constant_blocked_by_output_mask,val,clean_parent_train_minocc100
overall,factorized,41,previously_discarded,local_constraint_parameter,val,clean_parent_train_minocc100
overall,factorized,746,previously_discarded,missing_role_present_local_neighbor,val,clean_parent_train_minocc100
overall,factorized,115400,previously_discarded,output_constant,val,clean_parent_train_minocc100
overall,factorized,14337,previously_discarded,outside_fixed_vocabulary_and_input,val,clean_parent_train_minocc100
overall,factorized,327785,previously_discarded,role,val,clean_parent_train_minocc100
conflictWith,factorized,5,previously_discarded,known_constant_blocked_by_output_mask,overall,clean_parent_train_minocc100
conflictWith,factorized,1,previously_discarded,local_constraint_parameter,overall,clean_parent_train_minocc100
conflictWith,factorized,232,previously_discarded,missing_role_present_local_neighbor,overall,clean_parent_train_minocc100
conflictWith,factorized,14934,previously_discarded,output_constant,overall,clean_parent_train_minocc100
conflictWith,factorized,5708,previously_discarded,outside_fixed_vocabulary_and_input,overall,clean_parent_train_minocc100
conflictWith,factorized,334194,previously_discarded,role,overall,clean_parent_train_minocc100
distinct,factorized,2,previously_discarded,known_constant_blocked_by_output_mask,overall,clean_parent_train_minocc100
distinct,factorized,11,previously_discarded,missing_role_present_local_neighbor,overall,clean_parent_train_minocc100
distinct,factorized,6432,previously_discarded,output_constant,overall,clean_parent_train_minocc100
distinct,factorized,6596,previously_discarded,outside_fixed_vocabulary_and_input,overall,clean_parent_train_minocc100
distinct,factorized,710685,previously_discarded,role,overall,clean_parent_train_minocc100
inverse,factorized,5,previously_discarded,known_constant_blocked_by_output_mask,overall,clean_parent_train_minocc100
inverse,factorized,130,previously_discarded,missing_role_present_local_neighbor,overall,clean_parent_train_minocc100
inverse,factorized,62950,previously_discarded,output_constant,overall,clean_parent_train_minocc100
inverse,factorized,1358,previously_discarded,outside_fixed_vocabulary_and_input,overall,clean_parent_train_minocc100
inverse,factorized,151998,previously_discarded,role,overall,clean_parent_train_minocc100
itemRequiresStatement,factorized,148,previously_discarded,known_constant_blocked_by_output_mask,overall,clean_parent_train_minocc100
itemRequiresStatement,factorized,51,previously_discarded,local_constraint_parameter,overall,clean_parent_train_minocc100
itemRequiresStatement,factorized,2013,previously_discarded,missing_role_present_local_neighbor,overall,clean_parent_train_minocc100
itemRequiresStatement,factorized,150680,previously_discarded,output_constant,overall,clean_parent_train_minocc100
itemRequiresStatement,factorized,42894,previously_discarded,outside_fixed_vocabulary_and_input,overall,clean_parent_train_minocc100
itemRequiresStatement,factorized,105912,previously_discarded,role,overall,clean_parent_train_minocc100
oneOf,factorized,1,previously_discarded,known_constant_blocked_by_output_mask,overall,clean_parent_train_minocc100
oneOf,factorized,22,previously_discarded,local_constraint_parameter,overall,clean_parent_train_minocc100
oneOf,factorized,2,previously_discarded,missing_role_present_local_neighbor,overall,clean_parent_train_minocc100
oneOf,factorized,4997,previously_discarded,output_constant,overall,clean_parent_train_minocc100
oneOf,factorized,47,previously_discarded,outside_fixed_vocabulary_and_input,overall,clean_parent_train_minocc100
oneOf,factorized,30700,previously_discarded,role,overall,clean_parent_train_minocc100
single,factorized,55,previously_discarded,known_constant_blocked_by_output_mask,overall,clean_parent_train_minocc100
single,factorized,4,previously_discarded,local_constraint_parameter,overall,clean_parent_train_minocc100
single,factorized,899,previously_discarded,missing_role_present_local_neighbor,overall,clean_parent_train_minocc100
single,factorized,3485,previously_discarded,output_constant,overall,clean_parent_train_minocc100
single,factorized,14621,previously_discarded,outside_fixed_vocabulary_and_input,overall,clean_parent_train_minocc100
single,factorized,392695,previously_discarded,role,overall,clean_parent_train_minocc100
symmetric,factorized,1,previously_discarded,known_constant_blocked_by_output_mask,overall,clean_parent_train_minocc100
symmetric,factorized,51,previously_discarded,missing_role_present_local_neighbor,overall,clean_parent_train_minocc100
symmetric,factorized,116,previously_discarded,output_constant,overall,clean_parent_train_minocc100
symmetric,factorized,409,previously_discarded,outside_fixed_vocabulary_and_input,overall,clean_parent_train_minocc100
symmetric,factorized,91187,previously_discarded,role,overall,clean_parent_train_minocc100
type,factorized,18,previously_discarded,known_constant_blocked_by_output_mask,overall,clean_parent_train_minocc100
type,factorized,4,previously_discarded,local_constraint_parameter,overall,clean_parent_train_minocc100
type,factorized,342,previously_discarded,missing_role_present_local_neighbor,overall,clean_parent_train_minocc100
type,factorized,186108,previously_discarded,output_constant,overall,clean_parent_train_minocc100
type,factorized,4322,previously_discarded,outside_fixed_vocabulary_and_input,overall,clean_parent_train_minocc100
type,factorized,115572,previously_discarded,role,overall,clean_parent_train_minocc100
valueRequiresStatement,factorized,42,previously_discarded,known_constant_blocked_by_output_mask,overall,clean_parent_train_minocc100
valueRequiresStatement,factorized,6,previously_discarded,local_constraint_parameter,overall,clean_parent_train_minocc100
valueRequiresStatement,factorized,764,previously_discarded,missing_role_present_local_neighbor,overall,clean_parent_train_minocc100
valueRequiresStatement,factorized,148008,previously_discarded,output_constant,overall,clean_parent_train_minocc100
valueRequiresStatement,factorized,15791,previously_discarded,outside_fixed_vocabulary_and_input,overall,clean_parent_train_minocc100
valueRequiresStatement,factorized,142178,previously_discarded,role,overall,clean_parent_train_minocc100
valueType,factorized,13,previously_discarded,known_constant_blocked_by_output_mask,overall,clean_parent_train_minocc100
valueType,factorized,4,previously_discarded,local_constraint_parameter,overall,clean_parent_train_minocc100
valueType,factorized,377,previously_discarded,missing_role_present_local_neighbor,overall,clean_parent_train_minocc100
valueType,factorized,192450,previously_discarded,output_constant,overall,clean_parent_train_minocc100
valueType,factorized,3570,previously_discarded,outside_fixed_vocabulary_and_input,overall,clean_parent_train_minocc100
valueType,factorized,108833,previously_discarded,role,overall,clean_parent_train_minocc100
conflictWith,factorized,2,previously_discarded,known_constant_blocked_by_output_mask,test,clean_parent_train_minocc100
conflictWith,factorized,1,previously_discarded,local_constraint_parameter,test,clean_parent_train_minocc100
conflictWith,factorized,41,previously_discarded,missing_role_present_local_neighbor,test,clean_parent_train_minocc100
conflictWith,factorized,2221,previously_discarded,output_constant,test,clean_parent_train_minocc100
conflictWith,factorized,803,previously_discarded,outside_fixed_vocabulary_and_input,test,clean_parent_train_minocc100
conflictWith,factorized,50116,previously_discarded,role,test,clean_parent_train_minocc100
distinct,factorized,1,previously_discarded,known_constant_blocked_by_output_mask,test,clean_parent_train_minocc100
distinct,factorized,2,previously_discarded,missing_role_present_local_neighbor,test,clean_parent_train_minocc100
distinct,factorized,979,previously_discarded,output_constant,test,clean_parent_train_minocc100
distinct,factorized,987,previously_discarded,outside_fixed_vocabulary_and_input,test,clean_parent_train_minocc100
distinct,factorized,106628,previously_discarded,role,test,clean_parent_train_minocc100
inverse,factorized,4,previously_discarded,known_constant_blocked_by_output_mask,test,clean_parent_train_minocc100
inverse,factorized,17,previously_discarded,missing_role_present_local_neighbor,test,clean_parent_train_minocc100
inverse,factorized,9486,previously_discarded,output_constant,test,clean_parent_train_minocc100
inverse,factorized,184,previously_discarded,outside_fixed_vocabulary_and_input,test,clean_parent_train_minocc100
inverse,factorized,22775,previously_discarded,role,test,clean_parent_train_minocc100
itemRequiresStatement,factorized,73,previously_discarded,known_constant_blocked_by_output_mask,test,clean_parent_train_minocc100
itemRequiresStatement,factorized,30,previously_discarded,local_constraint_parameter,test,clean_parent_train_minocc100
itemRequiresStatement,factorized,301,previously_discarded,missing_role_present_local_neighbor,test,clean_parent_train_minocc100
itemRequiresStatement,factorized,22546,previously_discarded,output_constant,test,clean_parent_train_minocc100
itemRequiresStatement,factorized,6437,previously_discarded,outside_fixed_vocabulary_and_input,test,clean_parent_train_minocc100
itemRequiresStatement,factorized,15859,previously_discarded,role,test,clean_parent_train_minocc100
oneOf,factorized,1,previously_discarded,known_constant_blocked_by_output_mask,test,clean_parent_train_minocc100
oneOf,factorized,14,previously_discarded,local_constraint_parameter,test,clean_parent_train_minocc100
oneOf,factorized,725,previously_discarded,output_constant,test,clean_parent_train_minocc100
oneOf,factorized,12,previously_discarded,outside_fixed_vocabulary_and_input,test,clean_parent_train_minocc100
oneOf,factorized,4588,previously_discarded,role,test,clean_parent_train_minocc100
single,factorized,21,previously_discarded,known_constant_blocked_by_output_mask,test,clean_parent_train_minocc100
single,factorized,1,previously_discarded,local_constraint_parameter,test,clean_parent_train_minocc100
single,factorized,127,previously_discarded,missing_role_present_local_neighbor,test,clean_parent_train_minocc100
single,factorized,490,previously_discarded,output_constant,test,clean_parent_train_minocc100
single,factorized,2188,previously_discarded,outside_fixed_vocabulary_and_input,test,clean_parent_train_minocc100
single,factorized,58805,previously_discarded,role,test,clean_parent_train_minocc100
symmetric,factorized,1,previously_discarded,known_constant_blocked_by_output_mask,test,clean_parent_train_minocc100
symmetric,factorized,8,previously_discarded,missing_role_present_local_neighbor,test,clean_parent_train_minocc100
symmetric,factorized,15,previously_discarded,output_constant,test,clean_parent_train_minocc100
symmetric,factorized,51,previously_discarded,outside_fixed_vocabulary_and_input,test,clean_parent_train_minocc100
symmetric,factorized,13575,previously_discarded,role,test,clean_parent_train_minocc100
type,factorized,7,previously_discarded,known_constant_blocked_by_output_mask,test,clean_parent_train_minocc100
type,factorized,1,previously_discarded,local_constraint_parameter,test,clean_parent_train_minocc100
type,factorized,59,previously_discarded,missing_role_present_local_neighbor,test,clean_parent_train_minocc100
type,factorized,27900,previously_discarded,output_constant,test,clean_parent_train_minocc100
type,factorized,636,previously_discarded,outside_fixed_vocabulary_and_input,test,clean_parent_train_minocc100
type,factorized,17372,previously_discarded,role,test,clean_parent_train_minocc100
valueRequiresStatement,factorized,25,previously_discarded,known_constant_blocked_by_output_mask,test,clean_parent_train_minocc100
valueRequiresStatement,factorized,2,previously_discarded,local_constraint_parameter,test,clean_parent_train_minocc100
valueRequiresStatement,factorized,102,previously_discarded,missing_role_present_local_neighbor,test,clean_parent_train_minocc100
valueRequiresStatement,factorized,22243,previously_discarded,output_constant,test,clean_parent_train_minocc100
valueRequiresStatement,factorized,2332,previously_discarded,outside_fixed_vocabulary_and_input,test,clean_parent_train_minocc100
valueRequiresStatement,factorized,21250,previously_discarded,role,test,clean_parent_train_minocc100
valueType,factorized,7,previously_discarded,known_constant_blocked_by_output_mask,test,clean_parent_train_minocc100
valueType,factorized,2,previously_discarded,local_constraint_parameter,test,clean_parent_train_minocc100
valueType,factorized,64,previously_discarded,missing_role_present_local_neighbor,test,clean_parent_train_minocc100
valueType,factorized,28838,previously_discarded,output_constant,test,clean_parent_train_minocc100
valueType,factorized,526,previously_discarded,outside_fixed_vocabulary_and_input,test,clean_parent_train_minocc100
valueType,factorized,16343,previously_discarded,role,test,clean_parent_train_minocc100
conflictWith,factorized,150,previously_discarded,missing_role_present_local_neighbor,train,clean_parent_train_minocc100
conflictWith,factorized,10538,previously_discarded,output_constant,train,clean_parent_train_minocc100
conflictWith,factorized,4027,previously_discarded,outside_fixed_vocabulary_and_input,train,clean_parent_train_minocc100
conflictWith,factorized,234039,previously_discarded,role,train,clean_parent_train_minocc100
distinct,factorized,8,previously_discarded,missing_role_present_local_neighbor,train,clean_parent_train_minocc100
distinct,factorized,4463,previously_discarded,output_constant,train,clean_parent_train_minocc100
distinct,factorized,4583,previously_discarded,outside_fixed_vocabulary_and_input,train,clean_parent_train_minocc100
distinct,factorized,497337,previously_discarded,role,train,clean_parent_train_minocc100
inverse,factorized,86,previously_discarded,missing_role_present_local_neighbor,train,clean_parent_train_minocc100
inverse,factorized,43984,previously_discarded,output_constant,train,clean_parent_train_minocc100
inverse,factorized,986,previously_discarded,outside_fixed_vocabulary_and_input,train,clean_parent_train_minocc100
inverse,factorized,106471,previously_discarded,role,train,clean_parent_train_minocc100
itemRequiresStatement,factorized,1402,previously_discarded,missing_role_present_local_neighbor,train,clean_parent_train_minocc100
itemRequiresStatement,factorized,105627,previously_discarded,output_constant,train,clean_parent_train_minocc100
itemRequiresStatement,factorized,30013,previously_discarded,outside_fixed_vocabulary_and_input,train,clean_parent_train_minocc100
itemRequiresStatement,factorized,74125,previously_discarded,role,train,clean_parent_train_minocc100
oneOf,factorized,1,previously_discarded,missing_role_present_local_neighbor,train,clean_parent_train_minocc100
oneOf,factorized,3530,previously_discarded,output_constant,train,clean_parent_train_minocc100
oneOf,factorized,30,previously_discarded,outside_fixed_vocabulary_and_input,train,clean_parent_train_minocc100
oneOf,factorized,21516,previously_discarded,role,train,clean_parent_train_minocc100
single,factorized,638,previously_discarded,missing_role_present_local_neighbor,train,clean_parent_train_minocc100
single,factorized,2518,previously_discarded,output_constant,train,clean_parent_train_minocc100
single,factorized,10195,previously_discarded,outside_fixed_vocabulary_and_input,train,clean_parent_train_minocc100
single,factorized,274913,previously_discarded,role,train,clean_parent_train_minocc100
symmetric,factorized,33,previously_discarded,missing_role_present_local_neighbor,train,clean_parent_train_minocc100
symmetric,factorized,77,previously_discarded,output_constant,train,clean_parent_train_minocc100
symmetric,factorized,298,previously_discarded,outside_fixed_vocabulary_and_input,train,clean_parent_train_minocc100
symmetric,factorized,63912,previously_discarded,role,train,clean_parent_train_minocc100
type,factorized,247,previously_discarded,missing_role_present_local_neighbor,train,clean_parent_train_minocc100
type,factorized,130224,previously_discarded,output_constant,train,clean_parent_train_minocc100
type,factorized,3056,previously_discarded,outside_fixed_vocabulary_and_input,train,clean_parent_train_minocc100
type,factorized,80919,previously_discarded,role,train,clean_parent_train_minocc100
valueRequiresStatement,factorized,539,previously_discarded,missing_role_present_local_neighbor,train,clean_parent_train_minocc100
valueRequiresStatement,factorized,103647,previously_discarded,output_constant,train,clean_parent_train_minocc100
valueRequiresStatement,factorized,11121,previously_discarded,outside_fixed_vocabulary_and_input,train,clean_parent_train_minocc100
valueRequiresStatement,factorized,99439,previously_discarded,role,train,clean_parent_train_minocc100
valueType,factorized,250,previously_discarded,missing_role_present_local_neighbor,train,clean_parent_train_minocc100
valueType,factorized,134709,previously_discarded,output_constant,train,clean_parent_train_minocc100
valueType,factorized,2514,previously_discarded,outside_fixed_vocabulary_and_input,train,clean_parent_train_minocc100
valueType,factorized,76187,previously_discarded,role,train,clean_parent_train_minocc100
conflictWith,factorized,3,previously_discarded,known_constant_blocked_by_output_mask,val,clean_parent_train_minocc100
conflictWith,factorized,41,previously_discarded,missing_role_present_local_neighbor,val,clean_parent_train_minocc100
conflictWith,factorized,2175,previously_discarded,output_constant,val,clean_parent_train_minocc100
conflictWith,factorized,878,previously_discarded,outside_fixed_vocabulary_and_input,val,clean_parent_train_minocc100
conflictWith,factorized,50039,previously_discarded,role,val,clean_parent_train_minocc100
distinct,factorized,1,previously_discarded,known_constant_blocked_by_output_mask,val,clean_parent_train_minocc100
distinct,factorized,1,previously_discarded,missing_role_present_local_neighbor,val,clean_parent_train_minocc100
distinct,factorized,990,previously_discarded,output_constant,val,clean_parent_train_minocc100
distinct,factorized,1026,previously_discarded,outside_fixed_vocabulary_and_input,val,clean_parent_train_minocc100
distinct,factorized,106720,previously_discarded,role,val,clean_parent_train_minocc100
inverse,factorized,1,previously_discarded,known_constant_blocked_by_output_mask,val,clean_parent_train_minocc100
inverse,factorized,27,previously_discarded,missing_role_present_local_neighbor,val,clean_parent_train_minocc100
inverse,factorized,9480,previously_discarded,output_constant,val,clean_parent_train_minocc100
inverse,factorized,188,previously_discarded,outside_fixed_vocabulary_and_input,val,clean_parent_train_minocc100
inverse,factorized,22752,previously_discarded,role,val,clean_parent_train_minocc100
itemRequiresStatement,factorized,75,previously_discarded,known_constant_blocked_by_output_mask,val,clean_parent_train_minocc100
itemRequiresStatement,factorized,21,previously_discarded,local_constraint_parameter,val,clean_parent_train_minocc100
itemRequiresStatement,factorized,310,previously_discarded,missing_role_present_local_neighbor,val,clean_parent_train_minocc100
itemRequiresStatement,factorized,22507,previously_discarded,output_constant,val,clean_parent_train_minocc100
itemRequiresStatement,factorized,6444,previously_discarded,outside_fixed_vocabulary_and_input,val,clean_parent_train_minocc100
itemRequiresStatement,factorized,15928,previously_discarded,role,val,clean_parent_train_minocc100
oneOf,factorized,8,previously_discarded,local_constraint_parameter,val,clean_parent_train_minocc100
oneOf,factorized,1,previously_discarded,missing_role_present_local_neighbor,val,clean_parent_train_minocc100
oneOf,factorized,742,previously_discarded,output_constant,val,clean_parent_train_minocc100
oneOf,factorized,5,previously_discarded,outside_fixed_vocabulary_and_input,val,clean_parent_train_minocc100
oneOf,factorized,4596,previously_discarded,role,val,clean_parent_train_minocc100
single,factorized,34,previously_discarded,known_constant_blocked_by_output_mask,val,clean_parent_train_minocc100
single,factorized,3,previously_discarded,local_constraint_parameter,val,clean_parent_train_minocc100
single,factorized,134,previously_discarded,missing_role_present_local_neighbor,val,clean_parent_train_minocc100
single,factorized,477,previously_discarded,output_constant,val,clean_parent_train_minocc100
single,factorized,2238,previously_discarded,outside_fixed_vocabulary_and_input,val,clean_parent_train_minocc100
single,factorized,58977,previously_discarded,role,val,clean_parent_train_minocc100
symmetric,factorized,10,previously_discarded,missing_role_present_local_neighbor,val,clean_parent_train_minocc100
symmetric,factorized,24,previously_discarded,output_constant,val,clean_parent_train_minocc100
symmetric,factorized,60,previously_discarded,outside_fixed_vocabulary_and_input,val,clean_parent_train_minocc100
symmetric,factorized,13700,previously_discarded,role,val,clean_parent_train_minocc100
type,factorized,11,previously_discarded,known_constant_blocked_by_output_mask,val,clean_parent_train_minocc100
type,factorized,3,previously_discarded,local_constraint_parameter,val,clean_parent_train_minocc100
type,factorized,36,previously_discarded,missing_role_present_local_neighbor,val,clean_parent_train_minocc100
type,factorized,27984,previously_discarded,output_constant,val,clean_parent_train_minocc100
type,factorized,630,previously_discarded,outside_fixed_vocabulary_and_input,val,clean_parent_train_minocc100
type,factorized,17281,previously_discarded,role,val,clean_parent_train_minocc100
valueRequiresStatement,factorized,17,previously_discarded,known_constant_blocked_by_output_mask,val,clean_parent_train_minocc100
valueRequiresStatement,factorized,4,previously_discarded,local_constraint_parameter,val,clean_parent_train_minocc100
valueRequiresStatement,factorized,123,previously_discarded,missing_role_present_local_neighbor,val,clean_parent_train_minocc100
valueRequiresStatement,factorized,22118,previously_discarded,output_constant,val,clean_parent_train_minocc100
valueRequiresStatement,factorized,2338,previously_discarded,outside_fixed_vocabulary_and_input,val,clean_parent_train_minocc100
valueRequiresStatement,factorized,21489,previously_discarded,role,val,clean_parent_train_minocc100
valueType,factorized,6,previously_discarded,known_constant_blocked_by_output_mask,val,clean_parent_train_minocc100
valueType,factorized,2,previously_discarded,local_constraint_parameter,val,clean_parent_train_minocc100
valueType,factorized,63,previously_discarded,missing_role_present_local_neighbor,val,clean_parent_train_minocc100
valueType,factorized,28903,previously_discarded,output_constant,val,clean_parent_train_minocc100
valueType,factorized,530,previously_discarded,outside_fixed_vocabulary_and_input,val,clean_parent_train_minocc100
valueType,factorized,16303,previously_discarded,role,val,clean_parent_train_minocc100
