E,R,count,family,fixed_pre_violated_fraction,population,post,pre,row_fraction,split,validator_profile
1189131,1910794,188786,overall,,parent_pool,satisfied,satisfied,0.09879976596116588,overall,checked_out_bounded
1189131,1910794,284,overall,,parent_pool,violated,satisfied,0.00014862931325930478,overall,checked_out_bounded
1189131,1910794,0,overall,,parent_pool,unknown,satisfied,0.0,overall,checked_out_bounded
1189131,1910794,643000,overall,0.5407310044057383,parent_pool,satisfied,violated,0.3365093254427217,overall,checked_out_bounded
1189131,1910794,546131,overall,0.4592689955942617,parent_pool,violated,violated,0.28581364605499077,overall,checked_out_bounded
1189131,1910794,0,overall,0.0,parent_pool,unknown,violated,0.0,overall,checked_out_bounded
1189131,1910794,14850,overall,,parent_pool,satisfied,unknown,0.0077716383869742105,overall,checked_out_bounded
1189131,1910794,5042,overall,,parent_pool,violated,unknown,0.0026386936530049814,overall,checked_out_bounded
1189131,1910794,512701,overall,,parent_pool,unknown,unknown,0.26831830118788313,overall,checked_out_bounded
178221,286620,28439,overall,,parent_pool,satisfied,satisfied,0.09922196636661783,test,checked_out_bounded
178221,286620,39,overall,,parent_pool,violated,satisfied,0.00013606866234038099,test,checked_out_bounded
178221,286620,0,overall,,parent_pool,unknown,satisfied,0.0,test,checked_out_bounded
178221,286620,96373,overall,0.5407499677366865,parent_pool,satisfied,violated,0.33623962040332145,test,checked_out_bounded
178221,286620,81848,overall,0.4592500322633135,parent_pool,violated,violated,0.28556276603167957,test,checked_out_bounded
178221,286620,0,overall,0.0,parent_pool,unknown,violated,0.0,test,checked_out_bounded
178221,286620,2196,overall,,parent_pool,satisfied,unknown,0.007661712371781453,test,checked_out_bounded
178221,286620,773,overall,,parent_pool,violated,unknown,0.0026969506663875515,test,checked_out_bounded
178221,286620,76952,overall,,parent_pool,unknown,unknown,0.26848091549787173,test,checked_out_bounded
832506,1337555,132162,overall,,parent_pool,satisfied,satisfied,0.09880864712105297,train,checked_out_bounded
832506,1337555,206,overall,,parent_pool,violated,satisfied,0.00015401235837031002,train,checked_out_bounded
832506,1337555,0,overall,,parent_pool,unknown,satisfied,0.0,train,checked_out_bounded
832506,1337555,450157,overall,0.5407252320103398,parent_pool,satisfied,violated,0.3365521417810856,train,checked_out_bounded
832506,1337555,382349,overall,0.45927476798966016,parent_pool,violated,violated,0.28585665636179447,train,checked_out_bounded
832506,1337555,0,overall,0.0,parent_pool,unknown,violated,0.0,train,checked_out_bounded
832506,1337555,10348,overall,,parent_pool,satisfied,unknown,0.007736504293281397,train,checked_out_bounded
832506,1337555,3474,overall,,parent_pool,violated,unknown,0.0025972763736818298,train,checked_out_bounded
832506,1337555,358859,overall,,parent_pool,unknown,unknown,0.2682947617107334,train,checked_out_bounded
178404,286619,28185,overall,,parent_pool,satisfied,satisfied,0.09833611868019915,val,checked_out_bounded
178404,286619,39,overall,,parent_pool,violated,satisfied,0.00013606913707744429,val,checked_out_bounded
178404,286619,0,overall,,parent_pool,unknown,satisfied,0.0,val,checked_out_bounded
178404,286619,96470,overall,0.5407389968834779,parent_pool,satisfied,violated,0.33657922189387307,val,checked_out_bounded
178404,286619,81934,overall,0.45926100311652207,parent_pool,violated,violated,0.2858638122385466,val,checked_out_bounded
178404,286619,0,overall,0.0,parent_pool,unknown,violated,0.0,val,checked_out_bounded
178404,286619,2306,overall,,parent_pool,satisfied,unknown,0.008045523848732987,val,checked_out_bounded
178404,286619,795,overall,,parent_pool,violated,unknown,0.00277371702504021,val,checked_out_bounded
178404,286619,76890,overall,,parent_pool,unknown,unknown,0.2682655371765305,val,checked_out_bounded
197201,201225,1907,conflictWith,,parent_pool,satisfied,satisfied,0.009476953658839608,overall,checked_out_bounded
197201,201225,87,conflictWith,,parent_pool,violated,satisfied,0.00043235184494968317,overall,checked_out_bounded
197201,201225,0,conflictWith,,parent_pool,unknown,satisfied,0.0,overall,checked_out_bounded
197201,201225,110847,conflictWith,0.5621016120607908,parent_pool,satisfied,violated,0.5508609765188223,overall,checked_out_bounded
197201,201225,86354,conflictWith,0.4378983879392092,parent_pool,violated,violated,0.4291415082618959,overall,checked_out_bounded
197201,201225,0,conflictWith,0.0,parent_pool,unknown,violated,0.0,overall,checked_out_bounded
197201,201225,0,conflictWith,,parent_pool,satisfied,unknown,0.0,overall,checked_out_bounded
197201,201225,0,conflictWith,,parent_pool,violated,unknown,0.0,overall,checked_out_bounded
197201,201225,2030,conflictWith,,parent_pool,unknown,unknown,0.010088209715492609,overall,checked_out_bounded
456316,456409,47,distinct,,parent_pool,satisfied,satisfied,0.00010297781156813297,overall,checked_out_bounded
456316,456409,0,distinct,,parent_pool,violated,satisfied,0.0,overall,checked_out_bounded
456316,456409,0,distinct,,parent_pool,unknown,satisfied,0.0,overall,checked_out_bounded
456316,456409,264436,distinct,0.5795019241052253,parent_pool,satisfied,violated,0.5793838421240598,overall,checked_out_bounded
456316,456409,191880,distinct,0.42049807589477467,parent_pool,violated,violated,0.42041239327007135,overall,checked_out_bounded
456316,456409,0,distinct,0.0,parent_pool,unknown,violated,0.0,overall,checked_out_bounded
456316,456409,46,distinct,,parent_pool,satisfied,unknown,0.00010078679430072588,overall,checked_out_bounded
456316,456409,0,distinct,,parent_pool,violated,unknown,0.0,overall,checked_out_bounded
456316,456409,0,distinct,,parent_pool,unknown,unknown,0.0,overall,checked_out_bounded
139924,140349,425,inverse,,parent_pool,satisfied,satisfied,0.0030281655017135854,overall,checked_out_bounded
139924,140349,0,inverse,,parent_pool,violated,satisfied,0.0,overall,checked_out_bounded
139924,140349,0,inverse,,parent_pool,unknown,satisfied,0.0,overall,checked_out_bounded
139924,140349,15194,inverse,0.10858751893885252,parent_pool,satisfied,violated,0.10825869796008522,overall,checked_out_bounded
139924,140349,124730,inverse,0.8914124810611475,parent_pool,violated,violated,0.8887131365382012,overall,checked_out_bounded
139924,140349,0,inverse,0.0,parent_pool,unknown,violated,0.0,overall,checked_out_bounded
139924,140349,0,inverse,,parent_pool,satisfied,unknown,0.0,overall,checked_out_bounded
139924,140349,0,inverse,,parent_pool,violated,unknown,0.0,overall,checked_out_bounded
139924,140349,0,inverse,,parent_pool,unknown,unknown,0.0,overall,checked_out_bounded
17244,200000,35266,itemRequiresStatement,,parent_pool,satisfied,satisfied,0.17633,overall,checked_out_bounded
17244,200000,0,itemRequiresStatement,,parent_pool,violated,satisfied,0.0,overall,checked_out_bounded
17244,200000,0,itemRequiresStatement,,parent_pool,unknown,satisfied,0.0,overall,checked_out_bounded
17244,200000,16994,itemRequiresStatement,0.9855022036650429,parent_pool,satisfied,violated,0.08497,overall,checked_out_bounded
17244,200000,250,itemRequiresStatement,0.014497796334957087,parent_pool,violated,violated,0.00125,overall,checked_out_bounded
17244,200000,0,itemRequiresStatement,0.0,parent_pool,unknown,violated,0.0,overall,checked_out_bounded
17244,200000,2428,itemRequiresStatement,,parent_pool,satisfied,unknown,0.01214,overall,checked_out_bounded
17244,200000,0,itemRequiresStatement,,parent_pool,violated,unknown,0.0,overall,checked_out_bounded
17244,200000,145062,itemRequiresStatement,,parent_pool,unknown,unknown,0.72531,overall,checked_out_bounded
13709,13709,0,oneOf,,parent_pool,satisfied,satisfied,0.0,overall,checked_out_bounded
13709,13709,0,oneOf,,parent_pool,violated,satisfied,0.0,overall,checked_out_bounded
13709,13709,0,oneOf,,parent_pool,unknown,satisfied,0.0,overall,checked_out_bounded
13709,13709,13709,oneOf,1.0,parent_pool,satisfied,violated,1.0,overall,checked_out_bounded
13709,13709,0,oneOf,0.0,parent_pool,violated,violated,0.0,overall,checked_out_bounded
13709,13709,0,oneOf,0.0,parent_pool,unknown,violated,0.0,overall,checked_out_bounded
13709,13709,0,oneOf,,parent_pool,satisfied,unknown,0.0,overall,checked_out_bounded
13709,13709,0,oneOf,,parent_pool,violated,unknown,0.0,overall,checked_out_bounded
13709,13709,0,oneOf,,parent_pool,unknown,unknown,0.0,overall,checked_out_bounded
219473,239446,19776,single,,parent_pool,satisfied,satisfied,0.08259064674289819,overall,checked_out_bounded
219473,239446,197,single,,parent_pool,violated,satisfied,0.0008227324741277783,overall,checked_out_bounded
219473,239446,0,single,,parent_pool,unknown,satisfied,0.0,overall,checked_out_bounded
219473,239446,132246,single,0.6025615907195874,parent_pool,satisfied,violated,0.5522998922512801,overall,checked_out_bounded
219473,239446,87227,single,0.39743840928041263,parent_pool,violated,violated,0.36428672853169397,overall,checked_out_bounded
219473,239446,0,single,0.0,parent_pool,unknown,violated,0.0,overall,checked_out_bounded
219473,239446,0,single,,parent_pool,satisfied,unknown,0.0,overall,checked_out_bounded
219473,239446,0,single,,parent_pool,violated,unknown,0.0,overall,checked_out_bounded
219473,239446,0,single,,parent_pool,unknown,unknown,0.0,overall,checked_out_bounded
59611,59652,41,symmetric,,parent_pool,satisfied,satisfied,0.0006873197881043384,overall,checked_out_bounded
59611,59652,0,symmetric,,parent_pool,violated,satisfied,0.0,overall,checked_out_bounded
59611,59652,0,symmetric,,parent_pool,unknown,satisfied,0.0,overall,checked_out_bounded
59611,59652,59611,symmetric,1.0,parent_pool,satisfied,violated,0.9993126802118957,overall,checked_out_bounded
59611,59652,0,symmetric,0.0,parent_pool,violated,violated,0.0,overall,checked_out_bounded
59611,59652,0,symmetric,0.0,parent_pool,unknown,violated,0.0,overall,checked_out_bounded
59611,59652,0,symmetric,,parent_pool,satisfied,unknown,0.0,overall,checked_out_bounded
59611,59652,0,symmetric,,parent_pool,violated,unknown,0.0,overall,checked_out_bounded
59611,59652,0,symmetric,,parent_pool,unknown,unknown,0.0,overall,checked_out_bounded
4456,200002,24813,type,,parent_pool,satisfied,satisfied,0.12406375936240638,overall,checked_out_bounded
4456,200002,0,type,,parent_pool,violated,satisfied,0.0,overall,checked_out_bounded
4456,200002,0,type,,parent_pool,unknown,satisfied,0.0,overall,checked_out_bounded
4456,200002,1806,type,0.40529622980251345,parent_pool,satisfied,violated,0.009029909700902991,overall,checked_out_bounded
4456,200002,2650,type,0.5947037701974865,parent_pool,violated,violated,0.013249867501324987,overall,checked_out_bounded
4456,200002,0,type,0.0,parent_pool,unknown,violated,0.0,overall,checked_out_bounded
4456,200002,7697,type,,parent_pool,satisfied,unknown,0.03848461515384846,overall,checked_out_bounded
4456,200002,4849,type,,parent_pool,violated,unknown,0.024244757552424476,overall,checked_out_bounded
4456,200002,158187,type,,parent_pool,unknown,unknown,0.7909270907290927,overall,checked_out_bounded
24271,200001,92600,valueRequiresStatement,,parent_pool,satisfied,satisfied,0.46299768501157496,overall,checked_out_bounded
24271,200001,0,valueRequiresStatement,,parent_pool,violated,satisfied,0.0,overall,checked_out_bounded
24271,200001,0,valueRequiresStatement,,parent_pool,unknown,satisfied,0.0,overall,checked_out_bounded
24271,200001,24271,valueRequiresStatement,1.0,parent_pool,satisfied,violated,0.12135439322803386,overall,checked_out_bounded
24271,200001,0,valueRequiresStatement,0.0,parent_pool,violated,violated,0.0,overall,checked_out_bounded
24271,200001,0,valueRequiresStatement,0.0,parent_pool,unknown,violated,0.0,overall,checked_out_bounded
24271,200001,3621,valueRequiresStatement,,parent_pool,satisfied,unknown,0.018104909475452624,overall,checked_out_bounded
24271,200001,0,valueRequiresStatement,,parent_pool,violated,unknown,0.0,overall,checked_out_bounded
24271,200001,79509,valueRequiresStatement,,parent_pool,unknown,unknown,0.3975430122849386,overall,checked_out_bounded
56926,200001,13911,valueType,,parent_pool,satisfied,satisfied,0.06955465222673887,overall,checked_out_bounded
56926,200001,0,valueType,,parent_pool,violated,satisfied,0.0,overall,checked_out_bounded
56926,200001,0,valueType,,parent_pool,unknown,satisfied,0.0,overall,checked_out_bounded
56926,200001,3886,valueType,0.06826406211572919,parent_pool,satisfied,violated,0.019429902850485747,overall,checked_out_bounded
56926,200001,53040,valueType,0.9317359378842708,parent_pool,violated,violated,0.26519867400662994,overall,checked_out_bounded
56926,200001,0,valueType,0.0,parent_pool,unknown,violated,0.0,overall,checked_out_bounded
56926,200001,1058,valueType,,parent_pool,satisfied,unknown,0.0052899735501322495,overall,checked_out_bounded
56926,200001,193,valueType,,parent_pool,violated,unknown,0.0009649951750241249,overall,checked_out_bounded
56926,200001,127913,valueType,,parent_pool,unknown,unknown,0.639561802190989,overall,checked_out_bounded
29600,30184,272,conflictWith,,parent_pool,satisfied,satisfied,0.009011396766498807,test,checked_out_bounded
29600,30184,13,conflictWith,,parent_pool,violated,satisfied,0.00043069175722236947,test,checked_out_bounded
29600,30184,0,conflictWith,,parent_pool,unknown,satisfied,0.0,test,checked_out_bounded
29600,30184,16797,conflictWith,0.5674662162162162,parent_pool,satisfied,violated,0.5564868804664723,test,checked_out_bounded
29600,30184,12803,conflictWith,0.43253378378378377,parent_pool,violated,violated,0.42416512059369205,test,checked_out_bounded
29600,30184,0,conflictWith,0.0,parent_pool,unknown,violated,0.0,test,checked_out_bounded
29600,30184,0,conflictWith,,parent_pool,satisfied,unknown,0.0,test,checked_out_bounded
29600,30184,0,conflictWith,,parent_pool,violated,unknown,0.0,test,checked_out_bounded
29600,30184,299,conflictWith,,parent_pool,unknown,unknown,0.009905910416114497,test,checked_out_bounded
68446,68462,9,distinct,,parent_pool,satisfied,satisfied,0.00013145978791154217,test,checked_out_bounded
68446,68462,0,distinct,,parent_pool,violated,satisfied,0.0,test,checked_out_bounded
68446,68462,0,distinct,,parent_pool,unknown,satisfied,0.0,test,checked_out_bounded
68446,68462,39604,distinct,0.5786167197498758,parent_pool,satisfied,violated,0.5784814933831907,test,checked_out_bounded
68446,68462,28842,distinct,0.42138328025012417,parent_pool,violated,violated,0.4212848003271888,test,checked_out_bounded
68446,68462,0,distinct,0.0,parent_pool,unknown,violated,0.0,test,checked_out_bounded
68446,68462,7,distinct,,parent_pool,satisfied,unknown,0.00010224650170897724,test,checked_out_bounded
68446,68462,0,distinct,,parent_pool,violated,unknown,0.0,test,checked_out_bounded
68446,68462,0,distinct,,parent_pool,unknown,unknown,0.0,test,checked_out_bounded
21043,21109,66,inverse,,parent_pool,satisfied,satisfied,0.003126628452318916,test,checked_out_bounded
21043,21109,0,inverse,,parent_pool,violated,satisfied,0.0,test,checked_out_bounded
21043,21109,0,inverse,,parent_pool,unknown,satisfied,0.0,test,checked_out_bounded
21043,21109,2242,inverse,0.10654374376277147,parent_pool,satisfied,violated,0.10621062106210621,test,checked_out_bounded
21043,21109,18801,inverse,0.8934562562372286,parent_pool,violated,violated,0.8906627504855749,test,checked_out_bounded
21043,21109,0,inverse,0.0,parent_pool,unknown,violated,0.0,test,checked_out_bounded
21043,21109,0,inverse,,parent_pool,satisfied,unknown,0.0,test,checked_out_bounded
21043,21109,0,inverse,,parent_pool,violated,unknown,0.0,test,checked_out_bounded
21043,21109,0,inverse,,parent_pool,unknown,unknown,0.0,test,checked_out_bounded
2570,29999,5245,itemRequiresStatement,,parent_pool,satisfied,satisfied,0.17483916130537686,test,checked_out_bounded
2570,29999,0,itemRequiresStatement,,parent_pool,violated,satisfied,0.0,test,checked_out_bounded
2570,29999,0,itemRequiresStatement,,parent_pool,unknown,satisfied,0.0,test,checked_out_bounded
2570,29999,2533,itemRequiresStatement,0.985603112840467,parent_pool,satisfied,violated,0.08443614787159572,test,checked_out_bounded
2570,29999,37,itemRequiresStatement,0.014396887159533073,parent_pool,violated,violated,0.0012333744458148605,test,checked_out_bounded
2570,29999,0,itemRequiresStatement,0.0,parent_pool,unknown,violated,0.0,test,checked_out_bounded
2570,29999,377,itemRequiresStatement,,parent_pool,satisfied,unknown,0.012567085569518984,test,checked_out_bounded
2570,29999,0,itemRequiresStatement,,parent_pool,violated,unknown,0.0,test,checked_out_bounded
2570,29999,21807,itemRequiresStatement,,parent_pool,unknown,unknown,0.7269242308076936,test,checked_out_bounded
2056,2056,0,oneOf,,parent_pool,satisfied,satisfied,0.0,test,checked_out_bounded
2056,2056,0,oneOf,,parent_pool,violated,satisfied,0.0,test,checked_out_bounded
2056,2056,0,oneOf,,parent_pool,unknown,satisfied,0.0,test,checked_out_bounded
2056,2056,2056,oneOf,1.0,parent_pool,satisfied,violated,1.0,test,checked_out_bounded
2056,2056,0,oneOf,0.0,parent_pool,violated,violated,0.0,test,checked_out_bounded
2056,2056,0,oneOf,0.0,parent_pool,unknown,violated,0.0,test,checked_out_bounded
2056,2056,0,oneOf,,parent_pool,satisfied,unknown,0.0,test,checked_out_bounded
2056,2056,0,oneOf,,parent_pool,violated,unknown,0.0,test,checked_out_bounded
2056,2056,0,oneOf,,parent_pool,unknown,unknown,0.0,test,checked_out_bounded
32868,35917,3023,single,,parent_pool,satisfied,satisfied,0.08416627223877272,test,checked_out_bounded
32868,35917,26,single,,parent_pool,violated,satisfied,0.0007238911935852103,test,checked_out_bounded
32868,35917,0,single,,parent_pool,unknown,satisfied,0.0,test,checked_out_bounded
32868,35917,19818,single,0.6029572836801752,parent_pool,satisfied,violated,0.5517721413258345,test,checked_out_bounded
32868,35917,13050,single,0.39704271631982474,parent_pool,violated,violated,0.3633376952418075,test,checked_out_bounded
32868,35917,0,single,0.0,parent_pool,unknown,violated,0.0,test,checked_out_bounded
32868,35917,0,single,,parent_pool,satisfied,unknown,0.0,test,checked_out_bounded
32868,35917,0,single,,parent_pool,violated,unknown,0.0,test,checked_out_bounded
32868,35917,0,single,,parent_pool,unknown,unknown,0.0,test,checked_out_bounded
8884,8891,7,symmetric,,parent_pool,satisfied,satisfied,0.0007873130131593746,test,checked_out_bounded
8884,8891,0,symmetric,,parent_pool,violated,satisfied,0.0,test,checked_out_bounded
8884,8891,0,symmetric,,parent_pool,unknown,satisfied,0.0,test,checked_out_bounded
8884,8891,8884,symmetric,1.0,parent_pool,satisfied,violated,0.9992126869868406,test,checked_out_bounded
8884,8891,0,symmetric,0.0,parent_pool,violated,violated,0.0,test,checked_out_bounded
8884,8891,0,symmetric,0.0,parent_pool,unknown,violated,0.0,test,checked_out_bounded
8884,8891,0,symmetric,,parent_pool,satisfied,unknown,0.0,test,checked_out_bounded
8884,8891,0,symmetric,,parent_pool,violated,unknown,0.0,test,checked_out_bounded
8884,8891,0,symmetric,,parent_pool,unknown,unknown,0.0,test,checked_out_bounded
694,30001,3712,type,,parent_pool,satisfied,satisfied,0.12372920902636579,test,checked_out_bounded
694,30001,0,type,,parent_pool,violated,satisfied,0.0,test,checked_out_bounded
694,30001,0,type,,parent_pool,unknown,satisfied,0.0,test,checked_out_bounded
694,30001,281,type,0.4048991354466859,parent_pool,satisfied,violated,0.009366354454851506,test,checked_out_bounded
694,30001,413,type,0.5951008645533141,parent_pool,violated,violated,0.013766207793073564,test,checked_out_bounded
694,30001,0,type,0.0,parent_pool,unknown,violated,0.0,test,checked_out_bounded
694,30001,1135,type,,parent_pool,satisfied,unknown,0.03783207226425786,test,checked_out_bounded
694,30001,743,type,,parent_pool,violated,unknown,0.024765841138628713,test,checked_out_bounded
694,30001,23717,type,,parent_pool,unknown,unknown,0.7905403153228225,test,checked_out_bounded
3619,30001,14022,valueRequiresStatement,,parent_pool,satisfied,satisfied,0.467384420519316,test,checked_out_bounded
3619,30001,0,valueRequiresStatement,,parent_pool,violated,satisfied,0.0,test,checked_out_bounded
3619,30001,0,valueRequiresStatement,,parent_pool,unknown,satisfied,0.0,test,checked_out_bounded
3619,30001,3619,valueRequiresStatement,1.0,parent_pool,satisfied,violated,0.12062931235625479,test,checked_out_bounded
3619,30001,0,valueRequiresStatement,0.0,parent_pool,violated,violated,0.0,test,checked_out_bounded
3619,30001,0,valueRequiresStatement,0.0,parent_pool,unknown,violated,0.0,test,checked_out_bounded
3619,30001,515,valueRequiresStatement,,parent_pool,satisfied,unknown,0.017166094463517884,test,checked_out_bounded
3619,30001,0,valueRequiresStatement,,parent_pool,violated,unknown,0.0,test,checked_out_bounded
3619,30001,11845,valueRequiresStatement,,parent_pool,unknown,unknown,0.3948201726609113,test,checked_out_bounded
8441,30000,2083,valueType,,parent_pool,satisfied,satisfied,0.06943333333333333,test,checked_out_bounded
8441,30000,0,valueType,,parent_pool,violated,satisfied,0.0,test,checked_out_bounded
8441,30000,0,valueType,,parent_pool,unknown,satisfied,0.0,test,checked_out_bounded
8441,30000,539,valueType,0.06385499348418434,parent_pool,satisfied,violated,0.017966666666666666,test,checked_out_bounded
8441,30000,7902,valueType,0.9361450065158157,parent_pool,violated,violated,0.2634,test,checked_out_bounded
8441,30000,0,valueType,0.0,parent_pool,unknown,violated,0.0,test,checked_out_bounded
8441,30000,162,valueType,,parent_pool,satisfied,unknown,0.0054,test,checked_out_bounded
8441,30000,30,valueType,,parent_pool,violated,unknown,0.001,test,checked_out_bounded
8441,30000,19284,valueType,,parent_pool,unknown,unknown,0.6428,test,checked_out_bounded
138008,140857,1343,conflictWith,,parent_pool,satisfied,satisfied,0.009534492428491307,train,checked_out_bounded
138008,140857,65,conflictWith,,parent_pool,violated,satisfied,0.00046146091426056213,train,checked_out_bounded
138008,140857,0,conflictWith,,parent_pool,unknown,satisfied,0.0,train,checked_out_bounded
138008,140857,77322,conflictWith,0.56027186829749,parent_pool,satisfied,violated,0.5489397048070028,train,checked_out_bounded
138008,140857,60686,conflictWith,0.43972813170251,parent_pool,violated,violated,0.43083410835102265,train,checked_out_bounded
138008,140857,0,conflictWith,0.0,parent_pool,unknown,violated,0.0,train,checked_out_bounded
138008,140857,0,conflictWith,,parent_pool,satisfied,unknown,0.0,train,checked_out_bounded
138008,140857,0,conflictWith,,parent_pool,violated,unknown,0.0,train,checked_out_bounded
138008,140857,1441,conflictWith,,parent_pool,unknown,unknown,0.010230233499222616,train,checked_out_bounded
319419,319486,35,distinct,,parent_pool,satisfied,satisfied,0.00010955096623952224,train,checked_out_bounded
319419,319486,0,distinct,,parent_pool,violated,satisfied,0.0,train,checked_out_bounded
319419,319486,0,distinct,,parent_pool,unknown,satisfied,0.0,train,checked_out_bounded
319419,319486,185308,distinct,0.5801408181729953,parent_pool,satisfied,violated,0.5800191557689539,train,checked_out_bounded
319419,319486,134111,distinct,0.41985918182700466,parent_pool,violated,violated,0.4197711323813876,train,checked_out_bounded
319419,319486,0,distinct,0.0,parent_pool,unknown,violated,0.0,train,checked_out_bounded
319419,319486,32,distinct,,parent_pool,satisfied,unknown,0.00010016088341899176,train,checked_out_bounded
319419,319486,0,distinct,,parent_pool,violated,unknown,0.0,train,checked_out_bounded
319419,319486,0,distinct,,parent_pool,unknown,unknown,0.0,train,checked_out_bounded
97918,98225,307,inverse,,parent_pool,satisfied,satisfied,0.003125477220666836,train,checked_out_bounded
97918,98225,0,inverse,,parent_pool,violated,satisfied,0.0,train,checked_out_bounded
97918,98225,0,inverse,,parent_pool,unknown,satisfied,0.0,train,checked_out_bounded
97918,98225,10729,inverse,0.1095712739230785,parent_pool,satisfied,violated,0.10922881140239246,train,checked_out_bounded
97918,98225,87189,inverse,0.8904287260769215,parent_pool,violated,violated,0.8876457113769407,train,checked_out_bounded
97918,98225,0,inverse,0.0,parent_pool,unknown,violated,0.0,train,checked_out_bounded
97918,98225,0,inverse,,parent_pool,satisfied,unknown,0.0,train,checked_out_bounded
97918,98225,0,inverse,,parent_pool,violated,unknown,0.0,train,checked_out_bounded
97918,98225,0,inverse,,parent_pool,unknown,unknown,0.0,train,checked_out_bounded
12143,140001,24763,itemRequiresStatement,,parent_pool,satisfied,satisfied,0.17687730801922844,train,checked_out_bounded
12143,140001,0,itemRequiresStatement,,parent_pool,violated,satisfied,0.0,train,checked_out_bounded
12143,140001,0,itemRequiresStatement,,parent_pool,unknown,satisfied,0.0,train,checked_out_bounded
12143,140001,11969,itemRequiresStatement,0.9856707568146257,parent_pool,satisfied,violated,0.08549224648395369,train,checked_out_bounded
12143,140001,174,itemRequiresStatement,0.014329243185374289,parent_pool,violated,violated,0.0012428482653695332,train,checked_out_bounded
12143,140001,0,itemRequiresStatement,0.0,parent_pool,unknown,violated,0.0,train,checked_out_bounded
12143,140001,1675,itemRequiresStatement,,parent_pool,satisfied,unknown,0.01196420025571246,train,checked_out_bounded
12143,140001,0,itemRequiresStatement,,parent_pool,violated,unknown,0.0,train,checked_out_bounded
12143,140001,101420,itemRequiresStatement,,parent_pool,unknown,unknown,0.7244233969757359,train,checked_out_bounded
9596,9596,0,oneOf,,parent_pool,satisfied,satisfied,0.0,train,checked_out_bounded
9596,9596,0,oneOf,,parent_pool,violated,satisfied,0.0,train,checked_out_bounded
9596,9596,0,oneOf,,parent_pool,unknown,satisfied,0.0,train,checked_out_bounded
9596,9596,9596,oneOf,1.0,parent_pool,satisfied,violated,1.0,train,checked_out_bounded
9596,9596,0,oneOf,0.0,parent_pool,violated,violated,0.0,train,checked_out_bounded
9596,9596,0,oneOf,0.0,parent_pool,unknown,violated,0.0,train,checked_out_bounded
9596,9596,0,oneOf,,parent_pool,satisfied,unknown,0.0,train,checked_out_bounded
9596,9596,0,oneOf,,parent_pool,violated,unknown,0.0,train,checked_out_bounded
9596,9596,0,oneOf,,parent_pool,unknown,unknown,0.0,train,checked_out_bounded
153633,167612,13838,single,,parent_pool,satisfied,satisfied,0.08255972126100757,train,checked_out_bounded
153633,167612,141,single,,parent_pool,violated,satisfied,0.0008412285516550128,train,checked_out_bounded
153633,167612,0,single,,parent_pool,unknown,satisfied,0.0,train,checked_out_bounded
153633,167612,92445,single,0.6017261916385152,parent_pool,satisfied,violated,0.5515416557287067,train,checked_out_bounded
153633,167612,61188,single,0.39827380836148485,parent_pool,violated,violated,0.36505739445863067,train,checked_out_bounded
153633,167612,0,single,0.0,parent_pool,unknown,violated,0.0,train,checked_out_bounded
153633,167612,0,single,,parent_pool,satisfied,unknown,0.0,train,checked_out_bounded
153633,167612,0,single,,parent_pool,violated,unknown,0.0,train,checked_out_bounded
153633,167612,0,single,,parent_pool,unknown,unknown,0.0,train,checked_out_bounded
41745,41776,31,symmetric,,parent_pool,satisfied,satisfied,0.000742052853312907,train,checked_out_bounded
41745,41776,0,symmetric,,parent_pool,violated,satisfied,0.0,train,checked_out_bounded
41745,41776,0,symmetric,,parent_pool,unknown,satisfied,0.0,train,checked_out_bounded
41745,41776,41745,symmetric,1.0,parent_pool,satisfied,violated,0.9992579471466871,train,checked_out_bounded
41745,41776,0,symmetric,0.0,parent_pool,violated,violated,0.0,train,checked_out_bounded
41745,41776,0,symmetric,0.0,parent_pool,unknown,violated,0.0,train,checked_out_bounded
41745,41776,0,symmetric,,parent_pool,satisfied,unknown,0.0,train,checked_out_bounded
41745,41776,0,symmetric,,parent_pool,violated,unknown,0.0,train,checked_out_bounded
41745,41776,0,symmetric,,parent_pool,unknown,unknown,0.0,train,checked_out_bounded
3116,140001,17278,type,,parent_pool,satisfied,satisfied,0.12341340418997007,train,checked_out_bounded
3116,140001,0,type,,parent_pool,violated,satisfied,0.0,train,checked_out_bounded
3116,140001,0,type,,parent_pool,unknown,satisfied,0.0,train,checked_out_bounded
3116,140001,1261,type,0.4046854942233633,parent_pool,satisfied,violated,0.009007078520867708,train,checked_out_bounded
3116,140001,1855,type,0.5953145057766367,parent_pool,violated,violated,0.013249905357818873,train,checked_out_bounded
3116,140001,0,type,0.0,parent_pool,unknown,violated,0.0,train,checked_out_bounded
3116,140001,5390,type,,parent_pool,satisfied,unknown,0.038499725001964274,train,checked_out_bounded
3116,140001,3347,type,,parent_pool,violated,unknown,0.023906972093056478,train,checked_out_bounded
3116,140001,110870,type,,parent_pool,unknown,unknown,0.7919229148363226,train,checked_out_bounded
17025,140000,64848,valueRequiresStatement,,parent_pool,satisfied,satisfied,0.4632,train,checked_out_bounded
17025,140000,0,valueRequiresStatement,,parent_pool,violated,satisfied,0.0,train,checked_out_bounded
17025,140000,0,valueRequiresStatement,,parent_pool,unknown,satisfied,0.0,train,checked_out_bounded
17025,140000,17025,valueRequiresStatement,1.0,parent_pool,satisfied,violated,0.12160714285714286,train,checked_out_bounded
17025,140000,0,valueRequiresStatement,0.0,parent_pool,violated,violated,0.0,train,checked_out_bounded
17025,140000,0,valueRequiresStatement,0.0,parent_pool,unknown,violated,0.0,train,checked_out_bounded
17025,140000,2524,valueRequiresStatement,,parent_pool,satisfied,unknown,0.01802857142857143,train,checked_out_bounded
17025,140000,0,valueRequiresStatement,,parent_pool,violated,unknown,0.0,train,checked_out_bounded
17025,140000,55603,valueRequiresStatement,,parent_pool,unknown,unknown,0.3971642857142857,train,checked_out_bounded
39903,140001,9719,valueType,,parent_pool,satisfied,satisfied,0.06942093270762352,train,checked_out_bounded
39903,140001,0,valueType,,parent_pool,violated,satisfied,0.0,train,checked_out_bounded
39903,140001,0,valueType,,parent_pool,unknown,satisfied,0.0,train,checked_out_bounded
39903,140001,2757,valueType,0.0690925494323735,parent_pool,satisfied,violated,0.01969271648059657,train,checked_out_bounded
39903,140001,37146,valueType,0.9309074505676265,parent_pool,violated,violated,0.26532667623802686,train,checked_out_bounded
39903,140001,0,valueType,0.0,parent_pool,unknown,violated,0.0,train,checked_out_bounded
39903,140001,727,valueType,,parent_pool,satisfied,unknown,0.005192820051285348,train,checked_out_bounded
39903,140001,127,valueType,,parent_pool,violated,unknown,0.0009071363775973028,train,checked_out_bounded
39903,140001,89525,valueType,,parent_pool,unknown,unknown,0.6394597181448703,train,checked_out_bounded
29593,30184,292,conflictWith,,parent_pool,satisfied,satisfied,0.009673999469917838,val,checked_out_bounded
29593,30184,9,conflictWith,,parent_pool,violated,satisfied,0.00029817121653856346,val,checked_out_bounded
29593,30184,0,conflictWith,,parent_pool,unknown,satisfied,0.0,val,checked_out_bounded
29593,30184,16728,conflictWith,0.5652688135707769,parent_pool,satisfied,violated,0.5542009011396767,val,checked_out_bounded
29593,30184,12865,conflictWith,0.43473118642922315,parent_pool,violated,violated,0.426219188974291,val,checked_out_bounded
29593,30184,0,conflictWith,0.0,parent_pool,unknown,violated,0.0,val,checked_out_bounded
29593,30184,0,conflictWith,,parent_pool,satisfied,unknown,0.0,val,checked_out_bounded
29593,30184,0,conflictWith,,parent_pool,violated,unknown,0.0,val,checked_out_bounded
29593,30184,290,conflictWith,,parent_pool,unknown,unknown,0.009607739199575934,val,checked_out_bounded
68451,68461,3,distinct,,parent_pool,satisfied,satisfied,4.382056937526475e-05,val,checked_out_bounded
68451,68461,0,distinct,,parent_pool,violated,satisfied,0.0,val,checked_out_bounded
68451,68461,0,distinct,,parent_pool,unknown,satisfied,0.0,val,checked_out_bounded
68451,68461,39524,distinct,0.5774057354896203,parent_pool,satisfied,violated,0.5773213946626546,val,checked_out_bounded
68451,68461,28927,distinct,0.4225942645103797,parent_pool,violated,violated,0.42253253677276115,val,checked_out_bounded
68451,68461,0,distinct,0.0,parent_pool,unknown,violated,0.0,val,checked_out_bounded
68451,68461,7,distinct,,parent_pool,satisfied,unknown,0.00010224799520895108,val,checked_out_bounded
68451,68461,0,distinct,,parent_pool,violated,unknown,0.0,val,checked_out_bounded
68451,68461,0,distinct,,parent_pool,unknown,unknown,0.0,val,checked_out_bounded
20963,21015,52,inverse,,parent_pool,satisfied,satisfied,0.0024744230311682133,val,checked_out_bounded
20963,21015,0,inverse,,parent_pool,violated,satisfied,0.0,val,checked_out_bounded
20963,21015,0,inverse,,parent_pool,unknown,satisfied,0.0,val,checked_out_bounded
20963,21015,2223,inverse,0.10604398225444832,parent_pool,satisfied,violated,0.10578158458244111,val,checked_out_bounded
20963,21015,18740,inverse,0.8939560177455517,parent_pool,violated,violated,0.8917439923863907,val,checked_out_bounded
20963,21015,0,inverse,0.0,parent_pool,unknown,violated,0.0,val,checked_out_bounded
20963,21015,0,inverse,,parent_pool,satisfied,unknown,0.0,val,checked_out_bounded
20963,21015,0,inverse,,parent_pool,violated,unknown,0.0,val,checked_out_bounded
20963,21015,0,inverse,,parent_pool,unknown,unknown,0.0,val,checked_out_bounded
2531,30000,5258,itemRequiresStatement,,parent_pool,satisfied,satisfied,0.17526666666666665,val,checked_out_bounded
2531,30000,0,itemRequiresStatement,,parent_pool,violated,satisfied,0.0,val,checked_out_bounded
2531,30000,0,itemRequiresStatement,,parent_pool,unknown,satisfied,0.0,val,checked_out_bounded
2531,30000,2492,itemRequiresStatement,0.9845910707230344,parent_pool,satisfied,violated,0.08306666666666666,val,checked_out_bounded
2531,30000,39,itemRequiresStatement,0.015408929276965626,parent_pool,violated,violated,0.0013,val,checked_out_bounded
2531,30000,0,itemRequiresStatement,0.0,parent_pool,unknown,violated,0.0,val,checked_out_bounded
2531,30000,376,itemRequiresStatement,,parent_pool,satisfied,unknown,0.012533333333333334,val,checked_out_bounded
2531,30000,0,itemRequiresStatement,,parent_pool,violated,unknown,0.0,val,checked_out_bounded
2531,30000,21835,itemRequiresStatement,,parent_pool,unknown,unknown,0.7278333333333333,val,checked_out_bounded
2057,2057,0,oneOf,,parent_pool,satisfied,satisfied,0.0,val,checked_out_bounded
2057,2057,0,oneOf,,parent_pool,violated,satisfied,0.0,val,checked_out_bounded
2057,2057,0,oneOf,,parent_pool,unknown,satisfied,0.0,val,checked_out_bounded
2057,2057,2057,oneOf,1.0,parent_pool,satisfied,violated,1.0,val,checked_out_bounded
2057,2057,0,oneOf,0.0,parent_pool,violated,violated,0.0,val,checked_out_bounded
2057,2057,0,oneOf,0.0,parent_pool,unknown,violated,0.0,val,checked_out_bounded
2057,2057,0,oneOf,,parent_pool,satisfied,unknown,0.0,val,checked_out_bounded
2057,2057,0,oneOf,,parent_pool,violated,unknown,0.0,val,checked_out_bounded
2057,2057,0,oneOf,,parent_pool,unknown,unknown,0.0,val,checked_out_bounded
32972,35917,2915,single,,parent_pool,satisfied,satisfied,0.0811593395884957,val,checked_out_bounded
32972,35917,30,single,,parent_pool,violated,satisfied,0.0008352590695213965,val,checked_out_bounded
32972,35917,0,single,,parent_pool,unknown,satisfied,0.0,val,checked_out_bounded
32972,35917,19983,single,0.6060596870071576,parent_pool,satisfied,violated,0.5563660662082023,val,checked_out_bounded
32972,35917,12989,single,0.39394031299284243,parent_pool,violated,violated,0.36163933513378066,val,checked_out_bounded
32972,35917,0,single,0.0,parent_pool,unknown,violated,0.0,val,checked_out_bounded
32972,35917,0,single,,parent_pool,satisfied,unknown,0.0,val,checked_out_bounded
32972,35917,0,single,,parent_pool,violated,unknown,0.0,val,checked_out_bounded
32972,35917,0,single,,parent_pool,unknown,unknown,0.0,val,checked_out_bounded
8982,8985,3,symmetric,,parent_pool,satisfied,satisfied,0.000333889816360601,val,checked_out_bounded
8982,8985,0,symmetric,,parent_pool,violated,satisfied,0.0,val,checked_out_bounded
8982,8985,0,symmetric,,parent_pool,unknown,satisfied,0.0,val,checked_out_bounded
8982,8985,8982,symmetric,1.0,parent_pool,satisfied,violated,0.9996661101836394,val,checked_out_bounded
8982,8985,0,symmetric,0.0,parent_pool,violated,violated,0.0,val,checked_out_bounded
8982,8985,0,symmetric,0.0,parent_pool,unknown,violated,0.0,val,checked_out_bounded
8982,8985,0,symmetric,,parent_pool,satisfied,unknown,0.0,val,checked_out_bounded
8982,8985,0,symmetric,,parent_pool,violated,unknown,0.0,val,checked_out_bounded
8982,8985,0,symmetric,,parent_pool,unknown,unknown,0.0,val,checked_out_bounded
646,30000,3823,type,,parent_pool,satisfied,satisfied,0.12743333333333334,val,checked_out_bounded
646,30000,0,type,,parent_pool,violated,satisfied,0.0,val,checked_out_bounded
646,30000,0,type,,parent_pool,unknown,satisfied,0.0,val,checked_out_bounded
646,30000,264,type,0.4086687306501548,parent_pool,satisfied,violated,0.0088,val,checked_out_bounded
646,30000,382,type,0.5913312693498453,parent_pool,violated,violated,0.012733333333333333,val,checked_out_bounded
646,30000,0,type,0.0,parent_pool,unknown,violated,0.0,val,checked_out_bounded
646,30000,1172,type,,parent_pool,satisfied,unknown,0.039066666666666666,val,checked_out_bounded
646,30000,759,type,,parent_pool,violated,unknown,0.0253,val,checked_out_bounded
646,30000,23600,type,,parent_pool,unknown,unknown,0.7866666666666666,val,checked_out_bounded
3627,30000,13730,valueRequiresStatement,,parent_pool,satisfied,satisfied,0.45766666666666667,val,checked_out_bounded
3627,30000,0,valueRequiresStatement,,parent_pool,violated,satisfied,0.0,val,checked_out_bounded
3627,30000,0,valueRequiresStatement,,parent_pool,unknown,satisfied,0.0,val,checked_out_bounded
3627,30000,3627,valueRequiresStatement,1.0,parent_pool,satisfied,violated,0.1209,val,checked_out_bounded
3627,30000,0,valueRequiresStatement,0.0,parent_pool,violated,violated,0.0,val,checked_out_bounded
3627,30000,0,valueRequiresStatement,0.0,parent_pool,unknown,violated,0.0,val,checked_out_bounded
3627,30000,582,valueRequiresStatement,,parent_pool,satisfied,unknown,0.0194,val,checked_out_bounded
3627,30000,0,valueRequiresStatement,,parent_pool,violated,unknown,0.0,val,checked_out_bounded
3627,30000,12061,valueRequiresStatement,,parent_pool,unknown,unknown,0.40203333333333335,val,checked_out_bounded
8582,30000,2109,valueType,,parent_pool,satisfied,satisfied,0.0703,val,checked_out_bounded
8582,30000,0,valueType,,parent_pool,violated,satisfied,0.0,val,checked_out_bounded
8582,30000,0,valueType,,parent_pool,unknown,satisfied,0.0,val,checked_out_bounded
8582,30000,590,valueType,0.06874854346306222,parent_pool,satisfied,violated,0.019666666666666666,val,checked_out_bounded
8582,30000,7992,valueType,0.9312514565369377,parent_pool,violated,violated,0.2664,val,checked_out_bounded
8582,30000,0,valueType,0.0,parent_pool,unknown,violated,0.0,val,checked_out_bounded
8582,30000,169,valueType,,parent_pool,satisfied,unknown,0.005633333333333333,val,checked_out_bounded
8582,30000,36,valueType,,parent_pool,violated,unknown,0.0012,val,checked_out_bounded
8582,30000,19104,valueType,,parent_pool,unknown,unknown,0.6368,val,checked_out_bounded
1531774,1910794,257572,overall,,parent_pool,satisfied,satisfied,0.13479841364375228,overall,audited_v3_bounded
1531774,1910794,6,overall,,parent_pool,violated,satisfied,3.140055913928974e-06,overall,audited_v3_bounded
1531774,1910794,207,overall,,parent_pool,unknown,satisfied,0.00010833192903054961,overall,audited_v3_bounded
1531774,1910794,1323129,overall,0.8637886528952704,parent_pool,satisfied,violated,0.6924498402234882,overall,audited_v3_bounded
1531774,1910794,115233,overall,0.07522846059536198,parent_pool,violated,violated,0.06030634385496291,overall,audited_v3_bounded
1531774,1910794,93412,overall,0.06098288650936757,parent_pool,unknown,violated,0.048886483838655556,overall,audited_v3_bounded
1531774,1910794,8347,overall,,parent_pool,satisfied,unknown,0.0043683411189275245,overall,audited_v3_bounded
1531774,1910794,0,overall,,parent_pool,violated,unknown,0.0,overall,audited_v3_bounded
1531774,1910794,112888,overall,,parent_pool,unknown,unknown,0.05907910533526901,overall,audited_v3_bounded
229856,286620,38643,overall,,parent_pool,satisfied,satisfied,0.1348231107389575,test,audited_v3_bounded
229856,286620,0,overall,,parent_pool,violated,satisfied,0.0,test,audited_v3_bounded
229856,286620,22,overall,,parent_pool,unknown,satisfied,7.675668132021492e-05,test,audited_v3_bounded
229856,286620,198725,overall,0.864563030767089,parent_pool,satisfied,violated,0.6933396134254414,test,audited_v3_bounded
229856,286620,17216,overall,0.0748990672420994,parent_pool,violated,violated,0.060065592073128185,test,audited_v3_bounded
229856,286620,13915,overall,0.06053790199081164,parent_pool,unknown,violated,0.048548600935035935,test,audited_v3_bounded
229856,286620,1218,overall,,parent_pool,satisfied,unknown,0.0042495289930918985,test,audited_v3_bounded
229856,286620,0,overall,,parent_pool,violated,unknown,0.0,test,audited_v3_bounded
229856,286620,16881,overall,,parent_pool,unknown,unknown,0.05889679715302491,test,audited_v3_bounded
1071946,1337555,180429,overall,,parent_pool,satisfied,satisfied,0.13489463984658576,train,audited_v3_bounded
1071946,1337555,6,overall,,parent_pool,violated,satisfied,4.485796845737184e-06,train,audited_v3_bounded
1071946,1337555,156,overall,,parent_pool,unknown,satisfied,0.0001166307179891668,train,audited_v3_bounded
1071946,1337555,925727,overall,0.8635948079474153,parent_pool,satisfied,violated,0.6921038761022911,train,audited_v3_bounded
1071946,1337555,80784,overall,0.07536200517563385,parent_pool,violated,violated,0.060396768731005454,train,audited_v3_bounded
1071946,1337555,65435,overall,0.06104318687695089,parent_pool,unknown,violated,0.048921352766802116,train,audited_v3_bounded
1071946,1337555,5878,overall,,parent_pool,satisfied,unknown,0.004394585643207195,train,audited_v3_bounded
1071946,1337555,0,overall,,parent_pool,violated,unknown,0.0,train,audited_v3_bounded
1071946,1337555,79140,overall,,parent_pool,unknown,unknown,0.059167660395273464,train,audited_v3_bounded
229972,286619,38500,overall,,parent_pool,satisfied,satisfied,0.1343246609610668,val,audited_v3_bounded
229972,286619,0,overall,,parent_pool,violated,satisfied,0.0,val,audited_v3_bounded
229972,286619,29,overall,,parent_pool,unknown,satisfied,0.00010117961474989446,val,audited_v3_bounded
229972,286619,198677,overall,0.8639182161306593,parent_pool,satisfied,violated,0.6931745627470615,val,audited_v3_bounded
229972,286619,17233,overall,0.07493520950376567,parent_pool,violated,violated,0.0601251138270666,val,audited_v3_bounded
229972,286619,14062,overall,0.06114657436557494,parent_pool,unknown,violated,0.04906164629700055,val,audited_v3_bounded
229972,286619,1251,overall,,parent_pool,satisfied,unknown,0.004364679243176481,val,audited_v3_bounded
229972,286619,0,overall,,parent_pool,violated,unknown,0.0,val,audited_v3_bounded
229972,286619,16867,overall,,parent_pool,unknown,unknown,0.05884815730987827,val,audited_v3_bounded
198652,201225,2547,conflictWith,,parent_pool,satisfied,satisfied,0.01265747297800969,overall,audited_v3_bounded
198652,201225,6,conflictWith,,parent_pool,violated,satisfied,2.981736861721953e-05,overall,audited_v3_bounded
198652,201225,0,conflictWith,,parent_pool,unknown,satisfied,0.0,overall,audited_v3_bounded
198652,201225,153675,conflictWith,0.7735889897911926,parent_pool,satisfied,violated,0.7636973537085352,overall,audited_v3_bounded
198652,201225,44977,conflictWith,0.22641101020880736,parent_pool,violated,violated,0.2235159647161138,overall,audited_v3_bounded
198652,201225,0,conflictWith,0.0,parent_pool,unknown,violated,0.0,overall,audited_v3_bounded
198652,201225,0,conflictWith,,parent_pool,satisfied,unknown,0.0,overall,audited_v3_bounded
198652,201225,0,conflictWith,,parent_pool,violated,unknown,0.0,overall,audited_v3_bounded
198652,201225,20,conflictWith,,parent_pool,unknown,unknown,9.93912287240651e-05,overall,audited_v3_bounded
456316,456409,46,distinct,,parent_pool,satisfied,satisfied,0.00010078679430072588,overall,audited_v3_bounded
456316,456409,0,distinct,,parent_pool,violated,satisfied,0.0,overall,audited_v3_bounded
456316,456409,0,distinct,,parent_pool,unknown,satisfied,0.0,overall,audited_v3_bounded
456316,456409,454400,distinct,0.9958011553397207,parent_pool,satisfied,violated,0.9955982463097792,overall,audited_v3_bounded
456316,456409,1916,distinct,0.00419884466027928,parent_pool,violated,violated,0.004197989084351973,overall,audited_v3_bounded
456316,456409,0,distinct,0.0,parent_pool,unknown,violated,0.0,overall,audited_v3_bounded
456316,456409,0,distinct,,parent_pool,satisfied,unknown,0.0,overall,audited_v3_bounded
456316,456409,0,distinct,,parent_pool,violated,unknown,0.0,overall,audited_v3_bounded
456316,456409,47,distinct,,parent_pool,unknown,unknown,0.00010297781156813297,overall,audited_v3_bounded
139956,140349,356,inverse,,parent_pool,satisfied,satisfied,0.0025365339261412623,overall,audited_v3_bounded
139956,140349,0,inverse,,parent_pool,violated,satisfied,0.0,overall,audited_v3_bounded
139956,140349,10,inverse,,parent_pool,unknown,satisfied,7.125095298149612e-05,overall,audited_v3_bounded
139956,140349,124787,inverse,0.891615936437166,parent_pool,satisfied,violated,0.8891192669701957,overall,audited_v3_bounded
139956,140349,13,inverse,9.288633570550745e-05,parent_pool,violated,violated,9.262623887594496e-05,overall,audited_v3_bounded
139956,140349,15156,inverse,0.10829117722712853,parent_pool,unknown,violated,0.10798794433875553,overall,audited_v3_bounded
139956,140349,0,inverse,,parent_pool,satisfied,unknown,0.0,overall,audited_v3_bounded
139956,140349,0,inverse,,parent_pool,violated,unknown,0.0,overall,audited_v3_bounded
139956,140349,27,inverse,,parent_pool,unknown,unknown,0.00019237757305003955,overall,audited_v3_bounded
168149,200000,31830,itemRequiresStatement,,parent_pool,satisfied,satisfied,0.15915,overall,audited_v3_bounded
168149,200000,0,itemRequiresStatement,,parent_pool,violated,satisfied,0.0,overall,audited_v3_bounded
168149,200000,0,itemRequiresStatement,,parent_pool,unknown,satisfied,0.0,overall,audited_v3_bounded
168149,200000,166379,itemRequiresStatement,0.989473621609406,parent_pool,satisfied,violated,0.831895,overall,audited_v3_bounded
168149,200000,1770,itemRequiresStatement,0.010526378390594057,parent_pool,violated,violated,0.00885,overall,audited_v3_bounded
168149,200000,0,itemRequiresStatement,0.0,parent_pool,unknown,violated,0.0,overall,audited_v3_bounded
168149,200000,0,itemRequiresStatement,,parent_pool,satisfied,unknown,0.0,overall,audited_v3_bounded
168149,200000,0,itemRequiresStatement,,parent_pool,violated,unknown,0.0,overall,audited_v3_bounded
168149,200000,21,itemRequiresStatement,,parent_pool,unknown,unknown,0.000105,overall,audited_v3_bounded
3172,13709,0,oneOf,,parent_pool,satisfied,satisfied,0.0,overall,audited_v3_bounded
3172,13709,0,oneOf,,parent_pool,violated,satisfied,0.0,overall,audited_v3_bounded
3172,13709,0,oneOf,,parent_pool,unknown,satisfied,0.0,overall,audited_v3_bounded
3172,13709,3016,oneOf,0.9508196721311475,parent_pool,satisfied,violated,0.220001458895616,overall,audited_v3_bounded
3172,13709,156,oneOf,0.04918032786885246,parent_pool,violated,violated,0.011379385804945656,overall,audited_v3_bounded
3172,13709,0,oneOf,0.0,parent_pool,unknown,violated,0.0,overall,audited_v3_bounded
3172,13709,0,oneOf,,parent_pool,satisfied,unknown,0.0,overall,audited_v3_bounded
3172,13709,0,oneOf,,parent_pool,violated,unknown,0.0,overall,audited_v3_bounded
3172,13709,10537,oneOf,,parent_pool,unknown,unknown,0.7686191552994384,overall,audited_v3_bounded
167114,239446,14699,single,,parent_pool,satisfied,satisfied,0.06138753622946301,overall,audited_v3_bounded
167114,239446,0,single,,parent_pool,violated,satisfied,0.0,overall,audited_v3_bounded
167114,239446,0,single,,parent_pool,unknown,satisfied,0.0,overall,audited_v3_bounded
167114,239446,105434,single,0.6309106358533696,parent_pool,satisfied,violated,0.4403247496303968,overall,audited_v3_bounded
167114,239446,61680,single,0.36908936414663046,parent_pool,violated,violated,0.2575946142345247,overall,audited_v3_bounded
167114,239446,0,single,0.0,parent_pool,unknown,violated,0.0,overall,audited_v3_bounded
167114,239446,0,single,,parent_pool,satisfied,unknown,0.0,overall,audited_v3_bounded
167114,239446,0,single,,parent_pool,violated,unknown,0.0,overall,audited_v3_bounded
167114,239446,57633,single,,parent_pool,unknown,unknown,0.24069309990561547,overall,audited_v3_bounded
59611,59652,19,symmetric,,parent_pool,satisfied,satisfied,0.000318514048145913,overall,audited_v3_bounded
59611,59652,0,symmetric,,parent_pool,violated,satisfied,0.0,overall,audited_v3_bounded
59611,59652,2,symmetric,,parent_pool,unknown,satisfied,3.352779454167505e-05,overall,audited_v3_bounded
59611,59652,20527,symmetric,0.3443491972958011,parent_pool,satisfied,violated,0.34411251927848185,overall,audited_v3_bounded
59611,59652,0,symmetric,0.0,parent_pool,violated,violated,0.0,overall,audited_v3_bounded
59611,59652,39084,symmetric,0.6556508027041988,parent_pool,unknown,violated,0.6552001609334138,overall,audited_v3_bounded
59611,59652,0,symmetric,,parent_pool,satisfied,unknown,0.0,overall,audited_v3_bounded
59611,59652,0,symmetric,,parent_pool,violated,unknown,0.0,overall,audited_v3_bounded
59611,59652,20,symmetric,,parent_pool,unknown,unknown,0.0003352779454167505,overall,audited_v3_bounded
136439,200002,58222,type,,parent_pool,satisfied,satisfied,0.2911070889291107,overall,audited_v3_bounded
136439,200002,0,type,,parent_pool,violated,satisfied,0.0,overall,audited_v3_bounded
136439,200002,0,type,,parent_pool,unknown,satisfied,0.0,overall,audited_v3_bounded
136439,200002,128443,type,0.941395055665902,parent_pool,satisfied,violated,0.6422085779142208,overall,audited_v3_bounded
136439,200002,4650,type,0.03408116447643269,parent_pool,violated,violated,0.023249767502324978,overall,audited_v3_bounded
136439,200002,3346,type,0.02452377985766533,parent_pool,unknown,violated,0.016729832701672984,overall,audited_v3_bounded
136439,200002,3917,type,,parent_pool,satisfied,unknown,0.01958480415195848,overall,audited_v3_bounded
136439,200002,0,type,,parent_pool,violated,unknown,0.0,overall,audited_v3_bounded
136439,200002,1424,type,,parent_pool,unknown,unknown,0.0071199288007119926,overall,audited_v3_bounded
107449,200001,60314,valueRequiresStatement,,parent_pool,satisfied,satisfied,0.3015684921575392,overall,audited_v3_bounded
107449,200001,0,valueRequiresStatement,,parent_pool,violated,satisfied,0.0,overall,audited_v3_bounded
107449,200001,92,valueRequiresStatement,,parent_pool,unknown,satisfied,0.00045999770001149996,overall,audited_v3_bounded
107449,200001,91155,valueRequiresStatement,0.8483559642248881,parent_pool,satisfied,violated,0.45577272113639433,overall,audited_v3_bounded
107449,200001,2,valueRequiresStatement,1.861348174482778e-05,parent_pool,violated,violated,9.999950000249999e-06,overall,audited_v3_bounded
107449,200001,16292,valueRequiresStatement,0.1516254222933671,parent_pool,unknown,violated,0.0814595927020365,overall,audited_v3_bounded
107449,200001,0,valueRequiresStatement,,parent_pool,satisfied,unknown,0.0,overall,audited_v3_bounded
107449,200001,0,valueRequiresStatement,,parent_pool,violated,unknown,0.0,overall,audited_v3_bounded
107449,200001,32146,valueRequiresStatement,,parent_pool,unknown,unknown,0.16072919635401822,overall,audited_v3_bounded
94916,200001,89539,valueType,,parent_pool,satisfied,satisfied,0.4476927615361923,overall,audited_v3_bounded
94916,200001,0,valueType,,parent_pool,violated,satisfied,0.0,overall,audited_v3_bounded
94916,200001,103,valueType,,parent_pool,unknown,satisfied,0.0005149974250128749,overall,audited_v3_bounded
94916,200001,75313,valueType,0.7934700155927347,parent_pool,satisfied,violated,0.3765631171844141,overall,audited_v3_bounded
94916,200001,69,valueType,0.0007269585738969193,parent_pool,violated,violated,0.000344998275008625,overall,audited_v3_bounded
94916,200001,19534,valueType,0.20580302583336846,parent_pool,unknown,violated,0.09766951165244174,overall,audited_v3_bounded
94916,200001,4430,valueType,,parent_pool,satisfied,unknown,0.022149889250553747,overall,audited_v3_bounded
94916,200001,0,valueType,,parent_pool,violated,unknown,0.0,overall,audited_v3_bounded
94916,200001,11013,valueType,,parent_pool,unknown,unknown,0.05506472467637662,overall,audited_v3_bounded
29808,30184,372,conflictWith,,parent_pool,satisfied,satisfied,0.012324410283593957,test,audited_v3_bounded
29808,30184,0,conflictWith,,parent_pool,violated,satisfied,0.0,test,audited_v3_bounded
29808,30184,0,conflictWith,,parent_pool,unknown,satisfied,0.0,test,audited_v3_bounded
29808,30184,23229,conflictWith,0.7792874396135265,parent_pool,satisfied,violated,0.7695799098860323,test,audited_v3_bounded
29808,30184,6579,conflictWith,0.22071256038647344,parent_pool,violated,violated,0.2179631592896899,test,audited_v3_bounded
29808,30184,0,conflictWith,0.0,parent_pool,unknown,violated,0.0,test,audited_v3_bounded
29808,30184,0,conflictWith,,parent_pool,satisfied,unknown,0.0,test,audited_v3_bounded
29808,30184,0,conflictWith,,parent_pool,violated,unknown,0.0,test,audited_v3_bounded
29808,30184,4,conflictWith,,parent_pool,unknown,unknown,0.00013252054068380598,test,audited_v3_bounded
68446,68462,7,distinct,,parent_pool,satisfied,satisfied,0.00010224650170897724,test,audited_v3_bounded
68446,68462,0,distinct,,parent_pool,violated,satisfied,0.0,test,audited_v3_bounded
68446,68462,0,distinct,,parent_pool,unknown,satisfied,0.0,test,audited_v3_bounded
68446,68462,68161,distinct,0.9958361335943664,parent_pool,satisfied,violated,0.995603400426514,test,audited_v3_bounded
68446,68462,285,distinct,0.004163866405633638,parent_pool,violated,violated,0.004162893283865502,test,audited_v3_bounded
68446,68462,0,distinct,0.0,parent_pool,unknown,violated,0.0,test,audited_v3_bounded
68446,68462,0,distinct,,parent_pool,satisfied,unknown,0.0,test,audited_v3_bounded
68446,68462,0,distinct,,parent_pool,violated,unknown,0.0,test,audited_v3_bounded
68446,68462,9,distinct,,parent_pool,unknown,unknown,0.00013145978791154217,test,audited_v3_bounded
21057,21109,50,inverse,,parent_pool,satisfied,satisfied,0.0023686579184234212,test,audited_v3_bounded
21057,21109,0,inverse,,parent_pool,violated,satisfied,0.0,test,audited_v3_bounded
21057,21109,0,inverse,,parent_pool,unknown,satisfied,0.0,test,audited_v3_bounded
21057,21109,18777,inverse,0.8917224675879755,parent_pool,satisfied,violated,0.8895257946847316,test,audited_v3_bounded
21057,21109,2,inverse,9.498029158949519e-05,parent_pool,violated,violated,9.474631673693685e-05,test,audited_v3_bounded
21057,21109,2278,inverse,0.10818255212043501,parent_pool,unknown,violated,0.10791605476337107,test,audited_v3_bounded
21057,21109,0,inverse,,parent_pool,satisfied,unknown,0.0,test,audited_v3_bounded
21057,21109,0,inverse,,parent_pool,violated,unknown,0.0,test,audited_v3_bounded
21057,21109,2,inverse,,parent_pool,unknown,unknown,9.474631673693685e-05,test,audited_v3_bounded
25246,29999,4753,itemRequiresStatement,,parent_pool,satisfied,satisfied,0.15843861462048736,test,audited_v3_bounded
25246,29999,0,itemRequiresStatement,,parent_pool,violated,satisfied,0.0,test,audited_v3_bounded
25246,29999,0,itemRequiresStatement,,parent_pool,unknown,satisfied,0.0,test,audited_v3_bounded
25246,29999,24994,itemRequiresStatement,0.990018220708231,parent_pool,satisfied,violated,0.833161105370179,test,audited_v3_bounded
25246,29999,252,itemRequiresStatement,0.009981779291768992,parent_pool,violated,violated,0.008400280009333645,test,audited_v3_bounded
25246,29999,0,itemRequiresStatement,0.0,parent_pool,unknown,violated,0.0,test,audited_v3_bounded
25246,29999,0,itemRequiresStatement,,parent_pool,satisfied,unknown,0.0,test,audited_v3_bounded
25246,29999,0,itemRequiresStatement,,parent_pool,violated,unknown,0.0,test,audited_v3_bounded
25246,29999,0,itemRequiresStatement,,parent_pool,unknown,unknown,0.0,test,audited_v3_bounded
473,2056,0,oneOf,,parent_pool,satisfied,satisfied,0.0,test,audited_v3_bounded
473,2056,0,oneOf,,parent_pool,violated,satisfied,0.0,test,audited_v3_bounded
473,2056,0,oneOf,,parent_pool,unknown,satisfied,0.0,test,audited_v3_bounded
473,2056,445,oneOf,0.9408033826638478,parent_pool,satisfied,violated,0.21643968871595332,test,audited_v3_bounded
473,2056,28,oneOf,0.05919661733615222,parent_pool,violated,violated,0.013618677042801557,test,audited_v3_bounded
473,2056,0,oneOf,0.0,parent_pool,unknown,violated,0.0,test,audited_v3_bounded
473,2056,0,oneOf,,parent_pool,satisfied,unknown,0.0,test,audited_v3_bounded
473,2056,0,oneOf,,parent_pool,violated,unknown,0.0,test,audited_v3_bounded
473,2056,1583,oneOf,,parent_pool,unknown,unknown,0.7699416342412452,test,audited_v3_bounded
25127,35917,2211,single,,parent_pool,satisfied,satisfied,0.06155859342372692,test,audited_v3_bounded
25127,35917,0,single,,parent_pool,violated,satisfied,0.0,test,audited_v3_bounded
25127,35917,0,single,,parent_pool,unknown,satisfied,0.0,test,audited_v3_bounded
25127,35917,15807,single,0.6290842519998409,parent_pool,satisfied,violated,0.44009800373082386,test,audited_v3_bounded
25127,35917,9320,single,0.3709157480001592,parent_pool,violated,violated,0.25948715093131386,test,audited_v3_bounded
25127,35917,0,single,0.0,parent_pool,unknown,violated,0.0,test,audited_v3_bounded
25127,35917,0,single,,parent_pool,satisfied,unknown,0.0,test,audited_v3_bounded
25127,35917,0,single,,parent_pool,violated,unknown,0.0,test,audited_v3_bounded
25127,35917,8579,single,,parent_pool,unknown,unknown,0.23885625191413537,test,audited_v3_bounded
8884,8891,4,symmetric,,parent_pool,satisfied,satisfied,0.0004498931503767855,test,audited_v3_bounded
8884,8891,0,symmetric,,parent_pool,violated,satisfied,0.0,test,audited_v3_bounded
8884,8891,0,symmetric,,parent_pool,unknown,satisfied,0.0,test,audited_v3_bounded
8884,8891,3021,symmetric,0.340049527239982,parent_pool,satisfied,violated,0.33978180182206724,test,audited_v3_bounded
8884,8891,0,symmetric,0.0,parent_pool,violated,violated,0.0,test,audited_v3_bounded
8884,8891,5863,symmetric,0.6599504727600181,parent_pool,unknown,violated,0.6594308851647733,test,audited_v3_bounded
8884,8891,0,symmetric,,parent_pool,satisfied,unknown,0.0,test,audited_v3_bounded
8884,8891,0,symmetric,,parent_pool,violated,unknown,0.0,test,audited_v3_bounded
8884,8891,3,symmetric,,parent_pool,unknown,unknown,0.0003374198627825891,test,audited_v3_bounded
20525,30001,8693,type,,parent_pool,satisfied,satisfied,0.28975700809973,test,audited_v3_bounded
20525,30001,0,type,,parent_pool,violated,satisfied,0.0,test,audited_v3_bounded
20525,30001,0,type,,parent_pool,unknown,satisfied,0.0,test,audited_v3_bounded
20525,30001,19270,type,0.9388550548112058,parent_pool,satisfied,violated,0.6423119229359021,test,audited_v3_bounded
20525,30001,744,type,0.03624847746650426,parent_pool,violated,violated,0.02479917336088797,test,audited_v3_bounded
20525,30001,511,type,0.02489646772228989,parent_pool,unknown,violated,0.01703276557448085,test,audited_v3_bounded
20525,30001,577,type,,parent_pool,satisfied,unknown,0.019232692243591882,test,audited_v3_bounded
20525,30001,0,type,,parent_pool,violated,unknown,0.0,test,audited_v3_bounded
20525,30001,206,type,,parent_pool,unknown,unknown,0.006866437785407153,test,audited_v3_bounded
15986,30001,9222,valueRequiresStatement,,parent_pool,satisfied,satisfied,0.30738975367487753,test,audited_v3_bounded
15986,30001,0,valueRequiresStatement,,parent_pool,violated,satisfied,0.0,test,audited_v3_bounded
15986,30001,7,valueRequiresStatement,,parent_pool,unknown,satisfied,0.00023332555581480617,test,audited_v3_bounded
15986,30001,13584,valueRequiresStatement,0.8497435255848867,parent_pool,satisfied,violated,0.452784907169761,test,audited_v3_bounded
15986,30001,0,valueRequiresStatement,0.0,parent_pool,violated,violated,0.0,test,audited_v3_bounded
15986,30001,2402,valueRequiresStatement,0.15025647441511322,parent_pool,unknown,violated,0.08006399786673778,test,audited_v3_bounded
15986,30001,0,valueRequiresStatement,,parent_pool,satisfied,unknown,0.0,test,audited_v3_bounded
15986,30001,0,valueRequiresStatement,,parent_pool,violated,unknown,0.0,test,audited_v3_bounded
15986,30001,4786,valueRequiresStatement,,parent_pool,unknown,unknown,0.15952801573280892,test,audited_v3_bounded
14304,30000,13331,valueType,,parent_pool,satisfied,satisfied,0.4443666666666667,test,audited_v3_bounded
14304,30000,0,valueType,,parent_pool,violated,satisfied,0.0,test,audited_v3_bounded
14304,30000,15,valueType,,parent_pool,unknown,satisfied,0.0005,test,audited_v3_bounded
14304,30000,11437,valueType,0.7995665548098434,parent_pool,satisfied,violated,0.3812333333333333,test,audited_v3_bounded
14304,30000,6,valueType,0.00041946308724832214,parent_pool,violated,violated,0.0002,test,audited_v3_bounded
14304,30000,2861,valueType,0.20001398210290827,parent_pool,unknown,violated,0.09536666666666667,test,audited_v3_bounded
14304,30000,641,valueType,,parent_pool,satisfied,unknown,0.021366666666666666,test,audited_v3_bounded
14304,30000,0,valueType,,parent_pool,violated,unknown,0.0,test,audited_v3_bounded
14304,30000,1709,valueType,,parent_pool,unknown,unknown,0.056966666666666665,test,audited_v3_bounded
139033,140857,1808,conflictWith,,parent_pool,satisfied,satisfied,0.012835712815124559,train,audited_v3_bounded
139033,140857,6,conflictWith,,parent_pool,violated,satisfied,4.259639208559035e-05,train,audited_v3_bounded
139033,140857,0,conflictWith,,parent_pool,unknown,satisfied,0.0,train,audited_v3_bounded
139033,140857,107433,conflictWith,0.7727158300547352,parent_pool,satisfied,violated,0.762709698488538,train,audited_v3_bounded
139033,140857,31600,conflictWith,0.2272841699452648,parent_pool,violated,violated,0.2243409983174425,train,audited_v3_bounded
139033,140857,0,conflictWith,0.0,parent_pool,unknown,violated,0.0,train,audited_v3_bounded
139033,140857,0,conflictWith,,parent_pool,satisfied,unknown,0.0,train,audited_v3_bounded
139033,140857,0,conflictWith,,parent_pool,violated,unknown,0.0,train,audited_v3_bounded
139033,140857,10,conflictWith,,parent_pool,unknown,unknown,7.099398680931725e-05,train,audited_v3_bounded
319422,319486,32,distinct,,parent_pool,satisfied,satisfied,0.00010016088341899176,train,audited_v3_bounded
319422,319486,0,distinct,,parent_pool,violated,satisfied,0.0,train,audited_v3_bounded
319422,319486,0,distinct,,parent_pool,unknown,satisfied,0.0,train,audited_v3_bounded
319422,319486,318086,distinct,0.9958174452605018,parent_pool,satisfied,violated,0.9956179613504191,train,audited_v3_bounded
319422,319486,1336,distinct,0.0041825547394982185,parent_pool,violated,violated,0.004181716882742906,train,audited_v3_bounded
319422,319486,0,distinct,0.0,parent_pool,unknown,violated,0.0,train,audited_v3_bounded
319422,319486,0,distinct,,parent_pool,satisfied,unknown,0.0,train,audited_v3_bounded
319422,319486,0,distinct,,parent_pool,violated,unknown,0.0,train,audited_v3_bounded
319422,319486,32,distinct,,parent_pool,unknown,unknown,0.00010016088341899176,train,audited_v3_bounded
97941,98225,255,inverse,,parent_pool,satisfied,satisfied,0.0025960804275897173,train,audited_v3_bounded
97941,98225,0,inverse,,parent_pool,violated,satisfied,0.0,train,audited_v3_bounded
97941,98225,10,inverse,,parent_pool,unknown,satisfied,0.00010180707559175362,train,audited_v3_bounded
97941,98225,87319,inverse,0.8915469517362494,parent_pool,satisfied,violated,0.8889692033596335,train,audited_v3_bounded
97941,98225,9,inverse,9.18920574631666e-05,parent_pool,violated,violated,9.162636803257827e-05,train,audited_v3_bounded
97941,98225,10613,inverse,0.10836115620628746,parent_pool,unknown,violated,0.10804784932552812,train,audited_v3_bounded
97941,98225,0,inverse,,parent_pool,satisfied,unknown,0.0,train,audited_v3_bounded
97941,98225,0,inverse,,parent_pool,violated,unknown,0.0,train,audited_v3_bounded
97941,98225,19,inverse,,parent_pool,unknown,unknown,0.0001934334436243319,train,audited_v3_bounded
117644,140001,22337,itemRequiresStatement,,parent_pool,satisfied,satisfied,0.1595488603652831,train,audited_v3_bounded
117644,140001,0,itemRequiresStatement,,parent_pool,violated,satisfied,0.0,train,audited_v3_bounded
117644,140001,0,itemRequiresStatement,,parent_pool,unknown,satisfied,0.0,train,audited_v3_bounded
117644,140001,116381,itemRequiresStatement,0.9892642208697426,parent_pool,satisfied,violated,0.8312869193791473,train,audited_v3_bounded
117644,140001,1263,itemRequiresStatement,0.010735779130257387,parent_pool,violated,violated,0.009021364133113335,train,audited_v3_bounded
117644,140001,0,itemRequiresStatement,0.0,parent_pool,unknown,violated,0.0,train,audited_v3_bounded
117644,140001,0,itemRequiresStatement,,parent_pool,satisfied,unknown,0.0,train,audited_v3_bounded
117644,140001,0,itemRequiresStatement,,parent_pool,violated,unknown,0.0,train,audited_v3_bounded
117644,140001,20,itemRequiresStatement,,parent_pool,unknown,unknown,0.00014285612245626818,train,audited_v3_bounded
2232,9596,0,oneOf,,parent_pool,satisfied,satisfied,0.0,train,audited_v3_bounded
2232,9596,0,oneOf,,parent_pool,violated,satisfied,0.0,train,audited_v3_bounded
2232,9596,0,oneOf,,parent_pool,unknown,satisfied,0.0,train,audited_v3_bounded
2232,9596,2123,oneOf,0.9511648745519713,parent_pool,satisfied,violated,0.2212380158399333,train,audited_v3_bounded
2232,9596,109,oneOf,0.04883512544802868,parent_pool,violated,violated,0.011358899541475615,train,audited_v3_bounded
2232,9596,0,oneOf,0.0,parent_pool,unknown,violated,0.0,train,audited_v3_bounded
2232,9596,0,oneOf,,parent_pool,satisfied,unknown,0.0,train,audited_v3_bounded
2232,9596,0,oneOf,,parent_pool,violated,unknown,0.0,train,audited_v3_bounded
2232,9596,7364,oneOf,,parent_pool,unknown,unknown,0.7674030846185911,train,audited_v3_bounded
116879,167612,10288,single,,parent_pool,satisfied,satisfied,0.061379853471111856,train,audited_v3_bounded
116879,167612,0,single,,parent_pool,violated,satisfied,0.0,train,audited_v3_bounded
116879,167612,0,single,,parent_pool,unknown,satisfied,0.0,train,audited_v3_bounded
116879,167612,73703,single,0.6305923219740073,parent_pool,satisfied,violated,0.43972388611793906,train,audited_v3_bounded
116879,167612,43176,single,0.36940767802599267,parent_pool,violated,violated,0.25759492160465836,train,audited_v3_bounded
116879,167612,0,single,0.0,parent_pool,unknown,violated,0.0,train,audited_v3_bounded
116879,167612,0,single,,parent_pool,satisfied,unknown,0.0,train,audited_v3_bounded
116879,167612,0,single,,parent_pool,violated,unknown,0.0,train,audited_v3_bounded
116879,167612,40445,single,,parent_pool,unknown,unknown,0.24130133880629073,train,audited_v3_bounded
41745,41776,13,symmetric,,parent_pool,satisfied,satisfied,0.00031118345461509,train,audited_v3_bounded
41745,41776,0,symmetric,,parent_pool,violated,satisfied,0.0,train,audited_v3_bounded
41745,41776,1,symmetric,,parent_pool,unknown,satisfied,2.3937188816545384e-05,train,audited_v3_bounded
41745,41776,14428,symmetric,0.34562223020721045,parent_pool,satisfied,violated,0.34536576024511684,train,audited_v3_bounded
41745,41776,0,symmetric,0.0,parent_pool,violated,violated,0.0,train,audited_v3_bounded
41745,41776,27317,symmetric,0.6543777697927896,parent_pool,unknown,violated,0.6538921869015702,train,audited_v3_bounded
41745,41776,0,symmetric,,parent_pool,satisfied,unknown,0.0,train,audited_v3_bounded
41745,41776,0,symmetric,,parent_pool,violated,unknown,0.0,train,audited_v3_bounded
41745,41776,17,symmetric,,parent_pool,unknown,unknown,0.00040693220988127153,train,audited_v3_bounded
95529,140001,40745,type,,parent_pool,satisfied,satisfied,0.2910336354740323,train,audited_v3_bounded
95529,140001,0,type,,parent_pool,violated,satisfied,0.0,train,audited_v3_bounded
95529,140001,0,type,,parent_pool,unknown,satisfied,0.0,train,audited_v3_bounded
95529,140001,89913,type,0.9412115692616901,parent_pool,satisfied,violated,0.642231126920522,train,audited_v3_bounded
95529,140001,3239,type,0.033905934323608534,parent_pool,violated,violated,0.02313554903179263,train,audited_v3_bounded
95529,140001,2377,type,0.024882496414701295,parent_pool,unknown,violated,0.01697845015392747,train,audited_v3_bounded
95529,140001,2732,type,,parent_pool,satisfied,unknown,0.01951414632752623,train,audited_v3_bounded
95529,140001,0,type,,parent_pool,violated,unknown,0.0,train,audited_v3_bounded
95529,140001,995,type,,parent_pool,unknown,unknown,0.007107092092199342,train,audited_v3_bounded
75188,140000,42183,valueRequiresStatement,,parent_pool,satisfied,satisfied,0.3013071428571429,train,audited_v3_bounded
75188,140000,0,valueRequiresStatement,,parent_pool,violated,satisfied,0.0,train,audited_v3_bounded
75188,140000,69,valueRequiresStatement,,parent_pool,unknown,satisfied,0.0004928571428571429,train,audited_v3_bounded
75188,140000,63808,valueRequiresStatement,0.8486460605415758,parent_pool,satisfied,violated,0.45577142857142855,train,audited_v3_bounded
75188,140000,1,valueRequiresStatement,1.3299994680002128e-05,parent_pool,violated,violated,7.142857142857143e-06,train,audited_v3_bounded
75188,140000,11379,valueRequiresStatement,0.1513406394637442,parent_pool,unknown,violated,0.08127857142857142,train,audited_v3_bounded
75188,140000,0,valueRequiresStatement,,parent_pool,satisfied,unknown,0.0,train,audited_v3_bounded
75188,140000,0,valueRequiresStatement,,parent_pool,violated,unknown,0.0,train,audited_v3_bounded
75188,140000,22560,valueRequiresStatement,,parent_pool,unknown,unknown,0.16114285714285714,train,audited_v3_bounded
66333,140001,62768,valueType,,parent_pool,satisfied,satisfied,0.448339654716752,train,audited_v3_bounded
66333,140001,0,valueType,,parent_pool,violated,satisfied,0.0,train,audited_v3_bounded
66333,140001,76,valueType,,parent_pool,unknown,satisfied,0.0005428532653338191,train,audited_v3_bounded
66333,140001,52533,valueType,0.7919587535615756,parent_pool,satisfied,violated,0.3752330340497568,train,audited_v3_bounded
66333,140001,51,valueType,0.000768848084663742,parent_pool,violated,violated,0.00036428311226348385,train,audited_v3_bounded
66333,140001,13749,valueType,0.20727239835376057,parent_pool,unknown,violated,0.09820644138256156,train,audited_v3_bounded
66333,140001,3146,valueType,,parent_pool,satisfied,unknown,0.022471268062370982,train,audited_v3_bounded
66333,140001,0,valueType,,parent_pool,violated,unknown,0.0,train,audited_v3_bounded
66333,140001,7678,valueType,,parent_pool,unknown,unknown,0.05484246541096135,train,audited_v3_bounded
29811,30184,367,conflictWith,,parent_pool,satisfied,satisfied,0.012158759607739199,val,audited_v3_bounded
29811,30184,0,conflictWith,,parent_pool,violated,satisfied,0.0,val,audited_v3_bounded
29811,30184,0,conflictWith,,parent_pool,unknown,satisfied,0.0,val,audited_v3_bounded
29811,30184,23013,conflictWith,0.7719633692261246,parent_pool,satisfied,violated,0.7624238006891068,val,audited_v3_bounded
29811,30184,6798,conflictWith,0.22803663077387543,parent_pool,violated,violated,0.22521865889212828,val,audited_v3_bounded
29811,30184,0,conflictWith,0.0,parent_pool,unknown,violated,0.0,val,audited_v3_bounded
29811,30184,0,conflictWith,,parent_pool,satisfied,unknown,0.0,val,audited_v3_bounded
29811,30184,0,conflictWith,,parent_pool,violated,unknown,0.0,val,audited_v3_bounded
29811,30184,6,conflictWith,,parent_pool,unknown,unknown,0.00019878081102570898,val,audited_v3_bounded
68448,68461,7,distinct,,parent_pool,satisfied,satisfied,0.00010224799520895108,val,audited_v3_bounded
68448,68461,0,distinct,,parent_pool,violated,satisfied,0.0,val,audited_v3_bounded
68448,68461,0,distinct,,parent_pool,unknown,satisfied,0.0,val,audited_v3_bounded
68448,68461,68153,distinct,0.9956901589527817,parent_pool,satisfied,violated,0.9955010882108062,val,audited_v3_bounded
68448,68461,295,distinct,0.0043098410472183265,parent_pool,violated,violated,0.004309022655234367,val,audited_v3_bounded
68448,68461,0,distinct,0.0,parent_pool,unknown,violated,0.0,val,audited_v3_bounded
68448,68461,0,distinct,,parent_pool,satisfied,unknown,0.0,val,audited_v3_bounded
68448,68461,0,distinct,,parent_pool,violated,unknown,0.0,val,audited_v3_bounded
68448,68461,6,distinct,,parent_pool,unknown,unknown,8.76411387505295e-05,val,audited_v3_bounded
20958,21015,51,inverse,,parent_pool,satisfied,satisfied,0.0024268379728765166,val,audited_v3_bounded
20958,21015,0,inverse,,parent_pool,violated,satisfied,0.0,val,audited_v3_bounded
20958,21015,0,inverse,,parent_pool,unknown,satisfied,0.0,val,audited_v3_bounded
20958,21015,18691,inverse,0.8918312816108407,parent_pool,satisfied,violated,0.8894123245300976,val,audited_v3_bounded
20958,21015,2,inverse,9.542895314438401e-05,parent_pool,violated,violated,9.517011658339281e-05,val,audited_v3_bounded
20958,21015,2265,inverse,0.1080732894360149,parent_pool,unknown,violated,0.10778015703069237,val,audited_v3_bounded
20958,21015,0,inverse,,parent_pool,satisfied,unknown,0.0,val,audited_v3_bounded
20958,21015,0,inverse,,parent_pool,violated,unknown,0.0,val,audited_v3_bounded
20958,21015,6,inverse,,parent_pool,unknown,unknown,0.00028551034975017847,val,audited_v3_bounded
25259,30000,4740,itemRequiresStatement,,parent_pool,satisfied,satisfied,0.158,val,audited_v3_bounded
25259,30000,0,itemRequiresStatement,,parent_pool,violated,satisfied,0.0,val,audited_v3_bounded
25259,30000,0,itemRequiresStatement,,parent_pool,unknown,satisfied,0.0,val,audited_v3_bounded
25259,30000,25004,itemRequiresStatement,0.9899045884635179,parent_pool,satisfied,violated,0.8334666666666667,val,audited_v3_bounded
25259,30000,255,itemRequiresStatement,0.010095411536482047,parent_pool,violated,violated,0.0085,val,audited_v3_bounded
25259,30000,0,itemRequiresStatement,0.0,parent_pool,unknown,violated,0.0,val,audited_v3_bounded
25259,30000,0,itemRequiresStatement,,parent_pool,satisfied,unknown,0.0,val,audited_v3_bounded
25259,30000,0,itemRequiresStatement,,parent_pool,violated,unknown,0.0,val,audited_v3_bounded
25259,30000,1,itemRequiresStatement,,parent_pool,unknown,unknown,3.3333333333333335e-05,val,audited_v3_bounded
467,2057,0,oneOf,,parent_pool,satisfied,satisfied,0.0,val,audited_v3_bounded
467,2057,0,oneOf,,parent_pool,violated,satisfied,0.0,val,audited_v3_bounded
467,2057,0,oneOf,,parent_pool,unknown,satisfied,0.0,val,audited_v3_bounded
467,2057,448,oneOf,0.9593147751605996,parent_pool,satisfied,violated,0.2177929022848809,val,audited_v3_bounded
467,2057,19,oneOf,0.04068522483940043,parent_pool,violated,violated,0.009236752552260573,val,audited_v3_bounded
467,2057,0,oneOf,0.0,parent_pool,unknown,violated,0.0,val,audited_v3_bounded
467,2057,0,oneOf,,parent_pool,satisfied,unknown,0.0,val,audited_v3_bounded
467,2057,0,oneOf,,parent_pool,violated,unknown,0.0,val,audited_v3_bounded
467,2057,1590,oneOf,,parent_pool,unknown,unknown,0.7729703451628586,val,audited_v3_bounded
25108,35917,2200,single,,parent_pool,satisfied,satisfied,0.06125233176490241,val,audited_v3_bounded
25108,35917,0,single,,parent_pool,violated,satisfied,0.0,val,audited_v3_bounded
25108,35917,0,single,,parent_pool,unknown,satisfied,0.0,val,audited_v3_bounded
25108,35917,15924,single,0.6342201688704795,parent_pool,satisfied,violated,0.4433555141019573,val,audited_v3_bounded
25108,35917,9184,single,0.36577983112952045,parent_pool,violated,violated,0.25570064314948354,val,audited_v3_bounded
25108,35917,0,single,0.0,parent_pool,unknown,violated,0.0,val,audited_v3_bounded
25108,35917,0,single,,parent_pool,satisfied,unknown,0.0,val,audited_v3_bounded
25108,35917,0,single,,parent_pool,violated,unknown,0.0,val,audited_v3_bounded
25108,35917,8609,single,,parent_pool,unknown,unknown,0.23969151098365676,val,audited_v3_bounded
8982,8985,2,symmetric,,parent_pool,satisfied,satisfied,0.00022259321090706732,val,audited_v3_bounded
8982,8985,0,symmetric,,parent_pool,violated,satisfied,0.0,val,audited_v3_bounded
8982,8985,1,symmetric,,parent_pool,unknown,satisfied,0.00011129660545353366,val,audited_v3_bounded
8982,8985,3078,symmetric,0.342685370741483,parent_pool,satisfied,violated,0.3425709515859766,val,audited_v3_bounded
8982,8985,0,symmetric,0.0,parent_pool,violated,violated,0.0,val,audited_v3_bounded
8982,8985,5904,symmetric,0.657314629258517,parent_pool,unknown,violated,0.6570951585976628,val,audited_v3_bounded
8982,8985,0,symmetric,,parent_pool,satisfied,unknown,0.0,val,audited_v3_bounded
8982,8985,0,symmetric,,parent_pool,violated,unknown,0.0,val,audited_v3_bounded
8982,8985,0,symmetric,,parent_pool,unknown,unknown,0.0,val,audited_v3_bounded
20385,30000,8784,type,,parent_pool,satisfied,satisfied,0.2928,val,audited_v3_bounded
20385,30000,0,type,,parent_pool,violated,satisfied,0.0,val,audited_v3_bounded
20385,30000,0,type,,parent_pool,unknown,satisfied,0.0,val,audited_v3_bounded
20385,30000,19260,type,0.9448123620309051,parent_pool,satisfied,violated,0.642,val,audited_v3_bounded
20385,30000,667,type,0.032720137355898946,parent_pool,violated,violated,0.022233333333333334,val,audited_v3_bounded
20385,30000,458,type,0.022467500613195978,parent_pool,unknown,violated,0.015266666666666666,val,audited_v3_bounded
20385,30000,608,type,,parent_pool,satisfied,unknown,0.020266666666666665,val,audited_v3_bounded
20385,30000,0,type,,parent_pool,violated,unknown,0.0,val,audited_v3_bounded
20385,30000,223,type,,parent_pool,unknown,unknown,0.0074333333333333335,val,audited_v3_bounded
16275,30000,8909,valueRequiresStatement,,parent_pool,satisfied,satisfied,0.29696666666666666,val,audited_v3_bounded
16275,30000,0,valueRequiresStatement,,parent_pool,violated,satisfied,0.0,val,audited_v3_bounded
16275,30000,16,valueRequiresStatement,,parent_pool,unknown,satisfied,0.0005333333333333334,val,audited_v3_bounded
16275,30000,13763,valueRequiresStatement,0.845652841781874,parent_pool,satisfied,violated,0.45876666666666666,val,audited_v3_bounded
16275,30000,1,valueRequiresStatement,6.144393241167435e-05,parent_pool,violated,violated,3.3333333333333335e-05,val,audited_v3_bounded
16275,30000,2511,valueRequiresStatement,0.15428571428571428,parent_pool,unknown,violated,0.0837,val,audited_v3_bounded
16275,30000,0,valueRequiresStatement,,parent_pool,satisfied,unknown,0.0,val,audited_v3_bounded
16275,30000,0,valueRequiresStatement,,parent_pool,violated,unknown,0.0,val,audited_v3_bounded
16275,30000,4800,valueRequiresStatement,,parent_pool,unknown,unknown,0.16,val,audited_v3_bounded
14279,30000,13440,valueType,,parent_pool,satisfied,satisfied,0.448,val,audited_v3_bounded
14279,30000,0,valueType,,parent_pool,violated,satisfied,0.0,val,audited_v3_bounded
14279,30000,12,valueType,,parent_pool,unknown,satisfied,0.0004,val,audited_v3_bounded
14279,30000,11343,valueType,0.7943833601792842,parent_pool,satisfied,violated,0.3781,val,audited_v3_bounded
14279,30000,12,valueType,0.0008403949856432523,parent_pool,violated,violated,0.0004,val,audited_v3_bounded
14279,30000,2924,valueType,0.20477624483507248,parent_pool,unknown,violated,0.09746666666666666,val,audited_v3_bounded
14279,30000,643,valueType,,parent_pool,satisfied,unknown,0.021433333333333332,val,audited_v3_bounded
14279,30000,0,valueType,,parent_pool,violated,unknown,0.0,val,audited_v3_bounded
14279,30000,1626,valueType,,parent_pool,unknown,unknown,0.0542,val,audited_v3_bounded
594735,955405,94538,overall,,existing_sample,satisfied,satisfied,0.09895070676833385,overall,checked_out_bounded
594735,955405,160,overall,,existing_sample,violated,satisfied,0.00016746824645045818,overall,checked_out_bounded
594735,955405,0,overall,,existing_sample,unknown,satisfied,0.0,overall,checked_out_bounded
594735,955405,321199,overall,0.5400707878298738,existing_sample,satisfied,violated,0.33619145807275447,overall,checked_out_bounded
594735,955405,273536,overall,0.45992921217012617,existing_sample,violated,violated,0.2863037141317033,overall,checked_out_bounded
594735,955405,0,overall,0.0,existing_sample,unknown,violated,0.0,overall,checked_out_bounded
594735,955405,7401,overall,,existing_sample,satisfied,unknown,0.007746453074874007,overall,checked_out_bounded
594735,955405,2497,overall,,existing_sample,violated,unknown,0.002613551321167463,overall,checked_out_bounded
594735,955405,256074,overall,,existing_sample,unknown,unknown,0.2680266483847164,overall,checked_out_bounded
89158,143316,14295,overall,,existing_sample,satisfied,satisfied,0.09974462027966173,test,checked_out_bounded
89158,143316,24,overall,,existing_sample,violated,satisfied,0.0001674621116972285,test,checked_out_bounded
89158,143316,0,overall,,existing_sample,unknown,satisfied,0.0,test,checked_out_bounded
89158,143316,48117,overall,0.5396823616501043,existing_sample,satisfied,violated,0.33574060118898097,test,checked_out_bounded
89158,143316,41041,overall,0.4603176383498957,existing_sample,violated,violated,0.2863671885902481,test,checked_out_bounded
89158,143316,0,overall,0.0,existing_sample,unknown,violated,0.0,test,checked_out_bounded
89158,143316,1075,overall,,existing_sample,satisfied,unknown,0.00750090708643836,test,checked_out_bounded
89158,143316,369,overall,,existing_sample,violated,unknown,0.002574729967344888,test,checked_out_bounded
89158,143316,38395,overall,,existing_sample,unknown,unknown,0.26790449077562867,test,checked_out_bounded
416325,668779,66157,overall,,existing_sample,satisfied,satisfied,0.09892206543566709,train,checked_out_bounded
416325,668779,117,overall,,existing_sample,violated,satisfied,0.00017494568459835012,train,checked_out_bounded
416325,668779,0,overall,,existing_sample,unknown,satisfied,0.0,train,checked_out_bounded
416325,668779,224774,overall,0.539900318260974,existing_sample,satisfied,violated,0.3360960795718765,train,checked_out_bounded
416325,668779,191551,overall,0.460099681739026,existing_sample,violated,violated,0.2864189814572527,train,checked_out_bounded
416325,668779,0,overall,0.0,existing_sample,unknown,violated,0.0,train,checked_out_bounded
416325,668779,5166,overall,,existing_sample,satisfied,unknown,0.007724524843034844,train,checked_out_bounded
416325,668779,1733,overall,,existing_sample,violated,unknown,0.002591289499221716,train,checked_out_bounded
416325,668779,179281,overall,,existing_sample,unknown,unknown,0.2680721135083488,train,checked_out_bounded
89252,143310,14086,overall,,existing_sample,satisfied,satisfied,0.09829041937059521,val,checked_out_bounded
89252,143310,19,overall,,existing_sample,violated,satisfied,0.00013257972228037122,val,checked_out_bounded
89252,143310,0,overall,,existing_sample,unknown,satisfied,0.0,val,checked_out_bounded
89252,143310,48308,overall,0.5412539775019047,existing_sample,satisfied,violated,0.3370874328379038,val,checked_out_bounded
89252,143310,40944,overall,0.45874602249809526,existing_sample,violated,violated,0.28570232363408,val,checked_out_bounded
89252,143310,0,overall,0.0,existing_sample,unknown,violated,0.0,val,checked_out_bounded
89252,143310,1160,overall,,existing_sample,satisfied,unknown,0.008094340939222663,val,checked_out_bounded
89252,143310,395,overall,,existing_sample,violated,unknown,0.0027562626474077175,val,checked_out_bounded
89252,143310,38398,overall,,existing_sample,unknown,unknown,0.2679366408485102,val,checked_out_bounded
98641,100612,940,conflictWith,,existing_sample,satisfied,satisfied,0.009342821929789687,overall,checked_out_bounded
98641,100612,47,conflictWith,,existing_sample,violated,satisfied,0.00046714109648948434,overall,checked_out_bounded
98641,100612,0,conflictWith,,existing_sample,unknown,satisfied,0.0,overall,checked_out_bounded
98641,100612,55331,conflictWith,0.5609330805648767,existing_sample,satisfied,violated,0.549944340635312,overall,checked_out_bounded
98641,100612,43310,conflictWith,0.4390669194351233,existing_sample,violated,violated,0.43046555082892696,overall,checked_out_bounded
98641,100612,0,conflictWith,0.0,existing_sample,unknown,violated,0.0,overall,checked_out_bounded
98641,100612,0,conflictWith,,existing_sample,satisfied,unknown,0.0,overall,checked_out_bounded
98641,100612,0,conflictWith,,existing_sample,violated,unknown,0.0,overall,checked_out_bounded
98641,100612,984,conflictWith,,existing_sample,unknown,unknown,0.009780145509481971,overall,checked_out_bounded
228160,228208,22,distinct,,existing_sample,satisfied,satisfied,9.640328121713525e-05,overall,checked_out_bounded
228160,228208,0,distinct,,existing_sample,violated,satisfied,0.0,overall,checked_out_bounded
228160,228208,0,distinct,,existing_sample,unknown,satisfied,0.0,overall,checked_out_bounded
228160,228208,132079,distinct,0.5788876227208977,existing_sample,satisfied,violated,0.5787658627217276,overall,checked_out_bounded
228160,228208,96081,distinct,0.4211123772791024,existing_sample,violated,violated,0.42102380284652596,overall,checked_out_bounded
228160,228208,0,distinct,0.0,existing_sample,unknown,violated,0.0,overall,checked_out_bounded
228160,228208,26,distinct,,existing_sample,satisfied,unknown,0.00011393115052934165,overall,checked_out_bounded
228160,228208,0,distinct,,existing_sample,violated,unknown,0.0,overall,checked_out_bounded
228160,228208,0,distinct,,existing_sample,unknown,unknown,0.0,overall,checked_out_bounded
70146,70361,215,inverse,,existing_sample,satisfied,satisfied,0.003055670044484871,overall,checked_out_bounded
70146,70361,0,inverse,,existing_sample,violated,satisfied,0.0,overall,checked_out_bounded
70146,70361,0,inverse,,existing_sample,unknown,satisfied,0.0,overall,checked_out_bounded
70146,70361,7653,inverse,0.1091010178769994,existing_sample,satisfied,violated,0.10876764116484984,overall,checked_out_bounded
70146,70361,62493,inverse,0.8908989821230006,existing_sample,violated,violated,0.8881766887906652,overall,checked_out_bounded
70146,70361,0,inverse,0.0,existing_sample,unknown,violated,0.0,overall,checked_out_bounded
70146,70361,0,inverse,,existing_sample,satisfied,unknown,0.0,overall,checked_out_bounded
70146,70361,0,inverse,,existing_sample,violated,unknown,0.0,overall,checked_out_bounded
70146,70361,0,inverse,,existing_sample,unknown,unknown,0.0,overall,checked_out_bounded
8741,99999,17579,itemRequiresStatement,,existing_sample,satisfied,satisfied,0.17579175791757917,overall,checked_out_bounded
8741,99999,0,itemRequiresStatement,,existing_sample,violated,satisfied,0.0,overall,checked_out_bounded
8741,99999,0,itemRequiresStatement,,existing_sample,unknown,satisfied,0.0,overall,checked_out_bounded
8741,99999,8616,itemRequiresStatement,0.9856995767074705,existing_sample,satisfied,violated,0.08616086160861608,overall,checked_out_bounded
8741,99999,125,itemRequiresStatement,0.014300423292529459,existing_sample,violated,violated,0.0012500125001250013,overall,checked_out_bounded
8741,99999,0,itemRequiresStatement,0.0,existing_sample,unknown,violated,0.0,overall,checked_out_bounded
8741,99999,1240,itemRequiresStatement,,existing_sample,satisfied,unknown,0.012400124001240012,overall,checked_out_bounded
8741,99999,0,itemRequiresStatement,,existing_sample,violated,unknown,0.0,overall,checked_out_bounded
8741,99999,72439,itemRequiresStatement,,existing_sample,unknown,unknown,0.7243972439724398,overall,checked_out_bounded
6855,6855,0,oneOf,,existing_sample,satisfied,satisfied,0.0,overall,checked_out_bounded
6855,6855,0,oneOf,,existing_sample,violated,satisfied,0.0,overall,checked_out_bounded
6855,6855,0,oneOf,,existing_sample,unknown,satisfied,0.0,overall,checked_out_bounded
6855,6855,6855,oneOf,1.0,existing_sample,satisfied,violated,1.0,overall,checked_out_bounded
6855,6855,0,oneOf,0.0,existing_sample,violated,violated,0.0,overall,checked_out_bounded
6855,6855,0,oneOf,0.0,existing_sample,unknown,violated,0.0,overall,checked_out_bounded
6855,6855,0,oneOf,,existing_sample,satisfied,unknown,0.0,overall,checked_out_bounded
6855,6855,0,oneOf,,existing_sample,violated,unknown,0.0,overall,checked_out_bounded
6855,6855,0,oneOf,,existing_sample,unknown,unknown,0.0,overall,checked_out_bounded
109733,119723,9877,single,,existing_sample,satisfied,satisfied,0.08249876798944229,overall,checked_out_bounded
109733,119723,113,single,,existing_sample,violated,satisfied,0.0009438453764105477,overall,checked_out_bounded
109733,119723,0,single,,existing_sample,unknown,satisfied,0.0,overall,checked_out_bounded
109733,119723,66142,single,0.6027539573327987,existing_sample,satisfied,violated,0.5524585919163402,overall,checked_out_bounded
109733,119723,43591,single,0.3972460426672013,existing_sample,violated,violated,0.36409879471780693,overall,checked_out_bounded
109733,119723,0,single,0.0,existing_sample,unknown,violated,0.0,overall,checked_out_bounded
109733,119723,0,single,,existing_sample,satisfied,unknown,0.0,overall,checked_out_bounded
109733,119723,0,single,,existing_sample,violated,unknown,0.0,overall,checked_out_bounded
109733,119723,0,single,,existing_sample,unknown,unknown,0.0,overall,checked_out_bounded
29625,29642,17,symmetric,,existing_sample,satisfied,satisfied,0.0005735105593414749,overall,checked_out_bounded
29625,29642,0,symmetric,,existing_sample,violated,satisfied,0.0,overall,checked_out_bounded
29625,29642,0,symmetric,,existing_sample,unknown,satisfied,0.0,overall,checked_out_bounded
29625,29642,29625,symmetric,1.0,existing_sample,satisfied,violated,0.9994264894406585,overall,checked_out_bounded
29625,29642,0,symmetric,0.0,existing_sample,violated,violated,0.0,overall,checked_out_bounded
29625,29642,0,symmetric,0.0,existing_sample,unknown,violated,0.0,overall,checked_out_bounded
29625,29642,0,symmetric,,existing_sample,satisfied,unknown,0.0,overall,checked_out_bounded
29625,29642,0,symmetric,,existing_sample,violated,unknown,0.0,overall,checked_out_bounded
29625,29642,0,symmetric,,existing_sample,unknown,unknown,0.0,overall,checked_out_bounded
2255,100003,12454,type,,existing_sample,satisfied,satisfied,0.12453626391208264,overall,checked_out_bounded
2255,100003,0,type,,existing_sample,violated,satisfied,0.0,overall,checked_out_bounded
2255,100003,0,type,,existing_sample,unknown,satisfied,0.0,overall,checked_out_bounded
2255,100003,901,type,0.39955654101995564,existing_sample,satisfied,violated,0.009009729708108757,overall,checked_out_bounded
2255,100003,1354,type,0.6004434589800444,existing_sample,violated,violated,0.013539593812185634,overall,checked_out_bounded
2255,100003,0,type,0.0,existing_sample,unknown,violated,0.0,overall,checked_out_bounded
2255,100003,3837,type,,existing_sample,satisfied,unknown,0.03836884893453196,overall,checked_out_bounded
2255,100003,2412,type,,existing_sample,violated,unknown,0.024119276421707348,overall,checked_out_bounded
2255,100003,79045,type,,existing_sample,unknown,unknown,0.7904262872113836,overall,checked_out_bounded
12113,100002,46508,valueRequiresStatement,,existing_sample,satisfied,satisfied,0.4650706985860283,overall,checked_out_bounded
12113,100002,0,valueRequiresStatement,,existing_sample,violated,satisfied,0.0,overall,checked_out_bounded
12113,100002,0,valueRequiresStatement,,existing_sample,unknown,satisfied,0.0,overall,checked_out_bounded
12113,100002,12113,valueRequiresStatement,1.0,existing_sample,satisfied,violated,0.12112757744845103,overall,checked_out_bounded
12113,100002,0,valueRequiresStatement,0.0,existing_sample,violated,violated,0.0,overall,checked_out_bounded
12113,100002,0,valueRequiresStatement,0.0,existing_sample,unknown,violated,0.0,overall,checked_out_bounded
12113,100002,1795,valueRequiresStatement,,existing_sample,satisfied,unknown,0.017949641007179856,overall,checked_out_bounded
12113,100002,0,valueRequiresStatement,,existing_sample,violated,unknown,0.0,overall,checked_out_bounded
12113,100002,39586,valueRequiresStatement,,existing_sample,unknown,unknown,0.39585208295834085,overall,checked_out_bounded
28466,100000,6926,valueType,,existing_sample,satisfied,satisfied,0.06926,overall,checked_out_bounded
28466,100000,0,valueType,,existing_sample,violated,satisfied,0.0,overall,checked_out_bounded
28466,100000,0,valueType,,existing_sample,unknown,satisfied,0.0,overall,checked_out_bounded
28466,100000,1884,valueType,0.06618421977095483,existing_sample,satisfied,violated,0.01884,overall,checked_out_bounded
28466,100000,26582,valueType,0.9338157802290452,existing_sample,violated,violated,0.26582,overall,checked_out_bounded
28466,100000,0,valueType,0.0,existing_sample,unknown,violated,0.0,overall,checked_out_bounded
28466,100000,503,valueType,,existing_sample,satisfied,unknown,0.00503,overall,checked_out_bounded
28466,100000,85,valueType,,existing_sample,violated,unknown,0.00085,overall,checked_out_bounded
28466,100000,64020,valueType,,existing_sample,unknown,unknown,0.6402,overall,checked_out_bounded
14812,15093,123,conflictWith,,existing_sample,satisfied,satisfied,0.008149473265752336,test,checked_out_bounded
14812,15093,10,conflictWith,,existing_sample,violated,satisfied,0.0006625588020936858,test,checked_out_bounded
14812,15093,0,conflictWith,,existing_sample,unknown,satisfied,0.0,test,checked_out_bounded
14812,15093,8362,conflictWith,0.5645422630299757,existing_sample,satisfied,violated,0.5540316703107401,test,checked_out_bounded
14812,15093,6450,conflictWith,0.4354577369700243,existing_sample,violated,violated,0.42735042735042733,test,checked_out_bounded
14812,15093,0,conflictWith,0.0,existing_sample,unknown,violated,0.0,test,checked_out_bounded
14812,15093,0,conflictWith,,existing_sample,satisfied,unknown,0.0,test,checked_out_bounded
14812,15093,0,conflictWith,,existing_sample,violated,unknown,0.0,test,checked_out_bounded
14812,15093,148,conflictWith,,existing_sample,unknown,unknown,0.00980587027098655,test,checked_out_bounded
34223,34232,5,distinct,,existing_sample,satisfied,satisfied,0.00014606216405702266,test,checked_out_bounded
34223,34232,0,distinct,,existing_sample,violated,satisfied,0.0,test,checked_out_bounded
34223,34232,0,distinct,,existing_sample,unknown,satisfied,0.0,test,checked_out_bounded
34223,34232,19763,distinct,0.577477135259913,existing_sample,satisfied,violated,0.5773253096517879,test,checked_out_bounded
34223,34232,14460,distinct,0.4225228647400871,existing_sample,violated,violated,0.42241177845290956,test,checked_out_bounded
34223,34232,0,distinct,0.0,existing_sample,unknown,violated,0.0,test,checked_out_bounded
34223,34232,4,distinct,,existing_sample,satisfied,unknown,0.00011684973124561814,test,checked_out_bounded
34223,34232,0,distinct,,existing_sample,violated,unknown,0.0,test,checked_out_bounded
34223,34232,0,distinct,,existing_sample,unknown,unknown,0.0,test,checked_out_bounded
10547,10585,38,inverse,,existing_sample,satisfied,satisfied,0.0035899858290033065,test,checked_out_bounded
10547,10585,0,inverse,,existing_sample,violated,satisfied,0.0,test,checked_out_bounded
10547,10585,0,inverse,,existing_sample,unknown,satisfied,0.0,test,checked_out_bounded
10547,10585,1135,inverse,0.10761353939508865,existing_sample,satisfied,violated,0.10722720831365139,test,checked_out_bounded
10547,10585,9412,inverse,0.8923864606049113,existing_sample,violated,violated,0.8891828058573453,test,checked_out_bounded
10547,10585,0,inverse,0.0,existing_sample,unknown,violated,0.0,test,checked_out_bounded
10547,10585,0,inverse,,existing_sample,satisfied,unknown,0.0,test,checked_out_bounded
10547,10585,0,inverse,,existing_sample,violated,unknown,0.0,test,checked_out_bounded
10547,10585,0,inverse,,existing_sample,unknown,unknown,0.0,test,checked_out_bounded
1282,15000,2627,itemRequiresStatement,,existing_sample,satisfied,satisfied,0.17513333333333334,test,checked_out_bounded
1282,15000,0,itemRequiresStatement,,existing_sample,violated,satisfied,0.0,test,checked_out_bounded
1282,15000,0,itemRequiresStatement,,existing_sample,unknown,satisfied,0.0,test,checked_out_bounded
1282,15000,1267,itemRequiresStatement,0.9882995319812793,existing_sample,satisfied,violated,0.08446666666666666,test,checked_out_bounded
1282,15000,15,itemRequiresStatement,0.01170046801872075,existing_sample,violated,violated,0.001,test,checked_out_bounded
1282,15000,0,itemRequiresStatement,0.0,existing_sample,unknown,violated,0.0,test,checked_out_bounded
1282,15000,197,itemRequiresStatement,,existing_sample,satisfied,unknown,0.013133333333333334,test,checked_out_bounded
1282,15000,0,itemRequiresStatement,,existing_sample,violated,unknown,0.0,test,checked_out_bounded
1282,15000,10894,itemRequiresStatement,,existing_sample,unknown,unknown,0.7262666666666666,test,checked_out_bounded
1028,1028,0,oneOf,,existing_sample,satisfied,satisfied,0.0,test,checked_out_bounded
1028,1028,0,oneOf,,existing_sample,violated,satisfied,0.0,test,checked_out_bounded
1028,1028,0,oneOf,,existing_sample,unknown,satisfied,0.0,test,checked_out_bounded
1028,1028,1028,oneOf,1.0,existing_sample,satisfied,violated,1.0,test,checked_out_bounded
1028,1028,0,oneOf,0.0,existing_sample,violated,violated,0.0,test,checked_out_bounded
1028,1028,0,oneOf,0.0,existing_sample,unknown,violated,0.0,test,checked_out_bounded
1028,1028,0,oneOf,,existing_sample,satisfied,unknown,0.0,test,checked_out_bounded
1028,1028,0,oneOf,,existing_sample,violated,unknown,0.0,test,checked_out_bounded
1028,1028,0,oneOf,,existing_sample,unknown,unknown,0.0,test,checked_out_bounded
16399,17958,1545,single,,existing_sample,satisfied,satisfied,0.08603407951887738,test,checked_out_bounded
16399,17958,14,single,,existing_sample,violated,satisfied,0.000779596837064261,test,checked_out_bounded
16399,17958,0,single,,existing_sample,unknown,satisfied,0.0,test,checked_out_bounded
16399,17958,9908,single,0.6041831819013355,existing_sample,satisfied,violated,0.5517318186880499,test,checked_out_bounded
16399,17958,6491,single,0.39581681809866454,existing_sample,violated,violated,0.36145450495600845,test,checked_out_bounded
16399,17958,0,single,0.0,existing_sample,unknown,violated,0.0,test,checked_out_bounded
16399,17958,0,single,,existing_sample,satisfied,unknown,0.0,test,checked_out_bounded
16399,17958,0,single,,existing_sample,violated,unknown,0.0,test,checked_out_bounded
16399,17958,0,single,,existing_sample,unknown,unknown,0.0,test,checked_out_bounded
4412,4416,4,symmetric,,existing_sample,satisfied,satisfied,0.0009057971014492754,test,checked_out_bounded
4412,4416,0,symmetric,,existing_sample,violated,satisfied,0.0,test,checked_out_bounded
4412,4416,0,symmetric,,existing_sample,unknown,satisfied,0.0,test,checked_out_bounded
4412,4416,4412,symmetric,1.0,existing_sample,satisfied,violated,0.9990942028985508,test,checked_out_bounded
4412,4416,0,symmetric,0.0,existing_sample,violated,violated,0.0,test,checked_out_bounded
4412,4416,0,symmetric,0.0,existing_sample,unknown,violated,0.0,test,checked_out_bounded
4412,4416,0,symmetric,,existing_sample,satisfied,unknown,0.0,test,checked_out_bounded
4412,4416,0,symmetric,,existing_sample,violated,unknown,0.0,test,checked_out_bounded
4412,4416,0,symmetric,,existing_sample,unknown,unknown,0.0,test,checked_out_bounded
349,15002,1852,type,,existing_sample,satisfied,satisfied,0.12345020663911478,test,checked_out_bounded
349,15002,0,type,,existing_sample,violated,satisfied,0.0,test,checked_out_bounded
349,15002,0,type,,existing_sample,unknown,satisfied,0.0,test,checked_out_bounded
349,15002,143,type,0.40974212034383956,existing_sample,satisfied,violated,0.009532062391681109,test,checked_out_bounded
349,15002,206,type,0.5902578796561605,existing_sample,violated,violated,0.013731502466337822,test,checked_out_bounded
349,15002,0,type,0.0,existing_sample,unknown,violated,0.0,test,checked_out_bounded
349,15002,547,type,,existing_sample,satisfied,unknown,0.036461805092654315,test,checked_out_bounded
349,15002,355,type,,existing_sample,violated,unknown,0.023663511531795762,test,checked_out_bounded
349,15002,11899,type,,existing_sample,unknown,unknown,0.7931609118784162,test,checked_out_bounded
1828,15003,7035,valueRequiresStatement,,existing_sample,satisfied,satisfied,0.46890621875624877,test,checked_out_bounded
1828,15003,0,valueRequiresStatement,,existing_sample,violated,satisfied,0.0,test,checked_out_bounded
1828,15003,0,valueRequiresStatement,,existing_sample,unknown,satisfied,0.0,test,checked_out_bounded
1828,15003,1828,valueRequiresStatement,1.0,existing_sample,satisfied,violated,0.12184229820702526,test,checked_out_bounded
1828,15003,0,valueRequiresStatement,0.0,existing_sample,violated,violated,0.0,test,checked_out_bounded
1828,15003,0,valueRequiresStatement,0.0,existing_sample,unknown,violated,0.0,test,checked_out_bounded
1828,15003,255,valueRequiresStatement,,existing_sample,satisfied,unknown,0.016996600679864027,test,checked_out_bounded
1828,15003,0,valueRequiresStatement,,existing_sample,violated,unknown,0.0,test,checked_out_bounded
1828,15003,5885,valueRequiresStatement,,existing_sample,unknown,unknown,0.39225488235686196,test,checked_out_bounded
4278,14999,1066,valueType,,existing_sample,satisfied,satisfied,0.07107140476031736,test,checked_out_bounded
4278,14999,0,valueType,,existing_sample,violated,satisfied,0.0,test,checked_out_bounded
4278,14999,0,valueType,,existing_sample,unknown,satisfied,0.0,test,checked_out_bounded
4278,14999,271,valueType,0.06334735857877513,existing_sample,satisfied,violated,0.01806787119141276,test,checked_out_bounded
4278,14999,4007,valueType,0.9366526414212248,existing_sample,violated,violated,0.26715114340956064,test,checked_out_bounded
4278,14999,0,valueType,0.0,existing_sample,unknown,violated,0.0,test,checked_out_bounded
4278,14999,72,valueType,,existing_sample,satisfied,unknown,0.004800320021334755,test,checked_out_bounded
4278,14999,14,valueType,,existing_sample,violated,unknown,0.0009333955597039803,test,checked_out_bounded
4278,14999,9569,valueType,,existing_sample,unknown,unknown,0.6379758650576706,test,checked_out_bounded
69023,70427,675,conflictWith,,existing_sample,satisfied,satisfied,0.00958439234952504,train,checked_out_bounded
69023,70427,32,conflictWith,,existing_sample,violated,satisfied,0.00045437119286637225,train,checked_out_bounded
69023,70427,0,conflictWith,,existing_sample,unknown,satisfied,0.0,train,checked_out_bounded
69023,70427,38610,conflictWith,0.5593787578053693,existing_sample,satisfied,violated,0.5482272423928323,train,checked_out_bounded
69023,70427,30413,conflictWith,0.4406212421946308,existing_sample,violated,violated,0.43183722152015563,train,checked_out_bounded
69023,70427,0,conflictWith,0.0,existing_sample,unknown,violated,0.0,train,checked_out_bounded
69023,70427,0,conflictWith,,existing_sample,satisfied,unknown,0.0,train,checked_out_bounded
69023,70427,0,conflictWith,,existing_sample,violated,unknown,0.0,train,checked_out_bounded
69023,70427,697,conflictWith,,existing_sample,unknown,unknown,0.009896772544620671,train,checked_out_bounded
159708,159743,16,distinct,,existing_sample,satisfied,satisfied,0.00010016088341899176,train,checked_out_bounded
159708,159743,0,distinct,,existing_sample,violated,satisfied,0.0,train,checked_out_bounded
159708,159743,0,distinct,,existing_sample,unknown,satisfied,0.0,train,checked_out_bounded
159708,159743,92538,distinct,0.5794199413930423,existing_sample,satisfied,violated,0.5792929893641662,train,checked_out_bounded
159708,159743,67170,distinct,0.4205800586069577,existing_sample,violated,violated,0.4204879087033548,train,checked_out_bounded
159708,159743,0,distinct,0.0,existing_sample,unknown,violated,0.0,train,checked_out_bounded
159708,159743,19,distinct,,existing_sample,satisfied,unknown,0.0001189410490600527,train,checked_out_bounded
159708,159743,0,distinct,,existing_sample,violated,unknown,0.0,train,checked_out_bounded
159708,159743,0,distinct,,existing_sample,unknown,unknown,0.0,train,checked_out_bounded
49102,49257,155,inverse,,existing_sample,satisfied,satisfied,0.003146760866475831,train,checked_out_bounded
49102,49257,0,inverse,,existing_sample,violated,satisfied,0.0,train,checked_out_bounded
49102,49257,0,inverse,,existing_sample,unknown,satisfied,0.0,train,checked_out_bounded
49102,49257,5394,inverse,0.10985295914626696,existing_sample,satisfied,violated,0.10950727815335891,train,checked_out_bounded
49102,49257,43708,inverse,0.8901470408537331,existing_sample,violated,violated,0.8873459609801653,train,checked_out_bounded
49102,49257,0,inverse,0.0,existing_sample,unknown,violated,0.0,train,checked_out_bounded
49102,49257,0,inverse,,existing_sample,satisfied,unknown,0.0,train,checked_out_bounded
49102,49257,0,inverse,,existing_sample,violated,unknown,0.0,train,checked_out_bounded
49102,49257,0,inverse,,existing_sample,unknown,unknown,0.0,train,checked_out_bounded
6177,70001,12305,itemRequiresStatement,,existing_sample,satisfied,satisfied,0.1757832030970986,train,checked_out_bounded
6177,70001,0,itemRequiresStatement,,existing_sample,violated,satisfied,0.0,train,checked_out_bounded
6177,70001,0,itemRequiresStatement,,existing_sample,unknown,satisfied,0.0,train,checked_out_bounded
6177,70001,6080,itemRequiresStatement,0.984296584102315,existing_sample,satisfied,violated,0.08685590205854202,train,checked_out_bounded
6177,70001,97,itemRequiresStatement,0.01570341589768496,existing_sample,violated,violated,0.001385694490078713,train,checked_out_bounded
6177,70001,0,itemRequiresStatement,0.0,existing_sample,unknown,violated,0.0,train,checked_out_bounded
6177,70001,840,itemRequiresStatement,,existing_sample,satisfied,unknown,0.011999828573877516,train,checked_out_bounded
6177,70001,0,itemRequiresStatement,,existing_sample,violated,unknown,0.0,train,checked_out_bounded
6177,70001,50679,itemRequiresStatement,,existing_sample,unknown,unknown,0.7239753717804032,train,checked_out_bounded
4798,4798,0,oneOf,,existing_sample,satisfied,satisfied,0.0,train,checked_out_bounded
4798,4798,0,oneOf,,existing_sample,violated,satisfied,0.0,train,checked_out_bounded
4798,4798,0,oneOf,,existing_sample,unknown,satisfied,0.0,train,checked_out_bounded
4798,4798,4798,oneOf,1.0,existing_sample,satisfied,violated,1.0,train,checked_out_bounded
4798,4798,0,oneOf,0.0,existing_sample,violated,violated,0.0,train,checked_out_bounded
4798,4798,0,oneOf,0.0,existing_sample,unknown,violated,0.0,train,checked_out_bounded
4798,4798,0,oneOf,,existing_sample,satisfied,unknown,0.0,train,checked_out_bounded
4798,4798,0,oneOf,,existing_sample,violated,unknown,0.0,train,checked_out_bounded
4798,4798,0,oneOf,,existing_sample,unknown,unknown,0.0,train,checked_out_bounded
76834,83807,6888,single,,existing_sample,satisfied,satisfied,0.08218883864116362,train,checked_out_bounded
76834,83807,85,single,,existing_sample,violated,satisfied,0.0010142350877611656,train,checked_out_bounded
76834,83807,0,single,,existing_sample,unknown,satisfied,0.0,train,checked_out_bounded
76834,83807,46161,single,0.6007887133300361,existing_sample,satisfied,violated,0.5508012457193313,train,checked_out_bounded
76834,83807,30673,single,0.3992112866699638,existing_sample,violated,violated,0.36599568055174386,train,checked_out_bounded
76834,83807,0,single,0.0,existing_sample,unknown,violated,0.0,train,checked_out_bounded
76834,83807,0,single,,existing_sample,satisfied,unknown,0.0,train,checked_out_bounded
76834,83807,0,single,,existing_sample,violated,unknown,0.0,train,checked_out_bounded
76834,83807,0,single,,existing_sample,unknown,unknown,0.0,train,checked_out_bounded
20733,20745,12,symmetric,,existing_sample,satisfied,satisfied,0.0005784526391901663,train,checked_out_bounded
20733,20745,0,symmetric,,existing_sample,violated,satisfied,0.0,train,checked_out_bounded
20733,20745,0,symmetric,,existing_sample,unknown,satisfied,0.0,train,checked_out_bounded
20733,20745,20733,symmetric,1.0,existing_sample,satisfied,violated,0.9994215473608098,train,checked_out_bounded
20733,20745,0,symmetric,0.0,existing_sample,violated,violated,0.0,train,checked_out_bounded
20733,20745,0,symmetric,0.0,existing_sample,unknown,violated,0.0,train,checked_out_bounded
20733,20745,0,symmetric,,existing_sample,satisfied,unknown,0.0,train,checked_out_bounded
20733,20745,0,symmetric,,existing_sample,violated,unknown,0.0,train,checked_out_bounded
20733,20745,0,symmetric,,existing_sample,unknown,unknown,0.0,train,checked_out_bounded
1579,70000,8714,type,,existing_sample,satisfied,satisfied,0.12448571428571428,train,checked_out_bounded
1579,70000,0,type,,existing_sample,violated,satisfied,0.0,train,checked_out_bounded
1579,70000,0,type,,existing_sample,unknown,satisfied,0.0,train,checked_out_bounded
1579,70000,622,type,0.39392020265991134,existing_sample,satisfied,violated,0.008885714285714285,train,checked_out_bounded
1579,70000,957,type,0.6060797973400887,existing_sample,violated,violated,0.013671428571428572,train,checked_out_bounded
1579,70000,0,type,0.0,existing_sample,unknown,violated,0.0,train,checked_out_bounded
1579,70000,2694,type,,existing_sample,satisfied,unknown,0.03848571428571428,train,checked_out_bounded
1579,70000,1674,type,,existing_sample,violated,unknown,0.023914285714285714,train,checked_out_bounded
1579,70000,55339,type,,existing_sample,unknown,unknown,0.7905571428571428,train,checked_out_bounded
8494,70000,32543,valueRequiresStatement,,existing_sample,satisfied,satisfied,0.4649,train,checked_out_bounded
8494,70000,0,valueRequiresStatement,,existing_sample,violated,satisfied,0.0,train,checked_out_bounded
8494,70000,0,valueRequiresStatement,,existing_sample,unknown,satisfied,0.0,train,checked_out_bounded
8494,70000,8494,valueRequiresStatement,1.0,existing_sample,satisfied,violated,0.12134285714285714,train,checked_out_bounded
8494,70000,0,valueRequiresStatement,0.0,existing_sample,violated,violated,0.0,train,checked_out_bounded
8494,70000,0,valueRequiresStatement,0.0,existing_sample,unknown,violated,0.0,train,checked_out_bounded
8494,70000,1270,valueRequiresStatement,,existing_sample,satisfied,unknown,0.01814285714285714,train,checked_out_bounded
8494,70000,0,valueRequiresStatement,,existing_sample,violated,unknown,0.0,train,checked_out_bounded
8494,70000,27693,valueRequiresStatement,,existing_sample,unknown,unknown,0.3956142857142857,train,checked_out_bounded
19877,70001,4849,valueType,,existing_sample,satisfied,satisfied,0.06927043899372866,train,checked_out_bounded
19877,70001,0,valueType,,existing_sample,violated,satisfied,0.0,train,checked_out_bounded
19877,70001,0,valueType,,existing_sample,unknown,satisfied,0.0,train,checked_out_bounded
19877,70001,1344,valueType,0.06761583740001006,existing_sample,satisfied,violated,0.019199725718204025,train,checked_out_bounded
19877,70001,18533,valueType,0.9323841625999899,existing_sample,violated,violated,0.2647533606662762,train,checked_out_bounded
19877,70001,0,valueType,0.0,existing_sample,unknown,violated,0.0,train,checked_out_bounded
19877,70001,343,valueType,,existing_sample,satisfied,unknown,0.004899930000999986,train,checked_out_bounded
19877,70001,59,valueType,,existing_sample,violated,unknown,0.0008428451022128255,train,checked_out_bounded
19877,70001,44873,valueType,,existing_sample,unknown,unknown,0.6410336995185784,train,checked_out_bounded
14806,15092,142,conflictWith,,existing_sample,satisfied,satisfied,0.009408958388550225,val,checked_out_bounded
14806,15092,5,conflictWith,,existing_sample,violated,satisfied,0.00033130135170951496,val,checked_out_bounded
14806,15092,0,conflictWith,,existing_sample,unknown,satisfied,0.0,val,checked_out_bounded
14806,15092,8359,conflictWith,0.5645684182088343,existing_sample,satisfied,violated,0.5538695997879671,val,checked_out_bounded
14806,15092,6447,conflictWith,0.43543158179116576,existing_sample,violated,violated,0.4271799628942486,val,checked_out_bounded
14806,15092,0,conflictWith,0.0,existing_sample,unknown,violated,0.0,val,checked_out_bounded
14806,15092,0,conflictWith,,existing_sample,satisfied,unknown,0.0,val,checked_out_bounded
14806,15092,0,conflictWith,,existing_sample,violated,unknown,0.0,val,checked_out_bounded
14806,15092,139,conflictWith,,existing_sample,unknown,unknown,0.009210177577524516,val,checked_out_bounded
34229,34233,1,distinct,,existing_sample,satisfied,satisfied,2.921157947010195e-05,val,checked_out_bounded
34229,34233,0,distinct,,existing_sample,violated,satisfied,0.0,val,checked_out_bounded
34229,34233,0,distinct,,existing_sample,unknown,satisfied,0.0,val,checked_out_bounded
34229,34233,19778,distinct,0.5778141342136784,existing_sample,satisfied,violated,0.5777466187596764,val,checked_out_bounded
34229,34233,14451,distinct,0.42218586578632156,existing_sample,violated,violated,0.42213653492244324,val,checked_out_bounded
34229,34233,0,distinct,0.0,existing_sample,unknown,violated,0.0,val,checked_out_bounded
34229,34233,3,distinct,,existing_sample,satisfied,unknown,8.763473841030585e-05,val,checked_out_bounded
34229,34233,0,distinct,,existing_sample,violated,unknown,0.0,val,checked_out_bounded
34229,34233,0,distinct,,existing_sample,unknown,unknown,0.0,val,checked_out_bounded
10497,10519,22,inverse,,existing_sample,satisfied,satisfied,0.002091453560224356,val,checked_out_bounded
10497,10519,0,inverse,,existing_sample,violated,satisfied,0.0,val,checked_out_bounded
10497,10519,0,inverse,,existing_sample,unknown,satisfied,0.0,val,checked_out_bounded
10497,10519,1124,inverse,0.10707821282271125,existing_sample,satisfied,violated,0.10685426371328073,val,checked_out_bounded
10497,10519,9373,inverse,0.8929217871772888,existing_sample,violated,violated,0.8910542827264949,val,checked_out_bounded
10497,10519,0,inverse,0.0,existing_sample,unknown,violated,0.0,val,checked_out_bounded
10497,10519,0,inverse,,existing_sample,satisfied,unknown,0.0,val,checked_out_bounded
10497,10519,0,inverse,,existing_sample,violated,unknown,0.0,val,checked_out_bounded
10497,10519,0,inverse,,existing_sample,unknown,unknown,0.0,val,checked_out_bounded
1282,14998,2647,itemRequiresStatement,,existing_sample,satisfied,satisfied,0.1764901986931591,val,checked_out_bounded
1282,14998,0,itemRequiresStatement,,existing_sample,violated,satisfied,0.0,val,checked_out_bounded
1282,14998,0,itemRequiresStatement,,existing_sample,unknown,satisfied,0.0,val,checked_out_bounded
1282,14998,1269,itemRequiresStatement,0.9898595943837754,existing_sample,satisfied,violated,0.08461128150420057,val,checked_out_bounded
1282,14998,13,itemRequiresStatement,0.01014040561622465,existing_sample,violated,violated,0.0008667822376316843,val,checked_out_bounded
1282,14998,0,itemRequiresStatement,0.0,existing_sample,unknown,violated,0.0,val,checked_out_bounded
1282,14998,203,itemRequiresStatement,,existing_sample,satisfied,unknown,0.013535138018402454,val,checked_out_bounded
1282,14998,0,itemRequiresStatement,,existing_sample,violated,unknown,0.0,val,checked_out_bounded
1282,14998,10866,itemRequiresStatement,,existing_sample,unknown,unknown,0.7244965995466062,val,checked_out_bounded
1029,1029,0,oneOf,,existing_sample,satisfied,satisfied,0.0,val,checked_out_bounded
1029,1029,0,oneOf,,existing_sample,violated,satisfied,0.0,val,checked_out_bounded
1029,1029,0,oneOf,,existing_sample,unknown,satisfied,0.0,val,checked_out_bounded
1029,1029,1029,oneOf,1.0,existing_sample,satisfied,violated,1.0,val,checked_out_bounded
1029,1029,0,oneOf,0.0,existing_sample,violated,violated,0.0,val,checked_out_bounded
1029,1029,0,oneOf,0.0,existing_sample,unknown,violated,0.0,val,checked_out_bounded
1029,1029,0,oneOf,,existing_sample,satisfied,unknown,0.0,val,checked_out_bounded
1029,1029,0,oneOf,,existing_sample,violated,unknown,0.0,val,checked_out_bounded
1029,1029,0,oneOf,,existing_sample,unknown,unknown,0.0,val,checked_out_bounded
16500,17958,1444,single,,existing_sample,satisfied,satisfied,0.08040984519434236,val,checked_out_bounded
16500,17958,14,single,,existing_sample,violated,satisfied,0.000779596837064261,val,checked_out_bounded
16500,17958,0,single,,existing_sample,unknown,satisfied,0.0,val,checked_out_bounded
16500,17958,10073,single,0.6104848484848485,existing_sample,satisfied,violated,0.5609199242677358,val,checked_out_bounded
16500,17958,6427,single,0.38951515151515154,existing_sample,violated,violated,0.35789063370085755,val,checked_out_bounded
16500,17958,0,single,0.0,existing_sample,unknown,violated,0.0,val,checked_out_bounded
16500,17958,0,single,,existing_sample,satisfied,unknown,0.0,val,checked_out_bounded
16500,17958,0,single,,existing_sample,violated,unknown,0.0,val,checked_out_bounded
16500,17958,0,single,,existing_sample,unknown,unknown,0.0,val,checked_out_bounded
4480,4481,1,symmetric,,existing_sample,satisfied,satisfied,0.0002231644722160232,val,checked_out_bounded
4480,4481,0,symmetric,,existing_sample,violated,satisfied,0.0,val,checked_out_bounded
4480,4481,0,symmetric,,existing_sample,unknown,satisfied,0.0,val,checked_out_bounded
4480,4481,4480,symmetric,1.0,existing_sample,satisfied,violated,0.999776835527784,val,checked_out_bounded
4480,4481,0,symmetric,0.0,existing_sample,violated,violated,0.0,val,checked_out_bounded
4480,4481,0,symmetric,0.0,existing_sample,unknown,violated,0.0,val,checked_out_bounded
4480,4481,0,symmetric,,existing_sample,satisfied,unknown,0.0,val,checked_out_bounded
4480,4481,0,symmetric,,existing_sample,violated,unknown,0.0,val,checked_out_bounded
4480,4481,0,symmetric,,existing_sample,unknown,unknown,0.0,val,checked_out_bounded
327,15001,1888,type,,existing_sample,satisfied,satisfied,0.12585827611492567,val,checked_out_bounded
327,15001,0,type,,existing_sample,violated,satisfied,0.0,val,checked_out_bounded
327,15001,0,type,,existing_sample,unknown,satisfied,0.0,val,checked_out_bounded
327,15001,136,type,0.41590214067278286,existing_sample,satisfied,violated,0.009066062262515832,val,checked_out_bounded
327,15001,191,type,0.5840978593272171,existing_sample,violated,violated,0.012732484501033264,val,checked_out_bounded
327,15001,0,type,0.0,existing_sample,unknown,violated,0.0,val,checked_out_bounded
327,15001,596,type,,existing_sample,satisfied,unknown,0.03973068462102527,val,checked_out_bounded
327,15001,383,type,,existing_sample,violated,unknown,0.025531631224585027,val,checked_out_bounded
327,15001,11807,type,,existing_sample,unknown,unknown,0.7870808612759149,val,checked_out_bounded
1791,14999,6930,valueRequiresStatement,,existing_sample,satisfied,satisfied,0.46203080205347025,val,checked_out_bounded
1791,14999,0,valueRequiresStatement,,existing_sample,violated,satisfied,0.0,val,checked_out_bounded
1791,14999,0,valueRequiresStatement,,existing_sample,unknown,satisfied,0.0,val,checked_out_bounded
1791,14999,1791,valueRequiresStatement,1.0,existing_sample,satisfied,violated,0.11940796053070205,val,checked_out_bounded
1791,14999,0,valueRequiresStatement,0.0,existing_sample,violated,violated,0.0,val,checked_out_bounded
1791,14999,0,valueRequiresStatement,0.0,existing_sample,unknown,violated,0.0,val,checked_out_bounded
1791,14999,270,valueRequiresStatement,,existing_sample,satisfied,unknown,0.018001200080005334,val,checked_out_bounded
1791,14999,0,valueRequiresStatement,,existing_sample,violated,unknown,0.0,val,checked_out_bounded
1791,14999,6008,valueRequiresStatement,,existing_sample,unknown,unknown,0.4005600373358224,val,checked_out_bounded
4311,15000,1011,valueType,,existing_sample,satisfied,satisfied,0.0674,val,checked_out_bounded
4311,15000,0,valueType,,existing_sample,violated,satisfied,0.0,val,checked_out_bounded
4311,15000,0,valueType,,existing_sample,unknown,satisfied,0.0,val,checked_out_bounded
4311,15000,269,valueType,0.0623985154256553,existing_sample,satisfied,violated,0.017933333333333332,val,checked_out_bounded
4311,15000,4042,valueType,0.9376014845743447,existing_sample,violated,violated,0.2694666666666667,val,checked_out_bounded
4311,15000,0,valueType,0.0,existing_sample,unknown,violated,0.0,val,checked_out_bounded
4311,15000,88,valueType,,existing_sample,satisfied,unknown,0.005866666666666667,val,checked_out_bounded
4311,15000,12,valueType,,existing_sample,violated,unknown,0.0008,val,checked_out_bounded
4311,15000,9578,valueType,,existing_sample,unknown,unknown,0.6385333333333333,val,checked_out_bounded
765772,955405,128933,overall,,existing_sample,satisfied,satisfied,0.1349511463724808,overall,audited_v3_bounded
765772,955405,3,overall,,existing_sample,violated,satisfied,3.140029620946091e-06,overall,audited_v3_bounded
765772,955405,108,overall,,existing_sample,unknown,satisfied,0.00011304106635405927,overall,audited_v3_bounded
765772,955405,661595,overall,0.8639582016579347,existing_sample,satisfied,violated,0.692475965689943,overall,audited_v3_bounded
765772,955405,57462,overall,0.07503800086709882,existing_sample,violated,violated,0.060144127359601424,overall,audited_v3_bounded
765772,955405,46715,overall,0.06100379747496644,existing_sample,unknown,violated,0.04889549458083221,overall,audited_v3_bounded
765772,955405,4099,overall,,existing_sample,satisfied,unknown,0.004290327138752675,overall,audited_v3_bounded
765772,955405,0,overall,,existing_sample,violated,unknown,0.0,overall,audited_v3_bounded
765772,955405,56490,overall,,existing_sample,unknown,unknown,0.05912675776241489,overall,audited_v3_bounded
114796,143316,19433,overall,,existing_sample,satisfied,satisfied,0.1355954673588434,test,audited_v3_bounded
114796,143316,0,overall,,existing_sample,violated,satisfied,0.0,test,audited_v3_bounded
114796,143316,11,overall,,existing_sample,unknown,satisfied,7.675346786122973e-05,test,audited_v3_bounded
114796,143316,99272,overall,0.8647688072755149,existing_sample,satisfied,violated,0.6926791146836362,test,audited_v3_bounded
114796,143316,8560,overall,0.07456705808564758,existing_sample,violated,violated,0.0597281531720115,test,audited_v3_bounded
114796,143316,6964,overall,0.06066413463883759,existing_sample,unknown,violated,0.0485919227441458,test,audited_v3_bounded
114796,143316,610,overall,,existing_sample,satisfied,unknown,0.004256328672304558,test,audited_v3_bounded
114796,143316,0,overall,,existing_sample,violated,unknown,0.0,test,audited_v3_bounded
114796,143316,8466,overall,,existing_sample,unknown,unknown,0.059072259901197355,test,audited_v3_bounded
535950,668779,90263,overall,,existing_sample,satisfied,satisfied,0.13496685751197332,train,audited_v3_bounded
535950,668779,3,overall,,existing_sample,violated,satisfied,4.48578678457308e-06,train,audited_v3_bounded
535950,668779,84,overall,,existing_sample,unknown,satisfied,0.00012560202996804624,train,audited_v3_bounded
535950,668779,462849,overall,0.8636048138818919,existing_sample,satisfied,violated,0.6920806424842886,train,audited_v3_bounded
535950,668779,40364,overall,0.07531299561526261,existing_sample,violated,violated,0.06035476592416927,train,audited_v3_bounded
535950,668779,32737,overall,0.06108219050284541,existing_sample,unknown,violated,0.048950400655522974,train,audited_v3_bounded
535950,668779,2871,overall,,existing_sample,satisfied,unknown,0.004292897952836438,train,audited_v3_bounded
535950,668779,0,overall,,existing_sample,violated,unknown,0.0,train,audited_v3_bounded
535950,668779,39608,overall,,existing_sample,unknown,unknown,0.05922434765445685,train,audited_v3_bounded
115026,143310,19237,overall,,existing_sample,satisfied,satisfied,0.13423347986881584,val,audited_v3_bounded
115026,143310,0,overall,,existing_sample,violated,satisfied,0.0,val,audited_v3_bounded
115026,143310,13,overall,,existing_sample,unknown,satisfied,9.0712441560254e-05,val,audited_v3_bounded
115026,143310,99474,overall,0.8647957853007147,existing_sample,satisfied,violated,0.6941176470588235,val,audited_v3_bounded
115026,143310,8538,overall,0.07422669657294872,existing_sample,violated,violated,0.05957714046472681,val,audited_v3_bounded
115026,143310,7014,overall,0.06097751812633665,existing_sample,unknown,violated,0.04894285116181704,val,audited_v3_bounded
115026,143310,618,overall,,existing_sample,satisfied,unknown,0.004312329914172074,val,audited_v3_bounded
115026,143310,0,overall,,existing_sample,violated,unknown,0.0,val,audited_v3_bounded
115026,143310,8416,overall,,existing_sample,unknown,unknown,0.058725839090084435,val,audited_v3_bounded
99344,100612,1253,conflictWith,,existing_sample,satisfied,satisfied,0.012453782848964338,overall,audited_v3_bounded
99344,100612,3,conflictWith,,existing_sample,violated,satisfied,2.981751679720113e-05,overall,audited_v3_bounded
99344,100612,0,conflictWith,,existing_sample,unknown,satisfied,0.0,overall,audited_v3_bounded
99344,100612,76783,conflictWith,0.7729002254791432,existing_sample,satisfied,violated,0.7631594640798315,overall,audited_v3_bounded
99344,100612,22561,conflictWith,0.22709977452085683,existing_sample,violated,violated,0.2242376654872182,overall,audited_v3_bounded
99344,100612,0,conflictWith,0.0,existing_sample,unknown,violated,0.0,overall,audited_v3_bounded
99344,100612,0,conflictWith,,existing_sample,satisfied,unknown,0.0,overall,audited_v3_bounded
99344,100612,0,conflictWith,,existing_sample,violated,unknown,0.0,overall,audited_v3_bounded
99344,100612,12,conflictWith,,existing_sample,unknown,unknown,0.00011927006718880452,overall,audited_v3_bounded
228164,228208,25,distinct,,existing_sample,satisfied,satisfied,0.00010954918320129005,overall,audited_v3_bounded
228164,228208,0,distinct,,existing_sample,violated,satisfied,0.0,overall,audited_v3_bounded
228164,228208,0,distinct,,existing_sample,unknown,satisfied,0.0,overall,audited_v3_bounded
228164,228208,227209,distinct,0.9958144141932995,existing_sample,satisfied,violated,0.9956224146392765,overall,audited_v3_bounded
228164,228208,955,distinct,0.004185585806700444,existing_sample,violated,violated,0.00418477879828928,overall,audited_v3_bounded
228164,228208,0,distinct,0.0,existing_sample,unknown,violated,0.0,overall,audited_v3_bounded
228164,228208,0,distinct,,existing_sample,satisfied,unknown,0.0,overall,audited_v3_bounded
228164,228208,0,distinct,,existing_sample,violated,unknown,0.0,overall,audited_v3_bounded
228164,228208,19,distinct,,existing_sample,unknown,unknown,8.325737923298043e-05,overall,audited_v3_bounded
70178,70361,165,inverse,,existing_sample,satisfied,satisfied,0.0023450491039069938,overall,audited_v3_bounded
70178,70361,0,inverse,,existing_sample,violated,satisfied,0.0,overall,audited_v3_bounded
70178,70361,5,inverse,,existing_sample,unknown,satisfied,7.10620940577877e-05,overall,audited_v3_bounded
70178,70361,62558,inverse,0.8914189632078429,existing_sample,satisfied,violated,0.8891004960134166,overall,audited_v3_bounded
70178,70361,6,inverse,8.549687936390322e-05,existing_sample,violated,violated,8.527451286934523e-05,overall,audited_v3_bounded
70178,70361,7614,inverse,0.10849553991279318,existing_sample,unknown,violated,0.1082133568311991,overall,audited_v3_bounded
70178,70361,0,inverse,,existing_sample,satisfied,unknown,0.0,overall,audited_v3_bounded
70178,70361,0,inverse,,existing_sample,violated,unknown,0.0,overall,audited_v3_bounded
70178,70361,13,inverse,,existing_sample,unknown,unknown,0.00018476144455024801,overall,audited_v3_bounded
84097,99999,15887,itemRequiresStatement,,existing_sample,satisfied,satisfied,0.15887158871588716,overall,audited_v3_bounded
84097,99999,0,itemRequiresStatement,,existing_sample,violated,satisfied,0.0,overall,audited_v3_bounded
84097,99999,0,itemRequiresStatement,,existing_sample,unknown,satisfied,0.0,overall,audited_v3_bounded
84097,99999,83238,itemRequiresStatement,0.989785604718361,existing_sample,satisfied,violated,0.8323883238832388,overall,audited_v3_bounded
84097,99999,859,itemRequiresStatement,0.01021439528163906,existing_sample,violated,violated,0.008590085900859008,overall,audited_v3_bounded
84097,99999,0,itemRequiresStatement,0.0,existing_sample,unknown,violated,0.0,overall,audited_v3_bounded
84097,99999,0,itemRequiresStatement,,existing_sample,satisfied,unknown,0.0,overall,audited_v3_bounded
84097,99999,0,itemRequiresStatement,,existing_sample,violated,unknown,0.0,overall,audited_v3_bounded
84097,99999,15,itemRequiresStatement,,existing_sample,unknown,unknown,0.00015000150001500014,overall,audited_v3_bounded
1636,6855,0,oneOf,,existing_sample,satisfied,satisfied,0.0,overall,audited_v3_bounded
1636,6855,0,oneOf,,existing_sample,violated,satisfied,0.0,overall,audited_v3_bounded
1636,6855,0,oneOf,,existing_sample,unknown,satisfied,0.0,overall,audited_v3_bounded
1636,6855,1564,oneOf,0.9559902200488998,existing_sample,satisfied,violated,0.22815463165572575,overall,audited_v3_bounded
1636,6855,72,oneOf,0.044009779951100246,existing_sample,violated,violated,0.01050328227571116,overall,audited_v3_bounded
1636,6855,0,oneOf,0.0,existing_sample,unknown,violated,0.0,overall,audited_v3_bounded
1636,6855,0,oneOf,,existing_sample,satisfied,unknown,0.0,overall,audited_v3_bounded
1636,6855,0,oneOf,,existing_sample,violated,unknown,0.0,overall,audited_v3_bounded
1636,6855,5219,oneOf,,existing_sample,unknown,unknown,0.7613420860685631,overall,audited_v3_bounded
83437,119723,7344,single,,existing_sample,satisfied,satisfied,0.06134159685273506,overall,audited_v3_bounded
83437,119723,0,single,,existing_sample,violated,satisfied,0.0,overall,audited_v3_bounded
83437,119723,0,single,,existing_sample,unknown,satisfied,0.0,overall,audited_v3_bounded
83437,119723,52766,single,0.6324052878219495,existing_sample,satisfied,violated,0.4407340277139731,overall,audited_v3_bounded
83437,119723,30671,single,0.3675947121780505,existing_sample,violated,violated,0.2561830224768841,overall,audited_v3_bounded
83437,119723,0,single,0.0,existing_sample,unknown,violated,0.0,overall,audited_v3_bounded
83437,119723,0,single,,existing_sample,satisfied,unknown,0.0,overall,audited_v3_bounded
83437,119723,0,single,,existing_sample,violated,unknown,0.0,overall,audited_v3_bounded
83437,119723,28942,single,,existing_sample,unknown,unknown,0.2417413529564077,overall,audited_v3_bounded
29625,29642,9,symmetric,,existing_sample,satisfied,satisfied,0.0003036232372984279,overall,audited_v3_bounded
29625,29642,0,symmetric,,existing_sample,violated,satisfied,0.0,overall,audited_v3_bounded
29625,29642,0,symmetric,,existing_sample,unknown,satisfied,0.0,overall,audited_v3_bounded
29625,29642,10134,symmetric,0.3420759493670886,existing_sample,satisfied,violated,0.3418797651980298,overall,audited_v3_bounded
29625,29642,0,symmetric,0.0,existing_sample,violated,violated,0.0,overall,audited_v3_bounded
29625,29642,19491,symmetric,0.6579240506329114,existing_sample,unknown,violated,0.6575467242426287,overall,audited_v3_bounded
29625,29642,0,symmetric,,existing_sample,satisfied,unknown,0.0,overall,audited_v3_bounded
29625,29642,0,symmetric,,existing_sample,violated,unknown,0.0,overall,audited_v3_bounded
29625,29642,8,symmetric,,existing_sample,unknown,unknown,0.00026988732204304703,overall,audited_v3_bounded
68181,100003,29226,type,,existing_sample,satisfied,satisfied,0.2922512324630261,overall,audited_v3_bounded
68181,100003,0,type,,existing_sample,violated,satisfied,0.0,overall,audited_v3_bounded
68181,100003,0,type,,existing_sample,unknown,satisfied,0.0,overall,audited_v3_bounded
68181,100003,64196,type,0.9415526319649169,existing_sample,satisfied,violated,0.6419407417777466,overall,audited_v3_bounded
68181,100003,2304,type,0.03379240550886611,existing_sample,violated,violated,0.023039308820735377,overall,audited_v3_bounded
68181,100003,1681,type,0.024654962526216982,existing_sample,unknown,violated,0.016809495715128547,overall,audited_v3_bounded
68181,100003,1911,type,,existing_sample,satisfied,unknown,0.019109426717198483,overall,audited_v3_bounded
68181,100003,0,type,,existing_sample,violated,unknown,0.0,overall,audited_v3_bounded
68181,100003,685,type,,existing_sample,unknown,unknown,0.006849794506164815,overall,audited_v3_bounded
53518,100002,30367,valueRequiresStatement,,existing_sample,satisfied,satisfied,0.3036639267214656,overall,audited_v3_bounded
53518,100002,0,valueRequiresStatement,,existing_sample,violated,satisfied,0.0,overall,audited_v3_bounded
53518,100002,48,valueRequiresStatement,,existing_sample,unknown,satisfied,0.00047999040019199615,overall,audited_v3_bounded
53518,100002,45381,valueRequiresStatement,0.847957696475952,existing_sample,satisfied,violated,0.4538009239815204,overall,audited_v3_bounded
53518,100002,1,valueRequiresStatement,1.8685302141335624e-05,existing_sample,violated,violated,9.99980000399992e-06,overall,audited_v3_bounded
53518,100002,8136,valueRequiresStatement,0.15202361822190666,existing_sample,unknown,violated,0.08135837283254335,overall,audited_v3_bounded
53518,100002,0,valueRequiresStatement,,existing_sample,satisfied,unknown,0.0,overall,audited_v3_bounded
53518,100002,0,valueRequiresStatement,,existing_sample,violated,unknown,0.0,overall,audited_v3_bounded
53518,100002,16069,valueRequiresStatement,,existing_sample,unknown,unknown,0.1606867862642747,overall,audited_v3_bounded
47592,100000,44657,valueType,,existing_sample,satisfied,satisfied,0.44657,overall,audited_v3_bounded
47592,100000,0,valueType,,existing_sample,violated,satisfied,0.0,overall,audited_v3_bounded
47592,100000,55,valueType,,existing_sample,unknown,satisfied,0.00055,overall,audited_v3_bounded
47592,100000,37766,valueType,0.7935367288619937,existing_sample,satisfied,violated,0.37766,overall,audited_v3_bounded
47592,100000,33,valueType,0.0006933938477054968,existing_sample,violated,violated,0.00033,overall,audited_v3_bounded
47592,100000,9793,valueType,0.20576987729030088,existing_sample,unknown,violated,0.09793,overall,audited_v3_bounded
47592,100000,2188,valueType,,existing_sample,satisfied,unknown,0.02188,overall,audited_v3_bounded
47592,100000,0,valueType,,existing_sample,violated,unknown,0.0,overall,audited_v3_bounded
47592,100000,5508,valueType,,existing_sample,unknown,unknown,0.05508,overall,audited_v3_bounded
14898,15093,192,conflictWith,,existing_sample,satisfied,satisfied,0.012721129000198768,test,audited_v3_bounded
14898,15093,0,conflictWith,,existing_sample,violated,satisfied,0.0,test,audited_v3_bounded
14898,15093,0,conflictWith,,existing_sample,unknown,satisfied,0.0,test,audited_v3_bounded
14898,15093,11585,conflictWith,0.7776211572023091,existing_sample,satisfied,violated,0.767574372225535,test,audited_v3_bounded
14898,15093,3313,conflictWith,0.22237884279769096,existing_sample,violated,violated,0.2195057311336381,test,audited_v3_bounded
14898,15093,0,conflictWith,0.0,existing_sample,unknown,violated,0.0,test,audited_v3_bounded
14898,15093,0,conflictWith,,existing_sample,satisfied,unknown,0.0,test,audited_v3_bounded
14898,15093,0,conflictWith,,existing_sample,violated,unknown,0.0,test,audited_v3_bounded
14898,15093,3,conflictWith,,existing_sample,unknown,unknown,0.00019876764062810574,test,audited_v3_bounded
34226,34232,4,distinct,,existing_sample,satisfied,satisfied,0.00011684973124561814,test,audited_v3_bounded
34226,34232,0,distinct,,existing_sample,violated,satisfied,0.0,test,audited_v3_bounded
34226,34232,0,distinct,,existing_sample,unknown,satisfied,0.0,test,audited_v3_bounded
34226,34232,34075,distinct,0.9955881493601356,existing_sample,satisfied,violated,0.9954136480486094,test,audited_v3_bounded
34226,34232,151,distinct,0.004411850639864431,existing_sample,violated,violated,0.004411077354522085,test,audited_v3_bounded
34226,34232,0,distinct,0.0,existing_sample,unknown,violated,0.0,test,audited_v3_bounded
34226,34232,0,distinct,,existing_sample,satisfied,unknown,0.0,test,audited_v3_bounded
34226,34232,0,distinct,,existing_sample,violated,unknown,0.0,test,audited_v3_bounded
34226,34232,2,distinct,,existing_sample,unknown,unknown,5.842486562280907e-05,test,audited_v3_bounded
10558,10585,25,inverse,,existing_sample,satisfied,satisfied,0.0023618327822390174,test,audited_v3_bounded
10558,10585,0,inverse,,existing_sample,violated,satisfied,0.0,test,audited_v3_bounded
10558,10585,0,inverse,,existing_sample,unknown,satisfied,0.0,test,audited_v3_bounded
10558,10585,9389,inverse,0.8892782724000757,existing_sample,satisfied,violated,0.8870099196976854,test,audited_v3_bounded
10558,10585,1,inverse,9.471490812653911e-05,existing_sample,violated,violated,9.44733112895607e-05,test,audited_v3_bounded
10558,10585,1168,inverse,0.11062701269179769,existing_sample,unknown,violated,0.1103448275862069,test,audited_v3_bounded
10558,10585,0,inverse,,existing_sample,satisfied,unknown,0.0,test,audited_v3_bounded
10558,10585,0,inverse,,existing_sample,violated,unknown,0.0,test,audited_v3_bounded
10558,10585,2,inverse,,existing_sample,unknown,unknown,0.0001889466225791214,test,audited_v3_bounded
12618,15000,2382,itemRequiresStatement,,existing_sample,satisfied,satisfied,0.1588,test,audited_v3_bounded
12618,15000,0,itemRequiresStatement,,existing_sample,violated,satisfied,0.0,test,audited_v3_bounded
12618,15000,0,itemRequiresStatement,,existing_sample,unknown,satisfied,0.0,test,audited_v3_bounded
12618,15000,12504,itemRequiresStatement,0.9909652876842606,existing_sample,satisfied,violated,0.8336,test,audited_v3_bounded
12618,15000,114,itemRequiresStatement,0.00903471231573942,existing_sample,violated,violated,0.0076,test,audited_v3_bounded
12618,15000,0,itemRequiresStatement,0.0,existing_sample,unknown,violated,0.0,test,audited_v3_bounded
12618,15000,0,itemRequiresStatement,,existing_sample,satisfied,unknown,0.0,test,audited_v3_bounded
12618,15000,0,itemRequiresStatement,,existing_sample,violated,unknown,0.0,test,audited_v3_bounded
12618,15000,0,itemRequiresStatement,,existing_sample,unknown,unknown,0.0,test,audited_v3_bounded
229,1028,0,oneOf,,existing_sample,satisfied,satisfied,0.0,test,audited_v3_bounded
229,1028,0,oneOf,,existing_sample,violated,satisfied,0.0,test,audited_v3_bounded
229,1028,0,oneOf,,existing_sample,unknown,satisfied,0.0,test,audited_v3_bounded
229,1028,218,oneOf,0.9519650655021834,existing_sample,satisfied,violated,0.21206225680933852,test,audited_v3_bounded
229,1028,11,oneOf,0.048034934497816595,existing_sample,violated,violated,0.010700389105058366,test,audited_v3_bounded
229,1028,0,oneOf,0.0,existing_sample,unknown,violated,0.0,test,audited_v3_bounded
229,1028,0,oneOf,,existing_sample,satisfied,unknown,0.0,test,audited_v3_bounded
229,1028,0,oneOf,,existing_sample,violated,unknown,0.0,test,audited_v3_bounded
229,1028,799,oneOf,,existing_sample,unknown,unknown,0.7772373540856031,test,audited_v3_bounded
12491,17958,1134,single,,existing_sample,satisfied,satisfied,0.06314734380220514,test,audited_v3_bounded
12491,17958,0,single,,existing_sample,violated,satisfied,0.0,test,audited_v3_bounded
12491,17958,0,single,,existing_sample,unknown,satisfied,0.0,test,audited_v3_bounded
12491,17958,7897,single,0.632215194940357,existing_sample,satisfied,violated,0.439748301592605,test,audited_v3_bounded
12491,17958,4594,single,0.36778480505964295,existing_sample,violated,violated,0.2558191335338011,test,audited_v3_bounded
12491,17958,0,single,0.0,existing_sample,unknown,violated,0.0,test,audited_v3_bounded
12491,17958,0,single,,existing_sample,satisfied,unknown,0.0,test,audited_v3_bounded
12491,17958,0,single,,existing_sample,violated,unknown,0.0,test,audited_v3_bounded
12491,17958,4333,single,,existing_sample,unknown,unknown,0.2412852210713888,test,audited_v3_bounded
4412,4416,2,symmetric,,existing_sample,satisfied,satisfied,0.0004528985507246377,test,audited_v3_bounded
4412,4416,0,symmetric,,existing_sample,violated,satisfied,0.0,test,audited_v3_bounded
4412,4416,0,symmetric,,existing_sample,unknown,satisfied,0.0,test,audited_v3_bounded
4412,4416,1495,symmetric,0.3388485947416138,existing_sample,satisfied,violated,0.3385416666666667,test,audited_v3_bounded
4412,4416,0,symmetric,0.0,existing_sample,violated,violated,0.0,test,audited_v3_bounded
4412,4416,2917,symmetric,0.6611514052583862,existing_sample,unknown,violated,0.660552536231884,test,audited_v3_bounded
4412,4416,0,symmetric,,existing_sample,satisfied,unknown,0.0,test,audited_v3_bounded
4412,4416,0,symmetric,,existing_sample,violated,unknown,0.0,test,audited_v3_bounded
4412,4416,2,symmetric,,existing_sample,unknown,unknown,0.0004528985507246377,test,audited_v3_bounded
10241,15002,4359,type,,existing_sample,satisfied,satisfied,0.2905612584988668,test,audited_v3_bounded
10241,15002,0,type,,existing_sample,violated,satisfied,0.0,test,audited_v3_bounded
10241,15002,0,type,,existing_sample,unknown,satisfied,0.0,test,audited_v3_bounded
10241,15002,9616,type,0.9389708036324578,existing_sample,satisfied,violated,0.6409812025063325,test,audited_v3_bounded
10241,15002,372,type,0.036324577677961135,existing_sample,violated,violated,0.024796693774163443,test,audited_v3_bounded
10241,15002,253,type,0.024704618689581095,existing_sample,unknown,violated,0.016864418077589656,test,audited_v3_bounded
10241,15002,297,type,,existing_sample,satisfied,unknown,0.019797360351953074,test,audited_v3_bounded
10241,15002,0,type,,existing_sample,violated,unknown,0.0,test,audited_v3_bounded
10241,15002,105,type,,existing_sample,unknown,unknown,0.006999066791094521,test,audited_v3_bounded
7970,15003,4647,valueRequiresStatement,,existing_sample,satisfied,satisfied,0.3097380523895221,test,audited_v3_bounded
7970,15003,0,valueRequiresStatement,,existing_sample,violated,satisfied,0.0,test,audited_v3_bounded
7970,15003,4,valueRequiresStatement,,existing_sample,unknown,satisfied,0.0002666133439978671,test,audited_v3_bounded
7970,15003,6791,valueRequiresStatement,0.8520702634880803,existing_sample,satisfied,violated,0.45264280477237884,test,audited_v3_bounded
7970,15003,0,valueRequiresStatement,0.0,existing_sample,violated,violated,0.0,test,audited_v3_bounded
7970,15003,1179,valueRequiresStatement,0.1479297365119197,existing_sample,unknown,violated,0.07858428314337132,test,audited_v3_bounded
7970,15003,0,valueRequiresStatement,,existing_sample,satisfied,unknown,0.0,test,audited_v3_bounded
7970,15003,0,valueRequiresStatement,,existing_sample,violated,unknown,0.0,test,audited_v3_bounded
7970,15003,2382,valueRequiresStatement,,existing_sample,unknown,unknown,0.15876824635072986,test,audited_v3_bounded
7153,14999,6688,valueType,,existing_sample,satisfied,satisfied,0.4458963930928729,test,audited_v3_bounded
7153,14999,0,valueType,,existing_sample,violated,satisfied,0.0,test,audited_v3_bounded
7153,14999,7,valueType,,existing_sample,unknown,satisfied,0.00046669777985199013,test,audited_v3_bounded
7153,14999,5702,valueType,0.7971480497693275,existing_sample,satisfied,violated,0.3801586772451497,test,audited_v3_bounded
7153,14999,4,valueType,0.0005592059275828324,existing_sample,violated,violated,0.00026668444562970864,test,audited_v3_bounded
7153,14999,1447,valueType,0.2022927443030896,existing_sample,unknown,violated,0.0964730982065471,test,audited_v3_bounded
7153,14999,313,valueType,,existing_sample,satisfied,unknown,0.020868057870524703,test,audited_v3_bounded
7153,14999,0,valueType,,existing_sample,violated,unknown,0.0,test,audited_v3_bounded
7153,14999,838,valueType,,existing_sample,unknown,unknown,0.05587039135942396,test,audited_v3_bounded
69533,70427,887,conflictWith,,existing_sample,satisfied,satisfied,0.012594601502264756,train,audited_v3_bounded
69533,70427,3,conflictWith,,existing_sample,violated,satisfied,4.25972993312224e-05,train,audited_v3_bounded
69533,70427,0,conflictWith,,existing_sample,unknown,satisfied,0.0,train,audited_v3_bounded
69533,70427,53662,conflictWith,0.771748666100988,existing_sample,satisfied,violated,0.7619520922373522,train,audited_v3_bounded
69533,70427,15871,conflictWith,0.22825133389901198,existing_sample,violated,violated,0.22535391256194356,train,audited_v3_bounded
69533,70427,0,conflictWith,0.0,existing_sample,unknown,violated,0.0,train,audited_v3_bounded
69533,70427,0,conflictWith,,existing_sample,satisfied,unknown,0.0,train,audited_v3_bounded
69533,70427,0,conflictWith,,existing_sample,violated,unknown,0.0,train,audited_v3_bounded
69533,70427,4,conflictWith,,existing_sample,unknown,unknown,5.679639910829653e-05,train,audited_v3_bounded
159709,159743,19,distinct,,existing_sample,satisfied,satisfied,0.0001189410490600527,train,audited_v3_bounded
159709,159743,0,distinct,,existing_sample,violated,satisfied,0.0,train,audited_v3_bounded
159709,159743,0,distinct,,existing_sample,unknown,satisfied,0.0,train,audited_v3_bounded
159709,159743,159043,distinct,0.995829915659105,existing_sample,satisfied,violated,0.9956179613504191,train,audited_v3_bounded
159709,159743,666,distinct,0.0041700843408950024,existing_sample,violated,violated,0.004169196772315532,train,audited_v3_bounded
159709,159743,0,distinct,0.0,existing_sample,unknown,violated,0.0,train,audited_v3_bounded
159709,159743,0,distinct,,existing_sample,satisfied,unknown,0.0,train,audited_v3_bounded
159709,159743,0,distinct,,existing_sample,violated,unknown,0.0,train,audited_v3_bounded
159709,159743,15,distinct,,existing_sample,unknown,unknown,9.390082820530477e-05,train,audited_v3_bounded
49124,49257,118,inverse,,existing_sample,satisfied,satisfied,0.0023955985951235356,train,audited_v3_bounded
49124,49257,0,inverse,,existing_sample,violated,satisfied,0.0,train,audited_v3_bounded
49124,49257,5,inverse,,existing_sample,unknown,satisfied,0.00010150841504760745,train,audited_v3_bounded
49124,49257,43798,inverse,0.8915804901880955,existing_sample,satisfied,violated,0.8891731124510222,train,audited_v3_bounded
49124,49257,4,inverse,8.14265939255761e-05,existing_sample,violated,violated,8.120673203808596e-05,train,audited_v3_bounded
49124,49257,5322,inverse,0.108338083217979,existing_sample,unknown,violated,0.10804555697667337,train,audited_v3_bounded
49124,49257,0,inverse,,existing_sample,satisfied,unknown,0.0,train,audited_v3_bounded
49124,49257,0,inverse,,existing_sample,violated,unknown,0.0,train,audited_v3_bounded
49124,49257,10,inverse,,existing_sample,unknown,unknown,0.0002030168300952149,train,audited_v3_bounded
58863,70001,11123,itemRequiresStatement,,existing_sample,satisfied,satisfied,0.1588977300324281,train,audited_v3_bounded
58863,70001,0,itemRequiresStatement,,existing_sample,violated,satisfied,0.0,train,audited_v3_bounded
58863,70001,0,itemRequiresStatement,,existing_sample,unknown,satisfied,0.0,train,audited_v3_bounded
58863,70001,58233,itemRequiresStatement,0.9892971815911523,existing_sample,satisfied,violated,0.8318881158840588,train,audited_v3_bounded
58863,70001,630,itemRequiresStatement,0.010702818408847663,existing_sample,violated,violated,0.008999871430408138,train,audited_v3_bounded
58863,70001,0,itemRequiresStatement,0.0,existing_sample,unknown,violated,0.0,train,audited_v3_bounded
58863,70001,0,itemRequiresStatement,,existing_sample,satisfied,unknown,0.0,train,audited_v3_bounded
58863,70001,0,itemRequiresStatement,,existing_sample,violated,unknown,0.0,train,audited_v3_bounded
58863,70001,15,itemRequiresStatement,,existing_sample,unknown,unknown,0.00021428265310495563,train,audited_v3_bounded
1163,4798,0,oneOf,,existing_sample,satisfied,satisfied,0.0,train,audited_v3_bounded
1163,4798,0,oneOf,,existing_sample,violated,satisfied,0.0,train,audited_v3_bounded
1163,4798,0,oneOf,,existing_sample,unknown,satisfied,0.0,train,audited_v3_bounded
1163,4798,1112,oneOf,0.9561478933791917,existing_sample,satisfied,violated,0.23176323468111712,train,audited_v3_bounded
1163,4798,51,oneOf,0.043852106620808254,existing_sample,violated,violated,0.0106294289287203,train,audited_v3_bounded
1163,4798,0,oneOf,0.0,existing_sample,unknown,violated,0.0,train,audited_v3_bounded
1163,4798,0,oneOf,,existing_sample,satisfied,unknown,0.0,train,audited_v3_bounded
1163,4798,0,oneOf,,existing_sample,violated,unknown,0.0,train,audited_v3_bounded
1163,4798,3635,oneOf,,existing_sample,unknown,unknown,0.7576073363901625,train,audited_v3_bounded
58376,83807,5125,single,,existing_sample,satisfied,satisfied,0.06115240970324674,train,audited_v3_bounded
58376,83807,0,single,,existing_sample,violated,satisfied,0.0,train,audited_v3_bounded
58376,83807,0,single,,existing_sample,unknown,satisfied,0.0,train,audited_v3_bounded
58376,83807,36850,single,0.6312525695491298,existing_sample,satisfied,violated,0.4397007409882229,train,audited_v3_bounded
58376,83807,21526,single,0.3687474304508702,existing_sample,violated,violated,0.2568520529311394,train,audited_v3_bounded
58376,83807,0,single,0.0,existing_sample,unknown,violated,0.0,train,audited_v3_bounded
58376,83807,0,single,,existing_sample,satisfied,unknown,0.0,train,audited_v3_bounded
58376,83807,0,single,,existing_sample,violated,unknown,0.0,train,audited_v3_bounded
58376,83807,20306,single,,existing_sample,unknown,unknown,0.2422947963773909,train,audited_v3_bounded
20733,20745,6,symmetric,,existing_sample,satisfied,satisfied,0.00028922631959508316,train,audited_v3_bounded
20733,20745,0,symmetric,,existing_sample,violated,satisfied,0.0,train,audited_v3_bounded
20733,20745,0,symmetric,,existing_sample,unknown,satisfied,0.0,train,audited_v3_bounded
20733,20745,7098,symmetric,0.3423527709448705,existing_sample,satisfied,violated,0.34215473608098335,train,audited_v3_bounded
20733,20745,0,symmetric,0.0,existing_sample,violated,violated,0.0,train,audited_v3_bounded
20733,20745,13635,symmetric,0.6576472290551295,existing_sample,unknown,violated,0.6572668112798264,train,audited_v3_bounded
20733,20745,0,symmetric,,existing_sample,satisfied,unknown,0.0,train,audited_v3_bounded
20733,20745,0,symmetric,,existing_sample,violated,unknown,0.0,train,audited_v3_bounded
20733,20745,6,symmetric,,existing_sample,unknown,unknown,0.00028922631959508316,train,audited_v3_bounded
47739,70000,20469,type,,existing_sample,satisfied,satisfied,0.29241428571428574,train,audited_v3_bounded
47739,70000,0,type,,existing_sample,violated,satisfied,0.0,train,audited_v3_bounded
47739,70000,0,type,,existing_sample,unknown,satisfied,0.0,train,audited_v3_bounded
47739,70000,44965,type,0.9418923731121306,existing_sample,satisfied,violated,0.6423571428571428,train,audited_v3_bounded
47739,70000,1595,type,0.03341083809882905,existing_sample,violated,violated,0.022785714285714284,train,audited_v3_bounded
47739,70000,1179,type,0.024696788789040407,existing_sample,unknown,violated,0.016842857142857142,train,audited_v3_bounded
47739,70000,1313,type,,existing_sample,satisfied,unknown,0.018757142857142858,train,audited_v3_bounded
47739,70000,0,type,,existing_sample,violated,unknown,0.0,train,audited_v3_bounded
47739,70000,479,type,,existing_sample,unknown,unknown,0.006842857142857143,train,audited_v3_bounded
37475,70000,21189,valueRequiresStatement,,existing_sample,satisfied,satisfied,0.3027,train,audited_v3_bounded
37475,70000,0,valueRequiresStatement,,existing_sample,violated,satisfied,0.0,train,audited_v3_bounded
37475,70000,36,valueRequiresStatement,,existing_sample,unknown,satisfied,0.0005142857142857143,train,audited_v3_bounded
37475,70000,31762,valueRequiresStatement,0.8475517011340894,existing_sample,satisfied,violated,0.45374285714285717,train,audited_v3_bounded
37475,70000,0,valueRequiresStatement,0.0,existing_sample,violated,violated,0.0,train,audited_v3_bounded
37475,70000,5713,valueRequiresStatement,0.1524482988659106,existing_sample,unknown,violated,0.08161428571428571,train,audited_v3_bounded
37475,70000,0,valueRequiresStatement,,existing_sample,satisfied,unknown,0.0,train,audited_v3_bounded
37475,70000,0,valueRequiresStatement,,existing_sample,violated,unknown,0.0,train,audited_v3_bounded
37475,70000,11300,valueRequiresStatement,,existing_sample,unknown,unknown,0.16142857142857142,train,audited_v3_bounded
33235,70001,31327,valueType,,existing_sample,satisfied,satisfied,0.44752217825459634,train,audited_v3_bounded
33235,70001,0,valueType,,existing_sample,violated,satisfied,0.0,train,audited_v3_bounded
33235,70001,43,valueType,,existing_sample,unknown,satisfied,0.0006142769389008728,train,audited_v3_bounded
33235,70001,26326,valueType,0.7921167443959681,existing_sample,satisfied,violated,0.37608034170940413,train,audited_v3_bounded
33235,70001,21,valueType,0.0006318639987964495,existing_sample,violated,violated,0.0002999957143469379,train,audited_v3_bounded
33235,70001,6888,valueType,0.20725139160523545,existing_sample,unknown,violated,0.09839859430579563,train,audited_v3_bounded
33235,70001,1558,valueType,,existing_sample,satisfied,unknown,0.022256824902501395,train,audited_v3_bounded
33235,70001,0,valueType,,existing_sample,violated,unknown,0.0,train,audited_v3_bounded
33235,70001,3838,valueType,,existing_sample,unknown,unknown,0.05482778817445465,train,audited_v3_bounded
14913,15092,174,conflictWith,,existing_sample,satisfied,satisfied,0.011529287039491121,val,audited_v3_bounded
14913,15092,0,conflictWith,,existing_sample,violated,satisfied,0.0,val,audited_v3_bounded
14913,15092,0,conflictWith,,existing_sample,unknown,satisfied,0.0,val,audited_v3_bounded
14913,15092,11536,conflictWith,0.7735532756655267,existing_sample,satisfied,violated,0.764378478664193,val,audited_v3_bounded
14913,15092,3377,conflictWith,0.22644672433447327,existing_sample,violated,violated,0.22376093294460642,val,audited_v3_bounded
14913,15092,0,conflictWith,0.0,existing_sample,unknown,violated,0.0,val,audited_v3_bounded
14913,15092,0,conflictWith,,existing_sample,satisfied,unknown,0.0,val,audited_v3_bounded
14913,15092,0,conflictWith,,existing_sample,violated,unknown,0.0,val,audited_v3_bounded
14913,15092,5,conflictWith,,existing_sample,unknown,unknown,0.00033130135170951496,val,audited_v3_bounded
34229,34233,2,distinct,,existing_sample,satisfied,satisfied,5.84231589402039e-05,val,audited_v3_bounded
34229,34233,0,distinct,,existing_sample,violated,satisfied,0.0,val,audited_v3_bounded
34229,34233,0,distinct,,existing_sample,unknown,satisfied,0.0,val,audited_v3_bounded
34229,34233,34091,distinct,0.9959683309474422,existing_sample,satisfied,violated,0.9958519557152455,val,audited_v3_bounded
34229,34233,138,distinct,0.004031669052557772,existing_sample,violated,violated,0.004031197966874069,val,audited_v3_bounded
34229,34233,0,distinct,0.0,existing_sample,unknown,violated,0.0,val,audited_v3_bounded
34229,34233,0,distinct,,existing_sample,satisfied,unknown,0.0,val,audited_v3_bounded
34229,34233,0,distinct,,existing_sample,violated,unknown,0.0,val,audited_v3_bounded
34229,34233,2,distinct,,existing_sample,unknown,unknown,5.84231589402039e-05,val,audited_v3_bounded
10496,10519,22,inverse,,existing_sample,satisfied,satisfied,0.002091453560224356,val,audited_v3_bounded
10496,10519,0,inverse,,existing_sample,violated,satisfied,0.0,val,audited_v3_bounded
10496,10519,0,inverse,,existing_sample,unknown,satisfied,0.0,val,audited_v3_bounded
10496,10519,9371,inverse,0.8928163109756098,existing_sample,satisfied,violated,0.8908641505846563,val,audited_v3_bounded
10496,10519,1,inverse,9.527439024390244e-05,existing_sample,violated,violated,9.50660709192889e-05,val,audited_v3_bounded
10496,10519,1124,inverse,0.10708841463414634,existing_sample,unknown,violated,0.10685426371328073,val,audited_v3_bounded
10496,10519,0,inverse,,existing_sample,satisfied,unknown,0.0,val,audited_v3_bounded
10496,10519,0,inverse,,existing_sample,violated,unknown,0.0,val,audited_v3_bounded
10496,10519,1,inverse,,existing_sample,unknown,unknown,9.50660709192889e-05,val,audited_v3_bounded
12616,14998,2382,itemRequiresStatement,,existing_sample,satisfied,satisfied,0.1588211761568209,val,audited_v3_bounded
12616,14998,0,itemRequiresStatement,,existing_sample,violated,satisfied,0.0,val,audited_v3_bounded
12616,14998,0,itemRequiresStatement,,existing_sample,unknown,satisfied,0.0,val,audited_v3_bounded
12616,14998,12501,itemRequiresStatement,0.9908845909955611,existing_sample,satisfied,violated,0.8335111348179758,val,audited_v3_bounded
12616,14998,115,itemRequiresStatement,0.009115409004438808,existing_sample,violated,violated,0.00766768902520336,val,audited_v3_bounded
12616,14998,0,itemRequiresStatement,0.0,existing_sample,unknown,violated,0.0,val,audited_v3_bounded
12616,14998,0,itemRequiresStatement,,existing_sample,satisfied,unknown,0.0,val,audited_v3_bounded
12616,14998,0,itemRequiresStatement,,existing_sample,violated,unknown,0.0,val,audited_v3_bounded
12616,14998,0,itemRequiresStatement,,existing_sample,unknown,unknown,0.0,val,audited_v3_bounded
244,1029,0,oneOf,,existing_sample,satisfied,satisfied,0.0,val,audited_v3_bounded
244,1029,0,oneOf,,existing_sample,violated,satisfied,0.0,val,audited_v3_bounded
244,1029,0,oneOf,,existing_sample,unknown,satisfied,0.0,val,audited_v3_bounded
244,1029,234,oneOf,0.9590163934426229,existing_sample,satisfied,violated,0.22740524781341107,val,audited_v3_bounded
244,1029,10,oneOf,0.040983606557377046,existing_sample,violated,violated,0.009718172983479106,val,audited_v3_bounded
244,1029,0,oneOf,0.0,existing_sample,unknown,violated,0.0,val,audited_v3_bounded
244,1029,0,oneOf,,existing_sample,satisfied,unknown,0.0,val,audited_v3_bounded
244,1029,0,oneOf,,existing_sample,violated,unknown,0.0,val,audited_v3_bounded
244,1029,785,oneOf,,existing_sample,unknown,unknown,0.7628765792031098,val,audited_v3_bounded
12570,17958,1085,single,,existing_sample,satisfied,satisfied,0.06041875487248023,val,audited_v3_bounded
12570,17958,0,single,,existing_sample,violated,satisfied,0.0,val,audited_v3_bounded
12570,17958,0,single,,existing_sample,unknown,satisfied,0.0,val,audited_v3_bounded
12570,17958,8019,single,0.6379474940334129,existing_sample,satisfied,violated,0.4465419311727364,val,audited_v3_bounded
12570,17958,4551,single,0.3620525059665871,existing_sample,violated,violated,0.2534246575342466,val,audited_v3_bounded
12570,17958,0,single,0.0,existing_sample,unknown,violated,0.0,val,audited_v3_bounded
12570,17958,0,single,,existing_sample,satisfied,unknown,0.0,val,audited_v3_bounded
12570,17958,0,single,,existing_sample,violated,unknown,0.0,val,audited_v3_bounded
12570,17958,4303,single,,existing_sample,unknown,unknown,0.2396146564205368,val,audited_v3_bounded
4480,4481,1,symmetric,,existing_sample,satisfied,satisfied,0.0002231644722160232,val,audited_v3_bounded
4480,4481,0,symmetric,,existing_sample,violated,satisfied,0.0,val,audited_v3_bounded
4480,4481,0,symmetric,,existing_sample,unknown,satisfied,0.0,val,audited_v3_bounded
4480,4481,1541,symmetric,0.3439732142857143,existing_sample,satisfied,violated,0.34389645168489175,val,audited_v3_bounded
4480,4481,0,symmetric,0.0,existing_sample,violated,violated,0.0,val,audited_v3_bounded
4480,4481,2939,symmetric,0.6560267857142857,existing_sample,unknown,violated,0.6558803838428922,val,audited_v3_bounded
4480,4481,0,symmetric,,existing_sample,satisfied,unknown,0.0,val,audited_v3_bounded
4480,4481,0,symmetric,,existing_sample,violated,unknown,0.0,val,audited_v3_bounded
4480,4481,0,symmetric,,existing_sample,unknown,unknown,0.0,val,audited_v3_bounded
10201,15001,4398,type,,existing_sample,satisfied,satisfied,0.29318045463635756,val,audited_v3_bounded
10201,15001,0,type,,existing_sample,violated,satisfied,0.0,val,audited_v3_bounded
10201,15001,0,type,,existing_sample,unknown,satisfied,0.0,val,audited_v3_bounded
10201,15001,9615,type,0.9425546515047545,existing_sample,satisfied,violated,0.6409572695153657,val,audited_v3_bounded
10201,15001,337,type,0.033035976865013236,existing_sample,violated,violated,0.022465168988734085,val,audited_v3_bounded
10201,15001,249,type,0.02440937163023233,existing_sample,unknown,violated,0.016598893407106192,val,audited_v3_bounded
10201,15001,301,type,,existing_sample,satisfied,unknown,0.02006532897806813,val,audited_v3_bounded
10201,15001,0,type,,existing_sample,violated,unknown,0.0,val,audited_v3_bounded
10201,15001,101,type,,existing_sample,unknown,unknown,0.006732884474368375,val,audited_v3_bounded
8073,14999,4531,valueRequiresStatement,,existing_sample,satisfied,satisfied,0.3020868057870525,val,audited_v3_bounded
8073,14999,0,valueRequiresStatement,,existing_sample,violated,satisfied,0.0,val,audited_v3_bounded
8073,14999,8,valueRequiresStatement,,existing_sample,unknown,satisfied,0.0005333688912594173,val,audited_v3_bounded
8073,14999,6828,valueRequiresStatement,0.845782237086585,existing_sample,satisfied,violated,0.45523034868991263,val,audited_v3_bounded
8073,14999,1,valueRequiresStatement,0.0001238696890870804,existing_sample,violated,violated,6.667111140742716e-05,val,audited_v3_bounded
8073,14999,1244,valueRequiresStatement,0.154093893224328,existing_sample,unknown,violated,0.0829388625908394,val,audited_v3_bounded
8073,14999,0,valueRequiresStatement,,existing_sample,satisfied,unknown,0.0,val,audited_v3_bounded
8073,14999,0,valueRequiresStatement,,existing_sample,violated,unknown,0.0,val,audited_v3_bounded
8073,14999,2387,valueRequiresStatement,,existing_sample,unknown,unknown,0.15914394292952863,val,audited_v3_bounded
7204,15000,6642,valueType,,existing_sample,satisfied,satisfied,0.4428,val,audited_v3_bounded
7204,15000,0,valueType,,existing_sample,violated,satisfied,0.0,val,audited_v3_bounded
7204,15000,5,valueType,,existing_sample,unknown,satisfied,0.0003333333333333333,val,audited_v3_bounded
7204,15000,5738,valueType,0.7965019433647973,existing_sample,satisfied,violated,0.38253333333333334,val,audited_v3_bounded
7204,15000,8,valueType,0.001110494169905608,existing_sample,violated,violated,0.0005333333333333334,val,audited_v3_bounded
7204,15000,1458,valueType,0.20238756246529704,existing_sample,unknown,violated,0.0972,val,audited_v3_bounded
7204,15000,317,valueType,,existing_sample,satisfied,unknown,0.021133333333333334,val,audited_v3_bounded
7204,15000,0,valueType,,existing_sample,violated,unknown,0.0,val,audited_v3_bounded
7204,15000,832,valueType,,existing_sample,unknown,unknown,0.055466666666666664,val,audited_v3_bounded
594396,955389,94248,overall,,previously_discarded,satisfied,satisfied,0.09864882262617636,overall,checked_out_bounded
594396,955389,124,overall,,previously_discarded,violated,satisfied,0.00012979006457055711,overall,checked_out_bounded
594396,955389,0,overall,,previously_discarded,unknown,satisfied,0.0,overall,checked_out_bounded
594396,955389,321801,overall,0.5413915975208446,previously_discarded,satisfied,violated,0.3368271981360472,overall,checked_out_bounded
594396,955389,272595,overall,0.4586084024791553,previously_discarded,violated,violated,0.2853235697710566,overall,checked_out_bounded
594396,955389,0,overall,0.0,previously_discarded,unknown,violated,0.0,overall,checked_out_bounded
594396,955389,7449,overall,,previously_discarded,satisfied,unknown,0.007796824120855484,overall,checked_out_bounded
594396,955389,2545,overall,,previously_discarded,violated,unknown,0.0026638364059037734,overall,checked_out_bounded
594396,955389,256627,overall,,previously_discarded,unknown,unknown,0.26860995887539,overall,checked_out_bounded
89063,143304,14144,overall,,previously_discarded,satisfied,satisfied,0.09869926868754536,test,checked_out_bounded
89063,143304,15,overall,,previously_discarded,violated,satisfied,0.00010467258415675766,test,checked_out_bounded
89063,143304,0,overall,,previously_discarded,unknown,satisfied,0.0,test,checked_out_bounded
89063,143304,48256,overall,0.5418187125967012,previously_discarded,satisfied,violated,0.33673868140456653,test,checked_out_bounded
89063,143304,40807,overall,0.4581812874032988,previously_discarded,violated,violated,0.2847582761123207,test,checked_out_bounded
89063,143304,0,overall,0.0,previously_discarded,unknown,violated,0.0,test,checked_out_bounded
89063,143304,1121,overall,,previously_discarded,satisfied,unknown,0.007822531122648356,test,checked_out_bounded
89063,143304,404,overall,,previously_discarded,violated,unknown,0.0028191815999553398,test,checked_out_bounded
89063,143304,38557,overall,,previously_discarded,unknown,unknown,0.269057388488807,test,checked_out_bounded
416181,668776,66005,overall,,previously_discarded,satisfied,satisfied,0.09869522829766618,train,checked_out_bounded
416181,668776,89,overall,,previously_discarded,violated,satisfied,0.0001330789382394105,train,checked_out_bounded
416181,668776,0,overall,,previously_discarded,unknown,satisfied,0.0,train,checked_out_bounded
416181,668776,225383,overall,0.5415504311825864,previously_discarded,satisfied,violated,0.33700820603610177,train,checked_out_bounded
416181,668776,190798,overall,0.45844956881741356,previously_discarded,violated,violated,0.28529432874385446,train,checked_out_bounded
416181,668776,0,overall,0.0,previously_discarded,unknown,violated,0.0,train,checked_out_bounded
416181,668776,5182,overall,,previously_discarded,satisfied,unknown,0.007748483797265452,train,checked_out_bounded
416181,668776,1741,overall,,previously_discarded,violated,unknown,0.0026032632749979066,train,checked_out_bounded
416181,668776,179578,overall,,previously_discarded,unknown,unknown,0.2685174109118748,train,checked_out_bounded
89152,143309,14099,overall,,previously_discarded,satisfied,satisfied,0.09838181830868961,val,checked_out_bounded
89152,143309,20,overall,,previously_discarded,violated,satisfied,0.00013955857622340536,val,checked_out_bounded
89152,143309,0,overall,,previously_discarded,unknown,satisfied,0.0,val,checked_out_bounded
89152,143309,48162,overall,0.5402234386216799,previously_discarded,satisfied,violated,0.3360710074035825,val,checked_out_bounded
89152,143309,40990,overall,0.4597765613783202,previously_discarded,violated,violated,0.2860253019698693,val,checked_out_bounded
89152,143309,0,overall,0.0,previously_discarded,unknown,violated,0.0,val,checked_out_bounded
89152,143309,1146,overall,,previously_discarded,satisfied,unknown,0.007996706417601128,val,checked_out_bounded
89152,143309,400,overall,,previously_discarded,violated,unknown,0.0027911715244681072,val,checked_out_bounded
89152,143309,38492,overall,,previously_discarded,unknown,unknown,0.268594435799566,val,checked_out_bounded
98560,100613,967,conflictWith,,previously_discarded,satisfied,satisfied,0.009611084054744416,overall,checked_out_bounded
98560,100613,40,conflictWith,,previously_discarded,violated,satisfied,0.0003975629391828094,overall,checked_out_bounded
98560,100613,0,conflictWith,,previously_discarded,unknown,satisfied,0.0,overall,checked_out_bounded
98560,100613,55516,conflictWith,0.5632711038961039,previously_discarded,satisfied,violated,0.5517776032918211,overall,checked_out_bounded
98560,100613,43044,conflictWith,0.4367288961038961,previously_discarded,violated,violated,0.4278174788546212,overall,checked_out_bounded
98560,100613,0,conflictWith,0.0,previously_discarded,unknown,violated,0.0,overall,checked_out_bounded
98560,100613,0,conflictWith,,previously_discarded,satisfied,unknown,0.0,overall,checked_out_bounded
98560,100613,0,conflictWith,,previously_discarded,violated,unknown,0.0,overall,checked_out_bounded
98560,100613,1046,conflictWith,,previously_discarded,unknown,unknown,0.010396270859630465,overall,checked_out_bounded
228156,228201,25,distinct,,previously_discarded,satisfied,satisfied,0.00010955254359095709,overall,checked_out_bounded
228156,228201,0,distinct,,previously_discarded,violated,satisfied,0.0,overall,checked_out_bounded
228156,228201,0,distinct,,previously_discarded,unknown,satisfied,0.0,overall,checked_out_bounded
228156,228201,132357,distinct,0.5801162362594015,previously_discarded,satisfied,violated,0.5800018404827323,overall,checked_out_bounded
228156,228201,95799,distinct,0.41988376374059855,previously_discarded,violated,violated,0.4198009649388039,overall,checked_out_bounded
228156,228201,0,distinct,0.0,previously_discarded,unknown,violated,0.0,overall,checked_out_bounded
228156,228201,20,distinct,,previously_discarded,satisfied,unknown,8.764203487276567e-05,overall,checked_out_bounded
228156,228201,0,distinct,,previously_discarded,violated,unknown,0.0,overall,checked_out_bounded
228156,228201,0,distinct,,previously_discarded,unknown,unknown,0.0,overall,checked_out_bounded
69778,69988,210,inverse,,previously_discarded,satisfied,satisfied,0.0030005143738926674,overall,checked_out_bounded
69778,69988,0,inverse,,previously_discarded,violated,satisfied,0.0,overall,checked_out_bounded
69778,69988,0,inverse,,previously_discarded,unknown,satisfied,0.0,overall,checked_out_bounded
69778,69988,7541,inverse,0.10807131187480294,previously_discarded,satisfied,violated,0.10774704235011716,overall,checked_out_bounded
69778,69988,62237,inverse,0.8919286881251971,previously_discarded,violated,violated,0.8892524432759902,overall,checked_out_bounded
69778,69988,0,inverse,0.0,previously_discarded,unknown,violated,0.0,overall,checked_out_bounded
69778,69988,0,inverse,,previously_discarded,satisfied,unknown,0.0,overall,checked_out_bounded
69778,69988,0,inverse,,previously_discarded,violated,unknown,0.0,overall,checked_out_bounded
69778,69988,0,inverse,,previously_discarded,unknown,unknown,0.0,overall,checked_out_bounded
8503,100001,17687,itemRequiresStatement,,previously_discarded,satisfied,satisfied,0.17686823131768684,overall,checked_out_bounded
8503,100001,0,itemRequiresStatement,,previously_discarded,violated,satisfied,0.0,overall,checked_out_bounded
8503,100001,0,itemRequiresStatement,,previously_discarded,unknown,satisfied,0.0,overall,checked_out_bounded
8503,100001,8378,itemRequiresStatement,0.9852993061272493,previously_discarded,satisfied,violated,0.08377916220837792,overall,checked_out_bounded
8503,100001,125,itemRequiresStatement,0.014700693872750794,previously_discarded,violated,violated,0.0012499875001249989,overall,checked_out_bounded
8503,100001,0,itemRequiresStatement,0.0,previously_discarded,unknown,violated,0.0,overall,checked_out_bounded
8503,100001,1188,itemRequiresStatement,,previously_discarded,satisfied,unknown,0.011879881201187988,overall,checked_out_bounded
8503,100001,0,itemRequiresStatement,,previously_discarded,violated,unknown,0.0,overall,checked_out_bounded
8503,100001,72623,itemRequiresStatement,,previously_discarded,unknown,unknown,0.7262227377726223,overall,checked_out_bounded
6854,6854,0,oneOf,,previously_discarded,satisfied,satisfied,0.0,overall,checked_out_bounded
6854,6854,0,oneOf,,previously_discarded,violated,satisfied,0.0,overall,checked_out_bounded
6854,6854,0,oneOf,,previously_discarded,unknown,satisfied,0.0,overall,checked_out_bounded
6854,6854,6854,oneOf,1.0,previously_discarded,satisfied,violated,1.0,overall,checked_out_bounded
6854,6854,0,oneOf,0.0,previously_discarded,violated,violated,0.0,overall,checked_out_bounded
6854,6854,0,oneOf,0.0,previously_discarded,unknown,violated,0.0,overall,checked_out_bounded
6854,6854,0,oneOf,,previously_discarded,satisfied,unknown,0.0,overall,checked_out_bounded
6854,6854,0,oneOf,,previously_discarded,violated,unknown,0.0,overall,checked_out_bounded
6854,6854,0,oneOf,,previously_discarded,unknown,unknown,0.0,overall,checked_out_bounded
109740,119723,9899,single,,previously_discarded,satisfied,satisfied,0.08268252549635409,overall,checked_out_bounded
109740,119723,84,single,,previously_discarded,violated,satisfied,0.0007016195718450089,overall,checked_out_bounded
109740,119723,0,single,,previously_discarded,unknown,satisfied,0.0,overall,checked_out_bounded
109740,119723,66104,single,0.6023692363768909,previously_discarded,satisfied,violated,0.5521411925862199,overall,checked_out_bounded
109740,119723,43636,single,0.3976307636231092,previously_discarded,violated,violated,0.36447466234558107,overall,checked_out_bounded
109740,119723,0,single,0.0,previously_discarded,unknown,violated,0.0,overall,checked_out_bounded
109740,119723,0,single,,previously_discarded,satisfied,unknown,0.0,overall,checked_out_bounded
109740,119723,0,single,,previously_discarded,violated,unknown,0.0,overall,checked_out_bounded
109740,119723,0,single,,previously_discarded,unknown,unknown,0.0,overall,checked_out_bounded
29986,30010,24,symmetric,,previously_discarded,satisfied,satisfied,0.0007997334221926024,overall,checked_out_bounded
29986,30010,0,symmetric,,previously_discarded,violated,satisfied,0.0,overall,checked_out_bounded
29986,30010,0,symmetric,,previously_discarded,unknown,satisfied,0.0,overall,checked_out_bounded
29986,30010,29986,symmetric,1.0,previously_discarded,satisfied,violated,0.9992002665778074,overall,checked_out_bounded
29986,30010,0,symmetric,0.0,previously_discarded,violated,violated,0.0,overall,checked_out_bounded
29986,30010,0,symmetric,0.0,previously_discarded,unknown,violated,0.0,overall,checked_out_bounded
29986,30010,0,symmetric,,previously_discarded,satisfied,unknown,0.0,overall,checked_out_bounded
29986,30010,0,symmetric,,previously_discarded,violated,unknown,0.0,overall,checked_out_bounded
29986,30010,0,symmetric,,previously_discarded,unknown,unknown,0.0,overall,checked_out_bounded
2201,99999,12359,type,,previously_discarded,satisfied,satisfied,0.12359123591235913,overall,checked_out_bounded
2201,99999,0,type,,previously_discarded,violated,satisfied,0.0,overall,checked_out_bounded
2201,99999,0,type,,previously_discarded,unknown,satisfied,0.0,overall,checked_out_bounded
2201,99999,905,type,0.41117673784643344,previously_discarded,satisfied,violated,0.009050090500905009,overall,checked_out_bounded
2201,99999,1296,type,0.5888232621535665,previously_discarded,violated,violated,0.012960129601296014,overall,checked_out_bounded
2201,99999,0,type,0.0,previously_discarded,unknown,violated,0.0,overall,checked_out_bounded
2201,99999,3860,type,,previously_discarded,satisfied,unknown,0.03860038600386004,overall,checked_out_bounded
2201,99999,2437,type,,previously_discarded,violated,unknown,0.024370243702437025,overall,checked_out_bounded
2201,99999,79142,type,,previously_discarded,unknown,unknown,0.7914279142791428,overall,checked_out_bounded
12158,99999,46092,valueRequiresStatement,,previously_discarded,satisfied,satisfied,0.46092460924609246,overall,checked_out_bounded
12158,99999,0,valueRequiresStatement,,previously_discarded,violated,satisfied,0.0,overall,checked_out_bounded
12158,99999,0,valueRequiresStatement,,previously_discarded,unknown,satisfied,0.0,overall,checked_out_bounded
12158,99999,12158,valueRequiresStatement,1.0,previously_discarded,satisfied,violated,0.12158121581215812,overall,checked_out_bounded
12158,99999,0,valueRequiresStatement,0.0,previously_discarded,violated,violated,0.0,overall,checked_out_bounded
12158,99999,0,valueRequiresStatement,0.0,previously_discarded,unknown,violated,0.0,overall,checked_out_bounded
12158,99999,1826,valueRequiresStatement,,previously_discarded,satisfied,unknown,0.01826018260182602,overall,checked_out_bounded
12158,99999,0,valueRequiresStatement,,previously_discarded,violated,unknown,0.0,overall,checked_out_bounded
12158,99999,39923,valueRequiresStatement,,previously_discarded,unknown,unknown,0.3992339923399234,overall,checked_out_bounded
28460,100001,6985,valueType,,previously_discarded,satisfied,satisfied,0.06984930150698493,overall,checked_out_bounded
28460,100001,0,valueType,,previously_discarded,violated,satisfied,0.0,overall,checked_out_bounded
28460,100001,0,valueType,,previously_discarded,unknown,satisfied,0.0,overall,checked_out_bounded
28460,100001,2002,valueType,0.07034434293745608,previously_discarded,satisfied,violated,0.02001979980200198,overall,checked_out_bounded
28460,100001,26458,valueType,0.9296556570625439,previously_discarded,violated,violated,0.26457735422645773,overall,checked_out_bounded
28460,100001,0,valueType,0.0,previously_discarded,unknown,violated,0.0,overall,checked_out_bounded
28460,100001,555,valueType,,previously_discarded,satisfied,unknown,0.005549944500554994,overall,checked_out_bounded
28460,100001,108,valueType,,previously_discarded,violated,unknown,0.001079989200107999,overall,checked_out_bounded
28460,100001,63893,valueType,,previously_discarded,unknown,unknown,0.6389236107638924,overall,checked_out_bounded
14788,15091,149,conflictWith,,previously_discarded,satisfied,satisfied,0.009873434497382545,test,checked_out_bounded
14788,15091,3,conflictWith,,previously_discarded,violated,satisfied,0.00019879398316877608,test,checked_out_bounded
14788,15091,0,conflictWith,,previously_discarded,unknown,satisfied,0.0,test,checked_out_bounded
14788,15091,8435,conflictWith,0.5703949147957804,previously_discarded,satisfied,violated,0.5589424160095421,test,checked_out_bounded
14788,15091,6353,conflictWith,0.42960508520421964,previously_discarded,violated,violated,0.4209793916904115,test,checked_out_bounded
14788,15091,0,conflictWith,0.0,previously_discarded,unknown,violated,0.0,test,checked_out_bounded
14788,15091,0,conflictWith,,previously_discarded,satisfied,unknown,0.0,test,checked_out_bounded
14788,15091,0,conflictWith,,previously_discarded,violated,unknown,0.0,test,checked_out_bounded
14788,15091,151,conflictWith,,previously_discarded,unknown,unknown,0.010005963819495063,test,checked_out_bounded
34223,34230,4,distinct,,previously_discarded,satisfied,satisfied,0.00011685655857434999,test,checked_out_bounded
34223,34230,0,distinct,,previously_discarded,violated,satisfied,0.0,test,checked_out_bounded
34223,34230,0,distinct,,previously_discarded,unknown,satisfied,0.0,test,checked_out_bounded
34223,34230,19841,distinct,0.5797563042398387,previously_discarded,satisfied,violated,0.5796377446684196,test,checked_out_bounded
34223,34230,14382,distinct,0.4202436957601613,previously_discarded,violated,violated,0.4201577563540754,test,checked_out_bounded
34223,34230,0,distinct,0.0,previously_discarded,unknown,violated,0.0,test,checked_out_bounded
34223,34230,3,distinct,,previously_discarded,satisfied,unknown,8.764241893076249e-05,test,checked_out_bounded
34223,34230,0,distinct,,previously_discarded,violated,unknown,0.0,test,checked_out_bounded
34223,34230,0,distinct,,previously_discarded,unknown,unknown,0.0,test,checked_out_bounded
10496,10524,28,inverse,,previously_discarded,satisfied,satisfied,0.0026605853287723297,test,checked_out_bounded
10496,10524,0,inverse,,previously_discarded,violated,satisfied,0.0,test,checked_out_bounded
10496,10524,0,inverse,,previously_discarded,unknown,satisfied,0.0,test,checked_out_bounded
10496,10524,1107,inverse,0.10546875,previously_discarded,satisfied,violated,0.10518814139110605,test,checked_out_bounded
10496,10524,9389,inverse,0.89453125,previously_discarded,violated,violated,0.8921512732801217,test,checked_out_bounded
10496,10524,0,inverse,0.0,previously_discarded,unknown,violated,0.0,test,checked_out_bounded
10496,10524,0,inverse,,previously_discarded,satisfied,unknown,0.0,test,checked_out_bounded
10496,10524,0,inverse,,previously_discarded,violated,unknown,0.0,test,checked_out_bounded
10496,10524,0,inverse,,previously_discarded,unknown,unknown,0.0,test,checked_out_bounded
1288,14999,2618,itemRequiresStatement,,previously_discarded,satisfied,satisfied,0.1745449696646443,test,checked_out_bounded
1288,14999,0,itemRequiresStatement,,previously_discarded,violated,satisfied,0.0,test,checked_out_bounded
1288,14999,0,itemRequiresStatement,,previously_discarded,unknown,satisfied,0.0,test,checked_out_bounded
1288,14999,1266,itemRequiresStatement,0.9829192546583851,previously_discarded,satisfied,violated,0.08440562704180278,test,checked_out_bounded
1288,14999,22,itemRequiresStatement,0.017080745341614908,previously_discarded,violated,violated,0.0014667644509633977,test,checked_out_bounded
1288,14999,0,itemRequiresStatement,0.0,previously_discarded,unknown,violated,0.0,test,checked_out_bounded
1288,14999,180,itemRequiresStatement,,previously_discarded,satisfied,unknown,0.01200080005333689,test,checked_out_bounded
1288,14999,0,itemRequiresStatement,,previously_discarded,violated,unknown,0.0,test,checked_out_bounded
1288,14999,10913,itemRequiresStatement,,previously_discarded,unknown,unknown,0.7275818387892526,test,checked_out_bounded
1028,1028,0,oneOf,,previously_discarded,satisfied,satisfied,0.0,test,checked_out_bounded
1028,1028,0,oneOf,,previously_discarded,violated,satisfied,0.0,test,checked_out_bounded
1028,1028,0,oneOf,,previously_discarded,unknown,satisfied,0.0,test,checked_out_bounded
1028,1028,1028,oneOf,1.0,previously_discarded,satisfied,violated,1.0,test,checked_out_bounded
1028,1028,0,oneOf,0.0,previously_discarded,violated,violated,0.0,test,checked_out_bounded
1028,1028,0,oneOf,0.0,previously_discarded,unknown,violated,0.0,test,checked_out_bounded
1028,1028,0,oneOf,,previously_discarded,satisfied,unknown,0.0,test,checked_out_bounded
1028,1028,0,oneOf,,previously_discarded,violated,unknown,0.0,test,checked_out_bounded
1028,1028,0,oneOf,,previously_discarded,unknown,unknown,0.0,test,checked_out_bounded
16469,17959,1478,single,,previously_discarded,satisfied,satisfied,0.08229856896263711,test,checked_out_bounded
16469,17959,12,single,,previously_discarded,violated,satisfied,0.0006681886519293947,test,checked_out_bounded
16469,17959,0,single,,previously_discarded,unknown,satisfied,0.0,test,checked_out_bounded
16469,17959,9910,single,0.6017365960289028,previously_discarded,satisfied,violated,0.5518124617183585,test,checked_out_bounded
16469,17959,6559,single,0.3982634039710972,previously_discarded,violated,violated,0.36522078066707503,test,checked_out_bounded
16469,17959,0,single,0.0,previously_discarded,unknown,violated,0.0,test,checked_out_bounded
16469,17959,0,single,,previously_discarded,satisfied,unknown,0.0,test,checked_out_bounded
16469,17959,0,single,,previously_discarded,violated,unknown,0.0,test,checked_out_bounded
16469,17959,0,single,,previously_discarded,unknown,unknown,0.0,test,checked_out_bounded
4472,4475,3,symmetric,,previously_discarded,satisfied,satisfied,0.000670391061452514,test,checked_out_bounded
4472,4475,0,symmetric,,previously_discarded,violated,satisfied,0.0,test,checked_out_bounded
4472,4475,0,symmetric,,previously_discarded,unknown,satisfied,0.0,test,checked_out_bounded
4472,4475,4472,symmetric,1.0,previously_discarded,satisfied,violated,0.9993296089385475,test,checked_out_bounded
4472,4475,0,symmetric,0.0,previously_discarded,violated,violated,0.0,test,checked_out_bounded
4472,4475,0,symmetric,0.0,previously_discarded,unknown,violated,0.0,test,checked_out_bounded
4472,4475,0,symmetric,,previously_discarded,satisfied,unknown,0.0,test,checked_out_bounded
4472,4475,0,symmetric,,previously_discarded,violated,unknown,0.0,test,checked_out_bounded
4472,4475,0,symmetric,,previously_discarded,unknown,unknown,0.0,test,checked_out_bounded
345,14999,1860,type,,previously_discarded,satisfied,satisfied,0.12400826721781452,test,checked_out_bounded
345,14999,0,type,,previously_discarded,violated,satisfied,0.0,test,checked_out_bounded
345,14999,0,type,,previously_discarded,unknown,satisfied,0.0,test,checked_out_bounded
345,14999,138,type,0.4,previously_discarded,satisfied,violated,0.009200613374224948,test,checked_out_bounded
345,14999,207,type,0.6,previously_discarded,violated,violated,0.013800920061337422,test,checked_out_bounded
345,14999,0,type,0.0,previously_discarded,unknown,violated,0.0,test,checked_out_bounded
345,14999,588,type,,previously_discarded,satisfied,unknown,0.03920261350756717,test,checked_out_bounded
345,14999,388,type,,previously_discarded,violated,unknown,0.025868391226081738,test,checked_out_bounded
345,14999,11818,type,,previously_discarded,unknown,unknown,0.7879191946129742,test,checked_out_bounded
1791,14998,6987,valueRequiresStatement,,previously_discarded,satisfied,satisfied,0.4658621149486598,test,checked_out_bounded
1791,14998,0,valueRequiresStatement,,previously_discarded,violated,satisfied,0.0,test,checked_out_bounded
1791,14998,0,valueRequiresStatement,,previously_discarded,unknown,satisfied,0.0,test,checked_out_bounded
1791,14998,1791,valueRequiresStatement,1.0,previously_discarded,satisfied,violated,0.11941592212294973,test,checked_out_bounded
1791,14998,0,valueRequiresStatement,0.0,previously_discarded,violated,violated,0.0,test,checked_out_bounded
1791,14998,0,valueRequiresStatement,0.0,previously_discarded,unknown,violated,0.0,test,checked_out_bounded
1791,14998,260,valueRequiresStatement,,previously_discarded,satisfied,unknown,0.017335644752633685,test,checked_out_bounded
1791,14998,0,valueRequiresStatement,,previously_discarded,violated,unknown,0.0,test,checked_out_bounded
1791,14998,5960,valueRequiresStatement,,previously_discarded,unknown,unknown,0.39738631817575676,test,checked_out_bounded
4163,15001,1017,valueType,,previously_discarded,satisfied,satisfied,0.06779548030131324,test,checked_out_bounded
4163,15001,0,valueType,,previously_discarded,violated,satisfied,0.0,test,checked_out_bounded
4163,15001,0,valueType,,previously_discarded,unknown,satisfied,0.0,test,checked_out_bounded
4163,15001,268,valueType,0.06437665145327888,previously_discarded,satisfied,violated,0.01786547563495767,test,checked_out_bounded
4163,15001,3895,valueType,0.9356233485467211,previously_discarded,violated,violated,0.2596493567095527,test,checked_out_bounded
4163,15001,0,valueType,0.0,previously_discarded,unknown,violated,0.0,test,checked_out_bounded
4163,15001,90,valueType,,previously_discarded,satisfied,unknown,0.005999600026664889,test,checked_out_bounded
4163,15001,16,valueType,,previously_discarded,violated,unknown,0.0010665955602959802,test,checked_out_bounded
4163,15001,9715,valueType,,previously_discarded,unknown,unknown,0.6476234917672156,test,checked_out_bounded
68985,70430,668,conflictWith,,previously_discarded,satisfied,satisfied,0.009484594632968905,train,checked_out_bounded
68985,70430,33,conflictWith,,previously_discarded,violated,satisfied,0.00046855033366463155,train,checked_out_bounded
68985,70430,0,conflictWith,,previously_discarded,unknown,satisfied,0.0,train,checked_out_bounded
68985,70430,38712,conflictWith,0.5611654707545118,previously_discarded,satisfied,violated,0.5496521368734915,train,checked_out_bounded
68985,70430,30273,conflictWith,0.43883452924548816,previously_discarded,violated,violated,0.42983103790998156,train,checked_out_bounded
68985,70430,0,conflictWith,0.0,previously_discarded,unknown,violated,0.0,train,checked_out_bounded
68985,70430,0,conflictWith,,previously_discarded,satisfied,unknown,0.0,train,checked_out_bounded
68985,70430,0,conflictWith,,previously_discarded,violated,unknown,0.0,train,checked_out_bounded
68985,70430,744,conflictWith,,previously_discarded,unknown,unknown,0.010563680249893511,train,checked_out_bounded
159711,159743,19,distinct,,previously_discarded,satisfied,satisfied,0.0001189410490600527,train,checked_out_bounded
159711,159743,0,distinct,,previously_discarded,violated,satisfied,0.0,train,checked_out_bounded
159711,159743,0,distinct,,previously_discarded,unknown,satisfied,0.0,train,checked_out_bounded
159711,159743,92770,distinct,0.5808616814120505,previously_discarded,satisfied,violated,0.5807453221737415,train,checked_out_bounded
159711,159743,66941,distinct,0.4191383185879495,previously_discarded,violated,violated,0.41905435605942043,train,checked_out_bounded
159711,159743,0,distinct,0.0,previously_discarded,unknown,violated,0.0,train,checked_out_bounded
159711,159743,13,distinct,,previously_discarded,satisfied,unknown,8.13807177779308e-05,train,checked_out_bounded
159711,159743,0,distinct,,previously_discarded,violated,unknown,0.0,train,checked_out_bounded
159711,159743,0,distinct,,previously_discarded,unknown,unknown,0.0,train,checked_out_bounded
48816,48968,152,inverse,,previously_discarded,satisfied,satisfied,0.0031040679627511846,train,checked_out_bounded
48816,48968,0,inverse,,previously_discarded,violated,satisfied,0.0,train,checked_out_bounded
48816,48968,0,inverse,,previously_discarded,unknown,satisfied,0.0,train,checked_out_bounded
48816,48968,5335,inverse,0.10928793838085873,previously_discarded,satisfied,violated,0.10894870119261559,train,checked_out_bounded
48816,48968,43481,inverse,0.8907120616191413,previously_discarded,violated,violated,0.8879472308446332,train,checked_out_bounded
48816,48968,0,inverse,0.0,previously_discarded,unknown,violated,0.0,train,checked_out_bounded
48816,48968,0,inverse,,previously_discarded,satisfied,unknown,0.0,train,checked_out_bounded
48816,48968,0,inverse,,previously_discarded,violated,unknown,0.0,train,checked_out_bounded
48816,48968,0,inverse,,previously_discarded,unknown,unknown,0.0,train,checked_out_bounded
5966,70000,12458,itemRequiresStatement,,previously_discarded,satisfied,satisfied,0.17797142857142856,train,checked_out_bounded
5966,70000,0,itemRequiresStatement,,previously_discarded,violated,satisfied,0.0,train,checked_out_bounded
5966,70000,0,itemRequiresStatement,,previously_discarded,unknown,satisfied,0.0,train,checked_out_bounded
5966,70000,5889,itemRequiresStatement,0.9870935300033523,previously_discarded,satisfied,violated,0.08412857142857143,train,checked_out_bounded
5966,70000,77,itemRequiresStatement,0.012906469996647671,previously_discarded,violated,violated,0.0011,train,checked_out_bounded
5966,70000,0,itemRequiresStatement,0.0,previously_discarded,unknown,violated,0.0,train,checked_out_bounded
5966,70000,835,itemRequiresStatement,,previously_discarded,satisfied,unknown,0.011928571428571429,train,checked_out_bounded
5966,70000,0,itemRequiresStatement,,previously_discarded,violated,unknown,0.0,train,checked_out_bounded
5966,70000,50741,itemRequiresStatement,,previously_discarded,unknown,unknown,0.7248714285714286,train,checked_out_bounded
4798,4798,0,oneOf,,previously_discarded,satisfied,satisfied,0.0,train,checked_out_bounded
4798,4798,0,oneOf,,previously_discarded,violated,satisfied,0.0,train,checked_out_bounded
4798,4798,0,oneOf,,previously_discarded,unknown,satisfied,0.0,train,checked_out_bounded
4798,4798,4798,oneOf,1.0,previously_discarded,satisfied,violated,1.0,train,checked_out_bounded
4798,4798,0,oneOf,0.0,previously_discarded,violated,violated,0.0,train,checked_out_bounded
4798,4798,0,oneOf,0.0,previously_discarded,unknown,violated,0.0,train,checked_out_bounded
4798,4798,0,oneOf,,previously_discarded,satisfied,unknown,0.0,train,checked_out_bounded
4798,4798,0,oneOf,,previously_discarded,violated,unknown,0.0,train,checked_out_bounded
4798,4798,0,oneOf,,previously_discarded,unknown,unknown,0.0,train,checked_out_bounded
76799,83805,6950,single,,previously_discarded,satisfied,satisfied,0.08293061273193723,train,checked_out_bounded
76799,83805,56,single,,previously_discarded,violated,satisfied,0.0006682178867609332,train,checked_out_bounded
76799,83805,0,single,,previously_discarded,unknown,satisfied,0.0,train,checked_out_bounded
76799,83805,46284,single,0.6026640971887655,previously_discarded,satisfied,violated,0.5522820834079112,train,checked_out_bounded
76799,83805,30515,single,0.39733590281123454,previously_discarded,violated,violated,0.3641190859733906,train,checked_out_bounded
76799,83805,0,single,0.0,previously_discarded,unknown,violated,0.0,train,checked_out_bounded
76799,83805,0,single,,previously_discarded,satisfied,unknown,0.0,train,checked_out_bounded
76799,83805,0,single,,previously_discarded,violated,unknown,0.0,train,checked_out_bounded
76799,83805,0,single,,previously_discarded,unknown,unknown,0.0,train,checked_out_bounded
21012,21031,19,symmetric,,previously_discarded,satisfied,satisfied,0.0009034282725500452,train,checked_out_bounded
21012,21031,0,symmetric,,previously_discarded,violated,satisfied,0.0,train,checked_out_bounded
21012,21031,0,symmetric,,previously_discarded,unknown,satisfied,0.0,train,checked_out_bounded
21012,21031,21012,symmetric,1.0,previously_discarded,satisfied,violated,0.9990965717274499,train,checked_out_bounded
21012,21031,0,symmetric,0.0,previously_discarded,violated,violated,0.0,train,checked_out_bounded
21012,21031,0,symmetric,0.0,previously_discarded,unknown,violated,0.0,train,checked_out_bounded
21012,21031,0,symmetric,,previously_discarded,satisfied,unknown,0.0,train,checked_out_bounded
21012,21031,0,symmetric,,previously_discarded,violated,unknown,0.0,train,checked_out_bounded
21012,21031,0,symmetric,,previously_discarded,unknown,unknown,0.0,train,checked_out_bounded
1537,70001,8564,type,,previously_discarded,satisfied,satisfied,0.12234110941272268,train,checked_out_bounded
1537,70001,0,type,,previously_discarded,violated,satisfied,0.0,train,checked_out_bounded
1537,70001,0,type,,previously_discarded,unknown,satisfied,0.0,train,checked_out_bounded
1537,70001,639,type,0.41574495770982434,previously_discarded,satisfied,violated,0.00912844102227111,train,checked_out_bounded
1537,70001,898,type,0.5842550422901757,previously_discarded,violated,violated,0.012828388165883345,train,checked_out_bounded
1537,70001,0,type,0.0,previously_discarded,unknown,violated,0.0,train,checked_out_bounded
1537,70001,2696,type,,previously_discarded,satisfied,unknown,0.03851373551806403,train,checked_out_bounded
1537,70001,1673,type,,previously_discarded,violated,unknown,0.023899658576306052,train,checked_out_bounded
1537,70001,55531,type,,previously_discarded,unknown,unknown,0.7932886673047528,train,checked_out_bounded
8531,70000,32305,valueRequiresStatement,,previously_discarded,satisfied,satisfied,0.4615,train,checked_out_bounded
8531,70000,0,valueRequiresStatement,,previously_discarded,violated,satisfied,0.0,train,checked_out_bounded
8531,70000,0,valueRequiresStatement,,previously_discarded,unknown,satisfied,0.0,train,checked_out_bounded
8531,70000,8531,valueRequiresStatement,1.0,previously_discarded,satisfied,violated,0.12187142857142857,train,checked_out_bounded
8531,70000,0,valueRequiresStatement,0.0,previously_discarded,violated,violated,0.0,train,checked_out_bounded
8531,70000,0,valueRequiresStatement,0.0,previously_discarded,unknown,violated,0.0,train,checked_out_bounded
8531,70000,1254,valueRequiresStatement,,previously_discarded,satisfied,unknown,0.017914285714285716,train,checked_out_bounded
8531,70000,0,valueRequiresStatement,,previously_discarded,violated,unknown,0.0,train,checked_out_bounded
8531,70000,27910,valueRequiresStatement,,previously_discarded,unknown,unknown,0.3987142857142857,train,checked_out_bounded
20026,70000,4870,valueType,,previously_discarded,satisfied,satisfied,0.06957142857142858,train,checked_out_bounded
20026,70000,0,valueType,,previously_discarded,violated,satisfied,0.0,train,checked_out_bounded
20026,70000,0,valueType,,previously_discarded,unknown,satisfied,0.0,train,checked_out_bounded
20026,70000,1413,valueType,0.07055827424348347,previously_discarded,satisfied,violated,0.020185714285714286,train,checked_out_bounded
20026,70000,18613,valueType,0.9294417257565165,previously_discarded,violated,violated,0.2659,train,checked_out_bounded
20026,70000,0,valueType,0.0,previously_discarded,unknown,violated,0.0,train,checked_out_bounded
20026,70000,384,valueType,,previously_discarded,satisfied,unknown,0.005485714285714286,train,checked_out_bounded
20026,70000,68,valueType,,previously_discarded,violated,unknown,0.0009714285714285714,train,checked_out_bounded
20026,70000,44652,valueType,,previously_discarded,unknown,unknown,0.6378857142857143,train,checked_out_bounded
14787,15092,150,conflictWith,,previously_discarded,satisfied,satisfied,0.00993904055128545,val,checked_out_bounded
14787,15092,4,conflictWith,,previously_discarded,violated,satisfied,0.00026504108136761196,val,checked_out_bounded
14787,15092,0,conflictWith,,previously_discarded,unknown,satisfied,0.0,val,checked_out_bounded
14787,15092,8369,conflictWith,0.5659701088794211,previously_discarded,satisfied,violated,0.5545322024913861,val,checked_out_bounded
14787,15092,6418,conflictWith,0.4340298911205789,previously_discarded,violated,violated,0.4252584150543334,val,checked_out_bounded
14787,15092,0,conflictWith,0.0,previously_discarded,unknown,violated,0.0,val,checked_out_bounded
14787,15092,0,conflictWith,,previously_discarded,satisfied,unknown,0.0,val,checked_out_bounded
14787,15092,0,conflictWith,,previously_discarded,violated,unknown,0.0,val,checked_out_bounded
14787,15092,151,conflictWith,,previously_discarded,unknown,unknown,0.010005300821627353,val,checked_out_bounded
34222,34228,2,distinct,,previously_discarded,satisfied,satisfied,5.84316933504733e-05,val,checked_out_bounded
34222,34228,0,distinct,,previously_discarded,violated,satisfied,0.0,val,checked_out_bounded
34222,34228,0,distinct,,previously_discarded,unknown,satisfied,0.0,val,checked_out_bounded
34222,34228,19746,distinct,0.576997253228917,previously_discarded,satisfied,violated,0.5768961084492229,val,checked_out_bounded
34222,34228,14476,distinct,0.4230027467710829,previously_discarded,violated,violated,0.4229285964707257,val,checked_out_bounded
34222,34228,0,distinct,0.0,previously_discarded,unknown,violated,0.0,val,checked_out_bounded
34222,34228,4,distinct,,previously_discarded,satisfied,unknown,0.0001168633867009466,val,checked_out_bounded
34222,34228,0,distinct,,previously_discarded,violated,unknown,0.0,val,checked_out_bounded
34222,34228,0,distinct,,previously_discarded,unknown,unknown,0.0,val,checked_out_bounded
10466,10496,30,inverse,,previously_discarded,satisfied,satisfied,0.002858231707317073,val,checked_out_bounded
10466,10496,0,inverse,,previously_discarded,violated,satisfied,0.0,val,checked_out_bounded
10466,10496,0,inverse,,previously_discarded,unknown,satisfied,0.0,val,checked_out_bounded
10466,10496,1099,inverse,0.10500668832409707,previously_discarded,satisfied,violated,0.10470655487804878,val,checked_out_bounded
10466,10496,9367,inverse,0.8949933116759029,previously_discarded,violated,violated,0.8924352134146342,val,checked_out_bounded
10466,10496,0,inverse,0.0,previously_discarded,unknown,violated,0.0,val,checked_out_bounded
10466,10496,0,inverse,,previously_discarded,satisfied,unknown,0.0,val,checked_out_bounded
10466,10496,0,inverse,,previously_discarded,violated,unknown,0.0,val,checked_out_bounded
10466,10496,0,inverse,,previously_discarded,unknown,unknown,0.0,val,checked_out_bounded
1249,15002,2611,itemRequiresStatement,,previously_discarded,satisfied,satisfied,0.17404346087188374,val,checked_out_bounded
1249,15002,0,itemRequiresStatement,,previously_discarded,violated,satisfied,0.0,val,checked_out_bounded
1249,15002,0,itemRequiresStatement,,previously_discarded,unknown,satisfied,0.0,val,checked_out_bounded
1249,15002,1223,itemRequiresStatement,0.9791833466773419,previously_discarded,satisfied,violated,0.08152246367151046,val,checked_out_bounded
1249,15002,26,itemRequiresStatement,0.020816653322658127,previously_discarded,violated,violated,0.0017331022530329288,val,checked_out_bounded
1249,15002,0,itemRequiresStatement,0.0,previously_discarded,unknown,violated,0.0,val,checked_out_bounded
1249,15002,173,itemRequiresStatement,,previously_discarded,satisfied,unknown,0.011531795760565258,val,checked_out_bounded
1249,15002,0,itemRequiresStatement,,previously_discarded,violated,unknown,0.0,val,checked_out_bounded
1249,15002,10969,itemRequiresStatement,,previously_discarded,unknown,unknown,0.7311691774430076,val,checked_out_bounded
1028,1028,0,oneOf,,previously_discarded,satisfied,satisfied,0.0,val,checked_out_bounded
1028,1028,0,oneOf,,previously_discarded,violated,satisfied,0.0,val,checked_out_bounded
1028,1028,0,oneOf,,previously_discarded,unknown,satisfied,0.0,val,checked_out_bounded
1028,1028,1028,oneOf,1.0,previously_discarded,satisfied,violated,1.0,val,checked_out_bounded
1028,1028,0,oneOf,0.0,previously_discarded,violated,violated,0.0,val,checked_out_bounded
1028,1028,0,oneOf,0.0,previously_discarded,unknown,violated,0.0,val,checked_out_bounded
1028,1028,0,oneOf,,previously_discarded,satisfied,unknown,0.0,val,checked_out_bounded
1028,1028,0,oneOf,,previously_discarded,violated,unknown,0.0,val,checked_out_bounded
1028,1028,0,oneOf,,previously_discarded,unknown,unknown,0.0,val,checked_out_bounded
16472,17959,1471,single,,previously_discarded,satisfied,satisfied,0.08190879224901164,val,checked_out_bounded
16472,17959,16,single,,previously_discarded,violated,satisfied,0.0008909182025725263,val,checked_out_bounded
16472,17959,0,single,,previously_discarded,unknown,satisfied,0.0,val,checked_out_bounded
16472,17959,9910,single,0.6016270033997086,previously_discarded,satisfied,violated,0.5518124617183585,val,checked_out_bounded
16472,17959,6562,single,0.3983729966002914,previously_discarded,violated,violated,0.36538782783005735,val,checked_out_bounded
16472,17959,0,single,0.0,previously_discarded,unknown,violated,0.0,val,checked_out_bounded
16472,17959,0,single,,previously_discarded,satisfied,unknown,0.0,val,checked_out_bounded
16472,17959,0,single,,previously_discarded,violated,unknown,0.0,val,checked_out_bounded
16472,17959,0,single,,previously_discarded,unknown,unknown,0.0,val,checked_out_bounded
4502,4504,2,symmetric,,previously_discarded,satisfied,satisfied,0.0004440497335701599,val,checked_out_bounded
4502,4504,0,symmetric,,previously_discarded,violated,satisfied,0.0,val,checked_out_bounded
4502,4504,0,symmetric,,previously_discarded,unknown,satisfied,0.0,val,checked_out_bounded
4502,4504,4502,symmetric,1.0,previously_discarded,satisfied,violated,0.9995559502664298,val,checked_out_bounded
4502,4504,0,symmetric,0.0,previously_discarded,violated,violated,0.0,val,checked_out_bounded
4502,4504,0,symmetric,0.0,previously_discarded,unknown,violated,0.0,val,checked_out_bounded
4502,4504,0,symmetric,,previously_discarded,satisfied,unknown,0.0,val,checked_out_bounded
4502,4504,0,symmetric,,previously_discarded,violated,unknown,0.0,val,checked_out_bounded
4502,4504,0,symmetric,,previously_discarded,unknown,unknown,0.0,val,checked_out_bounded
319,14999,1935,type,,previously_discarded,satisfied,satisfied,0.12900860057337155,val,checked_out_bounded
319,14999,0,type,,previously_discarded,violated,satisfied,0.0,val,checked_out_bounded
319,14999,0,type,,previously_discarded,unknown,satisfied,0.0,val,checked_out_bounded
319,14999,128,type,0.4012539184952978,previously_discarded,satisfied,violated,0.008533902260150677,val,checked_out_bounded
319,14999,191,type,0.5987460815047022,previously_discarded,violated,violated,0.012734182278818588,val,checked_out_bounded
319,14999,0,type,0.0,previously_discarded,unknown,violated,0.0,val,checked_out_bounded
319,14999,576,type,,previously_discarded,satisfied,unknown,0.03840256017067804,val,checked_out_bounded
319,14999,376,type,,previously_discarded,violated,unknown,0.02506833788919261,val,checked_out_bounded
319,14999,11793,type,,previously_discarded,unknown,unknown,0.7862524168277886,val,checked_out_bounded
1836,15001,6800,valueRequiresStatement,,previously_discarded,satisfied,satisfied,0.45330311312579163,val,checked_out_bounded
1836,15001,0,valueRequiresStatement,,previously_discarded,violated,satisfied,0.0,val,checked_out_bounded
1836,15001,0,valueRequiresStatement,,previously_discarded,unknown,satisfied,0.0,val,checked_out_bounded
1836,15001,1836,valueRequiresStatement,1.0,previously_discarded,satisfied,violated,0.12239184054396374,val,checked_out_bounded
1836,15001,0,valueRequiresStatement,0.0,previously_discarded,violated,violated,0.0,val,checked_out_bounded
1836,15001,0,valueRequiresStatement,0.0,previously_discarded,unknown,violated,0.0,val,checked_out_bounded
1836,15001,312,valueRequiresStatement,,previously_discarded,satisfied,unknown,0.020798613425771616,val,checked_out_bounded
1836,15001,0,valueRequiresStatement,,previously_discarded,violated,unknown,0.0,val,checked_out_bounded
1836,15001,6053,valueRequiresStatement,,previously_discarded,unknown,unknown,0.403506432904473,val,checked_out_bounded
4271,15000,1098,valueType,,previously_discarded,satisfied,satisfied,0.0732,val,checked_out_bounded
4271,15000,0,valueType,,previously_discarded,violated,satisfied,0.0,val,checked_out_bounded
4271,15000,0,valueType,,previously_discarded,unknown,satisfied,0.0,val,checked_out_bounded
4271,15000,321,valueType,0.0751580426129712,previously_discarded,satisfied,violated,0.0214,val,checked_out_bounded
4271,15000,3950,valueType,0.9248419573870288,previously_discarded,violated,violated,0.2633333333333333,val,checked_out_bounded
4271,15000,0,valueType,0.0,previously_discarded,unknown,violated,0.0,val,checked_out_bounded
4271,15000,81,valueType,,previously_discarded,satisfied,unknown,0.0054,val,checked_out_bounded
4271,15000,24,valueType,,previously_discarded,violated,unknown,0.0016,val,checked_out_bounded
4271,15000,9526,valueType,,previously_discarded,unknown,unknown,0.6350666666666667,val,checked_out_bounded
766002,955389,128639,overall,,previously_discarded,satisfied,satisfied,0.13464567835719274,overall,audited_v3_bounded
766002,955389,3,overall,,previously_discarded,violated,satisfied,3.1400822073521884e-06,overall,audited_v3_bounded
766002,955389,99,overall,,previously_discarded,unknown,satisfied,0.00010362271284262222,overall,audited_v3_bounded
766002,955389,661534,overall,0.8636191550413707,previously_discarded,satisfied,violated,0.6924237143195076,overall,audited_v3_bounded
766002,955389,57771,overall,0.07541886313612758,previously_discarded,violated,violated,0.06046856306698109,overall,audited_v3_bounded
766002,955389,46697,overall,0.060961981822501767,previously_discarded,unknown,violated,0.04887747294557505,overall,audited_v3_bounded
766002,955389,4248,overall,,previously_discarded,satisfied,unknown,0.004446356405610699,overall,audited_v3_bounded
766002,955389,0,overall,,previously_discarded,violated,unknown,0.0,overall,audited_v3_bounded
766002,955389,56398,overall,,previously_discarded,unknown,unknown,0.059031452110082906,overall,audited_v3_bounded
115060,143304,19210,overall,,previously_discarded,satisfied,satisfied,0.13405068944342097,test,audited_v3_bounded
115060,143304,0,overall,,previously_discarded,violated,satisfied,0.0,test,audited_v3_bounded
115060,143304,11,overall,,previously_discarded,unknown,satisfied,7.675989504828896e-05,test,audited_v3_bounded
115060,143304,99453,overall,0.8643577264036155,previously_discarded,satisfied,violated,0.6940001674761347,test,audited_v3_bounded
115060,143304,8656,overall,0.07523031461845993,previously_discarded,violated,violated,0.06040305923072629,test,audited_v3_bounded
115060,143304,6951,overall,0.06041195897792456,previously_discarded,unknown,violated,0.0485052754982415,test,audited_v3_bounded
115060,143304,608,overall,,previously_discarded,satisfied,unknown,0.004242728744487244,test,audited_v3_bounded
115060,143304,0,overall,,previously_discarded,violated,unknown,0.0,test,audited_v3_bounded
115060,143304,8415,overall,,previously_discarded,unknown,unknown,0.05872131971194105,test,audited_v3_bounded
535996,668776,90166,overall,,previously_discarded,satisfied,satisfied,0.1348224218572437,train,audited_v3_bounded
535996,668776,3,overall,,previously_discarded,violated,satisfied,4.485806906946422e-06,train,audited_v3_bounded
535996,668776,72,overall,,previously_discarded,unknown,satisfied,0.00010765936576671411,train,audited_v3_bounded
535996,668776,462878,overall,0.8635848028716632,previously_discarded,satisfied,violated,0.6921271098245152,train,audited_v3_bounded
535996,668776,40420,overall,0.07541101052992932,previously_discarded,violated,violated,0.06043877172625812,train,audited_v3_bounded
535996,668776,32698,overall,0.06100418659840745,previously_discarded,unknown,violated,0.04889230474777803,train,audited_v3_bounded
535996,668776,3007,overall,,previously_discarded,satisfied,unknown,0.004496273789729296,train,audited_v3_bounded
535996,668776,0,overall,,previously_discarded,violated,unknown,0.0,train,audited_v3_bounded
535996,668776,39532,overall,,previously_discarded,unknown,unknown,0.059110972881801976,train,audited_v3_bounded
114946,143309,19263,overall,,previously_discarded,satisfied,satisfied,0.13441584268957288,val,audited_v3_bounded
114946,143309,0,overall,,previously_discarded,violated,satisfied,0.0,val,audited_v3_bounded
114946,143309,16,overall,,previously_discarded,unknown,satisfied,0.00011164686097872429,val,audited_v3_bounded
114946,143309,99203,overall,0.8630400361909071,previously_discarded,satisfied,violated,0.6922314718545242,val,audited_v3_bounded
114946,143309,8695,overall,0.07564421554469054,previously_discarded,violated,violated,0.060673091013125485,val,audited_v3_bounded
114946,143309,7048,overall,0.06131574826440241,previously_discarded,unknown,violated,0.049180442261128055,val,audited_v3_bounded
114946,143309,633,overall,,previously_discarded,satisfied,unknown,0.00441702893747078,val,audited_v3_bounded
114946,143309,0,overall,,previously_discarded,violated,unknown,0.0,val,audited_v3_bounded
114946,143309,8451,overall,,previously_discarded,unknown,unknown,0.05897047638319994,val,audited_v3_bounded
99308,100613,1294,conflictWith,,previously_discarded,satisfied,satisfied,0.012861161082563884,overall,audited_v3_bounded
99308,100613,3,conflictWith,,previously_discarded,violated,satisfied,2.9817220438710704e-05,overall,audited_v3_bounded
99308,100613,0,conflictWith,,previously_discarded,unknown,satisfied,0.0,overall,audited_v3_bounded
99308,100613,76892,conflictWith,0.7742780037862005,previously_discarded,satisfied,violated,0.7642352379911145,overall,audited_v3_bounded
99308,100613,22416,conflictWith,0.2257219962137995,previously_discarded,violated,violated,0.22279427111804637,overall,audited_v3_bounded
99308,100613,0,conflictWith,0.0,previously_discarded,unknown,violated,0.0,overall,audited_v3_bounded
99308,100613,0,conflictWith,,previously_discarded,satisfied,unknown,0.0,overall,audited_v3_bounded
99308,100613,0,conflictWith,,previously_discarded,violated,unknown,0.0,overall,audited_v3_bounded
99308,100613,8,conflictWith,,previously_discarded,unknown,unknown,7.951258783656188e-05,overall,audited_v3_bounded
228152,228201,21,distinct,,previously_discarded,satisfied,satisfied,9.202413661640397e-05,overall,audited_v3_bounded
228152,228201,0,distinct,,previously_discarded,violated,satisfied,0.0,overall,audited_v3_bounded
228152,228201,0,distinct,,previously_discarded,unknown,satisfied,0.0,overall,audited_v3_bounded
228152,228201,227191,distinct,0.9957878957887724,previously_discarded,satisfied,violated,0.9955740772389253,overall,audited_v3_bounded
228152,228201,961,distinct,0.004212104211227603,previously_discarded,violated,violated,0.004211199775636391,overall,audited_v3_bounded
228152,228201,0,distinct,0.0,previously_discarded,unknown,violated,0.0,overall,audited_v3_bounded
228152,228201,0,distinct,,previously_discarded,satisfied,unknown,0.0,overall,audited_v3_bounded
228152,228201,0,distinct,,previously_discarded,violated,unknown,0.0,overall,audited_v3_bounded
228152,228201,28,distinct,,previously_discarded,unknown,unknown,0.00012269884882187194,overall,audited_v3_bounded
69778,69988,191,inverse,,previously_discarded,satisfied,satisfied,0.002729039263873807,overall,audited_v3_bounded
69778,69988,0,inverse,,previously_discarded,violated,satisfied,0.0,overall,audited_v3_bounded
69778,69988,5,inverse,,previously_discarded,unknown,satisfied,7.144081842601589e-05,overall,audited_v3_bounded
69778,69988,62229,inverse,0.8918140388087936,previously_discarded,satisfied,violated,0.8891381379665085,overall,audited_v3_bounded
69778,69988,7,inverse,0.00010031815185301958,previously_discarded,violated,violated,0.00010001714579642225,overall,audited_v3_bounded
69778,69988,7542,inverse,0.10808564303935338,previously_discarded,unknown,violated,0.10776133051380236,overall,audited_v3_bounded
69778,69988,0,inverse,,previously_discarded,satisfied,unknown,0.0,overall,audited_v3_bounded
69778,69988,0,inverse,,previously_discarded,violated,unknown,0.0,overall,audited_v3_bounded
69778,69988,14,inverse,,previously_discarded,unknown,unknown,0.0002000342915928445,overall,audited_v3_bounded
84052,100001,15943,itemRequiresStatement,,previously_discarded,satisfied,satisfied,0.15942840571594283,overall,audited_v3_bounded
84052,100001,0,itemRequiresStatement,,previously_discarded,violated,satisfied,0.0,overall,audited_v3_bounded
84052,100001,0,itemRequiresStatement,,previously_discarded,unknown,satisfied,0.0,overall,audited_v3_bounded
84052,100001,83141,itemRequiresStatement,0.9891614714700424,previously_discarded,satisfied,violated,0.8314016859831401,overall,audited_v3_bounded
84052,100001,911,itemRequiresStatement,0.010838528529957646,previously_discarded,violated,violated,0.009109908900910992,overall,audited_v3_bounded
84052,100001,0,itemRequiresStatement,0.0,previously_discarded,unknown,violated,0.0,overall,audited_v3_bounded
84052,100001,0,itemRequiresStatement,,previously_discarded,satisfied,unknown,0.0,overall,audited_v3_bounded
84052,100001,0,itemRequiresStatement,,previously_discarded,violated,unknown,0.0,overall,audited_v3_bounded
84052,100001,6,itemRequiresStatement,,previously_discarded,unknown,unknown,5.999940000599994e-05,overall,audited_v3_bounded
1536,6854,0,oneOf,,previously_discarded,satisfied,satisfied,0.0,overall,audited_v3_bounded
1536,6854,0,oneOf,,previously_discarded,violated,satisfied,0.0,overall,audited_v3_bounded
1536,6854,0,oneOf,,previously_discarded,unknown,satisfied,0.0,overall,audited_v3_bounded
1536,6854,1452,oneOf,0.9453125,previously_discarded,satisfied,violated,0.21184709658593523,overall,audited_v3_bounded
1536,6854,84,oneOf,0.0546875,previously_discarded,violated,violated,0.01225561715786402,overall,audited_v3_bounded
1536,6854,0,oneOf,0.0,previously_discarded,unknown,violated,0.0,overall,audited_v3_bounded
1536,6854,0,oneOf,,previously_discarded,satisfied,unknown,0.0,overall,audited_v3_bounded
1536,6854,0,oneOf,,previously_discarded,violated,unknown,0.0,overall,audited_v3_bounded
1536,6854,5318,oneOf,,previously_discarded,unknown,unknown,0.7758972862562008,overall,audited_v3_bounded
83677,119723,7355,single,,previously_discarded,satisfied,satisfied,0.06143347560619096,overall,audited_v3_bounded
83677,119723,0,single,,previously_discarded,violated,satisfied,0.0,overall,audited_v3_bounded
83677,119723,0,single,,previously_discarded,unknown,satisfied,0.0,overall,audited_v3_bounded
83677,119723,52668,single,0.6294202708032076,previously_discarded,satisfied,violated,0.4399154715468206,overall,audited_v3_bounded
83677,119723,31009,single,0.37057972919679244,previously_discarded,violated,violated,0.25900620599216523,overall,audited_v3_bounded
83677,119723,0,single,0.0,previously_discarded,unknown,violated,0.0,overall,audited_v3_bounded
83677,119723,0,single,,previously_discarded,satisfied,unknown,0.0,overall,audited_v3_bounded
83677,119723,0,single,,previously_discarded,violated,unknown,0.0,overall,audited_v3_bounded
83677,119723,28691,single,,previously_discarded,unknown,unknown,0.2396448468548232,overall,audited_v3_bounded
29986,30010,10,symmetric,,previously_discarded,satisfied,satisfied,0.0003332222592469177,overall,audited_v3_bounded
29986,30010,0,symmetric,,previously_discarded,violated,satisfied,0.0,overall,audited_v3_bounded
29986,30010,2,symmetric,,previously_discarded,unknown,satisfied,6.664445184938353e-05,overall,audited_v3_bounded
29986,30010,10393,symmetric,0.346595077702928,previously_discarded,satisfied,violated,0.34631789403532154,overall,audited_v3_bounded
29986,30010,0,symmetric,0.0,previously_discarded,violated,violated,0.0,overall,audited_v3_bounded
29986,30010,19593,symmetric,0.6534049222970719,previously_discarded,unknown,violated,0.6528823725424858,overall,audited_v3_bounded
29986,30010,0,symmetric,,previously_discarded,satisfied,unknown,0.0,overall,audited_v3_bounded
29986,30010,0,symmetric,,previously_discarded,violated,unknown,0.0,overall,audited_v3_bounded
29986,30010,12,symmetric,,previously_discarded,unknown,unknown,0.0003998667110963012,overall,audited_v3_bounded
68258,99999,28996,type,,previously_discarded,satisfied,satisfied,0.2899628996289963,overall,audited_v3_bounded
68258,99999,0,type,,previously_discarded,violated,satisfied,0.0,overall,audited_v3_bounded
68258,99999,0,type,,previously_discarded,unknown,satisfied,0.0,overall,audited_v3_bounded
68258,99999,64247,type,0.9412376571244396,previously_discarded,satisfied,violated,0.6424764247642476,overall,audited_v3_bounded
68258,99999,2346,type,0.03436959770283337,previously_discarded,violated,violated,0.023460234602346024,overall,audited_v3_bounded
68258,99999,1665,type,0.024392745172727007,previously_discarded,unknown,violated,0.016650166501665016,overall,audited_v3_bounded
68258,99999,2006,type,,previously_discarded,satisfied,unknown,0.02006020060200602,overall,audited_v3_bounded
68258,99999,0,type,,previously_discarded,violated,unknown,0.0,overall,audited_v3_bounded
68258,99999,739,type,,previously_discarded,unknown,unknown,0.007390073900739007,overall,audited_v3_bounded
53931,99999,29947,valueRequiresStatement,,previously_discarded,satisfied,satisfied,0.2994729947299473,overall,audited_v3_bounded
53931,99999,0,valueRequiresStatement,,previously_discarded,violated,satisfied,0.0,overall,audited_v3_bounded
53931,99999,44,valueRequiresStatement,,previously_discarded,unknown,satisfied,0.00044000440004400045,overall,audited_v3_bounded
53931,99999,45774,valueRequiresStatement,0.8487511820659732,previously_discarded,satisfied,violated,0.45774457744577446,overall,audited_v3_bounded
53931,99999,1,valueRequiresStatement,1.85422113441249e-05,previously_discarded,violated,violated,1.000010000100001e-05,overall,audited_v3_bounded
53931,99999,8156,valueRequiresStatement,0.1512302757226827,previously_discarded,unknown,violated,0.08156081560815608,overall,audited_v3_bounded
53931,99999,0,valueRequiresStatement,,previously_discarded,satisfied,unknown,0.0,overall,audited_v3_bounded
53931,99999,0,valueRequiresStatement,,previously_discarded,violated,unknown,0.0,overall,audited_v3_bounded
53931,99999,16077,valueRequiresStatement,,previously_discarded,unknown,unknown,0.16077160771607715,overall,audited_v3_bounded
47324,100001,44882,valueType,,previously_discarded,satisfied,satisfied,0.44881551184488155,overall,audited_v3_bounded
47324,100001,0,valueType,,previously_discarded,violated,satisfied,0.0,overall,audited_v3_bounded
47324,100001,48,valueType,,previously_discarded,unknown,satisfied,0.00047999520004799953,overall,audited_v3_bounded
47324,100001,37547,valueType,0.7934029245203279,previously_discarded,satisfied,violated,0.37546624533754663,overall,audited_v3_bounded
47324,100001,36,valueType,0.0007607133801031189,previously_discarded,violated,violated,0.0003599964000359996,overall,audited_v3_bounded
47324,100001,9741,valueType,0.20583636209956893,previously_discarded,unknown,violated,0.0974090259097409,overall,audited_v3_bounded
47324,100001,2242,valueType,,previously_discarded,satisfied,unknown,0.022419775802241977,overall,audited_v3_bounded
47324,100001,0,valueType,,previously_discarded,violated,unknown,0.0,overall,audited_v3_bounded
47324,100001,5505,valueType,,previously_discarded,unknown,unknown,0.055049449505504944,overall,audited_v3_bounded
14910,15091,180,conflictWith,,previously_discarded,satisfied,satisfied,0.011927638990126565,test,audited_v3_bounded
14910,15091,0,conflictWith,,previously_discarded,violated,satisfied,0.0,test,audited_v3_bounded
14910,15091,0,conflictWith,,previously_discarded,unknown,satisfied,0.0,test,audited_v3_bounded
14910,15091,11644,conflictWith,0.780952380952381,previously_discarded,satisfied,violated,0.7715857133390762,test,audited_v3_bounded
14910,15091,3266,conflictWith,0.21904761904761905,previously_discarded,violated,violated,0.2164203830097409,test,audited_v3_bounded
14910,15091,0,conflictWith,0.0,previously_discarded,unknown,violated,0.0,test,audited_v3_bounded
14910,15091,0,conflictWith,,previously_discarded,satisfied,unknown,0.0,test,audited_v3_bounded
14910,15091,0,conflictWith,,previously_discarded,violated,unknown,0.0,test,audited_v3_bounded
14910,15091,1,conflictWith,,previously_discarded,unknown,unknown,6.62646610562587e-05,test,audited_v3_bounded
34220,34230,3,distinct,,previously_discarded,satisfied,satisfied,8.764241893076249e-05,test,audited_v3_bounded
34220,34230,0,distinct,,previously_discarded,violated,satisfied,0.0,test,audited_v3_bounded
34220,34230,0,distinct,,previously_discarded,unknown,satisfied,0.0,test,audited_v3_bounded
34220,34230,34086,distinct,0.9960841613091759,previously_discarded,satisfied,violated,0.9957931638913234,test,audited_v3_bounded
34220,34230,134,distinct,0.00391583869082408,previously_discarded,violated,violated,0.0039146947122407245,test,audited_v3_bounded
34220,34230,0,distinct,0.0,previously_discarded,unknown,violated,0.0,test,audited_v3_bounded
34220,34230,0,distinct,,previously_discarded,satisfied,unknown,0.0,test,audited_v3_bounded
34220,34230,0,distinct,,previously_discarded,violated,unknown,0.0,test,audited_v3_bounded
34220,34230,7,distinct,,previously_discarded,unknown,unknown,0.00020449897750511248,test,audited_v3_bounded
10499,10524,25,inverse,,previously_discarded,satisfied,satisfied,0.0023755226149752943,test,audited_v3_bounded
10499,10524,0,inverse,,previously_discarded,violated,satisfied,0.0,test,audited_v3_bounded
10499,10524,0,inverse,,previously_discarded,unknown,satisfied,0.0,test,audited_v3_bounded
10499,10524,9388,inverse,0.8941803981331555,previously_discarded,satisfied,violated,0.8920562523755227,test,audited_v3_bounded
10499,10524,1,inverse,9.524716639679969e-05,previously_discarded,violated,violated,9.502090459901178e-05,test,audited_v3_bounded
10499,10524,1110,inverse,0.10572435470044766,previously_discarded,unknown,violated,0.10547320410490307,test,audited_v3_bounded
10499,10524,0,inverse,,previously_discarded,satisfied,unknown,0.0,test,audited_v3_bounded
10499,10524,0,inverse,,previously_discarded,violated,unknown,0.0,test,audited_v3_bounded
10499,10524,0,inverse,,previously_discarded,unknown,unknown,0.0,test,audited_v3_bounded
12628,14999,2371,itemRequiresStatement,,previously_discarded,satisfied,satisfied,0.1580772051470098,test,audited_v3_bounded
12628,14999,0,itemRequiresStatement,,previously_discarded,violated,satisfied,0.0,test,audited_v3_bounded
12628,14999,0,itemRequiresStatement,,previously_discarded,unknown,satisfied,0.0,test,audited_v3_bounded
12628,14999,12490,itemRequiresStatement,0.98907190370605,previously_discarded,satisfied,violated,0.8327221814787652,test,audited_v3_bounded
12628,14999,138,itemRequiresStatement,0.010928096293949953,previously_discarded,violated,violated,0.009200613374224948,test,audited_v3_bounded
12628,14999,0,itemRequiresStatement,0.0,previously_discarded,unknown,violated,0.0,test,audited_v3_bounded
12628,14999,0,itemRequiresStatement,,previously_discarded,satisfied,unknown,0.0,test,audited_v3_bounded
12628,14999,0,itemRequiresStatement,,previously_discarded,violated,unknown,0.0,test,audited_v3_bounded
12628,14999,0,itemRequiresStatement,,previously_discarded,unknown,unknown,0.0,test,audited_v3_bounded
244,1028,0,oneOf,,previously_discarded,satisfied,satisfied,0.0,test,audited_v3_bounded
244,1028,0,oneOf,,previously_discarded,violated,satisfied,0.0,test,audited_v3_bounded
244,1028,0,oneOf,,previously_discarded,unknown,satisfied,0.0,test,audited_v3_bounded
244,1028,227,oneOf,0.930327868852459,previously_discarded,satisfied,violated,0.22081712062256809,test,audited_v3_bounded
244,1028,17,oneOf,0.06967213114754098,previously_discarded,violated,violated,0.016536964980544747,test,audited_v3_bounded
244,1028,0,oneOf,0.0,previously_discarded,unknown,violated,0.0,test,audited_v3_bounded
244,1028,0,oneOf,,previously_discarded,satisfied,unknown,0.0,test,audited_v3_bounded
244,1028,0,oneOf,,previously_discarded,violated,unknown,0.0,test,audited_v3_bounded
244,1028,784,oneOf,,previously_discarded,unknown,unknown,0.7626459143968871,test,audited_v3_bounded
12636,17959,1077,single,,previously_discarded,satisfied,satisfied,0.059969931510663176,test,audited_v3_bounded
12636,17959,0,single,,previously_discarded,violated,satisfied,0.0,test,audited_v3_bounded
12636,17959,0,single,,previously_discarded,unknown,satisfied,0.0,test,audited_v3_bounded
12636,17959,7910,single,0.6259892371003483,previously_discarded,satisfied,violated,0.4404476863967927,test,audited_v3_bounded
12636,17959,4726,single,0.3740107628996518,previously_discarded,violated,violated,0.26315496408485994,test,audited_v3_bounded
12636,17959,0,single,0.0,previously_discarded,unknown,violated,0.0,test,audited_v3_bounded
12636,17959,0,single,,previously_discarded,satisfied,unknown,0.0,test,audited_v3_bounded
12636,17959,0,single,,previously_discarded,violated,unknown,0.0,test,audited_v3_bounded
12636,17959,4246,single,,previously_discarded,unknown,unknown,0.23642741800768416,test,audited_v3_bounded
4472,4475,2,symmetric,,previously_discarded,satisfied,satisfied,0.000446927374301676,test,audited_v3_bounded
4472,4475,0,symmetric,,previously_discarded,violated,satisfied,0.0,test,audited_v3_bounded
4472,4475,0,symmetric,,previously_discarded,unknown,satisfied,0.0,test,audited_v3_bounded
4472,4475,1526,symmetric,0.3412343470483005,previously_discarded,satisfied,violated,0.3410055865921788,test,audited_v3_bounded
4472,4475,0,symmetric,0.0,previously_discarded,violated,violated,0.0,test,audited_v3_bounded
4472,4475,2946,symmetric,0.6587656529516994,previously_discarded,unknown,violated,0.6583240223463687,test,audited_v3_bounded
4472,4475,0,symmetric,,previously_discarded,satisfied,unknown,0.0,test,audited_v3_bounded
4472,4475,0,symmetric,,previously_discarded,violated,unknown,0.0,test,audited_v3_bounded
4472,4475,1,symmetric,,previously_discarded,unknown,unknown,0.000223463687150838,test,audited_v3_bounded
10284,14999,4334,type,,previously_discarded,satisfied,satisfied,0.2889525968397893,test,audited_v3_bounded
10284,14999,0,type,,previously_discarded,violated,satisfied,0.0,test,audited_v3_bounded
10284,14999,0,type,,previously_discarded,unknown,satisfied,0.0,test,audited_v3_bounded
10284,14999,9654,type,0.9387397899649942,previously_discarded,satisfied,violated,0.6436429095273019,test,audited_v3_bounded
10284,14999,372,type,0.03617269544924154,previously_discarded,violated,violated,0.024801653443562905,test,audited_v3_bounded
10284,14999,258,type,0.025087514585764293,previously_discarded,unknown,violated,0.017201146743116208,test,audited_v3_bounded
10284,14999,280,type,,previously_discarded,satisfied,unknown,0.018667911194079605,test,audited_v3_bounded
10284,14999,0,type,,previously_discarded,violated,unknown,0.0,test,audited_v3_bounded
10284,14999,101,type,,previously_discarded,unknown,unknown,0.0067337822521501434,test,audited_v3_bounded
8016,14998,4575,valueRequiresStatement,,previously_discarded,satisfied,satisfied,0.30504067208961194,test,audited_v3_bounded
8016,14998,0,valueRequiresStatement,,previously_discarded,violated,satisfied,0.0,test,audited_v3_bounded
8016,14998,3,valueRequiresStatement,,previously_discarded,unknown,satisfied,0.00020002667022269636,test,audited_v3_bounded
8016,14998,6793,valueRequiresStatement,0.8474301397205589,previously_discarded,satisfied,violated,0.45292705694092544,test,audited_v3_bounded
8016,14998,0,valueRequiresStatement,0.0,previously_discarded,violated,violated,0.0,test,audited_v3_bounded
8016,14998,1223,valueRequiresStatement,0.1525698602794411,previously_discarded,unknown,violated,0.08154420589411922,test,audited_v3_bounded
8016,14998,0,valueRequiresStatement,,previously_discarded,satisfied,unknown,0.0,test,audited_v3_bounded
8016,14998,0,valueRequiresStatement,,previously_discarded,violated,unknown,0.0,test,audited_v3_bounded
8016,14998,2404,valueRequiresStatement,,previously_discarded,unknown,unknown,0.16028803840512068,test,audited_v3_bounded
7151,15001,6643,valueType,,previously_discarded,satisfied,satisfied,0.44283714419038733,test,audited_v3_bounded
7151,15001,0,valueType,,previously_discarded,violated,satisfied,0.0,test,audited_v3_bounded
7151,15001,8,valueType,,previously_discarded,unknown,satisfied,0.0005332977801479901,test,audited_v3_bounded
7151,15001,5735,valueType,0.8019857362606628,previously_discarded,satisfied,violated,0.3823078461435904,test,audited_v3_bounded
7151,15001,2,valueType,0.00027968116347364006,previously_discarded,violated,violated,0.00013332444503699753,test,audited_v3_bounded
7151,15001,1414,valueType,0.19773458257586352,previously_discarded,unknown,violated,0.09426038264115726,test,audited_v3_bounded
7151,15001,328,valueType,,previously_discarded,satisfied,unknown,0.021865208986067596,test,audited_v3_bounded
7151,15001,0,valueType,,previously_discarded,violated,unknown,0.0,test,audited_v3_bounded
7151,15001,871,valueType,,previously_discarded,unknown,unknown,0.05806279581361243,test,audited_v3_bounded
69500,70430,921,conflictWith,,previously_discarded,satisfied,satisfied,0.01307681385773108,train,audited_v3_bounded
69500,70430,3,conflictWith,,previously_discarded,violated,satisfied,4.259548487860287e-05,train,audited_v3_bounded
69500,70430,0,conflictWith,,previously_discarded,unknown,satisfied,0.0,train,audited_v3_bounded
69500,70430,53771,conflictWith,0.7736834532374101,previously_discarded,satisfied,violated,0.7634672724691183,train,audited_v3_bounded
69500,70430,15729,conflictWith,0.22631654676258992,previously_discarded,violated,violated,0.22332812721851483,train,audited_v3_bounded
69500,70430,0,conflictWith,0.0,previously_discarded,unknown,violated,0.0,train,audited_v3_bounded
69500,70430,0,conflictWith,,previously_discarded,satisfied,unknown,0.0,train,audited_v3_bounded
69500,70430,0,conflictWith,,previously_discarded,violated,unknown,0.0,train,audited_v3_bounded
69500,70430,6,conflictWith,,previously_discarded,unknown,unknown,8.519096975720573e-05,train,audited_v3_bounded
159713,159743,13,distinct,,previously_discarded,satisfied,satisfied,8.13807177779308e-05,train,audited_v3_bounded
159713,159743,0,distinct,,previously_discarded,violated,satisfied,0.0,train,audited_v3_bounded
159713,159743,0,distinct,,previously_discarded,unknown,satisfied,0.0,train,audited_v3_bounded
159713,159743,159043,distinct,0.9958049751742187,previously_discarded,satisfied,violated,0.9956179613504191,train,audited_v3_bounded
159713,159743,670,distinct,0.004195024825781245,previously_discarded,violated,violated,0.00419423699317028,train,audited_v3_bounded
159713,159743,0,distinct,0.0,previously_discarded,unknown,violated,0.0,train,audited_v3_bounded
159713,159743,0,distinct,,previously_discarded,satisfied,unknown,0.0,train,audited_v3_bounded
159713,159743,0,distinct,,previously_discarded,violated,unknown,0.0,train,audited_v3_bounded
159713,159743,17,distinct,,previously_discarded,unknown,unknown,0.00010642093863267874,train,audited_v3_bounded
48817,48968,137,inverse,,previously_discarded,satisfied,satisfied,0.0027977454664270545,train,audited_v3_bounded
48817,48968,0,inverse,,previously_discarded,violated,satisfied,0.0,train,audited_v3_bounded
48817,48968,5,inverse,,previously_discarded,unknown,satisfied,0.00010210749877471001,train,audited_v3_bounded
48817,48968,43521,inverse,0.8915132023680276,previously_discarded,satisfied,violated,0.8887640908348309,train,audited_v3_bounded
48817,48968,5,inverse,0.00010242333613290452,previously_discarded,violated,violated,0.00010210749877471001,train,audited_v3_bounded
48817,48968,5291,inverse,0.10838437429583957,previously_discarded,unknown,violated,0.10805015520339814,train,audited_v3_bounded
48817,48968,0,inverse,,previously_discarded,satisfied,unknown,0.0,train,audited_v3_bounded
48817,48968,0,inverse,,previously_discarded,violated,unknown,0.0,train,audited_v3_bounded
48817,48968,9,inverse,,previously_discarded,unknown,unknown,0.00018379349779447802,train,audited_v3_bounded
58781,70000,11214,itemRequiresStatement,,previously_discarded,satisfied,satisfied,0.1602,train,audited_v3_bounded
58781,70000,0,itemRequiresStatement,,previously_discarded,violated,satisfied,0.0,train,audited_v3_bounded
58781,70000,0,itemRequiresStatement,,previously_discarded,unknown,satisfied,0.0,train,audited_v3_bounded
58781,70000,58148,itemRequiresStatement,0.9892312141678433,previously_discarded,satisfied,violated,0.8306857142857142,train,audited_v3_bounded
58781,70000,633,itemRequiresStatement,0.010768785832156649,previously_discarded,violated,violated,0.009042857142857142,train,audited_v3_bounded
58781,70000,0,itemRequiresStatement,0.0,previously_discarded,unknown,violated,0.0,train,audited_v3_bounded
58781,70000,0,itemRequiresStatement,,previously_discarded,satisfied,unknown,0.0,train,audited_v3_bounded
58781,70000,0,itemRequiresStatement,,previously_discarded,violated,unknown,0.0,train,audited_v3_bounded
58781,70000,5,itemRequiresStatement,,previously_discarded,unknown,unknown,7.142857142857143e-05,train,audited_v3_bounded
1069,4798,0,oneOf,,previously_discarded,satisfied,satisfied,0.0,train,audited_v3_bounded
1069,4798,0,oneOf,,previously_discarded,violated,satisfied,0.0,train,audited_v3_bounded
1069,4798,0,oneOf,,previously_discarded,unknown,satisfied,0.0,train,audited_v3_bounded
1069,4798,1011,oneOf,0.9457436856875585,previously_discarded,satisfied,violated,0.21071279699874948,train,audited_v3_bounded
1069,4798,58,oneOf,0.05425631431244153,previously_discarded,violated,violated,0.01208837015423093,train,audited_v3_bounded
1069,4798,0,oneOf,0.0,previously_discarded,unknown,violated,0.0,train,audited_v3_bounded
1069,4798,0,oneOf,,previously_discarded,satisfied,unknown,0.0,train,audited_v3_bounded
1069,4798,0,oneOf,,previously_discarded,violated,unknown,0.0,train,audited_v3_bounded
1069,4798,3729,oneOf,,previously_discarded,unknown,unknown,0.7771988328470196,train,audited_v3_bounded
58503,83805,5163,single,,previously_discarded,satisfied,satisfied,0.06160730266690532,train,audited_v3_bounded
58503,83805,0,single,,previously_discarded,violated,satisfied,0.0,train,audited_v3_bounded
58503,83805,0,single,,previously_discarded,unknown,satisfied,0.0,train,audited_v3_bounded
58503,83805,36853,single,0.6299335076833666,previously_discarded,satisfied,violated,0.43974703180001196,train,audited_v3_bounded
58503,83805,21650,single,0.37006649231663336,previously_discarded,violated,violated,0.25833780800668216,train,audited_v3_bounded
58503,83805,0,single,0.0,previously_discarded,unknown,violated,0.0,train,audited_v3_bounded
58503,83805,0,single,,previously_discarded,satisfied,unknown,0.0,train,audited_v3_bounded
58503,83805,0,single,,previously_discarded,violated,unknown,0.0,train,audited_v3_bounded
58503,83805,20139,single,,previously_discarded,unknown,unknown,0.24030785752640058,train,audited_v3_bounded
21012,21031,7,symmetric,,previously_discarded,satisfied,satisfied,0.00033284199515001665,train,audited_v3_bounded
21012,21031,0,symmetric,,previously_discarded,violated,satisfied,0.0,train,audited_v3_bounded
21012,21031,1,symmetric,,previously_discarded,unknown,satisfied,4.7548856450002375e-05,train,audited_v3_bounded
21012,21031,7330,symmetric,0.34884827717494765,previously_discarded,satisfied,violated,0.3485331177785174,train,audited_v3_bounded
21012,21031,0,symmetric,0.0,previously_discarded,violated,violated,0.0,train,audited_v3_bounded
21012,21031,13682,symmetric,0.6511517228250524,previously_discarded,unknown,violated,0.6505634539489326,train,audited_v3_bounded
21012,21031,0,symmetric,,previously_discarded,satisfied,unknown,0.0,train,audited_v3_bounded
21012,21031,0,symmetric,,previously_discarded,violated,unknown,0.0,train,audited_v3_bounded
21012,21031,11,symmetric,,previously_discarded,unknown,unknown,0.0005230374209500261,train,audited_v3_bounded
47790,70001,20276,type,,previously_discarded,satisfied,satisfied,0.289653004957072,train,audited_v3_bounded
47790,70001,0,type,,previously_discarded,violated,satisfied,0.0,train,audited_v3_bounded
47790,70001,0,type,,previously_discarded,unknown,satisfied,0.0,train,audited_v3_bounded
47790,70001,44948,type,0.9405314919439213,previously_discarded,satisfied,violated,0.6421051127841031,train,audited_v3_bounded
47790,70001,1644,type,0.03440050219711237,previously_discarded,violated,violated,0.02348537878030314,train,audited_v3_bounded
47790,70001,1198,type,0.025068005858966312,previously_discarded,unknown,violated,0.017114041227982456,train,audited_v3_bounded
47790,70001,1419,type,,previously_discarded,satisfied,unknown,0.020271138983728804,train,audited_v3_bounded
47790,70001,0,type,,previously_discarded,violated,unknown,0.0,train,audited_v3_bounded
47790,70001,516,type,,previously_discarded,unknown,unknown,0.007371323266810474,train,audited_v3_bounded
37713,70000,20994,valueRequiresStatement,,previously_discarded,satisfied,satisfied,0.2999142857142857,train,audited_v3_bounded
37713,70000,0,valueRequiresStatement,,previously_discarded,violated,satisfied,0.0,train,audited_v3_bounded
37713,70000,33,valueRequiresStatement,,previously_discarded,unknown,satisfied,0.0004714285714285714,train,audited_v3_bounded
37713,70000,32046,valueRequiresStatement,0.8497335136425105,previously_discarded,satisfied,violated,0.4578,train,audited_v3_bounded
37713,70000,1,valueRequiresStatement,2.6516055471588045e-05,previously_discarded,violated,violated,1.4285714285714285e-05,train,audited_v3_bounded
37713,70000,5666,valueRequiresStatement,0.15023997030201788,previously_discarded,unknown,violated,0.08094285714285715,train,audited_v3_bounded
37713,70000,0,valueRequiresStatement,,previously_discarded,satisfied,unknown,0.0,train,audited_v3_bounded
37713,70000,0,valueRequiresStatement,,previously_discarded,violated,unknown,0.0,train,audited_v3_bounded
37713,70000,11260,valueRequiresStatement,,previously_discarded,unknown,unknown,0.16085714285714287,train,audited_v3_bounded
33098,70000,31441,valueType,,previously_discarded,satisfied,satisfied,0.44915714285714287,train,audited_v3_bounded
33098,70000,0,valueType,,previously_discarded,violated,satisfied,0.0,train,audited_v3_bounded
33098,70000,33,valueType,,previously_discarded,unknown,satisfied,0.0004714285714285714,train,audited_v3_bounded
33098,70000,26207,valueType,0.7918001087679014,previously_discarded,satisfied,violated,0.37438571428571427,train,audited_v3_bounded
33098,70000,30,valueType,0.0009063991781980785,previously_discarded,violated,violated,0.00042857142857142855,train,audited_v3_bounded
33098,70000,6861,valueType,0.20729349205390055,previously_discarded,unknown,violated,0.09801428571428572,train,audited_v3_bounded
33098,70000,1588,valueType,,previously_discarded,satisfied,unknown,0.022685714285714285,train,audited_v3_bounded
33098,70000,0,valueType,,previously_discarded,violated,unknown,0.0,train,audited_v3_bounded
33098,70000,3840,valueType,,previously_discarded,unknown,unknown,0.054857142857142854,train,audited_v3_bounded
14898,15092,193,conflictWith,,previously_discarded,satisfied,satisfied,0.012788232175987279,val,audited_v3_bounded
14898,15092,0,conflictWith,,previously_discarded,violated,satisfied,0.0,val,audited_v3_bounded
14898,15092,0,conflictWith,,previously_discarded,unknown,satisfied,0.0,val,audited_v3_bounded
14898,15092,11477,conflictWith,0.7703718619948986,previously_discarded,satisfied,violated,0.7604691227140207,val,audited_v3_bounded
14898,15092,3421,conflictWith,0.22962813800510135,previously_discarded,violated,violated,0.22667638483965014,val,audited_v3_bounded
14898,15092,0,conflictWith,0.0,previously_discarded,unknown,violated,0.0,val,audited_v3_bounded
14898,15092,0,conflictWith,,previously_discarded,satisfied,unknown,0.0,val,audited_v3_bounded
14898,15092,0,conflictWith,,previously_discarded,violated,unknown,0.0,val,audited_v3_bounded
14898,15092,1,conflictWith,,previously_discarded,unknown,unknown,6.626027034190299e-05,val,audited_v3_bounded
34219,34228,5,distinct,,previously_discarded,satisfied,satisfied,0.00014607923337618326,val,audited_v3_bounded
34219,34228,0,distinct,,previously_discarded,violated,satisfied,0.0,val,audited_v3_bounded
34219,34228,0,distinct,,previously_discarded,unknown,satisfied,0.0,val,audited_v3_bounded
34219,34228,34062,distinct,0.9954119056664427,previously_discarded,satisfied,violated,0.9951501694519107,val,audited_v3_bounded
34219,34228,157,distinct,0.0045880943335573805,previously_discarded,violated,violated,0.004586887928012154,val,audited_v3_bounded
34219,34228,0,distinct,0.0,previously_discarded,unknown,violated,0.0,val,audited_v3_bounded
34219,34228,0,distinct,,previously_discarded,satisfied,unknown,0.0,val,audited_v3_bounded
34219,34228,0,distinct,,previously_discarded,violated,unknown,0.0,val,audited_v3_bounded
34219,34228,4,distinct,,previously_discarded,unknown,unknown,0.0001168633867009466,val,audited_v3_bounded
10462,10496,29,inverse,,previously_discarded,satisfied,satisfied,0.0027629573170731706,val,audited_v3_bounded
10462,10496,0,inverse,,previously_discarded,violated,satisfied,0.0,val,audited_v3_bounded
10462,10496,0,inverse,,previously_discarded,unknown,satisfied,0.0,val,audited_v3_bounded
10462,10496,9320,inverse,0.8908430510418658,previously_discarded,satisfied,violated,0.8879573170731707,val,audited_v3_bounded
10462,10496,1,inverse,9.558401835213153e-05,previously_discarded,violated,violated,9.527439024390244e-05,val,audited_v3_bounded
10462,10496,1141,inverse,0.10906136493978207,previously_discarded,unknown,violated,0.10870807926829268,val,audited_v3_bounded
10462,10496,0,inverse,,previously_discarded,satisfied,unknown,0.0,val,audited_v3_bounded
10462,10496,0,inverse,,previously_discarded,violated,unknown,0.0,val,audited_v3_bounded
10462,10496,5,inverse,,previously_discarded,unknown,unknown,0.0004763719512195122,val,audited_v3_bounded
12643,15002,2358,itemRequiresStatement,,previously_discarded,satisfied,satisfied,0.1571790427942941,val,audited_v3_bounded
12643,15002,0,itemRequiresStatement,,previously_discarded,violated,satisfied,0.0,val,audited_v3_bounded
12643,15002,0,itemRequiresStatement,,previously_discarded,unknown,satisfied,0.0,val,audited_v3_bounded
12643,15002,12503,itemRequiresStatement,0.9889266787945898,previously_discarded,satisfied,violated,0.8334222103719504,val,audited_v3_bounded
12643,15002,140,itemRequiresStatement,0.011073321205410108,previously_discarded,violated,violated,0.009332089054792695,val,audited_v3_bounded
12643,15002,0,itemRequiresStatement,0.0,previously_discarded,unknown,violated,0.0,val,audited_v3_bounded
12643,15002,0,itemRequiresStatement,,previously_discarded,satisfied,unknown,0.0,val,audited_v3_bounded
12643,15002,0,itemRequiresStatement,,previously_discarded,violated,unknown,0.0,val,audited_v3_bounded
12643,15002,1,itemRequiresStatement,,previously_discarded,unknown,unknown,6.665777896280495e-05,val,audited_v3_bounded
223,1028,0,oneOf,,previously_discarded,satisfied,satisfied,0.0,val,audited_v3_bounded
223,1028,0,oneOf,,previously_discarded,violated,satisfied,0.0,val,audited_v3_bounded
223,1028,0,oneOf,,previously_discarded,unknown,satisfied,0.0,val,audited_v3_bounded
223,1028,214,oneOf,0.9596412556053812,previously_discarded,satisfied,violated,0.20817120622568094,val,audited_v3_bounded
223,1028,9,oneOf,0.04035874439461883,previously_discarded,violated,violated,0.008754863813229572,val,audited_v3_bounded
223,1028,0,oneOf,0.0,previously_discarded,unknown,violated,0.0,val,audited_v3_bounded
223,1028,0,oneOf,,previously_discarded,satisfied,unknown,0.0,val,audited_v3_bounded
223,1028,0,oneOf,,previously_discarded,violated,unknown,0.0,val,audited_v3_bounded
223,1028,805,oneOf,,previously_discarded,unknown,unknown,0.7830739299610895,val,audited_v3_bounded
12538,17959,1115,single,,previously_discarded,satisfied,satisfied,0.06208586224177293,val,audited_v3_bounded
12538,17959,0,single,,previously_discarded,violated,satisfied,0.0,val,audited_v3_bounded
12538,17959,0,single,,previously_discarded,unknown,satisfied,0.0,val,audited_v3_bounded
12538,17959,7905,single,0.6304833306747487,previously_discarded,satisfied,violated,0.4401692744584888,val,audited_v3_bounded
12538,17959,4633,single,0.36951666932525123,previously_discarded,violated,violated,0.25797650203240713,val,audited_v3_bounded
12538,17959,0,single,0.0,previously_discarded,unknown,violated,0.0,val,audited_v3_bounded
12538,17959,0,single,,previously_discarded,satisfied,unknown,0.0,val,audited_v3_bounded
12538,17959,0,single,,previously_discarded,violated,unknown,0.0,val,audited_v3_bounded
12538,17959,4306,single,,previously_discarded,unknown,unknown,0.23976836126733114,val,audited_v3_bounded
4502,4504,1,symmetric,,previously_discarded,satisfied,satisfied,0.00022202486678507994,val,audited_v3_bounded
4502,4504,0,symmetric,,previously_discarded,violated,satisfied,0.0,val,audited_v3_bounded
4502,4504,1,symmetric,,previously_discarded,unknown,satisfied,0.00022202486678507994,val,audited_v3_bounded
4502,4504,1537,symmetric,0.3414038205242115,previously_discarded,satisfied,violated,0.34125222024866786,val,audited_v3_bounded
4502,4504,0,symmetric,0.0,previously_discarded,violated,violated,0.0,val,audited_v3_bounded
4502,4504,2965,symmetric,0.6585961794757885,previously_discarded,unknown,violated,0.658303730017762,val,audited_v3_bounded
4502,4504,0,symmetric,,previously_discarded,satisfied,unknown,0.0,val,audited_v3_bounded
4502,4504,0,symmetric,,previously_discarded,violated,unknown,0.0,val,audited_v3_bounded
4502,4504,0,symmetric,,previously_discarded,unknown,unknown,0.0,val,audited_v3_bounded
10184,14999,4386,type,,previously_discarded,satisfied,satisfied,0.2924194946329755,val,audited_v3_bounded
10184,14999,0,type,,previously_discarded,violated,satisfied,0.0,val,audited_v3_bounded
10184,14999,0,type,,previously_discarded,unknown,satisfied,0.0,val,audited_v3_bounded
10184,14999,9645,type,0.9470738413197172,previously_discarded,satisfied,violated,0.643042869524635,val,audited_v3_bounded
10184,14999,330,type,0.03240377062058131,previously_discarded,violated,violated,0.022001466764450965,val,audited_v3_bounded
10184,14999,209,type,0.020522388059701493,previously_discarded,unknown,violated,0.013934262284152277,val,audited_v3_bounded
10184,14999,307,type,,previously_discarded,satisfied,unknown,0.02046803120208014,val,audited_v3_bounded
10184,14999,0,type,,previously_discarded,violated,unknown,0.0,val,audited_v3_bounded
10184,14999,122,type,,previously_discarded,unknown,unknown,0.008133875591706113,val,audited_v3_bounded
8202,15001,4378,valueRequiresStatement,,previously_discarded,satisfied,satisfied,0.2918472101859876,val,audited_v3_bounded
8202,15001,0,valueRequiresStatement,,previously_discarded,violated,satisfied,0.0,val,audited_v3_bounded
8202,15001,8,valueRequiresStatement,,previously_discarded,unknown,satisfied,0.0005332977801479901,val,audited_v3_bounded
8202,15001,6935,valueRequiresStatement,0.8455254815898562,previously_discarded,satisfied,violated,0.46230251316578896,val,audited_v3_bounded
8202,15001,0,valueRequiresStatement,0.0,previously_discarded,violated,violated,0.0,val,audited_v3_bounded
8202,15001,1267,valueRequiresStatement,0.15447451841014387,previously_discarded,unknown,violated,0.08446103593093794,val,audited_v3_bounded
8202,15001,0,valueRequiresStatement,,previously_discarded,satisfied,unknown,0.0,val,audited_v3_bounded
8202,15001,0,valueRequiresStatement,,previously_discarded,violated,unknown,0.0,val,audited_v3_bounded
8202,15001,2413,valueRequiresStatement,,previously_discarded,unknown,unknown,0.16085594293713754,val,audited_v3_bounded
7075,15000,6798,valueType,,previously_discarded,satisfied,satisfied,0.4532,val,audited_v3_bounded
7075,15000,0,valueType,,previously_discarded,violated,satisfied,0.0,val,audited_v3_bounded
7075,15000,7,valueType,,previously_discarded,unknown,satisfied,0.00046666666666666666,val,audited_v3_bounded
7075,15000,5605,valueType,0.792226148409894,previously_discarded,satisfied,violated,0.37366666666666665,val,audited_v3_bounded
7075,15000,4,valueType,0.0005653710247349824,previously_discarded,violated,violated,0.0002666666666666667,val,audited_v3_bounded
7075,15000,1466,valueType,0.20720848056537103,previously_discarded,unknown,violated,0.09773333333333334,val,audited_v3_bounded
7075,15000,326,valueType,,previously_discarded,satisfied,unknown,0.021733333333333334,val,audited_v3_bounded
7075,15000,0,valueType,,previously_discarded,violated,unknown,0.0,val,audited_v3_bounded
7075,15000,794,valueType,,previously_discarded,unknown,unknown,0.05293333333333333,val,audited_v3_bounded
