diagnostic,family,fixed_covered,fixed_fraction,fixed_or_copy_covered,fixed_or_copy_fraction,input_profile,population,present,slot_or_operation,split,vocabulary_profile
populated_slot,overall,1077649,1.0,1077649,1.0,passive,parent_pool,1077649,add_subject,overall,existing_train_val_minocc100
populated_slot,overall,1077452,0.9998171946524332,1077511,0.9998719434621106,passive,parent_pool,1077649,add_predicate,overall,existing_train_val_minocc100
populated_slot,overall,885591,0.8217805612031376,894213,0.8297813109834463,passive,parent_pool,1077649,add_object,overall,existing_train_val_minocc100
populated_slot,overall,959043,1.0,959043,1.0,passive,parent_pool,959043,del_subject,overall,existing_train_val_minocc100
populated_slot,overall,959043,1.0,959043,1.0,passive,parent_pool,959043,del_predicate,overall,existing_train_val_minocc100
populated_slot,overall,948892,0.9894154902334932,950251,0.99083252784286,passive,parent_pool,959043,del_object,overall,existing_train_val_minocc100
present_operation,overall,885422,0.8216237383415194,894075,0.8296532544455569,passive,parent_pool,1077649,addition,overall,existing_train_val_minocc100
present_operation,overall,948892,0.9894154902334932,950251,0.99083252784286,passive,parent_pool,959043,deletion,overall,existing_train_val_minocc100
populated_slot,overall,161680,1.0,161680,1.0,passive,parent_pool,161680,add_subject,test,existing_train_val_minocc100
populated_slot,overall,161619,0.9996227115289461,161634,0.999715487382484,passive,parent_pool,161680,add_predicate,test,existing_train_val_minocc100
populated_slot,overall,132706,0.820794161306284,134032,0.8289955467590302,passive,parent_pool,161680,add_object,test,existing_train_val_minocc100
populated_slot,overall,143746,1.0,143746,1.0,passive,parent_pool,143746,del_subject,test,existing_train_val_minocc100
populated_slot,overall,143746,1.0,143746,1.0,passive,parent_pool,143746,del_predicate,test,existing_train_val_minocc100
populated_slot,overall,142271,0.9897388449069887,142469,0.9911162745398133,passive,parent_pool,143746,del_object,test,existing_train_val_minocc100
present_operation,overall,132655,0.8204787234042553,133986,0.8287110341415141,passive,parent_pool,161680,addition,test,existing_train_val_minocc100
present_operation,overall,142271,0.9897388449069887,142469,0.9911162745398133,passive,parent_pool,143746,deletion,test,existing_train_val_minocc100
populated_slot,overall,754307,1.0,754307,1.0,passive,parent_pool,754307,add_subject,train,existing_train_val_minocc100
populated_slot,overall,754190,0.9998448907407727,754227,0.9998939423868531,passive,parent_pool,754307,add_predicate,train,existing_train_val_minocc100
populated_slot,overall,619845,0.8217410152630162,625869,0.829727153532978,passive,parent_pool,754307,add_object,train,existing_train_val_minocc100
populated_slot,overall,671460,1.0,671460,1.0,passive,parent_pool,671460,del_subject,train,existing_train_val_minocc100
populated_slot,overall,671460,1.0,671460,1.0,passive,parent_pool,671460,del_predicate,train,existing_train_val_minocc100
populated_slot,overall,664301,0.9893381586393828,665245,0.9907440502784977,passive,parent_pool,671460,del_object,train,existing_train_val_minocc100
present_operation,overall,619741,0.8216031403659253,625789,0.829621095919831,passive,parent_pool,754307,addition,train,existing_train_val_minocc100
present_operation,overall,664301,0.9893381586393828,665245,0.9907440502784977,passive,parent_pool,671460,deletion,train,existing_train_val_minocc100
populated_slot,overall,161662,1.0,161662,1.0,passive,parent_pool,161662,add_subject,val,existing_train_val_minocc100
populated_slot,overall,161643,0.9998824708342097,161650,0.999925771053185,passive,parent_pool,161662,add_predicate,val,existing_train_val_minocc100
populated_slot,overall,133040,0.8229515903551855,134312,0.8308198587175712,passive,parent_pool,161662,add_object,val,existing_train_val_minocc100
populated_slot,overall,143837,1.0,143837,1.0,passive,parent_pool,143837,del_subject,val,existing_train_val_minocc100
populated_slot,overall,143837,1.0,143837,1.0,passive,parent_pool,143837,del_predicate,val,existing_train_val_minocc100
populated_slot,overall,142320,0.9894533395440672,142537,0.990961991698937,passive,parent_pool,143837,del_object,val,existing_train_val_minocc100
present_operation,overall,133026,0.8228649899172348,134300,0.8307456297707563,passive,parent_pool,161662,addition,val,existing_train_val_minocc100
present_operation,overall,142320,0.9894533395440672,142537,0.990961991698937,passive,parent_pool,143837,deletion,val,existing_train_val_minocc100
populated_slot,conflictWith,35690,1.0,35690,1.0,passive,parent_pool,35690,add_subject,overall,existing_train_val_minocc100
populated_slot,conflictWith,35660,0.9991594284113197,35667,0.9993555617820118,passive,parent_pool,35690,add_predicate,overall,existing_train_val_minocc100
populated_slot,conflictWith,30887,0.8654244886522836,31316,0.8774446623704119,passive,parent_pool,35690,add_object,overall,existing_train_val_minocc100
populated_slot,conflictWith,201225,1.0,201225,1.0,passive,parent_pool,201225,del_subject,overall,existing_train_val_minocc100
populated_slot,conflictWith,201225,1.0,201225,1.0,passive,parent_pool,201225,del_predicate,overall,existing_train_val_minocc100
populated_slot,conflictWith,194022,0.964204248975028,194038,0.9642837619580072,passive,parent_pool,201225,del_object,overall,existing_train_val_minocc100
present_operation,conflictWith,30857,0.8645839170636033,31293,0.8768002241524236,passive,parent_pool,35690,addition,overall,existing_train_val_minocc100
present_operation,conflictWith,194022,0.964204248975028,194038,0.9642837619580072,passive,parent_pool,201225,deletion,overall,existing_train_val_minocc100
populated_slot,distinct,26216,1.0,26216,1.0,passive,parent_pool,26216,add_subject,overall,existing_train_val_minocc100
populated_slot,distinct,26215,0.9999618553555081,26215,0.9999618553555081,passive,parent_pool,26216,add_predicate,overall,existing_train_val_minocc100
populated_slot,distinct,13007,0.49614739090631677,13028,0.4969484284406469,passive,parent_pool,26216,add_object,overall,existing_train_val_minocc100
populated_slot,distinct,456409,1.0,456409,1.0,passive,parent_pool,456409,del_subject,overall,existing_train_val_minocc100
populated_slot,distinct,456409,1.0,456409,1.0,passive,parent_pool,456409,del_predicate,overall,existing_train_val_minocc100
populated_slot,distinct,456409,1.0,456409,1.0,passive,parent_pool,456409,del_object,overall,existing_train_val_minocc100
present_operation,distinct,13006,0.49610924626182484,13027,0.49691028379615504,passive,parent_pool,26216,addition,overall,existing_train_val_minocc100
present_operation,distinct,456409,1.0,456409,1.0,passive,parent_pool,456409,deletion,overall,existing_train_val_minocc100
populated_slot,inverse,129126,1.0,129126,1.0,passive,parent_pool,129126,add_subject,overall,existing_train_val_minocc100
populated_slot,inverse,129114,0.99990706751545,129120,0.999953533757725,passive,parent_pool,129126,add_predicate,overall,existing_train_val_minocc100
populated_slot,inverse,126117,0.976697179499094,126399,0.9788810928860183,passive,parent_pool,129126,add_object,overall,existing_train_val_minocc100
populated_slot,inverse,15516,1.0,15516,1.0,passive,parent_pool,15516,del_subject,overall,existing_train_val_minocc100
populated_slot,inverse,15516,1.0,15516,1.0,passive,parent_pool,15516,del_predicate,overall,existing_train_val_minocc100
populated_slot,inverse,15516,1.0,15516,1.0,passive,parent_pool,15516,del_object,overall,existing_train_val_minocc100
present_operation,inverse,126105,0.976604247014544,126393,0.9788346266437433,passive,parent_pool,129126,addition,overall,existing_train_val_minocc100
present_operation,inverse,15516,1.0,15516,1.0,passive,parent_pool,15516,deletion,overall,existing_train_val_minocc100
populated_slot,itemRequiresStatement,196612,1.0,196612,1.0,passive,parent_pool,196612,add_subject,overall,existing_train_val_minocc100
populated_slot,itemRequiresStatement,196574,0.9998067259373792,196606,0.9999694830427441,passive,parent_pool,196612,add_predicate,overall,existing_train_val_minocc100
populated_slot,itemRequiresStatement,105886,0.5385530893333063,110048,0.559721685349826,passive,parent_pool,196612,add_object,overall,existing_train_val_minocc100
populated_slot,itemRequiresStatement,4488,1.0,4488,1.0,passive,parent_pool,4488,del_subject,overall,existing_train_val_minocc100
populated_slot,itemRequiresStatement,4488,1.0,4488,1.0,passive,parent_pool,4488,del_predicate,overall,existing_train_val_minocc100
populated_slot,itemRequiresStatement,4488,1.0,4488,1.0,passive,parent_pool,4488,del_object,overall,existing_train_val_minocc100
present_operation,itemRequiresStatement,105875,0.5384971415783371,110042,0.5596911683925702,passive,parent_pool,196612,addition,overall,existing_train_val_minocc100
present_operation,itemRequiresStatement,4488,1.0,4488,1.0,passive,parent_pool,4488,deletion,overall,existing_train_val_minocc100
populated_slot,oneOf,10123,1.0,10123,1.0,passive,parent_pool,10123,add_subject,overall,existing_train_val_minocc100
populated_slot,oneOf,10119,0.9996048602193026,10120,0.999703645164477,passive,parent_pool,10123,add_predicate,overall,existing_train_val_minocc100
populated_slot,oneOf,9941,0.9820211399782673,10022,0.9900227205373902,passive,parent_pool,10123,add_object,overall,existing_train_val_minocc100
populated_slot,oneOf,13709,1.0,13709,1.0,passive,parent_pool,13709,del_subject,overall,existing_train_val_minocc100
populated_slot,oneOf,13709,1.0,13709,1.0,passive,parent_pool,13709,del_predicate,overall,existing_train_val_minocc100
populated_slot,oneOf,13709,1.0,13709,1.0,passive,parent_pool,13709,del_object,overall,existing_train_val_minocc100
present_operation,oneOf,9937,0.9816260001975698,10019,0.989726365701867,passive,parent_pool,10123,addition,overall,existing_train_val_minocc100
present_operation,oneOf,13709,1.0,13709,1.0,passive,parent_pool,13709,deletion,overall,existing_train_val_minocc100
populated_slot,single,35140,1.0,35140,1.0,passive,parent_pool,35140,add_subject,overall,existing_train_val_minocc100
populated_slot,single,35059,0.9976949345475242,35068,0.9979510529311326,passive,parent_pool,35140,add_predicate,overall,existing_train_val_minocc100
populated_slot,single,6839,0.1946215139442231,7299,0.20771200910643142,passive,parent_pool,35140,add_object,overall,existing_train_val_minocc100
populated_slot,single,239446,1.0,239446,1.0,passive,parent_pool,239446,del_subject,overall,existing_train_val_minocc100
populated_slot,single,239446,1.0,239446,1.0,passive,parent_pool,239446,del_predicate,overall,existing_train_val_minocc100
populated_slot,single,236498,0.9876882470369102,237841,0.993297027304695,passive,parent_pool,239446,del_object,overall,existing_train_val_minocc100
present_operation,single,6758,0.19231644849174728,7227,0.20566306203756404,passive,parent_pool,35140,addition,overall,existing_train_val_minocc100
present_operation,single,236498,0.9876882470369102,237841,0.993297027304695,passive,parent_pool,239446,deletion,overall,existing_train_val_minocc100
populated_slot,symmetric,58022,1.0,58022,1.0,passive,parent_pool,58022,add_subject,overall,existing_train_val_minocc100
populated_slot,symmetric,58018,0.999931060632174,58019,0.9999482954741306,passive,parent_pool,58022,add_predicate,overall,existing_train_val_minocc100
populated_slot,symmetric,57113,0.9843335286615422,57216,0.9861087173830616,passive,parent_pool,58022,add_object,overall,existing_train_val_minocc100
populated_slot,symmetric,2739,1.0,2739,1.0,passive,parent_pool,2739,del_subject,overall,existing_train_val_minocc100
populated_slot,symmetric,2739,1.0,2739,1.0,passive,parent_pool,2739,del_predicate,overall,existing_train_val_minocc100
populated_slot,symmetric,2739,1.0,2739,1.0,passive,parent_pool,2739,del_object,overall,existing_train_val_minocc100
present_operation,symmetric,57109,0.9842645892937162,57213,0.986057012857192,passive,parent_pool,58022,addition,overall,existing_train_val_minocc100
present_operation,symmetric,2739,1.0,2739,1.0,passive,parent_pool,2739,deletion,overall,existing_train_val_minocc100
populated_slot,type,192985,1.0,192985,1.0,passive,parent_pool,192985,add_subject,overall,existing_train_val_minocc100
populated_slot,type,192969,0.9999170920019691,192971,0.9999274555017229,passive,parent_pool,192985,add_predicate,overall,existing_train_val_minocc100
populated_slot,type,183603,0.9513848226546104,184340,0.9552037723139104,passive,parent_pool,192985,add_object,overall,existing_train_val_minocc100
populated_slot,type,11263,1.0,11263,1.0,passive,parent_pool,11263,del_subject,overall,existing_train_val_minocc100
populated_slot,type,11263,1.0,11263,1.0,passive,parent_pool,11263,del_predicate,overall,existing_train_val_minocc100
populated_slot,type,11263,1.0,11263,1.0,passive,parent_pool,11263,del_object,overall,existing_train_val_minocc100
present_operation,type,183587,0.9513019146565795,184326,0.9551312278156333,passive,parent_pool,192985,addition,overall,existing_train_val_minocc100
present_operation,type,11263,1.0,11263,1.0,passive,parent_pool,11263,deletion,overall,existing_train_val_minocc100
populated_slot,valueRequiresStatement,195543,1.0,195543,1.0,passive,parent_pool,195543,add_subject,overall,existing_train_val_minocc100
populated_slot,valueRequiresStatement,195540,0.9999846581058898,195540,0.9999846581058898,passive,parent_pool,195543,add_predicate,overall,existing_train_val_minocc100
populated_slot,valueRequiresStatement,161959,0.82825260940049,163511,0.836189482620191,passive,parent_pool,195543,add_object,overall,existing_train_val_minocc100
populated_slot,valueRequiresStatement,8998,1.0,8998,1.0,passive,parent_pool,8998,del_subject,overall,existing_train_val_minocc100
populated_slot,valueRequiresStatement,8998,1.0,8998,1.0,passive,parent_pool,8998,del_predicate,overall,existing_train_val_minocc100
populated_slot,valueRequiresStatement,8998,1.0,8998,1.0,passive,parent_pool,8998,del_object,overall,existing_train_val_minocc100
present_operation,valueRequiresStatement,161956,0.8282372675063797,163508,0.8361741407260808,passive,parent_pool,195543,addition,overall,existing_train_val_minocc100
present_operation,valueRequiresStatement,8998,1.0,8998,1.0,passive,parent_pool,8998,deletion,overall,existing_train_val_minocc100
populated_slot,valueType,198192,1.0,198192,1.0,passive,parent_pool,198192,add_subject,overall,existing_train_val_minocc100
populated_slot,valueType,198184,0.9999596351013159,198185,0.9999646807136514,passive,parent_pool,198192,add_predicate,overall,existing_train_val_minocc100
populated_slot,valueType,190239,0.9598722450956648,191034,0.9638835069023977,passive,parent_pool,198192,add_object,overall,existing_train_val_minocc100
populated_slot,valueType,5250,1.0,5250,1.0,passive,parent_pool,5250,del_subject,overall,existing_train_val_minocc100
populated_slot,valueType,5250,1.0,5250,1.0,passive,parent_pool,5250,del_predicate,overall,existing_train_val_minocc100
populated_slot,valueType,5250,1.0,5250,1.0,passive,parent_pool,5250,del_object,overall,existing_train_val_minocc100
present_operation,valueType,190232,0.9598369258093162,191027,0.9638481876160491,passive,parent_pool,198192,addition,overall,existing_train_val_minocc100
present_operation,valueType,5250,1.0,5250,1.0,passive,parent_pool,5250,deletion,overall,existing_train_val_minocc100
populated_slot,conflictWith,5361,1.0,5361,1.0,passive,parent_pool,5361,add_subject,test,existing_train_val_minocc100
populated_slot,conflictWith,5353,0.9985077410930796,5354,0.9986942734564447,passive,parent_pool,5361,add_predicate,test,existing_train_val_minocc100
populated_slot,conflictWith,4637,0.8649505689237083,4708,0.8781943667226264,passive,parent_pool,5361,add_object,test,existing_train_val_minocc100
populated_slot,conflictWith,30184,1.0,30184,1.0,passive,parent_pool,30184,del_subject,test,existing_train_val_minocc100
populated_slot,conflictWith,30184,1.0,30184,1.0,passive,parent_pool,30184,del_predicate,test,existing_train_val_minocc100
populated_slot,conflictWith,29155,0.9659090909090909,29157,0.9659753511794328,passive,parent_pool,30184,del_object,test,existing_train_val_minocc100
present_operation,conflictWith,4629,0.863458310016788,4701,0.8768886401790711,passive,parent_pool,5361,addition,test,existing_train_val_minocc100
present_operation,conflictWith,29155,0.9659090909090909,29157,0.9659753511794328,passive,parent_pool,30184,deletion,test,existing_train_val_minocc100
populated_slot,distinct,3985,1.0,3985,1.0,passive,parent_pool,3985,add_subject,test,existing_train_val_minocc100
populated_slot,distinct,3985,1.0,3985,1.0,passive,parent_pool,3985,add_predicate,test,existing_train_val_minocc100
populated_slot,distinct,1989,0.4991217063989962,1991,0.4996235884567127,passive,parent_pool,3985,add_object,test,existing_train_val_minocc100
populated_slot,distinct,68462,1.0,68462,1.0,passive,parent_pool,68462,del_subject,test,existing_train_val_minocc100
populated_slot,distinct,68462,1.0,68462,1.0,passive,parent_pool,68462,del_predicate,test,existing_train_val_minocc100
populated_slot,distinct,68462,1.0,68462,1.0,passive,parent_pool,68462,del_object,test,existing_train_val_minocc100
present_operation,distinct,1989,0.4991217063989962,1991,0.4996235884567127,passive,parent_pool,3985,addition,test,existing_train_val_minocc100
present_operation,distinct,68462,1.0,68462,1.0,passive,parent_pool,68462,deletion,test,existing_train_val_minocc100
populated_slot,inverse,19395,1.0,19395,1.0,passive,parent_pool,19395,add_subject,test,existing_train_val_minocc100
populated_slot,inverse,19392,0.99984532095901,19392,0.99984532095901,passive,parent_pool,19395,add_predicate,test,existing_train_val_minocc100
populated_slot,inverse,18988,0.9790152101056974,19027,0.9810260376385667,passive,parent_pool,19395,add_object,test,existing_train_val_minocc100
populated_slot,inverse,2292,1.0,2292,1.0,passive,parent_pool,2292,del_subject,test,existing_train_val_minocc100
populated_slot,inverse,2292,1.0,2292,1.0,passive,parent_pool,2292,del_predicate,test,existing_train_val_minocc100
populated_slot,inverse,2292,1.0,2292,1.0,passive,parent_pool,2292,del_object,test,existing_train_val_minocc100
present_operation,inverse,18985,0.9788605310647074,19024,0.9808713585975767,passive,parent_pool,19395,addition,test,existing_train_val_minocc100
present_operation,inverse,2292,1.0,2292,1.0,passive,parent_pool,2292,deletion,test,existing_train_val_minocc100
populated_slot,itemRequiresStatement,29493,1.0,29493,1.0,passive,parent_pool,29493,add_subject,test,existing_train_val_minocc100
populated_slot,itemRequiresStatement,29481,0.9995931237920862,29492,0.9999660936493405,passive,parent_pool,29493,add_predicate,test,existing_train_val_minocc100
populated_slot,itemRequiresStatement,15718,0.5329400196656834,16351,0.5544027396331332,passive,parent_pool,29493,add_object,test,existing_train_val_minocc100
populated_slot,itemRequiresStatement,657,1.0,657,1.0,passive,parent_pool,657,del_subject,test,existing_train_val_minocc100
populated_slot,itemRequiresStatement,657,1.0,657,1.0,passive,parent_pool,657,del_predicate,test,existing_train_val_minocc100
populated_slot,itemRequiresStatement,657,1.0,657,1.0,passive,parent_pool,657,del_object,test,existing_train_val_minocc100
present_operation,itemRequiresStatement,15716,0.5328722069643644,16350,0.5543688332824738,passive,parent_pool,29493,addition,test,existing_train_val_minocc100
present_operation,itemRequiresStatement,657,1.0,657,1.0,passive,parent_pool,657,deletion,test,existing_train_val_minocc100
populated_slot,oneOf,1531,1.0,1531,1.0,passive,parent_pool,1531,add_subject,test,existing_train_val_minocc100
populated_slot,oneOf,1529,0.9986936642717178,1529,0.9986936642717178,passive,parent_pool,1531,add_predicate,test,existing_train_val_minocc100
populated_slot,oneOf,1485,0.9699542782495101,1510,0.9862834748530372,passive,parent_pool,1531,add_object,test,existing_train_val_minocc100
populated_slot,oneOf,2056,1.0,2056,1.0,passive,parent_pool,2056,del_subject,test,existing_train_val_minocc100
populated_slot,oneOf,2056,1.0,2056,1.0,passive,parent_pool,2056,del_predicate,test,existing_train_val_minocc100
populated_slot,oneOf,2056,1.0,2056,1.0,passive,parent_pool,2056,del_object,test,existing_train_val_minocc100
present_operation,oneOf,1483,0.968647942521228,1508,0.984977139124755,passive,parent_pool,1531,addition,test,existing_train_val_minocc100
present_operation,oneOf,2056,1.0,2056,1.0,passive,parent_pool,2056,deletion,test,existing_train_val_minocc100
populated_slot,single,5251,1.0,5251,1.0,passive,parent_pool,5251,add_subject,test,existing_train_val_minocc100
populated_slot,single,5230,0.9960007617596648,5231,0.9961912016758713,passive,parent_pool,5251,add_predicate,test,existing_train_val_minocc100
populated_slot,single,972,0.18510759855265663,1033,0.1967244334412493,passive,parent_pool,5251,add_object,test,existing_train_val_minocc100
populated_slot,single,35917,1.0,35917,1.0,passive,parent_pool,35917,del_subject,test,existing_train_val_minocc100
populated_slot,single,35917,1.0,35917,1.0,passive,parent_pool,35917,del_predicate,test,existing_train_val_minocc100
populated_slot,single,35471,0.9875824818331153,35667,0.9930395077539884,passive,parent_pool,35917,del_object,test,existing_train_val_minocc100
present_operation,single,951,0.18110836031232147,1013,0.19291563511712054,passive,parent_pool,5251,addition,test,existing_train_val_minocc100
present_operation,single,35471,0.9875824818331153,35667,0.9930395077539884,passive,parent_pool,35917,deletion,test,existing_train_val_minocc100
populated_slot,symmetric,8634,1.0,8634,1.0,passive,parent_pool,8634,add_subject,test,existing_train_val_minocc100
populated_slot,symmetric,8630,0.999536715311559,8631,0.9996525364836693,passive,parent_pool,8634,add_predicate,test,existing_train_val_minocc100
populated_slot,symmetric,8514,0.9861014593467686,8526,0.9874913134120917,passive,parent_pool,8634,add_object,test,existing_train_val_minocc100
populated_slot,symmetric,403,1.0,403,1.0,passive,parent_pool,403,del_subject,test,existing_train_val_minocc100
populated_slot,symmetric,403,1.0,403,1.0,passive,parent_pool,403,del_predicate,test,existing_train_val_minocc100
populated_slot,symmetric,403,1.0,403,1.0,passive,parent_pool,403,del_object,test,existing_train_val_minocc100
present_operation,symmetric,8510,0.9856381746583276,8523,0.987143849895761,passive,parent_pool,8634,addition,test,existing_train_val_minocc100
present_operation,symmetric,403,1.0,403,1.0,passive,parent_pool,403,deletion,test,existing_train_val_minocc100
populated_slot,type,28967,1.0,28967,1.0,passive,parent_pool,28967,add_subject,test,existing_train_val_minocc100
populated_slot,type,28962,0.9998273897883799,28962,0.9998273897883799,passive,parent_pool,28967,add_predicate,test,existing_train_val_minocc100
populated_slot,type,27535,0.9505644353919978,27664,0.9550177788517968,passive,parent_pool,28967,add_object,test,existing_train_val_minocc100
populated_slot,type,1695,1.0,1695,1.0,passive,parent_pool,1695,del_subject,test,existing_train_val_minocc100
populated_slot,type,1695,1.0,1695,1.0,passive,parent_pool,1695,del_predicate,test,existing_train_val_minocc100
populated_slot,type,1695,1.0,1695,1.0,passive,parent_pool,1695,del_object,test,existing_train_val_minocc100
present_operation,type,27530,0.9503918251803777,27659,0.9548451686401768,passive,parent_pool,28967,addition,test,existing_train_val_minocc100
present_operation,type,1695,1.0,1695,1.0,passive,parent_pool,1695,deletion,test,existing_train_val_minocc100
populated_slot,valueRequiresStatement,29339,1.0,29339,1.0,passive,parent_pool,29339,add_subject,test,existing_train_val_minocc100
populated_slot,valueRequiresStatement,29337,0.9999318313507618,29337,0.9999318313507618,passive,parent_pool,29339,add_predicate,test,existing_train_val_minocc100
populated_slot,valueRequiresStatement,24348,0.8298851358260336,24574,0.8375881931899519,passive,parent_pool,29339,add_object,test,existing_train_val_minocc100
populated_slot,valueRequiresStatement,1305,1.0,1305,1.0,passive,parent_pool,1305,del_subject,test,existing_train_val_minocc100
populated_slot,valueRequiresStatement,1305,1.0,1305,1.0,passive,parent_pool,1305,del_predicate,test,existing_train_val_minocc100
populated_slot,valueRequiresStatement,1305,1.0,1305,1.0,passive,parent_pool,1305,del_object,test,existing_train_val_minocc100
present_operation,valueRequiresStatement,24346,0.8298169671767954,24572,0.8375200245407137,passive,parent_pool,29339,addition,test,existing_train_val_minocc100
present_operation,valueRequiresStatement,1305,1.0,1305,1.0,passive,parent_pool,1305,deletion,test,existing_train_val_minocc100
populated_slot,valueType,29724,1.0,29724,1.0,passive,parent_pool,29724,add_subject,test,existing_train_val_minocc100
populated_slot,valueType,29720,0.9998654286098776,29721,0.9998990714574082,passive,parent_pool,29724,add_predicate,test,existing_train_val_minocc100
populated_slot,valueType,28520,0.9594940115731395,28648,0.9638002960570583,passive,parent_pool,29724,add_object,test,existing_train_val_minocc100
populated_slot,valueType,775,1.0,775,1.0,passive,parent_pool,775,del_subject,test,existing_train_val_minocc100
populated_slot,valueType,775,1.0,775,1.0,passive,parent_pool,775,del_predicate,test,existing_train_val_minocc100
populated_slot,valueType,775,1.0,775,1.0,passive,parent_pool,775,del_object,test,existing_train_val_minocc100
present_operation,valueType,28516,0.9593594401830171,28645,0.9636993675144664,passive,parent_pool,29724,addition,test,existing_train_val_minocc100
present_operation,valueType,775,1.0,775,1.0,passive,parent_pool,775,deletion,test,existing_train_val_minocc100
populated_slot,conflictWith,24993,1.0,24993,1.0,passive,parent_pool,24993,add_subject,train,existing_train_val_minocc100
populated_slot,conflictWith,24975,0.9992797983435362,24980,0.9994798543592206,passive,parent_pool,24993,add_predicate,train,existing_train_val_minocc100
populated_slot,conflictWith,21642,0.8659224582883207,21931,0.8774856959948786,passive,parent_pool,24993,add_object,train,existing_train_val_minocc100
populated_slot,conflictWith,140857,1.0,140857,1.0,passive,parent_pool,140857,del_subject,train,existing_train_val_minocc100
populated_slot,conflictWith,140857,1.0,140857,1.0,passive,parent_pool,140857,del_predicate,train,existing_train_val_minocc100
populated_slot,conflictWith,135755,0.9637788679298863,135767,0.9638640607140575,passive,parent_pool,140857,del_object,train,existing_train_val_minocc100
present_operation,conflictWith,21624,0.8652022566318569,21918,0.8769655503540992,passive,parent_pool,24993,addition,train,existing_train_val_minocc100
present_operation,conflictWith,135755,0.9637788679298863,135767,0.9638640607140575,passive,parent_pool,140857,deletion,train,existing_train_val_minocc100
populated_slot,distinct,18288,1.0,18288,1.0,passive,parent_pool,18288,add_subject,train,existing_train_val_minocc100
populated_slot,distinct,18288,1.0,18288,1.0,passive,parent_pool,18288,add_predicate,train,existing_train_val_minocc100
populated_slot,distinct,9061,0.4954615048118985,9078,0.49639107611548555,passive,parent_pool,18288,add_object,train,existing_train_val_minocc100
populated_slot,distinct,319486,1.0,319486,1.0,passive,parent_pool,319486,del_subject,train,existing_train_val_minocc100
populated_slot,distinct,319486,1.0,319486,1.0,passive,parent_pool,319486,del_predicate,train,existing_train_val_minocc100
populated_slot,distinct,319486,1.0,319486,1.0,passive,parent_pool,319486,del_object,train,existing_train_val_minocc100
present_operation,distinct,9061,0.4954615048118985,9078,0.49639107611548555,passive,parent_pool,18288,addition,train,existing_train_val_minocc100
present_operation,distinct,319486,1.0,319486,1.0,passive,parent_pool,319486,deletion,train,existing_train_val_minocc100
populated_slot,inverse,90340,1.0,90340,1.0,passive,parent_pool,90340,add_subject,train,existing_train_val_minocc100
populated_slot,inverse,90331,0.9999003763559885,90337,0.9999667921186628,passive,parent_pool,90340,add_predicate,train,existing_train_val_minocc100
populated_slot,inverse,88180,0.9760903254372371,88373,0.9782266991365951,passive,parent_pool,90340,add_object,train,existing_train_val_minocc100
populated_slot,inverse,10966,1.0,10966,1.0,passive,parent_pool,10966,del_subject,train,existing_train_val_minocc100
populated_slot,inverse,10966,1.0,10966,1.0,passive,parent_pool,10966,del_predicate,train,existing_train_val_minocc100
populated_slot,inverse,10966,1.0,10966,1.0,passive,parent_pool,10966,del_object,train,existing_train_val_minocc100
present_operation,inverse,88171,0.9759907017932256,88370,0.9781934912552579,passive,parent_pool,90340,addition,train,existing_train_val_minocc100
present_operation,inverse,10966,1.0,10966,1.0,passive,parent_pool,10966,deletion,train,existing_train_val_minocc100
populated_slot,itemRequiresStatement,137639,1.0,137639,1.0,passive,parent_pool,137639,add_subject,train,existing_train_val_minocc100
populated_slot,itemRequiresStatement,137617,0.9998401615821098,137634,0.9999636730868431,passive,parent_pool,137639,add_predicate,train,existing_train_val_minocc100
populated_slot,itemRequiresStatement,74206,0.5391349835439083,77108,0.5602191239401623,passive,parent_pool,137639,add_object,train,existing_train_val_minocc100
populated_slot,itemRequiresStatement,3157,1.0,3157,1.0,passive,parent_pool,3157,del_subject,train,existing_train_val_minocc100
populated_slot,itemRequiresStatement,3157,1.0,3157,1.0,passive,parent_pool,3157,del_predicate,train,existing_train_val_minocc100
populated_slot,itemRequiresStatement,3157,1.0,3157,1.0,passive,parent_pool,3157,del_object,train,existing_train_val_minocc100
present_operation,itemRequiresStatement,74197,0.539069595100226,77103,0.5601827970270055,passive,parent_pool,137639,addition,train,existing_train_val_minocc100
present_operation,itemRequiresStatement,3157,1.0,3157,1.0,passive,parent_pool,3157,deletion,train,existing_train_val_minocc100
populated_slot,oneOf,7101,1.0,7101,1.0,passive,parent_pool,7101,add_subject,train,existing_train_val_minocc100
populated_slot,oneOf,7100,0.9998591747641177,7100,0.9998591747641177,passive,parent_pool,7101,add_predicate,train,existing_train_val_minocc100
populated_slot,oneOf,6993,0.9847908745247148,7036,0.9908463596676524,passive,parent_pool,7101,add_object,train,existing_train_val_minocc100
populated_slot,oneOf,9596,1.0,9596,1.0,passive,parent_pool,9596,del_subject,train,existing_train_val_minocc100
populated_slot,oneOf,9596,1.0,9596,1.0,passive,parent_pool,9596,del_predicate,train,existing_train_val_minocc100
populated_slot,oneOf,9596,1.0,9596,1.0,passive,parent_pool,9596,del_object,train,existing_train_val_minocc100
present_operation,oneOf,6992,0.9846500492888326,7035,0.9907055344317701,passive,parent_pool,7101,addition,train,existing_train_val_minocc100
present_operation,oneOf,9596,1.0,9596,1.0,passive,parent_pool,9596,deletion,train,existing_train_val_minocc100
populated_slot,single,24600,1.0,24600,1.0,passive,parent_pool,24600,add_subject,train,existing_train_val_minocc100
populated_slot,single,24547,0.9978455284552845,24554,0.998130081300813,passive,parent_pool,24600,add_predicate,train,existing_train_val_minocc100
populated_slot,single,4827,0.19621951219512196,5169,0.2101219512195122,passive,parent_pool,24600,add_object,train,existing_train_val_minocc100
populated_slot,single,167612,1.0,167612,1.0,passive,parent_pool,167612,del_subject,train,existing_train_val_minocc100
populated_slot,single,167612,1.0,167612,1.0,passive,parent_pool,167612,del_predicate,train,existing_train_val_minocc100
populated_slot,single,165555,0.9877276090017422,166487,0.9932880700665824,passive,parent_pool,167612,del_object,train,existing_train_val_minocc100
present_operation,single,4774,0.1940650406504065,5123,0.2082520325203252,passive,parent_pool,24600,addition,train,existing_train_val_minocc100
present_operation,single,165555,0.9877276090017422,166487,0.9932880700665824,passive,parent_pool,167612,deletion,train,existing_train_val_minocc100
populated_slot,symmetric,40643,1.0,40643,1.0,passive,parent_pool,40643,add_subject,train,existing_train_val_minocc100
populated_slot,symmetric,40643,1.0,40643,1.0,passive,parent_pool,40643,add_predicate,train,existing_train_val_minocc100
populated_slot,symmetric,39986,0.9838348547105282,40054,0.9855079595502301,passive,parent_pool,40643,add_object,train,existing_train_val_minocc100
populated_slot,symmetric,1928,1.0,1928,1.0,passive,parent_pool,1928,del_subject,train,existing_train_val_minocc100
populated_slot,symmetric,1928,1.0,1928,1.0,passive,parent_pool,1928,del_predicate,train,existing_train_val_minocc100
populated_slot,symmetric,1928,1.0,1928,1.0,passive,parent_pool,1928,del_object,train,existing_train_val_minocc100
present_operation,symmetric,39986,0.9838348547105282,40054,0.9855079595502301,passive,parent_pool,40643,addition,train,existing_train_val_minocc100
present_operation,symmetric,1928,1.0,1928,1.0,passive,parent_pool,1928,deletion,train,existing_train_val_minocc100
populated_slot,type,135083,1.0,135083,1.0,passive,parent_pool,135083,add_subject,train,existing_train_val_minocc100
populated_slot,type,135073,0.9999259714397815,135075,0.9999407771518252,passive,parent_pool,135083,add_predicate,train,existing_train_val_minocc100
populated_slot,type,128470,0.9510449131274846,128998,0.9549536211070231,passive,parent_pool,135083,add_object,train,existing_train_val_minocc100
populated_slot,type,7892,1.0,7892,1.0,passive,parent_pool,7892,del_subject,train,existing_train_val_minocc100
populated_slot,type,7892,1.0,7892,1.0,passive,parent_pool,7892,del_predicate,train,existing_train_val_minocc100
populated_slot,type,7892,1.0,7892,1.0,passive,parent_pool,7892,del_object,train,existing_train_val_minocc100
present_operation,type,128460,0.9509708845672661,128990,0.9548943982588483,passive,parent_pool,135083,addition,train,existing_train_val_minocc100
present_operation,type,7892,1.0,7892,1.0,passive,parent_pool,7892,deletion,train,existing_train_val_minocc100
populated_slot,valueRequiresStatement,136901,1.0,136901,1.0,passive,parent_pool,136901,add_subject,train,existing_train_val_minocc100
populated_slot,valueRequiresStatement,136900,0.9999926954514576,136900,0.9999926954514576,passive,parent_pool,136901,add_predicate,train,existing_train_val_minocc100
populated_slot,valueRequiresStatement,113317,0.8277295271765729,114426,0.8358302715100693,passive,parent_pool,136901,add_object,train,existing_train_val_minocc100
populated_slot,valueRequiresStatement,6280,1.0,6280,1.0,passive,parent_pool,6280,del_subject,train,existing_train_val_minocc100
populated_slot,valueRequiresStatement,6280,1.0,6280,1.0,passive,parent_pool,6280,del_predicate,train,existing_train_val_minocc100
populated_slot,valueRequiresStatement,6280,1.0,6280,1.0,passive,parent_pool,6280,del_object,train,existing_train_val_minocc100
present_operation,valueRequiresStatement,113316,0.8277222226280305,114425,0.8358229669615269,passive,parent_pool,136901,addition,train,existing_train_val_minocc100
present_operation,valueRequiresStatement,6280,1.0,6280,1.0,passive,parent_pool,6280,deletion,train,existing_train_val_minocc100
populated_slot,valueType,138719,1.0,138719,1.0,passive,parent_pool,138719,add_subject,train,existing_train_val_minocc100
populated_slot,valueType,138716,0.9999783735465221,138716,0.9999783735465221,passive,parent_pool,138719,add_predicate,train,existing_train_val_minocc100
populated_slot,valueType,133163,0.95994780815894,133696,0.9637901080601792,passive,parent_pool,138719,add_object,train,existing_train_val_minocc100
populated_slot,valueType,3686,1.0,3686,1.0,passive,parent_pool,3686,del_subject,train,existing_train_val_minocc100
populated_slot,valueType,3686,1.0,3686,1.0,passive,parent_pool,3686,del_predicate,train,existing_train_val_minocc100
populated_slot,valueType,3686,1.0,3686,1.0,passive,parent_pool,3686,del_object,train,existing_train_val_minocc100
present_operation,valueType,133160,0.9599261817054621,133693,0.9637684816067014,passive,parent_pool,138719,addition,train,existing_train_val_minocc100
present_operation,valueType,3686,1.0,3686,1.0,passive,parent_pool,3686,deletion,train,existing_train_val_minocc100
populated_slot,conflictWith,5336,1.0,5336,1.0,passive,parent_pool,5336,add_subject,val,existing_train_val_minocc100
populated_slot,conflictWith,5332,0.9992503748125937,5333,0.9994377811094453,passive,parent_pool,5336,add_predicate,val,existing_train_val_minocc100
populated_slot,conflictWith,4608,0.863568215892054,4677,0.8764992503748126,passive,parent_pool,5336,add_object,val,existing_train_val_minocc100
populated_slot,conflictWith,30184,1.0,30184,1.0,passive,parent_pool,30184,del_subject,val,existing_train_val_minocc100
populated_slot,conflictWith,30184,1.0,30184,1.0,passive,parent_pool,30184,del_predicate,val,existing_train_val_minocc100
populated_slot,conflictWith,29112,0.96448449509674,29114,0.9645507553670819,passive,parent_pool,30184,del_object,val,existing_train_val_minocc100
present_operation,conflictWith,4604,0.8628185907046477,4674,0.8759370314842578,passive,parent_pool,5336,addition,val,existing_train_val_minocc100
present_operation,conflictWith,29112,0.96448449509674,29114,0.9645507553670819,passive,parent_pool,30184,deletion,val,existing_train_val_minocc100
populated_slot,distinct,3943,1.0,3943,1.0,passive,parent_pool,3943,add_subject,val,existing_train_val_minocc100
populated_slot,distinct,3942,0.9997463860005072,3942,0.9997463860005072,passive,parent_pool,3943,add_predicate,val,existing_train_val_minocc100
populated_slot,distinct,1957,0.4963225970073548,1959,0.4968298250063404,passive,parent_pool,3943,add_object,val,existing_train_val_minocc100
populated_slot,distinct,68461,1.0,68461,1.0,passive,parent_pool,68461,del_subject,val,existing_train_val_minocc100
populated_slot,distinct,68461,1.0,68461,1.0,passive,parent_pool,68461,del_predicate,val,existing_train_val_minocc100
populated_slot,distinct,68461,1.0,68461,1.0,passive,parent_pool,68461,del_object,val,existing_train_val_minocc100
present_operation,distinct,1956,0.496068983007862,1958,0.49657621100684757,passive,parent_pool,3943,addition,val,existing_train_val_minocc100
present_operation,distinct,68461,1.0,68461,1.0,passive,parent_pool,68461,deletion,val,existing_train_val_minocc100
populated_slot,inverse,19391,1.0,19391,1.0,passive,parent_pool,19391,add_subject,val,existing_train_val_minocc100
populated_slot,inverse,19391,1.0,19391,1.0,passive,parent_pool,19391,add_predicate,val,existing_train_val_minocc100
populated_slot,inverse,18949,0.9772059202722913,18999,0.9797844360785931,passive,parent_pool,19391,add_object,val,existing_train_val_minocc100
populated_slot,inverse,2258,1.0,2258,1.0,passive,parent_pool,2258,del_subject,val,existing_train_val_minocc100
populated_slot,inverse,2258,1.0,2258,1.0,passive,parent_pool,2258,del_predicate,val,existing_train_val_minocc100
populated_slot,inverse,2258,1.0,2258,1.0,passive,parent_pool,2258,del_object,val,existing_train_val_minocc100
present_operation,inverse,18949,0.9772059202722913,18999,0.9797844360785931,passive,parent_pool,19391,addition,val,existing_train_val_minocc100
present_operation,inverse,2258,1.0,2258,1.0,passive,parent_pool,2258,deletion,val,existing_train_val_minocc100
populated_slot,itemRequiresStatement,29480,1.0,29480,1.0,passive,parent_pool,29480,add_subject,val,existing_train_val_minocc100
populated_slot,itemRequiresStatement,29476,0.999864314789688,29480,1.0,passive,parent_pool,29480,add_predicate,val,existing_train_val_minocc100
populated_slot,itemRequiresStatement,15962,0.5414518317503392,16589,0.5627204884667572,passive,parent_pool,29480,add_object,val,existing_train_val_minocc100
populated_slot,itemRequiresStatement,674,1.0,674,1.0,passive,parent_pool,674,del_subject,val,existing_train_val_minocc100
populated_slot,itemRequiresStatement,674,1.0,674,1.0,passive,parent_pool,674,del_predicate,val,existing_train_val_minocc100
populated_slot,itemRequiresStatement,674,1.0,674,1.0,passive,parent_pool,674,del_object,val,existing_train_val_minocc100
present_operation,itemRequiresStatement,15962,0.5414518317503392,16589,0.5627204884667572,passive,parent_pool,29480,addition,val,existing_train_val_minocc100
present_operation,itemRequiresStatement,674,1.0,674,1.0,passive,parent_pool,674,deletion,val,existing_train_val_minocc100
populated_slot,oneOf,1491,1.0,1491,1.0,passive,parent_pool,1491,add_subject,val,existing_train_val_minocc100
populated_slot,oneOf,1490,0.9993293091884641,1491,1.0,passive,parent_pool,1491,add_predicate,val,existing_train_val_minocc100
populated_slot,oneOf,1463,0.9812206572769953,1476,0.9899396378269618,passive,parent_pool,1491,add_object,val,existing_train_val_minocc100
populated_slot,oneOf,2057,1.0,2057,1.0,passive,parent_pool,2057,del_subject,val,existing_train_val_minocc100
populated_slot,oneOf,2057,1.0,2057,1.0,passive,parent_pool,2057,del_predicate,val,existing_train_val_minocc100
populated_slot,oneOf,2057,1.0,2057,1.0,passive,parent_pool,2057,del_object,val,existing_train_val_minocc100
present_operation,oneOf,1462,0.9805499664654594,1476,0.9899396378269618,passive,parent_pool,1491,addition,val,existing_train_val_minocc100
present_operation,oneOf,2057,1.0,2057,1.0,passive,parent_pool,2057,deletion,val,existing_train_val_minocc100
populated_slot,single,5289,1.0,5289,1.0,passive,parent_pool,5289,add_subject,val,existing_train_val_minocc100
populated_slot,single,5282,0.9986764983928909,5283,0.9988655700510494,passive,parent_pool,5289,add_predicate,val,existing_train_val_minocc100
populated_slot,single,1040,0.19663452448477972,1097,0.20741160899981093,passive,parent_pool,5289,add_object,val,existing_train_val_minocc100
populated_slot,single,35917,1.0,35917,1.0,passive,parent_pool,35917,del_subject,val,existing_train_val_minocc100
populated_slot,single,35917,1.0,35917,1.0,passive,parent_pool,35917,del_predicate,val,existing_train_val_minocc100
populated_slot,single,35472,0.9876103238020992,35687,0.9935963471336693,passive,parent_pool,35917,del_object,val,existing_train_val_minocc100
present_operation,single,1033,0.19531102287767063,1091,0.20627717905086027,passive,parent_pool,5289,addition,val,existing_train_val_minocc100
present_operation,single,35472,0.9876103238020992,35687,0.9935963471336693,passive,parent_pool,35917,deletion,val,existing_train_val_minocc100
populated_slot,symmetric,8745,1.0,8745,1.0,passive,parent_pool,8745,add_subject,val,existing_train_val_minocc100
populated_slot,symmetric,8745,1.0,8745,1.0,passive,parent_pool,8745,add_predicate,val,existing_train_val_minocc100
populated_slot,symmetric,8613,0.9849056603773585,8636,0.987535734705546,passive,parent_pool,8745,add_object,val,existing_train_val_minocc100
populated_slot,symmetric,408,1.0,408,1.0,passive,parent_pool,408,del_subject,val,existing_train_val_minocc100
populated_slot,symmetric,408,1.0,408,1.0,passive,parent_pool,408,del_predicate,val,existing_train_val_minocc100
populated_slot,symmetric,408,1.0,408,1.0,passive,parent_pool,408,del_object,val,existing_train_val_minocc100
present_operation,symmetric,8613,0.9849056603773585,8636,0.987535734705546,passive,parent_pool,8745,addition,val,existing_train_val_minocc100
present_operation,symmetric,408,1.0,408,1.0,passive,parent_pool,408,deletion,val,existing_train_val_minocc100
populated_slot,type,28935,1.0,28935,1.0,passive,parent_pool,28935,add_subject,val,existing_train_val_minocc100
populated_slot,type,28934,0.9999654397788146,28934,0.9999654397788146,passive,parent_pool,28935,add_predicate,val,existing_train_val_minocc100
populated_slot,type,27598,0.9537929842750994,27678,0.9565578019699326,passive,parent_pool,28935,add_object,val,existing_train_val_minocc100
populated_slot,type,1676,1.0,1676,1.0,passive,parent_pool,1676,del_subject,val,existing_train_val_minocc100
populated_slot,type,1676,1.0,1676,1.0,passive,parent_pool,1676,del_predicate,val,existing_train_val_minocc100
populated_slot,type,1676,1.0,1676,1.0,passive,parent_pool,1676,del_object,val,existing_train_val_minocc100
present_operation,type,27597,0.953758424053914,27677,0.9565232417487471,passive,parent_pool,28935,addition,val,existing_train_val_minocc100
present_operation,type,1676,1.0,1676,1.0,passive,parent_pool,1676,deletion,val,existing_train_val_minocc100
populated_slot,valueRequiresStatement,29303,1.0,29303,1.0,passive,parent_pool,29303,add_subject,val,existing_train_val_minocc100
populated_slot,valueRequiresStatement,29303,1.0,29303,1.0,passive,parent_pool,29303,add_predicate,val,existing_train_val_minocc100
populated_slot,valueRequiresStatement,24294,0.8290618707982118,24511,0.8364672559123639,passive,parent_pool,29303,add_object,val,existing_train_val_minocc100
populated_slot,valueRequiresStatement,1413,1.0,1413,1.0,passive,parent_pool,1413,del_subject,val,existing_train_val_minocc100
populated_slot,valueRequiresStatement,1413,1.0,1413,1.0,passive,parent_pool,1413,del_predicate,val,existing_train_val_minocc100
populated_slot,valueRequiresStatement,1413,1.0,1413,1.0,passive,parent_pool,1413,del_object,val,existing_train_val_minocc100
present_operation,valueRequiresStatement,24294,0.8290618707982118,24511,0.8364672559123639,passive,parent_pool,29303,addition,val,existing_train_val_minocc100
present_operation,valueRequiresStatement,1413,1.0,1413,1.0,passive,parent_pool,1413,deletion,val,existing_train_val_minocc100
populated_slot,valueType,29749,1.0,29749,1.0,passive,parent_pool,29749,add_subject,val,existing_train_val_minocc100
populated_slot,valueType,29748,0.9999663854247202,29748,0.9999663854247202,passive,parent_pool,29749,add_predicate,val,existing_train_val_minocc100
populated_slot,valueType,28556,0.9598978116911493,28690,0.964402164778648,passive,parent_pool,29749,add_object,val,existing_train_val_minocc100
populated_slot,valueType,789,1.0,789,1.0,passive,parent_pool,789,del_subject,val,existing_train_val_minocc100
populated_slot,valueType,789,1.0,789,1.0,passive,parent_pool,789,del_predicate,val,existing_train_val_minocc100
populated_slot,valueType,789,1.0,789,1.0,passive,parent_pool,789,del_object,val,existing_train_val_minocc100
present_operation,valueType,28556,0.9598978116911493,28689,0.9643685502033682,passive,parent_pool,29749,addition,val,existing_train_val_minocc100
present_operation,valueType,789,1.0,789,1.0,passive,parent_pool,789,deletion,val,existing_train_val_minocc100
populated_slot,overall,1077649,1.0,1077649,1.0,factorized,parent_pool,1077649,add_subject,overall,existing_train_val_minocc100
populated_slot,overall,1077452,0.9998171946524332,1077513,0.999873799353964,factorized,parent_pool,1077649,add_predicate,overall,existing_train_val_minocc100
populated_slot,overall,885591,0.8217805612031376,894374,0.8299307102776508,factorized,parent_pool,1077649,add_object,overall,existing_train_val_minocc100
populated_slot,overall,959043,1.0,959043,1.0,factorized,parent_pool,959043,del_subject,overall,existing_train_val_minocc100
populated_slot,overall,959043,1.0,959043,1.0,factorized,parent_pool,959043,del_predicate,overall,existing_train_val_minocc100
populated_slot,overall,948892,0.9894154902334932,950251,0.99083252784286,factorized,parent_pool,959043,del_object,overall,existing_train_val_minocc100
present_operation,overall,885422,0.8216237383415194,894238,0.8298045096316148,factorized,parent_pool,1077649,addition,overall,existing_train_val_minocc100
present_operation,overall,948892,0.9894154902334932,950251,0.99083252784286,factorized,parent_pool,959043,deletion,overall,existing_train_val_minocc100
populated_slot,overall,161680,1.0,161680,1.0,factorized,parent_pool,161680,add_subject,test,existing_train_val_minocc100
populated_slot,overall,161619,0.9996227115289461,161635,0.9997216724393865,factorized,parent_pool,161680,add_predicate,test,existing_train_val_minocc100
populated_slot,overall,132706,0.820794161306284,134075,0.8292615042058387,factorized,parent_pool,161680,add_object,test,existing_train_val_minocc100
populated_slot,overall,143746,1.0,143746,1.0,factorized,parent_pool,143746,del_subject,test,existing_train_val_minocc100
populated_slot,overall,143746,1.0,143746,1.0,factorized,parent_pool,143746,del_predicate,test,existing_train_val_minocc100
populated_slot,overall,142271,0.9897388449069887,142469,0.9911162745398133,factorized,parent_pool,143746,del_object,test,existing_train_val_minocc100
present_operation,overall,132655,0.8204787234042553,134030,0.8289831766452251,factorized,parent_pool,161680,addition,test,existing_train_val_minocc100
present_operation,overall,142271,0.9897388449069887,142469,0.9911162745398133,factorized,parent_pool,143746,deletion,test,existing_train_val_minocc100
populated_slot,overall,754307,1.0,754307,1.0,factorized,parent_pool,754307,add_subject,train,existing_train_val_minocc100
populated_slot,overall,754190,0.9998448907407727,754228,0.9998952681070175,factorized,parent_pool,754307,add_predicate,train,existing_train_val_minocc100
populated_slot,overall,619845,0.8217410152630162,625961,0.8298491197880968,factorized,parent_pool,754307,add_object,train,existing_train_val_minocc100
populated_slot,overall,671460,1.0,671460,1.0,factorized,parent_pool,671460,del_subject,train,existing_train_val_minocc100
populated_slot,overall,671460,1.0,671460,1.0,factorized,parent_pool,671460,del_predicate,train,existing_train_val_minocc100
populated_slot,overall,664301,0.9893381586393828,665245,0.9907440502784977,factorized,parent_pool,671460,del_object,train,existing_train_val_minocc100
present_operation,overall,619741,0.8216031403659253,625882,0.8297443878951143,factorized,parent_pool,754307,addition,train,existing_train_val_minocc100
present_operation,overall,664301,0.9893381586393828,665245,0.9907440502784977,factorized,parent_pool,671460,deletion,train,existing_train_val_minocc100
populated_slot,overall,161662,1.0,161662,1.0,factorized,parent_pool,161662,add_subject,val,existing_train_val_minocc100
populated_slot,overall,161643,0.9998824708342097,161650,0.999925771053185,factorized,parent_pool,161662,add_predicate,val,existing_train_val_minocc100
populated_slot,overall,133040,0.8229515903551855,134338,0.8309806881023369,factorized,parent_pool,161662,add_object,val,existing_train_val_minocc100
populated_slot,overall,143837,1.0,143837,1.0,factorized,parent_pool,143837,del_subject,val,existing_train_val_minocc100
populated_slot,overall,143837,1.0,143837,1.0,factorized,parent_pool,143837,del_predicate,val,existing_train_val_minocc100
populated_slot,overall,142320,0.9894533395440672,142537,0.990961991698937,factorized,parent_pool,143837,del_object,val,existing_train_val_minocc100
present_operation,overall,133026,0.8228649899172348,134326,0.830906459155522,factorized,parent_pool,161662,addition,val,existing_train_val_minocc100
present_operation,overall,142320,0.9894533395440672,142537,0.990961991698937,factorized,parent_pool,143837,deletion,val,existing_train_val_minocc100
populated_slot,conflictWith,35690,1.0,35690,1.0,factorized,parent_pool,35690,add_subject,overall,existing_train_val_minocc100
populated_slot,conflictWith,35660,0.9991594284113197,35668,0.9993835808349678,factorized,parent_pool,35690,add_predicate,overall,existing_train_val_minocc100
populated_slot,conflictWith,30887,0.8654244886522836,31316,0.8774446623704119,factorized,parent_pool,35690,add_object,overall,existing_train_val_minocc100
populated_slot,conflictWith,201225,1.0,201225,1.0,factorized,parent_pool,201225,del_subject,overall,existing_train_val_minocc100
populated_slot,conflictWith,201225,1.0,201225,1.0,factorized,parent_pool,201225,del_predicate,overall,existing_train_val_minocc100
populated_slot,conflictWith,194022,0.964204248975028,194038,0.9642837619580072,factorized,parent_pool,201225,del_object,overall,existing_train_val_minocc100
present_operation,conflictWith,30857,0.8645839170636033,31294,0.8768282432053797,factorized,parent_pool,35690,addition,overall,existing_train_val_minocc100
present_operation,conflictWith,194022,0.964204248975028,194038,0.9642837619580072,factorized,parent_pool,201225,deletion,overall,existing_train_val_minocc100
populated_slot,distinct,26216,1.0,26216,1.0,factorized,parent_pool,26216,add_subject,overall,existing_train_val_minocc100
populated_slot,distinct,26215,0.9999618553555081,26215,0.9999618553555081,factorized,parent_pool,26216,add_predicate,overall,existing_train_val_minocc100
populated_slot,distinct,13007,0.49614739090631677,13028,0.4969484284406469,factorized,parent_pool,26216,add_object,overall,existing_train_val_minocc100
populated_slot,distinct,456409,1.0,456409,1.0,factorized,parent_pool,456409,del_subject,overall,existing_train_val_minocc100
populated_slot,distinct,456409,1.0,456409,1.0,factorized,parent_pool,456409,del_predicate,overall,existing_train_val_minocc100
populated_slot,distinct,456409,1.0,456409,1.0,factorized,parent_pool,456409,del_object,overall,existing_train_val_minocc100
present_operation,distinct,13006,0.49610924626182484,13027,0.49691028379615504,factorized,parent_pool,26216,addition,overall,existing_train_val_minocc100
present_operation,distinct,456409,1.0,456409,1.0,factorized,parent_pool,456409,deletion,overall,existing_train_val_minocc100
populated_slot,inverse,129126,1.0,129126,1.0,factorized,parent_pool,129126,add_subject,overall,existing_train_val_minocc100
populated_slot,inverse,129114,0.99990706751545,129120,0.999953533757725,factorized,parent_pool,129126,add_predicate,overall,existing_train_val_minocc100
populated_slot,inverse,126117,0.976697179499094,126399,0.9788810928860183,factorized,parent_pool,129126,add_object,overall,existing_train_val_minocc100
populated_slot,inverse,15516,1.0,15516,1.0,factorized,parent_pool,15516,del_subject,overall,existing_train_val_minocc100
populated_slot,inverse,15516,1.0,15516,1.0,factorized,parent_pool,15516,del_predicate,overall,existing_train_val_minocc100
populated_slot,inverse,15516,1.0,15516,1.0,factorized,parent_pool,15516,del_object,overall,existing_train_val_minocc100
present_operation,inverse,126105,0.976604247014544,126393,0.9788346266437433,factorized,parent_pool,129126,addition,overall,existing_train_val_minocc100
present_operation,inverse,15516,1.0,15516,1.0,factorized,parent_pool,15516,deletion,overall,existing_train_val_minocc100
populated_slot,itemRequiresStatement,196612,1.0,196612,1.0,factorized,parent_pool,196612,add_subject,overall,existing_train_val_minocc100
populated_slot,itemRequiresStatement,196574,0.9998067259373792,196606,0.9999694830427441,factorized,parent_pool,196612,add_predicate,overall,existing_train_val_minocc100
populated_slot,itemRequiresStatement,105886,0.5385530893333063,110173,0.5603574552926576,factorized,parent_pool,196612,add_object,overall,existing_train_val_minocc100
populated_slot,itemRequiresStatement,4488,1.0,4488,1.0,factorized,parent_pool,4488,del_subject,overall,existing_train_val_minocc100
populated_slot,itemRequiresStatement,4488,1.0,4488,1.0,factorized,parent_pool,4488,del_predicate,overall,existing_train_val_minocc100
populated_slot,itemRequiresStatement,4488,1.0,4488,1.0,factorized,parent_pool,4488,del_object,overall,existing_train_val_minocc100
present_operation,itemRequiresStatement,105875,0.5384971415783371,110167,0.5603269383354017,factorized,parent_pool,196612,addition,overall,existing_train_val_minocc100
present_operation,itemRequiresStatement,4488,1.0,4488,1.0,factorized,parent_pool,4488,deletion,overall,existing_train_val_minocc100
populated_slot,oneOf,10123,1.0,10123,1.0,factorized,parent_pool,10123,add_subject,overall,existing_train_val_minocc100
populated_slot,oneOf,10119,0.9996048602193026,10120,0.999703645164477,factorized,parent_pool,10123,add_predicate,overall,existing_train_val_minocc100
populated_slot,oneOf,9941,0.9820211399782673,10022,0.9900227205373902,factorized,parent_pool,10123,add_object,overall,existing_train_val_minocc100
populated_slot,oneOf,13709,1.0,13709,1.0,factorized,parent_pool,13709,del_subject,overall,existing_train_val_minocc100
populated_slot,oneOf,13709,1.0,13709,1.0,factorized,parent_pool,13709,del_predicate,overall,existing_train_val_minocc100
populated_slot,oneOf,13709,1.0,13709,1.0,factorized,parent_pool,13709,del_object,overall,existing_train_val_minocc100
present_operation,oneOf,9937,0.9816260001975698,10019,0.989726365701867,factorized,parent_pool,10123,addition,overall,existing_train_val_minocc100
present_operation,oneOf,13709,1.0,13709,1.0,factorized,parent_pool,13709,deletion,overall,existing_train_val_minocc100
populated_slot,single,35140,1.0,35140,1.0,factorized,parent_pool,35140,add_subject,overall,existing_train_val_minocc100
populated_slot,single,35059,0.9976949345475242,35069,0.9979795105293113,factorized,parent_pool,35140,add_predicate,overall,existing_train_val_minocc100
populated_slot,single,6839,0.1946215139442231,7305,0.2078827546955037,factorized,parent_pool,35140,add_object,overall,existing_train_val_minocc100
populated_slot,single,239446,1.0,239446,1.0,factorized,parent_pool,239446,del_subject,overall,existing_train_val_minocc100
populated_slot,single,239446,1.0,239446,1.0,factorized,parent_pool,239446,del_predicate,overall,existing_train_val_minocc100
populated_slot,single,236498,0.9876882470369102,237841,0.993297027304695,factorized,parent_pool,239446,del_object,overall,existing_train_val_minocc100
present_operation,single,6758,0.19231644849174728,7234,0.20586226522481502,factorized,parent_pool,35140,addition,overall,existing_train_val_minocc100
present_operation,single,236498,0.9876882470369102,237841,0.993297027304695,factorized,parent_pool,239446,deletion,overall,existing_train_val_minocc100
populated_slot,symmetric,58022,1.0,58022,1.0,factorized,parent_pool,58022,add_subject,overall,existing_train_val_minocc100
populated_slot,symmetric,58018,0.999931060632174,58019,0.9999482954741306,factorized,parent_pool,58022,add_predicate,overall,existing_train_val_minocc100
populated_slot,symmetric,57113,0.9843335286615422,57216,0.9861087173830616,factorized,parent_pool,58022,add_object,overall,existing_train_val_minocc100
populated_slot,symmetric,2739,1.0,2739,1.0,factorized,parent_pool,2739,del_subject,overall,existing_train_val_minocc100
populated_slot,symmetric,2739,1.0,2739,1.0,factorized,parent_pool,2739,del_predicate,overall,existing_train_val_minocc100
populated_slot,symmetric,2739,1.0,2739,1.0,factorized,parent_pool,2739,del_object,overall,existing_train_val_minocc100
present_operation,symmetric,57109,0.9842645892937162,57213,0.986057012857192,factorized,parent_pool,58022,addition,overall,existing_train_val_minocc100
present_operation,symmetric,2739,1.0,2739,1.0,factorized,parent_pool,2739,deletion,overall,existing_train_val_minocc100
populated_slot,type,192985,1.0,192985,1.0,factorized,parent_pool,192985,add_subject,overall,existing_train_val_minocc100
populated_slot,type,192969,0.9999170920019691,192971,0.9999274555017229,factorized,parent_pool,192985,add_predicate,overall,existing_train_val_minocc100
populated_slot,type,183603,0.9513848226546104,184354,0.9552763168121875,factorized,parent_pool,192985,add_object,overall,existing_train_val_minocc100
populated_slot,type,11263,1.0,11263,1.0,factorized,parent_pool,11263,del_subject,overall,existing_train_val_minocc100
populated_slot,type,11263,1.0,11263,1.0,factorized,parent_pool,11263,del_predicate,overall,existing_train_val_minocc100
populated_slot,type,11263,1.0,11263,1.0,factorized,parent_pool,11263,del_object,overall,existing_train_val_minocc100
present_operation,type,183587,0.9513019146565795,184340,0.9552037723139104,factorized,parent_pool,192985,addition,overall,existing_train_val_minocc100
present_operation,type,11263,1.0,11263,1.0,factorized,parent_pool,11263,deletion,overall,existing_train_val_minocc100
populated_slot,valueRequiresStatement,195543,1.0,195543,1.0,factorized,parent_pool,195543,add_subject,overall,existing_train_val_minocc100
populated_slot,valueRequiresStatement,195540,0.9999846581058898,195540,0.9999846581058898,factorized,parent_pool,195543,add_predicate,overall,existing_train_val_minocc100
populated_slot,valueRequiresStatement,161959,0.82825260940049,163522,0.8362457362319285,factorized,parent_pool,195543,add_object,overall,existing_train_val_minocc100
populated_slot,valueRequiresStatement,8998,1.0,8998,1.0,factorized,parent_pool,8998,del_subject,overall,existing_train_val_minocc100
populated_slot,valueRequiresStatement,8998,1.0,8998,1.0,factorized,parent_pool,8998,del_predicate,overall,existing_train_val_minocc100
populated_slot,valueRequiresStatement,8998,1.0,8998,1.0,factorized,parent_pool,8998,del_object,overall,existing_train_val_minocc100
present_operation,valueRequiresStatement,161956,0.8282372675063797,163519,0.8362303943378183,factorized,parent_pool,195543,addition,overall,existing_train_val_minocc100
present_operation,valueRequiresStatement,8998,1.0,8998,1.0,factorized,parent_pool,8998,deletion,overall,existing_train_val_minocc100
populated_slot,valueType,198192,1.0,198192,1.0,factorized,parent_pool,198192,add_subject,overall,existing_train_val_minocc100
populated_slot,valueType,198184,0.9999596351013159,198185,0.9999646807136514,factorized,parent_pool,198192,add_predicate,overall,existing_train_val_minocc100
populated_slot,valueType,190239,0.9598722450956648,191039,0.9639087349640753,factorized,parent_pool,198192,add_object,overall,existing_train_val_minocc100
populated_slot,valueType,5250,1.0,5250,1.0,factorized,parent_pool,5250,del_subject,overall,existing_train_val_minocc100
populated_slot,valueType,5250,1.0,5250,1.0,factorized,parent_pool,5250,del_predicate,overall,existing_train_val_minocc100
populated_slot,valueType,5250,1.0,5250,1.0,factorized,parent_pool,5250,del_object,overall,existing_train_val_minocc100
present_operation,valueType,190232,0.9598369258093162,191032,0.9638734156777267,factorized,parent_pool,198192,addition,overall,existing_train_val_minocc100
present_operation,valueType,5250,1.0,5250,1.0,factorized,parent_pool,5250,deletion,overall,existing_train_val_minocc100
populated_slot,conflictWith,5361,1.0,5361,1.0,factorized,parent_pool,5361,add_subject,test,existing_train_val_minocc100
populated_slot,conflictWith,5353,0.9985077410930796,5355,0.9988808058198098,factorized,parent_pool,5361,add_predicate,test,existing_train_val_minocc100
populated_slot,conflictWith,4637,0.8649505689237083,4708,0.8781943667226264,factorized,parent_pool,5361,add_object,test,existing_train_val_minocc100
populated_slot,conflictWith,30184,1.0,30184,1.0,factorized,parent_pool,30184,del_subject,test,existing_train_val_minocc100
populated_slot,conflictWith,30184,1.0,30184,1.0,factorized,parent_pool,30184,del_predicate,test,existing_train_val_minocc100
populated_slot,conflictWith,29155,0.9659090909090909,29157,0.9659753511794328,factorized,parent_pool,30184,del_object,test,existing_train_val_minocc100
present_operation,conflictWith,4629,0.863458310016788,4702,0.8770751725424362,factorized,parent_pool,5361,addition,test,existing_train_val_minocc100
present_operation,conflictWith,29155,0.9659090909090909,29157,0.9659753511794328,factorized,parent_pool,30184,deletion,test,existing_train_val_minocc100
populated_slot,distinct,3985,1.0,3985,1.0,factorized,parent_pool,3985,add_subject,test,existing_train_val_minocc100
populated_slot,distinct,3985,1.0,3985,1.0,factorized,parent_pool,3985,add_predicate,test,existing_train_val_minocc100
populated_slot,distinct,1989,0.4991217063989962,1991,0.4996235884567127,factorized,parent_pool,3985,add_object,test,existing_train_val_minocc100
populated_slot,distinct,68462,1.0,68462,1.0,factorized,parent_pool,68462,del_subject,test,existing_train_val_minocc100
populated_slot,distinct,68462,1.0,68462,1.0,factorized,parent_pool,68462,del_predicate,test,existing_train_val_minocc100
populated_slot,distinct,68462,1.0,68462,1.0,factorized,parent_pool,68462,del_object,test,existing_train_val_minocc100
present_operation,distinct,1989,0.4991217063989962,1991,0.4996235884567127,factorized,parent_pool,3985,addition,test,existing_train_val_minocc100
present_operation,distinct,68462,1.0,68462,1.0,factorized,parent_pool,68462,deletion,test,existing_train_val_minocc100
populated_slot,inverse,19395,1.0,19395,1.0,factorized,parent_pool,19395,add_subject,test,existing_train_val_minocc100
populated_slot,inverse,19392,0.99984532095901,19392,0.99984532095901,factorized,parent_pool,19395,add_predicate,test,existing_train_val_minocc100
populated_slot,inverse,18988,0.9790152101056974,19027,0.9810260376385667,factorized,parent_pool,19395,add_object,test,existing_train_val_minocc100
populated_slot,inverse,2292,1.0,2292,1.0,factorized,parent_pool,2292,del_subject,test,existing_train_val_minocc100
populated_slot,inverse,2292,1.0,2292,1.0,factorized,parent_pool,2292,del_predicate,test,existing_train_val_minocc100
populated_slot,inverse,2292,1.0,2292,1.0,factorized,parent_pool,2292,del_object,test,existing_train_val_minocc100
present_operation,inverse,18985,0.9788605310647074,19024,0.9808713585975767,factorized,parent_pool,19395,addition,test,existing_train_val_minocc100
present_operation,inverse,2292,1.0,2292,1.0,factorized,parent_pool,2292,deletion,test,existing_train_val_minocc100
populated_slot,itemRequiresStatement,29493,1.0,29493,1.0,factorized,parent_pool,29493,add_subject,test,existing_train_val_minocc100
populated_slot,itemRequiresStatement,29481,0.9995931237920862,29492,0.9999660936493405,factorized,parent_pool,29493,add_predicate,test,existing_train_val_minocc100
populated_slot,itemRequiresStatement,15718,0.5329400196656834,16381,0.5554199301529177,factorized,parent_pool,29493,add_object,test,existing_train_val_minocc100
populated_slot,itemRequiresStatement,657,1.0,657,1.0,factorized,parent_pool,657,del_subject,test,existing_train_val_minocc100
populated_slot,itemRequiresStatement,657,1.0,657,1.0,factorized,parent_pool,657,del_predicate,test,existing_train_val_minocc100
populated_slot,itemRequiresStatement,657,1.0,657,1.0,factorized,parent_pool,657,del_object,test,existing_train_val_minocc100
present_operation,itemRequiresStatement,15716,0.5328722069643644,16380,0.5553860238022582,factorized,parent_pool,29493,addition,test,existing_train_val_minocc100
present_operation,itemRequiresStatement,657,1.0,657,1.0,factorized,parent_pool,657,deletion,test,existing_train_val_minocc100
populated_slot,oneOf,1531,1.0,1531,1.0,factorized,parent_pool,1531,add_subject,test,existing_train_val_minocc100
populated_slot,oneOf,1529,0.9986936642717178,1529,0.9986936642717178,factorized,parent_pool,1531,add_predicate,test,existing_train_val_minocc100
populated_slot,oneOf,1485,0.9699542782495101,1510,0.9862834748530372,factorized,parent_pool,1531,add_object,test,existing_train_val_minocc100
populated_slot,oneOf,2056,1.0,2056,1.0,factorized,parent_pool,2056,del_subject,test,existing_train_val_minocc100
populated_slot,oneOf,2056,1.0,2056,1.0,factorized,parent_pool,2056,del_predicate,test,existing_train_val_minocc100
populated_slot,oneOf,2056,1.0,2056,1.0,factorized,parent_pool,2056,del_object,test,existing_train_val_minocc100
present_operation,oneOf,1483,0.968647942521228,1508,0.984977139124755,factorized,parent_pool,1531,addition,test,existing_train_val_minocc100
present_operation,oneOf,2056,1.0,2056,1.0,factorized,parent_pool,2056,deletion,test,existing_train_val_minocc100
populated_slot,single,5251,1.0,5251,1.0,factorized,parent_pool,5251,add_subject,test,existing_train_val_minocc100
populated_slot,single,5230,0.9960007617596648,5231,0.9961912016758713,factorized,parent_pool,5251,add_predicate,test,existing_train_val_minocc100
populated_slot,single,972,0.18510759855265663,1034,0.19691487335745572,factorized,parent_pool,5251,add_object,test,existing_train_val_minocc100
populated_slot,single,35917,1.0,35917,1.0,factorized,parent_pool,35917,del_subject,test,existing_train_val_minocc100
populated_slot,single,35917,1.0,35917,1.0,factorized,parent_pool,35917,del_predicate,test,existing_train_val_minocc100
populated_slot,single,35471,0.9875824818331153,35667,0.9930395077539884,factorized,parent_pool,35917,del_object,test,existing_train_val_minocc100
present_operation,single,951,0.18110836031232147,1014,0.193106075033327,factorized,parent_pool,5251,addition,test,existing_train_val_minocc100
present_operation,single,35471,0.9875824818331153,35667,0.9930395077539884,factorized,parent_pool,35917,deletion,test,existing_train_val_minocc100
populated_slot,symmetric,8634,1.0,8634,1.0,factorized,parent_pool,8634,add_subject,test,existing_train_val_minocc100
populated_slot,symmetric,8630,0.999536715311559,8631,0.9996525364836693,factorized,parent_pool,8634,add_predicate,test,existing_train_val_minocc100
populated_slot,symmetric,8514,0.9861014593467686,8526,0.9874913134120917,factorized,parent_pool,8634,add_object,test,existing_train_val_minocc100
populated_slot,symmetric,403,1.0,403,1.0,factorized,parent_pool,403,del_subject,test,existing_train_val_minocc100
populated_slot,symmetric,403,1.0,403,1.0,factorized,parent_pool,403,del_predicate,test,existing_train_val_minocc100
populated_slot,symmetric,403,1.0,403,1.0,factorized,parent_pool,403,del_object,test,existing_train_val_minocc100
present_operation,symmetric,8510,0.9856381746583276,8523,0.987143849895761,factorized,parent_pool,8634,addition,test,existing_train_val_minocc100
present_operation,symmetric,403,1.0,403,1.0,factorized,parent_pool,403,deletion,test,existing_train_val_minocc100
populated_slot,type,28967,1.0,28967,1.0,factorized,parent_pool,28967,add_subject,test,existing_train_val_minocc100
populated_slot,type,28962,0.9998273897883799,28962,0.9998273897883799,factorized,parent_pool,28967,add_predicate,test,existing_train_val_minocc100
populated_slot,type,27535,0.9505644353919978,27670,0.955224911105741,factorized,parent_pool,28967,add_object,test,existing_train_val_minocc100
populated_slot,type,1695,1.0,1695,1.0,factorized,parent_pool,1695,del_subject,test,existing_train_val_minocc100
populated_slot,type,1695,1.0,1695,1.0,factorized,parent_pool,1695,del_predicate,test,existing_train_val_minocc100
populated_slot,type,1695,1.0,1695,1.0,factorized,parent_pool,1695,del_object,test,existing_train_val_minocc100
present_operation,type,27530,0.9503918251803777,27665,0.9550523008941209,factorized,parent_pool,28967,addition,test,existing_train_val_minocc100
present_operation,type,1695,1.0,1695,1.0,factorized,parent_pool,1695,deletion,test,existing_train_val_minocc100
populated_slot,valueRequiresStatement,29339,1.0,29339,1.0,factorized,parent_pool,29339,add_subject,test,existing_train_val_minocc100
populated_slot,valueRequiresStatement,29337,0.9999318313507618,29337,0.9999318313507618,factorized,parent_pool,29339,add_predicate,test,existing_train_val_minocc100
populated_slot,valueRequiresStatement,24348,0.8298851358260336,24578,0.8377245304884283,factorized,parent_pool,29339,add_object,test,existing_train_val_minocc100
populated_slot,valueRequiresStatement,1305,1.0,1305,1.0,factorized,parent_pool,1305,del_subject,test,existing_train_val_minocc100
populated_slot,valueRequiresStatement,1305,1.0,1305,1.0,factorized,parent_pool,1305,del_predicate,test,existing_train_val_minocc100
populated_slot,valueRequiresStatement,1305,1.0,1305,1.0,factorized,parent_pool,1305,del_object,test,existing_train_val_minocc100
present_operation,valueRequiresStatement,24346,0.8298169671767954,24576,0.8376563618391901,factorized,parent_pool,29339,addition,test,existing_train_val_minocc100
present_operation,valueRequiresStatement,1305,1.0,1305,1.0,factorized,parent_pool,1305,deletion,test,existing_train_val_minocc100
populated_slot,valueType,29724,1.0,29724,1.0,factorized,parent_pool,29724,add_subject,test,existing_train_val_minocc100
populated_slot,valueType,29720,0.9998654286098776,29721,0.9998990714574082,factorized,parent_pool,29724,add_predicate,test,existing_train_val_minocc100
populated_slot,valueType,28520,0.9594940115731395,28650,0.9638675817521195,factorized,parent_pool,29724,add_object,test,existing_train_val_minocc100
populated_slot,valueType,775,1.0,775,1.0,factorized,parent_pool,775,del_subject,test,existing_train_val_minocc100
populated_slot,valueType,775,1.0,775,1.0,factorized,parent_pool,775,del_predicate,test,existing_train_val_minocc100
populated_slot,valueType,775,1.0,775,1.0,factorized,parent_pool,775,del_object,test,existing_train_val_minocc100
present_operation,valueType,28516,0.9593594401830171,28647,0.9637666532095277,factorized,parent_pool,29724,addition,test,existing_train_val_minocc100
present_operation,valueType,775,1.0,775,1.0,factorized,parent_pool,775,deletion,test,existing_train_val_minocc100
populated_slot,conflictWith,24993,1.0,24993,1.0,factorized,parent_pool,24993,add_subject,train,existing_train_val_minocc100
populated_slot,conflictWith,24975,0.9992797983435362,24980,0.9994798543592206,factorized,parent_pool,24993,add_predicate,train,existing_train_val_minocc100
populated_slot,conflictWith,21642,0.8659224582883207,21931,0.8774856959948786,factorized,parent_pool,24993,add_object,train,existing_train_val_minocc100
populated_slot,conflictWith,140857,1.0,140857,1.0,factorized,parent_pool,140857,del_subject,train,existing_train_val_minocc100
populated_slot,conflictWith,140857,1.0,140857,1.0,factorized,parent_pool,140857,del_predicate,train,existing_train_val_minocc100
populated_slot,conflictWith,135755,0.9637788679298863,135767,0.9638640607140575,factorized,parent_pool,140857,del_object,train,existing_train_val_minocc100
present_operation,conflictWith,21624,0.8652022566318569,21918,0.8769655503540992,factorized,parent_pool,24993,addition,train,existing_train_val_minocc100
present_operation,conflictWith,135755,0.9637788679298863,135767,0.9638640607140575,factorized,parent_pool,140857,deletion,train,existing_train_val_minocc100
populated_slot,distinct,18288,1.0,18288,1.0,factorized,parent_pool,18288,add_subject,train,existing_train_val_minocc100
populated_slot,distinct,18288,1.0,18288,1.0,factorized,parent_pool,18288,add_predicate,train,existing_train_val_minocc100
populated_slot,distinct,9061,0.4954615048118985,9078,0.49639107611548555,factorized,parent_pool,18288,add_object,train,existing_train_val_minocc100
populated_slot,distinct,319486,1.0,319486,1.0,factorized,parent_pool,319486,del_subject,train,existing_train_val_minocc100
populated_slot,distinct,319486,1.0,319486,1.0,factorized,parent_pool,319486,del_predicate,train,existing_train_val_minocc100
populated_slot,distinct,319486,1.0,319486,1.0,factorized,parent_pool,319486,del_object,train,existing_train_val_minocc100
present_operation,distinct,9061,0.4954615048118985,9078,0.49639107611548555,factorized,parent_pool,18288,addition,train,existing_train_val_minocc100
present_operation,distinct,319486,1.0,319486,1.0,factorized,parent_pool,319486,deletion,train,existing_train_val_minocc100
populated_slot,inverse,90340,1.0,90340,1.0,factorized,parent_pool,90340,add_subject,train,existing_train_val_minocc100
populated_slot,inverse,90331,0.9999003763559885,90337,0.9999667921186628,factorized,parent_pool,90340,add_predicate,train,existing_train_val_minocc100
populated_slot,inverse,88180,0.9760903254372371,88373,0.9782266991365951,factorized,parent_pool,90340,add_object,train,existing_train_val_minocc100
populated_slot,inverse,10966,1.0,10966,1.0,factorized,parent_pool,10966,del_subject,train,existing_train_val_minocc100
populated_slot,inverse,10966,1.0,10966,1.0,factorized,parent_pool,10966,del_predicate,train,existing_train_val_minocc100
populated_slot,inverse,10966,1.0,10966,1.0,factorized,parent_pool,10966,del_object,train,existing_train_val_minocc100
present_operation,inverse,88171,0.9759907017932256,88370,0.9781934912552579,factorized,parent_pool,90340,addition,train,existing_train_val_minocc100
present_operation,inverse,10966,1.0,10966,1.0,factorized,parent_pool,10966,deletion,train,existing_train_val_minocc100
populated_slot,itemRequiresStatement,137639,1.0,137639,1.0,factorized,parent_pool,137639,add_subject,train,existing_train_val_minocc100
populated_slot,itemRequiresStatement,137617,0.9998401615821098,137634,0.9999636730868431,factorized,parent_pool,137639,add_predicate,train,existing_train_val_minocc100
populated_slot,itemRequiresStatement,74206,0.5391349835439083,77185,0.5607785584027782,factorized,parent_pool,137639,add_object,train,existing_train_val_minocc100
populated_slot,itemRequiresStatement,3157,1.0,3157,1.0,factorized,parent_pool,3157,del_subject,train,existing_train_val_minocc100
populated_slot,itemRequiresStatement,3157,1.0,3157,1.0,factorized,parent_pool,3157,del_predicate,train,existing_train_val_minocc100
populated_slot,itemRequiresStatement,3157,1.0,3157,1.0,factorized,parent_pool,3157,del_object,train,existing_train_val_minocc100
present_operation,itemRequiresStatement,74197,0.539069595100226,77180,0.5607422314896214,factorized,parent_pool,137639,addition,train,existing_train_val_minocc100
present_operation,itemRequiresStatement,3157,1.0,3157,1.0,factorized,parent_pool,3157,deletion,train,existing_train_val_minocc100
populated_slot,oneOf,7101,1.0,7101,1.0,factorized,parent_pool,7101,add_subject,train,existing_train_val_minocc100
populated_slot,oneOf,7100,0.9998591747641177,7100,0.9998591747641177,factorized,parent_pool,7101,add_predicate,train,existing_train_val_minocc100
populated_slot,oneOf,6993,0.9847908745247148,7036,0.9908463596676524,factorized,parent_pool,7101,add_object,train,existing_train_val_minocc100
populated_slot,oneOf,9596,1.0,9596,1.0,factorized,parent_pool,9596,del_subject,train,existing_train_val_minocc100
populated_slot,oneOf,9596,1.0,9596,1.0,factorized,parent_pool,9596,del_predicate,train,existing_train_val_minocc100
populated_slot,oneOf,9596,1.0,9596,1.0,factorized,parent_pool,9596,del_object,train,existing_train_val_minocc100
present_operation,oneOf,6992,0.9846500492888326,7035,0.9907055344317701,factorized,parent_pool,7101,addition,train,existing_train_val_minocc100
present_operation,oneOf,9596,1.0,9596,1.0,factorized,parent_pool,9596,deletion,train,existing_train_val_minocc100
populated_slot,single,24600,1.0,24600,1.0,factorized,parent_pool,24600,add_subject,train,existing_train_val_minocc100
populated_slot,single,24547,0.9978455284552845,24555,0.9981707317073171,factorized,parent_pool,24600,add_predicate,train,existing_train_val_minocc100
populated_slot,single,4827,0.19621951219512196,5171,0.21020325203252033,factorized,parent_pool,24600,add_object,train,existing_train_val_minocc100
populated_slot,single,167612,1.0,167612,1.0,factorized,parent_pool,167612,del_subject,train,existing_train_val_minocc100
populated_slot,single,167612,1.0,167612,1.0,factorized,parent_pool,167612,del_predicate,train,existing_train_val_minocc100
populated_slot,single,165555,0.9877276090017422,166487,0.9932880700665824,factorized,parent_pool,167612,del_object,train,existing_train_val_minocc100
present_operation,single,4774,0.1940650406504065,5126,0.2083739837398374,factorized,parent_pool,24600,addition,train,existing_train_val_minocc100
present_operation,single,165555,0.9877276090017422,166487,0.9932880700665824,factorized,parent_pool,167612,deletion,train,existing_train_val_minocc100
populated_slot,symmetric,40643,1.0,40643,1.0,factorized,parent_pool,40643,add_subject,train,existing_train_val_minocc100
populated_slot,symmetric,40643,1.0,40643,1.0,factorized,parent_pool,40643,add_predicate,train,existing_train_val_minocc100
populated_slot,symmetric,39986,0.9838348547105282,40054,0.9855079595502301,factorized,parent_pool,40643,add_object,train,existing_train_val_minocc100
populated_slot,symmetric,1928,1.0,1928,1.0,factorized,parent_pool,1928,del_subject,train,existing_train_val_minocc100
populated_slot,symmetric,1928,1.0,1928,1.0,factorized,parent_pool,1928,del_predicate,train,existing_train_val_minocc100
populated_slot,symmetric,1928,1.0,1928,1.0,factorized,parent_pool,1928,del_object,train,existing_train_val_minocc100
present_operation,symmetric,39986,0.9838348547105282,40054,0.9855079595502301,factorized,parent_pool,40643,addition,train,existing_train_val_minocc100
present_operation,symmetric,1928,1.0,1928,1.0,factorized,parent_pool,1928,deletion,train,existing_train_val_minocc100
populated_slot,type,135083,1.0,135083,1.0,factorized,parent_pool,135083,add_subject,train,existing_train_val_minocc100
populated_slot,type,135073,0.9999259714397815,135075,0.9999407771518252,factorized,parent_pool,135083,add_predicate,train,existing_train_val_minocc100
populated_slot,type,128470,0.9510449131274846,129005,0.9550054410991761,factorized,parent_pool,135083,add_object,train,existing_train_val_minocc100
populated_slot,type,7892,1.0,7892,1.0,factorized,parent_pool,7892,del_subject,train,existing_train_val_minocc100
populated_slot,type,7892,1.0,7892,1.0,factorized,parent_pool,7892,del_predicate,train,existing_train_val_minocc100
populated_slot,type,7892,1.0,7892,1.0,factorized,parent_pool,7892,del_object,train,existing_train_val_minocc100
present_operation,type,128460,0.9509708845672661,128997,0.9549462182510012,factorized,parent_pool,135083,addition,train,existing_train_val_minocc100
present_operation,type,7892,1.0,7892,1.0,factorized,parent_pool,7892,deletion,train,existing_train_val_minocc100
populated_slot,valueRequiresStatement,136901,1.0,136901,1.0,factorized,parent_pool,136901,add_subject,train,existing_train_val_minocc100
populated_slot,valueRequiresStatement,136900,0.9999926954514576,136900,0.9999926954514576,factorized,parent_pool,136901,add_predicate,train,existing_train_val_minocc100
populated_slot,valueRequiresStatement,113317,0.8277295271765729,114430,0.8358594897042388,factorized,parent_pool,136901,add_object,train,existing_train_val_minocc100
populated_slot,valueRequiresStatement,6280,1.0,6280,1.0,factorized,parent_pool,6280,del_subject,train,existing_train_val_minocc100
populated_slot,valueRequiresStatement,6280,1.0,6280,1.0,factorized,parent_pool,6280,del_predicate,train,existing_train_val_minocc100
populated_slot,valueRequiresStatement,6280,1.0,6280,1.0,factorized,parent_pool,6280,del_object,train,existing_train_val_minocc100
present_operation,valueRequiresStatement,113316,0.8277222226280305,114429,0.8358521851556965,factorized,parent_pool,136901,addition,train,existing_train_val_minocc100
present_operation,valueRequiresStatement,6280,1.0,6280,1.0,factorized,parent_pool,6280,deletion,train,existing_train_val_minocc100
populated_slot,valueType,138719,1.0,138719,1.0,factorized,parent_pool,138719,add_subject,train,existing_train_val_minocc100
populated_slot,valueType,138716,0.9999783735465221,138716,0.9999783735465221,factorized,parent_pool,138719,add_predicate,train,existing_train_val_minocc100
populated_slot,valueType,133163,0.95994780815894,133698,0.9638045256958312,factorized,parent_pool,138719,add_object,train,existing_train_val_minocc100
populated_slot,valueType,3686,1.0,3686,1.0,factorized,parent_pool,3686,del_subject,train,existing_train_val_minocc100
populated_slot,valueType,3686,1.0,3686,1.0,factorized,parent_pool,3686,del_predicate,train,existing_train_val_minocc100
populated_slot,valueType,3686,1.0,3686,1.0,factorized,parent_pool,3686,del_object,train,existing_train_val_minocc100
present_operation,valueType,133160,0.9599261817054621,133695,0.9637828992423533,factorized,parent_pool,138719,addition,train,existing_train_val_minocc100
present_operation,valueType,3686,1.0,3686,1.0,factorized,parent_pool,3686,deletion,train,existing_train_val_minocc100
populated_slot,conflictWith,5336,1.0,5336,1.0,factorized,parent_pool,5336,add_subject,val,existing_train_val_minocc100
populated_slot,conflictWith,5332,0.9992503748125937,5333,0.9994377811094453,factorized,parent_pool,5336,add_predicate,val,existing_train_val_minocc100
populated_slot,conflictWith,4608,0.863568215892054,4677,0.8764992503748126,factorized,parent_pool,5336,add_object,val,existing_train_val_minocc100
populated_slot,conflictWith,30184,1.0,30184,1.0,factorized,parent_pool,30184,del_subject,val,existing_train_val_minocc100
populated_slot,conflictWith,30184,1.0,30184,1.0,factorized,parent_pool,30184,del_predicate,val,existing_train_val_minocc100
populated_slot,conflictWith,29112,0.96448449509674,29114,0.9645507553670819,factorized,parent_pool,30184,del_object,val,existing_train_val_minocc100
present_operation,conflictWith,4604,0.8628185907046477,4674,0.8759370314842578,factorized,parent_pool,5336,addition,val,existing_train_val_minocc100
present_operation,conflictWith,29112,0.96448449509674,29114,0.9645507553670819,factorized,parent_pool,30184,deletion,val,existing_train_val_minocc100
populated_slot,distinct,3943,1.0,3943,1.0,factorized,parent_pool,3943,add_subject,val,existing_train_val_minocc100
populated_slot,distinct,3942,0.9997463860005072,3942,0.9997463860005072,factorized,parent_pool,3943,add_predicate,val,existing_train_val_minocc100
populated_slot,distinct,1957,0.4963225970073548,1959,0.4968298250063404,factorized,parent_pool,3943,add_object,val,existing_train_val_minocc100
populated_slot,distinct,68461,1.0,68461,1.0,factorized,parent_pool,68461,del_subject,val,existing_train_val_minocc100
populated_slot,distinct,68461,1.0,68461,1.0,factorized,parent_pool,68461,del_predicate,val,existing_train_val_minocc100
populated_slot,distinct,68461,1.0,68461,1.0,factorized,parent_pool,68461,del_object,val,existing_train_val_minocc100
present_operation,distinct,1956,0.496068983007862,1958,0.49657621100684757,factorized,parent_pool,3943,addition,val,existing_train_val_minocc100
present_operation,distinct,68461,1.0,68461,1.0,factorized,parent_pool,68461,deletion,val,existing_train_val_minocc100
populated_slot,inverse,19391,1.0,19391,1.0,factorized,parent_pool,19391,add_subject,val,existing_train_val_minocc100
populated_slot,inverse,19391,1.0,19391,1.0,factorized,parent_pool,19391,add_predicate,val,existing_train_val_minocc100
populated_slot,inverse,18949,0.9772059202722913,18999,0.9797844360785931,factorized,parent_pool,19391,add_object,val,existing_train_val_minocc100
populated_slot,inverse,2258,1.0,2258,1.0,factorized,parent_pool,2258,del_subject,val,existing_train_val_minocc100
populated_slot,inverse,2258,1.0,2258,1.0,factorized,parent_pool,2258,del_predicate,val,existing_train_val_minocc100
populated_slot,inverse,2258,1.0,2258,1.0,factorized,parent_pool,2258,del_object,val,existing_train_val_minocc100
present_operation,inverse,18949,0.9772059202722913,18999,0.9797844360785931,factorized,parent_pool,19391,addition,val,existing_train_val_minocc100
present_operation,inverse,2258,1.0,2258,1.0,factorized,parent_pool,2258,deletion,val,existing_train_val_minocc100
populated_slot,itemRequiresStatement,29480,1.0,29480,1.0,factorized,parent_pool,29480,add_subject,val,existing_train_val_minocc100
populated_slot,itemRequiresStatement,29476,0.999864314789688,29480,1.0,factorized,parent_pool,29480,add_predicate,val,existing_train_val_minocc100
populated_slot,itemRequiresStatement,15962,0.5414518317503392,16607,0.5633310719131615,factorized,parent_pool,29480,add_object,val,existing_train_val_minocc100
populated_slot,itemRequiresStatement,674,1.0,674,1.0,factorized,parent_pool,674,del_subject,val,existing_train_val_minocc100
populated_slot,itemRequiresStatement,674,1.0,674,1.0,factorized,parent_pool,674,del_predicate,val,existing_train_val_minocc100
populated_slot,itemRequiresStatement,674,1.0,674,1.0,factorized,parent_pool,674,del_object,val,existing_train_val_minocc100
present_operation,itemRequiresStatement,15962,0.5414518317503392,16607,0.5633310719131615,factorized,parent_pool,29480,addition,val,existing_train_val_minocc100
present_operation,itemRequiresStatement,674,1.0,674,1.0,factorized,parent_pool,674,deletion,val,existing_train_val_minocc100
populated_slot,oneOf,1491,1.0,1491,1.0,factorized,parent_pool,1491,add_subject,val,existing_train_val_minocc100
populated_slot,oneOf,1490,0.9993293091884641,1491,1.0,factorized,parent_pool,1491,add_predicate,val,existing_train_val_minocc100
populated_slot,oneOf,1463,0.9812206572769953,1476,0.9899396378269618,factorized,parent_pool,1491,add_object,val,existing_train_val_minocc100
populated_slot,oneOf,2057,1.0,2057,1.0,factorized,parent_pool,2057,del_subject,val,existing_train_val_minocc100
populated_slot,oneOf,2057,1.0,2057,1.0,factorized,parent_pool,2057,del_predicate,val,existing_train_val_minocc100
populated_slot,oneOf,2057,1.0,2057,1.0,factorized,parent_pool,2057,del_object,val,existing_train_val_minocc100
present_operation,oneOf,1462,0.9805499664654594,1476,0.9899396378269618,factorized,parent_pool,1491,addition,val,existing_train_val_minocc100
present_operation,oneOf,2057,1.0,2057,1.0,factorized,parent_pool,2057,deletion,val,existing_train_val_minocc100
populated_slot,single,5289,1.0,5289,1.0,factorized,parent_pool,5289,add_subject,val,existing_train_val_minocc100
populated_slot,single,5282,0.9986764983928909,5283,0.9988655700510494,factorized,parent_pool,5289,add_predicate,val,existing_train_val_minocc100
populated_slot,single,1040,0.19663452448477972,1100,0.20797882397428624,factorized,parent_pool,5289,add_object,val,existing_train_val_minocc100
populated_slot,single,35917,1.0,35917,1.0,factorized,parent_pool,35917,del_subject,val,existing_train_val_minocc100
populated_slot,single,35917,1.0,35917,1.0,factorized,parent_pool,35917,del_predicate,val,existing_train_val_minocc100
populated_slot,single,35472,0.9876103238020992,35687,0.9935963471336693,factorized,parent_pool,35917,del_object,val,existing_train_val_minocc100
present_operation,single,1033,0.19531102287767063,1094,0.2068443940253356,factorized,parent_pool,5289,addition,val,existing_train_val_minocc100
present_operation,single,35472,0.9876103238020992,35687,0.9935963471336693,factorized,parent_pool,35917,deletion,val,existing_train_val_minocc100
populated_slot,symmetric,8745,1.0,8745,1.0,factorized,parent_pool,8745,add_subject,val,existing_train_val_minocc100
populated_slot,symmetric,8745,1.0,8745,1.0,factorized,parent_pool,8745,add_predicate,val,existing_train_val_minocc100
populated_slot,symmetric,8613,0.9849056603773585,8636,0.987535734705546,factorized,parent_pool,8745,add_object,val,existing_train_val_minocc100
populated_slot,symmetric,408,1.0,408,1.0,factorized,parent_pool,408,del_subject,val,existing_train_val_minocc100
populated_slot,symmetric,408,1.0,408,1.0,factorized,parent_pool,408,del_predicate,val,existing_train_val_minocc100
populated_slot,symmetric,408,1.0,408,1.0,factorized,parent_pool,408,del_object,val,existing_train_val_minocc100
present_operation,symmetric,8613,0.9849056603773585,8636,0.987535734705546,factorized,parent_pool,8745,addition,val,existing_train_val_minocc100
present_operation,symmetric,408,1.0,408,1.0,factorized,parent_pool,408,deletion,val,existing_train_val_minocc100
populated_slot,type,28935,1.0,28935,1.0,factorized,parent_pool,28935,add_subject,val,existing_train_val_minocc100
populated_slot,type,28934,0.9999654397788146,28934,0.9999654397788146,factorized,parent_pool,28935,add_predicate,val,existing_train_val_minocc100
populated_slot,type,27598,0.9537929842750994,27679,0.956592362191118,factorized,parent_pool,28935,add_object,val,existing_train_val_minocc100
populated_slot,type,1676,1.0,1676,1.0,factorized,parent_pool,1676,del_subject,val,existing_train_val_minocc100
populated_slot,type,1676,1.0,1676,1.0,factorized,parent_pool,1676,del_predicate,val,existing_train_val_minocc100
populated_slot,type,1676,1.0,1676,1.0,factorized,parent_pool,1676,del_object,val,existing_train_val_minocc100
present_operation,type,27597,0.953758424053914,27678,0.9565578019699326,factorized,parent_pool,28935,addition,val,existing_train_val_minocc100
present_operation,type,1676,1.0,1676,1.0,factorized,parent_pool,1676,deletion,val,existing_train_val_minocc100
populated_slot,valueRequiresStatement,29303,1.0,29303,1.0,factorized,parent_pool,29303,add_subject,val,existing_train_val_minocc100
populated_slot,valueRequiresStatement,29303,1.0,29303,1.0,factorized,parent_pool,29303,add_predicate,val,existing_train_val_minocc100
populated_slot,valueRequiresStatement,24294,0.8290618707982118,24514,0.8365696345084122,factorized,parent_pool,29303,add_object,val,existing_train_val_minocc100
populated_slot,valueRequiresStatement,1413,1.0,1413,1.0,factorized,parent_pool,1413,del_subject,val,existing_train_val_minocc100
populated_slot,valueRequiresStatement,1413,1.0,1413,1.0,factorized,parent_pool,1413,del_predicate,val,existing_train_val_minocc100
populated_slot,valueRequiresStatement,1413,1.0,1413,1.0,factorized,parent_pool,1413,del_object,val,existing_train_val_minocc100
present_operation,valueRequiresStatement,24294,0.8290618707982118,24514,0.8365696345084122,factorized,parent_pool,29303,addition,val,existing_train_val_minocc100
present_operation,valueRequiresStatement,1413,1.0,1413,1.0,factorized,parent_pool,1413,deletion,val,existing_train_val_minocc100
populated_slot,valueType,29749,1.0,29749,1.0,factorized,parent_pool,29749,add_subject,val,existing_train_val_minocc100
populated_slot,valueType,29748,0.9999663854247202,29748,0.9999663854247202,factorized,parent_pool,29749,add_predicate,val,existing_train_val_minocc100
populated_slot,valueType,28556,0.9598978116911493,28691,0.9644357793539279,factorized,parent_pool,29749,add_object,val,existing_train_val_minocc100
populated_slot,valueType,789,1.0,789,1.0,factorized,parent_pool,789,del_subject,val,existing_train_val_minocc100
populated_slot,valueType,789,1.0,789,1.0,factorized,parent_pool,789,del_predicate,val,existing_train_val_minocc100
populated_slot,valueType,789,1.0,789,1.0,factorized,parent_pool,789,del_object,val,existing_train_val_minocc100
present_operation,valueType,28556,0.9598978116911493,28690,0.964402164778648,factorized,parent_pool,29749,addition,val,existing_train_val_minocc100
present_operation,valueType,789,1.0,789,1.0,factorized,parent_pool,789,deletion,val,existing_train_val_minocc100
populated_slot,overall,1077649,1.0,1077649,1.0,passive,parent_pool,1077649,add_subject,overall,clean_parent_train_minocc100
populated_slot,overall,1077573,0.9999294761095682,1077588,0.9999433952984692,passive,parent_pool,1077649,add_predicate,overall,clean_parent_train_minocc100
populated_slot,overall,886939,0.8230314323123763,895325,0.8308131868539756,passive,parent_pool,1077649,add_object,overall,clean_parent_train_minocc100
populated_slot,overall,959043,1.0,959043,1.0,passive,parent_pool,959043,del_subject,overall,clean_parent_train_minocc100
populated_slot,overall,959043,1.0,959043,1.0,passive,parent_pool,959043,del_predicate,overall,clean_parent_train_minocc100
populated_slot,overall,948890,0.9894134048212645,950251,0.99083252784286,passive,parent_pool,959043,del_object,overall,clean_parent_train_minocc100
present_operation,overall,886874,0.8229711158271386,895264,0.8307565821524449,passive,parent_pool,1077649,addition,overall,clean_parent_train_minocc100
present_operation,overall,948890,0.9894134048212645,950251,0.99083252784286,passive,parent_pool,959043,deletion,overall,clean_parent_train_minocc100
populated_slot,overall,161680,1.0,161680,1.0,passive,parent_pool,161680,add_subject,test,clean_parent_train_minocc100
populated_slot,overall,161637,0.9997340425531915,161644,0.9997773379515091,passive,parent_pool,161680,add_predicate,test,clean_parent_train_minocc100
populated_slot,overall,132906,0.8220311726867887,134193,0.8299913409203364,passive,parent_pool,161680,add_object,test,clean_parent_train_minocc100
populated_slot,overall,143746,1.0,143746,1.0,passive,parent_pool,143746,del_subject,test,clean_parent_train_minocc100
populated_slot,overall,143746,1.0,143746,1.0,passive,parent_pool,143746,del_predicate,test,clean_parent_train_minocc100
populated_slot,overall,142270,0.9897318881916715,142469,0.9911162745398133,passive,parent_pool,143746,del_object,test,clean_parent_train_minocc100
present_operation,overall,132868,0.8217961405244928,134157,0.8297686788718456,passive,parent_pool,161680,addition,test,clean_parent_train_minocc100
present_operation,overall,142270,0.9897318881916715,142469,0.9911162745398133,passive,parent_pool,143746,deletion,test,clean_parent_train_minocc100
populated_slot,overall,754307,1.0,754307,1.0,passive,parent_pool,754307,add_subject,train,clean_parent_train_minocc100
populated_slot,overall,754303,0.9999946971193426,754303,0.9999946971193426,passive,parent_pool,754307,add_predicate,train,clean_parent_train_minocc100
populated_slot,overall,621136,0.8234525199951743,626944,0.8311523027096395,passive,parent_pool,754307,add_object,train,clean_parent_train_minocc100
populated_slot,overall,671460,1.0,671460,1.0,passive,parent_pool,671460,del_subject,train,clean_parent_train_minocc100
populated_slot,overall,671460,1.0,671460,1.0,passive,parent_pool,671460,del_predicate,train,clean_parent_train_minocc100
populated_slot,overall,664301,0.9893381586393828,665245,0.9907440502784977,passive,parent_pool,671460,del_object,train,clean_parent_train_minocc100
present_operation,overall,621132,0.8234472171145171,626940,0.8311469998289821,passive,parent_pool,754307,addition,train,clean_parent_train_minocc100
present_operation,overall,664301,0.9893381586393828,665245,0.9907440502784977,passive,parent_pool,671460,deletion,train,clean_parent_train_minocc100
populated_slot,overall,161662,1.0,161662,1.0,passive,parent_pool,161662,add_subject,val,clean_parent_train_minocc100
populated_slot,overall,161633,0.9998206133785306,161641,0.9998700993430738,passive,parent_pool,161662,add_predicate,val,clean_parent_train_minocc100
populated_slot,overall,132897,0.8220670287389739,134188,0.8300528262671499,passive,parent_pool,161662,add_object,val,clean_parent_train_minocc100
populated_slot,overall,143837,1.0,143837,1.0,passive,parent_pool,143837,del_subject,val,clean_parent_train_minocc100
populated_slot,overall,143837,1.0,143837,1.0,passive,parent_pool,143837,del_predicate,val,clean_parent_train_minocc100
populated_slot,overall,142319,0.9894463872299895,142537,0.990961991698937,passive,parent_pool,143837,del_object,val,clean_parent_train_minocc100
present_operation,overall,132874,0.8219247565909119,134167,0.8299229256102238,passive,parent_pool,161662,addition,val,clean_parent_train_minocc100
present_operation,overall,142319,0.9894463872299895,142537,0.990961991698937,passive,parent_pool,143837,deletion,val,clean_parent_train_minocc100
populated_slot,conflictWith,35690,1.0,35690,1.0,passive,parent_pool,35690,add_subject,overall,clean_parent_train_minocc100
populated_slot,conflictWith,35681,0.9997478285233959,35682,0.999775847576352,passive,parent_pool,35690,add_predicate,overall,clean_parent_train_minocc100
populated_slot,conflictWith,30941,0.8669375175119081,31354,0.8785093863827402,passive,parent_pool,35690,add_object,overall,clean_parent_train_minocc100
populated_slot,conflictWith,201225,1.0,201225,1.0,passive,parent_pool,201225,del_subject,overall,clean_parent_train_minocc100
populated_slot,conflictWith,201225,1.0,201225,1.0,passive,parent_pool,201225,del_predicate,overall,clean_parent_train_minocc100
populated_slot,conflictWith,194022,0.964204248975028,194038,0.9642837619580072,passive,parent_pool,201225,del_object,overall,clean_parent_train_minocc100
present_operation,conflictWith,30932,0.866685346035304,31346,0.8782852339590922,passive,parent_pool,35690,addition,overall,clean_parent_train_minocc100
present_operation,conflictWith,194022,0.964204248975028,194038,0.9642837619580072,passive,parent_pool,201225,deletion,overall,clean_parent_train_minocc100
populated_slot,distinct,26216,1.0,26216,1.0,passive,parent_pool,26216,add_subject,overall,clean_parent_train_minocc100
populated_slot,distinct,26216,1.0,26216,1.0,passive,parent_pool,26216,add_predicate,overall,clean_parent_train_minocc100
populated_slot,distinct,13008,0.4961855355508087,13029,0.4969865730851388,passive,parent_pool,26216,add_object,overall,clean_parent_train_minocc100
populated_slot,distinct,456409,1.0,456409,1.0,passive,parent_pool,456409,del_subject,overall,clean_parent_train_minocc100
populated_slot,distinct,456409,1.0,456409,1.0,passive,parent_pool,456409,del_predicate,overall,clean_parent_train_minocc100
populated_slot,distinct,456409,1.0,456409,1.0,passive,parent_pool,456409,del_object,overall,clean_parent_train_minocc100
present_operation,distinct,13008,0.4961855355508087,13029,0.4969865730851388,passive,parent_pool,26216,addition,overall,clean_parent_train_minocc100
present_operation,distinct,456409,1.0,456409,1.0,passive,parent_pool,456409,deletion,overall,clean_parent_train_minocc100
populated_slot,inverse,129126,1.0,129126,1.0,passive,parent_pool,129126,add_subject,overall,clean_parent_train_minocc100
populated_slot,inverse,129121,0.9999612781314375,129121,0.9999612781314375,passive,parent_pool,129126,add_predicate,overall,clean_parent_train_minocc100
populated_slot,inverse,126132,0.9768133451047813,126414,0.9789972584917058,passive,parent_pool,129126,add_object,overall,clean_parent_train_minocc100
populated_slot,inverse,15516,1.0,15516,1.0,passive,parent_pool,15516,del_subject,overall,clean_parent_train_minocc100
populated_slot,inverse,15516,1.0,15516,1.0,passive,parent_pool,15516,del_predicate,overall,clean_parent_train_minocc100
populated_slot,inverse,15516,1.0,15516,1.0,passive,parent_pool,15516,del_object,overall,clean_parent_train_minocc100
present_operation,inverse,126127,0.9767746232362189,126409,0.9789585366231432,passive,parent_pool,129126,addition,overall,clean_parent_train_minocc100
present_operation,inverse,15516,1.0,15516,1.0,passive,parent_pool,15516,deletion,overall,clean_parent_train_minocc100
populated_slot,itemRequiresStatement,196612,1.0,196612,1.0,passive,parent_pool,196612,add_subject,overall,clean_parent_train_minocc100
populated_slot,itemRequiresStatement,196599,0.9999338799259455,196610,0.9999898276809147,passive,parent_pool,196612,add_predicate,overall,clean_parent_train_minocc100
populated_slot,itemRequiresStatement,106588,0.5421235733322483,110668,0.5628751042662706,passive,parent_pool,196612,add_object,overall,clean_parent_train_minocc100
populated_slot,itemRequiresStatement,4488,1.0,4488,1.0,passive,parent_pool,4488,del_subject,overall,clean_parent_train_minocc100
populated_slot,itemRequiresStatement,4488,1.0,4488,1.0,passive,parent_pool,4488,del_predicate,overall,clean_parent_train_minocc100
populated_slot,itemRequiresStatement,4488,1.0,4488,1.0,passive,parent_pool,4488,del_object,overall,clean_parent_train_minocc100
present_operation,itemRequiresStatement,106585,0.5421083148536203,110666,0.5628649319471853,passive,parent_pool,196612,addition,overall,clean_parent_train_minocc100
present_operation,itemRequiresStatement,4488,1.0,4488,1.0,passive,parent_pool,4488,deletion,overall,clean_parent_train_minocc100
populated_slot,oneOf,10123,1.0,10123,1.0,passive,parent_pool,10123,add_subject,overall,clean_parent_train_minocc100
populated_slot,oneOf,10120,0.999703645164477,10121,0.9998024301096513,passive,parent_pool,10123,add_predicate,overall,clean_parent_train_minocc100
populated_slot,oneOf,9989,0.9867628173466364,10025,0.9903190753729132,passive,parent_pool,10123,add_object,overall,clean_parent_train_minocc100
populated_slot,oneOf,13709,1.0,13709,1.0,passive,parent_pool,13709,del_subject,overall,clean_parent_train_minocc100
populated_slot,oneOf,13709,1.0,13709,1.0,passive,parent_pool,13709,del_predicate,overall,clean_parent_train_minocc100
populated_slot,oneOf,13709,1.0,13709,1.0,passive,parent_pool,13709,del_object,overall,clean_parent_train_minocc100
present_operation,oneOf,9986,0.9864664625111133,10023,0.9901215054825645,passive,parent_pool,10123,addition,overall,clean_parent_train_minocc100
present_operation,oneOf,13709,1.0,13709,1.0,passive,parent_pool,13709,deletion,overall,clean_parent_train_minocc100
populated_slot,single,35140,1.0,35140,1.0,passive,parent_pool,35140,add_subject,overall,clean_parent_train_minocc100
populated_slot,single,35110,0.9991462720546386,35112,0.999203187250996,passive,parent_pool,35140,add_predicate,overall,clean_parent_train_minocc100
populated_slot,single,6978,0.19857712009106432,7416,0.2110415480933409,passive,parent_pool,35140,add_object,overall,clean_parent_train_minocc100
populated_slot,single,239446,1.0,239446,1.0,passive,parent_pool,239446,del_subject,overall,clean_parent_train_minocc100
populated_slot,single,239446,1.0,239446,1.0,passive,parent_pool,239446,del_predicate,overall,clean_parent_train_minocc100
populated_slot,single,236496,0.9876798944229597,237841,0.993297027304695,passive,parent_pool,239446,del_object,overall,clean_parent_train_minocc100
present_operation,single,6948,0.1977233921457029,7388,0.21024473534433694,passive,parent_pool,35140,addition,overall,clean_parent_train_minocc100
present_operation,single,236496,0.9876798944229597,237841,0.993297027304695,passive,parent_pool,239446,deletion,overall,clean_parent_train_minocc100
populated_slot,symmetric,58022,1.0,58022,1.0,passive,parent_pool,58022,add_subject,overall,clean_parent_train_minocc100
populated_slot,symmetric,58019,0.9999482954741306,58019,0.9999482954741306,passive,parent_pool,58022,add_predicate,overall,clean_parent_train_minocc100
populated_slot,symmetric,57126,0.9845575816069767,57224,0.9862465961187136,passive,parent_pool,58022,add_object,overall,clean_parent_train_minocc100
populated_slot,symmetric,2739,1.0,2739,1.0,passive,parent_pool,2739,del_subject,overall,clean_parent_train_minocc100
populated_slot,symmetric,2739,1.0,2739,1.0,passive,parent_pool,2739,del_predicate,overall,clean_parent_train_minocc100
populated_slot,symmetric,2739,1.0,2739,1.0,passive,parent_pool,2739,del_object,overall,clean_parent_train_minocc100
present_operation,symmetric,57123,0.9845058770811072,57221,0.9861948915928441,passive,parent_pool,58022,addition,overall,clean_parent_train_minocc100
present_operation,symmetric,2739,1.0,2739,1.0,passive,parent_pool,2739,deletion,overall,clean_parent_train_minocc100
populated_slot,type,192985,1.0,192985,1.0,passive,parent_pool,192985,add_subject,overall,clean_parent_train_minocc100
populated_slot,type,192978,0.9999637277508615,192978,0.9999637277508615,passive,parent_pool,192985,add_predicate,overall,clean_parent_train_minocc100
populated_slot,type,183725,0.9520169961395963,184437,0.955706402051973,passive,parent_pool,192985,add_object,overall,clean_parent_train_minocc100
populated_slot,type,11263,1.0,11263,1.0,passive,parent_pool,11263,del_subject,overall,clean_parent_train_minocc100
populated_slot,type,11263,1.0,11263,1.0,passive,parent_pool,11263,del_predicate,overall,clean_parent_train_minocc100
populated_slot,type,11263,1.0,11263,1.0,passive,parent_pool,11263,del_object,overall,clean_parent_train_minocc100
present_operation,type,183718,0.9519807238904578,184430,0.9556701298028344,passive,parent_pool,192985,addition,overall,clean_parent_train_minocc100
present_operation,type,11263,1.0,11263,1.0,passive,parent_pool,11263,deletion,overall,clean_parent_train_minocc100
populated_slot,valueRequiresStatement,195543,1.0,195543,1.0,passive,parent_pool,195543,add_subject,overall,clean_parent_train_minocc100
populated_slot,valueRequiresStatement,195541,0.9999897720705931,195541,0.9999897720705931,passive,parent_pool,195543,add_predicate,overall,clean_parent_train_minocc100
populated_slot,valueRequiresStatement,162145,0.8292038068353252,163676,0.8370332867962545,passive,parent_pool,195543,add_object,overall,clean_parent_train_minocc100
populated_slot,valueRequiresStatement,8998,1.0,8998,1.0,passive,parent_pool,8998,del_subject,overall,clean_parent_train_minocc100
populated_slot,valueRequiresStatement,8998,1.0,8998,1.0,passive,parent_pool,8998,del_predicate,overall,clean_parent_train_minocc100
populated_slot,valueRequiresStatement,8998,1.0,8998,1.0,passive,parent_pool,8998,del_object,overall,clean_parent_train_minocc100
present_operation,valueRequiresStatement,162143,0.8291935789059184,163674,0.8370230588668477,passive,parent_pool,195543,addition,overall,clean_parent_train_minocc100
present_operation,valueRequiresStatement,8998,1.0,8998,1.0,passive,parent_pool,8998,deletion,overall,clean_parent_train_minocc100
populated_slot,valueType,198192,1.0,198192,1.0,passive,parent_pool,198192,add_subject,overall,clean_parent_train_minocc100
populated_slot,valueType,198188,0.9999798175506579,198188,0.9999798175506579,passive,parent_pool,198192,add_predicate,overall,clean_parent_train_minocc100
populated_slot,valueType,190307,0.9602153467344797,191082,0.9641256962945023,passive,parent_pool,198192,add_object,overall,clean_parent_train_minocc100
populated_slot,valueType,5250,1.0,5250,1.0,passive,parent_pool,5250,del_subject,overall,clean_parent_train_minocc100
populated_slot,valueType,5250,1.0,5250,1.0,passive,parent_pool,5250,del_predicate,overall,clean_parent_train_minocc100
populated_slot,valueType,5250,1.0,5250,1.0,passive,parent_pool,5250,del_object,overall,clean_parent_train_minocc100
present_operation,valueType,190304,0.9602002098974731,191078,0.9641055138451603,passive,parent_pool,198192,addition,overall,clean_parent_train_minocc100
present_operation,valueType,5250,1.0,5250,1.0,passive,parent_pool,5250,deletion,overall,clean_parent_train_minocc100
populated_slot,conflictWith,5361,1.0,5361,1.0,passive,parent_pool,5361,add_subject,test,clean_parent_train_minocc100
populated_slot,conflictWith,5357,0.9992538705465398,5357,0.9992538705465398,passive,parent_pool,5361,add_predicate,test,clean_parent_train_minocc100
populated_slot,conflictWith,4641,0.8656966983771684,4711,0.8787539638127215,passive,parent_pool,5361,add_object,test,clean_parent_train_minocc100
populated_slot,conflictWith,30184,1.0,30184,1.0,passive,parent_pool,30184,del_subject,test,clean_parent_train_minocc100
populated_slot,conflictWith,30184,1.0,30184,1.0,passive,parent_pool,30184,del_predicate,test,clean_parent_train_minocc100
populated_slot,conflictWith,29155,0.9659090909090909,29157,0.9659753511794328,passive,parent_pool,30184,del_object,test,clean_parent_train_minocc100
present_operation,conflictWith,4637,0.8649505689237083,4707,0.8780078343592613,passive,parent_pool,5361,addition,test,clean_parent_train_minocc100
present_operation,conflictWith,29155,0.9659090909090909,29157,0.9659753511794328,passive,parent_pool,30184,deletion,test,clean_parent_train_minocc100
populated_slot,distinct,3985,1.0,3985,1.0,passive,parent_pool,3985,add_subject,test,clean_parent_train_minocc100
populated_slot,distinct,3985,1.0,3985,1.0,passive,parent_pool,3985,add_predicate,test,clean_parent_train_minocc100
populated_slot,distinct,1989,0.4991217063989962,1991,0.4996235884567127,passive,parent_pool,3985,add_object,test,clean_parent_train_minocc100
populated_slot,distinct,68462,1.0,68462,1.0,passive,parent_pool,68462,del_subject,test,clean_parent_train_minocc100
populated_slot,distinct,68462,1.0,68462,1.0,passive,parent_pool,68462,del_predicate,test,clean_parent_train_minocc100
populated_slot,distinct,68462,1.0,68462,1.0,passive,parent_pool,68462,del_object,test,clean_parent_train_minocc100
present_operation,distinct,1989,0.4991217063989962,1991,0.4996235884567127,passive,parent_pool,3985,addition,test,clean_parent_train_minocc100
present_operation,distinct,68462,1.0,68462,1.0,passive,parent_pool,68462,deletion,test,clean_parent_train_minocc100
populated_slot,inverse,19395,1.0,19395,1.0,passive,parent_pool,19395,add_subject,test,clean_parent_train_minocc100
populated_slot,inverse,19392,0.99984532095901,19392,0.99984532095901,passive,parent_pool,19395,add_predicate,test,clean_parent_train_minocc100
populated_slot,inverse,18989,0.9790667697860274,19028,0.9810775973188967,passive,parent_pool,19395,add_object,test,clean_parent_train_minocc100
populated_slot,inverse,2292,1.0,2292,1.0,passive,parent_pool,2292,del_subject,test,clean_parent_train_minocc100
populated_slot,inverse,2292,1.0,2292,1.0,passive,parent_pool,2292,del_predicate,test,clean_parent_train_minocc100
populated_slot,inverse,2292,1.0,2292,1.0,passive,parent_pool,2292,del_object,test,clean_parent_train_minocc100
present_operation,inverse,18986,0.9789120907450374,19025,0.9809229182779067,passive,parent_pool,19395,addition,test,clean_parent_train_minocc100
present_operation,inverse,2292,1.0,2292,1.0,passive,parent_pool,2292,deletion,test,clean_parent_train_minocc100
populated_slot,itemRequiresStatement,29493,1.0,29493,1.0,passive,parent_pool,29493,add_subject,test,clean_parent_train_minocc100
populated_slot,itemRequiresStatement,29485,0.9997287491947242,29491,0.999932187298681,passive,parent_pool,29493,add_predicate,test,clean_parent_train_minocc100
populated_slot,itemRequiresStatement,15824,0.5365340928355881,16442,0.5574882175431458,passive,parent_pool,29493,add_object,test,clean_parent_train_minocc100
populated_slot,itemRequiresStatement,657,1.0,657,1.0,passive,parent_pool,657,del_subject,test,clean_parent_train_minocc100
populated_slot,itemRequiresStatement,657,1.0,657,1.0,passive,parent_pool,657,del_predicate,test,clean_parent_train_minocc100
populated_slot,itemRequiresStatement,657,1.0,657,1.0,passive,parent_pool,657,del_object,test,clean_parent_train_minocc100
present_operation,itemRequiresStatement,15821,0.5364323737836096,16440,0.5574204048418269,passive,parent_pool,29493,addition,test,clean_parent_train_minocc100
present_operation,itemRequiresStatement,657,1.0,657,1.0,passive,parent_pool,657,deletion,test,clean_parent_train_minocc100
populated_slot,oneOf,1531,1.0,1531,1.0,passive,parent_pool,1531,add_subject,test,clean_parent_train_minocc100
populated_slot,oneOf,1529,0.9986936642717178,1529,0.9986936642717178,passive,parent_pool,1531,add_predicate,test,clean_parent_train_minocc100
populated_slot,oneOf,1492,0.9745264532984977,1510,0.9862834748530372,passive,parent_pool,1531,add_object,test,clean_parent_train_minocc100
populated_slot,oneOf,2056,1.0,2056,1.0,passive,parent_pool,2056,del_subject,test,clean_parent_train_minocc100
populated_slot,oneOf,2056,1.0,2056,1.0,passive,parent_pool,2056,del_predicate,test,clean_parent_train_minocc100
populated_slot,oneOf,2056,1.0,2056,1.0,passive,parent_pool,2056,del_object,test,clean_parent_train_minocc100
present_operation,oneOf,1490,0.9732201175702155,1508,0.984977139124755,passive,parent_pool,1531,addition,test,clean_parent_train_minocc100
present_operation,oneOf,2056,1.0,2056,1.0,passive,parent_pool,2056,deletion,test,clean_parent_train_minocc100
populated_slot,single,5251,1.0,5251,1.0,passive,parent_pool,5251,add_subject,test,clean_parent_train_minocc100
populated_slot,single,5237,0.9973338411731099,5238,0.9975242810893163,passive,parent_pool,5251,add_predicate,test,clean_parent_train_minocc100
populated_slot,single,985,0.1875833174633403,1042,0.19843839268710722,passive,parent_pool,5251,add_object,test,clean_parent_train_minocc100
populated_slot,single,35917,1.0,35917,1.0,passive,parent_pool,35917,del_subject,test,clean_parent_train_minocc100
populated_slot,single,35917,1.0,35917,1.0,passive,parent_pool,35917,del_predicate,test,clean_parent_train_minocc100
populated_slot,single,35470,0.9875546398641312,35667,0.9930395077539884,passive,parent_pool,35917,del_object,test,clean_parent_train_minocc100
present_operation,single,971,0.1849171586364502,1029,0.19596267377642354,passive,parent_pool,5251,addition,test,clean_parent_train_minocc100
present_operation,single,35470,0.9875546398641312,35667,0.9930395077539884,passive,parent_pool,35917,deletion,test,clean_parent_train_minocc100
populated_slot,symmetric,8634,1.0,8634,1.0,passive,parent_pool,8634,add_subject,test,clean_parent_train_minocc100
populated_slot,symmetric,8631,0.9996525364836693,8631,0.9996525364836693,passive,parent_pool,8634,add_predicate,test,clean_parent_train_minocc100
populated_slot,symmetric,8515,0.9862172805188788,8527,0.987607134584202,passive,parent_pool,8634,add_object,test,clean_parent_train_minocc100
populated_slot,symmetric,403,1.0,403,1.0,passive,parent_pool,403,del_subject,test,clean_parent_train_minocc100
populated_slot,symmetric,403,1.0,403,1.0,passive,parent_pool,403,del_predicate,test,clean_parent_train_minocc100
populated_slot,symmetric,403,1.0,403,1.0,passive,parent_pool,403,del_object,test,clean_parent_train_minocc100
present_operation,symmetric,8512,0.985869817002548,8524,0.9872596710678712,passive,parent_pool,8634,addition,test,clean_parent_train_minocc100
present_operation,symmetric,403,1.0,403,1.0,passive,parent_pool,403,deletion,test,clean_parent_train_minocc100
populated_slot,type,28967,1.0,28967,1.0,passive,parent_pool,28967,add_subject,test,clean_parent_train_minocc100
populated_slot,type,28962,0.9998273897883799,28962,0.9998273897883799,passive,parent_pool,28967,add_predicate,test,clean_parent_train_minocc100
populated_slot,type,27560,0.9514274864500983,27685,0.9557427417406014,passive,parent_pool,28967,add_object,test,clean_parent_train_minocc100
populated_slot,type,1695,1.0,1695,1.0,passive,parent_pool,1695,del_subject,test,clean_parent_train_minocc100
populated_slot,type,1695,1.0,1695,1.0,passive,parent_pool,1695,del_predicate,test,clean_parent_train_minocc100
populated_slot,type,1695,1.0,1695,1.0,passive,parent_pool,1695,del_object,test,clean_parent_train_minocc100
present_operation,type,27555,0.9512548762384783,27680,0.9555701315289813,passive,parent_pool,28967,addition,test,clean_parent_train_minocc100
present_operation,type,1695,1.0,1695,1.0,passive,parent_pool,1695,deletion,test,clean_parent_train_minocc100
populated_slot,valueRequiresStatement,29339,1.0,29339,1.0,passive,parent_pool,29339,add_subject,test,clean_parent_train_minocc100
populated_slot,valueRequiresStatement,29338,0.9999659156753808,29338,0.9999659156753808,passive,parent_pool,29339,add_predicate,test,clean_parent_train_minocc100
populated_slot,valueRequiresStatement,24375,0.8308054125907495,24598,0.8384062169808105,passive,parent_pool,29339,add_object,test,clean_parent_train_minocc100
populated_slot,valueRequiresStatement,1305,1.0,1305,1.0,passive,parent_pool,1305,del_subject,test,clean_parent_train_minocc100
populated_slot,valueRequiresStatement,1305,1.0,1305,1.0,passive,parent_pool,1305,del_predicate,test,clean_parent_train_minocc100
populated_slot,valueRequiresStatement,1305,1.0,1305,1.0,passive,parent_pool,1305,del_object,test,clean_parent_train_minocc100
present_operation,valueRequiresStatement,24374,0.8307713282661304,24597,0.8383721326561914,passive,parent_pool,29339,addition,test,clean_parent_train_minocc100
present_operation,valueRequiresStatement,1305,1.0,1305,1.0,passive,parent_pool,1305,deletion,test,clean_parent_train_minocc100
populated_slot,valueType,29724,1.0,29724,1.0,passive,parent_pool,29724,add_subject,test,clean_parent_train_minocc100
populated_slot,valueType,29721,0.9998990714574082,29721,0.9998990714574082,passive,parent_pool,29724,add_predicate,test,clean_parent_train_minocc100
populated_slot,valueType,28536,0.9600322971336294,28659,0.964170367379895,passive,parent_pool,29724,add_object,test,clean_parent_train_minocc100
populated_slot,valueType,775,1.0,775,1.0,passive,parent_pool,775,del_subject,test,clean_parent_train_minocc100
populated_slot,valueType,775,1.0,775,1.0,passive,parent_pool,775,del_predicate,test,clean_parent_train_minocc100
populated_slot,valueType,775,1.0,775,1.0,passive,parent_pool,775,del_object,test,clean_parent_train_minocc100
present_operation,valueType,28533,0.9599313685910376,28656,0.9640694388373032,passive,parent_pool,29724,addition,test,clean_parent_train_minocc100
present_operation,valueType,775,1.0,775,1.0,passive,parent_pool,775,deletion,test,clean_parent_train_minocc100
populated_slot,conflictWith,24993,1.0,24993,1.0,passive,parent_pool,24993,add_subject,train,clean_parent_train_minocc100
populated_slot,conflictWith,24993,1.0,24993,1.0,passive,parent_pool,24993,add_predicate,train,clean_parent_train_minocc100
populated_slot,conflictWith,21699,0.8682030968671228,21969,0.87900612171408,passive,parent_pool,24993,add_object,train,clean_parent_train_minocc100
populated_slot,conflictWith,140857,1.0,140857,1.0,passive,parent_pool,140857,del_subject,train,clean_parent_train_minocc100
populated_slot,conflictWith,140857,1.0,140857,1.0,passive,parent_pool,140857,del_predicate,train,clean_parent_train_minocc100
populated_slot,conflictWith,135755,0.9637788679298863,135767,0.9638640607140575,passive,parent_pool,140857,del_object,train,clean_parent_train_minocc100
present_operation,conflictWith,21699,0.8682030968671228,21969,0.87900612171408,passive,parent_pool,24993,addition,train,clean_parent_train_minocc100
present_operation,conflictWith,135755,0.9637788679298863,135767,0.9638640607140575,passive,parent_pool,140857,deletion,train,clean_parent_train_minocc100
populated_slot,distinct,18288,1.0,18288,1.0,passive,parent_pool,18288,add_subject,train,clean_parent_train_minocc100
populated_slot,distinct,18288,1.0,18288,1.0,passive,parent_pool,18288,add_predicate,train,clean_parent_train_minocc100
populated_slot,distinct,9064,0.49562554680664916,9081,0.4965551181102362,passive,parent_pool,18288,add_object,train,clean_parent_train_minocc100
populated_slot,distinct,319486,1.0,319486,1.0,passive,parent_pool,319486,del_subject,train,clean_parent_train_minocc100
populated_slot,distinct,319486,1.0,319486,1.0,passive,parent_pool,319486,del_predicate,train,clean_parent_train_minocc100
populated_slot,distinct,319486,1.0,319486,1.0,passive,parent_pool,319486,del_object,train,clean_parent_train_minocc100
present_operation,distinct,9064,0.49562554680664916,9081,0.4965551181102362,passive,parent_pool,18288,addition,train,clean_parent_train_minocc100
present_operation,distinct,319486,1.0,319486,1.0,passive,parent_pool,319486,deletion,train,clean_parent_train_minocc100
populated_slot,inverse,90340,1.0,90340,1.0,passive,parent_pool,90340,add_subject,train,clean_parent_train_minocc100
populated_slot,inverse,90340,1.0,90340,1.0,passive,parent_pool,90340,add_predicate,train,clean_parent_train_minocc100
populated_slot,inverse,88198,0.9762895727252602,88389,0.97840380783706,passive,parent_pool,90340,add_object,train,clean_parent_train_minocc100
populated_slot,inverse,10966,1.0,10966,1.0,passive,parent_pool,10966,del_subject,train,clean_parent_train_minocc100
populated_slot,inverse,10966,1.0,10966,1.0,passive,parent_pool,10966,del_predicate,train,clean_parent_train_minocc100
populated_slot,inverse,10966,1.0,10966,1.0,passive,parent_pool,10966,del_object,train,clean_parent_train_minocc100
present_operation,inverse,88198,0.9762895727252602,88389,0.97840380783706,passive,parent_pool,90340,addition,train,clean_parent_train_minocc100
present_operation,inverse,10966,1.0,10966,1.0,passive,parent_pool,10966,deletion,train,clean_parent_train_minocc100
populated_slot,itemRequiresStatement,137639,1.0,137639,1.0,passive,parent_pool,137639,add_subject,train,clean_parent_train_minocc100
populated_slot,itemRequiresStatement,137639,1.0,137639,1.0,passive,parent_pool,137639,add_predicate,train,clean_parent_train_minocc100
populated_slot,itemRequiresStatement,74866,0.5439301360806167,77703,0.5645420266058312,passive,parent_pool,137639,add_object,train,clean_parent_train_minocc100
populated_slot,itemRequiresStatement,3157,1.0,3157,1.0,passive,parent_pool,3157,del_subject,train,clean_parent_train_minocc100
populated_slot,itemRequiresStatement,3157,1.0,3157,1.0,passive,parent_pool,3157,del_predicate,train,clean_parent_train_minocc100
populated_slot,itemRequiresStatement,3157,1.0,3157,1.0,passive,parent_pool,3157,del_object,train,clean_parent_train_minocc100
present_operation,itemRequiresStatement,74866,0.5439301360806167,77703,0.5645420266058312,passive,parent_pool,137639,addition,train,clean_parent_train_minocc100
present_operation,itemRequiresStatement,3157,1.0,3157,1.0,passive,parent_pool,3157,deletion,train,clean_parent_train_minocc100
populated_slot,oneOf,7101,1.0,7101,1.0,passive,parent_pool,7101,add_subject,train,clean_parent_train_minocc100
populated_slot,oneOf,7101,1.0,7101,1.0,passive,parent_pool,7101,add_predicate,train,clean_parent_train_minocc100
populated_slot,oneOf,7037,0.9909871849035348,7038,0.991128010139417,passive,parent_pool,7101,add_object,train,clean_parent_train_minocc100
populated_slot,oneOf,9596,1.0,9596,1.0,passive,parent_pool,9596,del_subject,train,clean_parent_train_minocc100
populated_slot,oneOf,9596,1.0,9596,1.0,passive,parent_pool,9596,del_predicate,train,clean_parent_train_minocc100
populated_slot,oneOf,9596,1.0,9596,1.0,passive,parent_pool,9596,del_object,train,clean_parent_train_minocc100
present_operation,oneOf,7037,0.9909871849035348,7038,0.991128010139417,passive,parent_pool,7101,addition,train,clean_parent_train_minocc100
present_operation,oneOf,9596,1.0,9596,1.0,passive,parent_pool,9596,deletion,train,clean_parent_train_minocc100
populated_slot,single,24600,1.0,24600,1.0,passive,parent_pool,24600,add_subject,train,clean_parent_train_minocc100
populated_slot,single,24596,0.9998373983739838,24596,0.9998373983739838,passive,parent_pool,24600,add_predicate,train,clean_parent_train_minocc100
populated_slot,single,4973,0.20215447154471544,5297,0.21532520325203253,passive,parent_pool,24600,add_object,train,clean_parent_train_minocc100
populated_slot,single,167612,1.0,167612,1.0,passive,parent_pool,167612,del_subject,train,clean_parent_train_minocc100
populated_slot,single,167612,1.0,167612,1.0,passive,parent_pool,167612,del_predicate,train,clean_parent_train_minocc100
populated_slot,single,165555,0.9877276090017422,166487,0.9932880700665824,passive,parent_pool,167612,del_object,train,clean_parent_train_minocc100
present_operation,single,4969,0.2019918699186992,5293,0.21516260162601625,passive,parent_pool,24600,addition,train,clean_parent_train_minocc100
present_operation,single,165555,0.9877276090017422,166487,0.9932880700665824,passive,parent_pool,167612,deletion,train,clean_parent_train_minocc100
populated_slot,symmetric,40643,1.0,40643,1.0,passive,parent_pool,40643,add_subject,train,clean_parent_train_minocc100
populated_slot,symmetric,40643,1.0,40643,1.0,passive,parent_pool,40643,add_predicate,train,clean_parent_train_minocc100
populated_slot,symmetric,39998,0.9841301085057698,40062,0.9857047954137244,passive,parent_pool,40643,add_object,train,clean_parent_train_minocc100
populated_slot,symmetric,1928,1.0,1928,1.0,passive,parent_pool,1928,del_subject,train,clean_parent_train_minocc100
populated_slot,symmetric,1928,1.0,1928,1.0,passive,parent_pool,1928,del_predicate,train,clean_parent_train_minocc100
populated_slot,symmetric,1928,1.0,1928,1.0,passive,parent_pool,1928,del_object,train,clean_parent_train_minocc100
present_operation,symmetric,39998,0.9841301085057698,40062,0.9857047954137244,passive,parent_pool,40643,addition,train,clean_parent_train_minocc100
present_operation,symmetric,1928,1.0,1928,1.0,passive,parent_pool,1928,deletion,train,clean_parent_train_minocc100
populated_slot,type,135083,1.0,135083,1.0,passive,parent_pool,135083,add_subject,train,clean_parent_train_minocc100
populated_slot,type,135083,1.0,135083,1.0,passive,parent_pool,135083,add_predicate,train,clean_parent_train_minocc100
populated_slot,type,128575,0.9518222130097792,129080,0.955560655300815,passive,parent_pool,135083,add_object,train,clean_parent_train_minocc100
populated_slot,type,7892,1.0,7892,1.0,passive,parent_pool,7892,del_subject,train,clean_parent_train_minocc100
populated_slot,type,7892,1.0,7892,1.0,passive,parent_pool,7892,del_predicate,train,clean_parent_train_minocc100
populated_slot,type,7892,1.0,7892,1.0,passive,parent_pool,7892,del_object,train,clean_parent_train_minocc100
present_operation,type,128575,0.9518222130097792,129080,0.955560655300815,passive,parent_pool,135083,addition,train,clean_parent_train_minocc100
present_operation,type,7892,1.0,7892,1.0,passive,parent_pool,7892,deletion,train,clean_parent_train_minocc100
populated_slot,valueRequiresStatement,136901,1.0,136901,1.0,passive,parent_pool,136901,add_subject,train,clean_parent_train_minocc100
populated_slot,valueRequiresStatement,136901,1.0,136901,1.0,passive,parent_pool,136901,add_predicate,train,clean_parent_train_minocc100
populated_slot,valueRequiresStatement,113505,0.8291027823025398,114586,0.8369989992768497,passive,parent_pool,136901,add_object,train,clean_parent_train_minocc100
populated_slot,valueRequiresStatement,6280,1.0,6280,1.0,passive,parent_pool,6280,del_subject,train,clean_parent_train_minocc100
populated_slot,valueRequiresStatement,6280,1.0,6280,1.0,passive,parent_pool,6280,del_predicate,train,clean_parent_train_minocc100
populated_slot,valueRequiresStatement,6280,1.0,6280,1.0,passive,parent_pool,6280,del_object,train,clean_parent_train_minocc100
present_operation,valueRequiresStatement,113505,0.8291027823025398,114586,0.8369989992768497,passive,parent_pool,136901,addition,train,clean_parent_train_minocc100
present_operation,valueRequiresStatement,6280,1.0,6280,1.0,passive,parent_pool,6280,deletion,train,clean_parent_train_minocc100
populated_slot,valueType,138719,1.0,138719,1.0,passive,parent_pool,138719,add_subject,train,clean_parent_train_minocc100
populated_slot,valueType,138719,1.0,138719,1.0,passive,parent_pool,138719,add_predicate,train,clean_parent_train_minocc100
populated_slot,valueType,133221,0.960365919592846,133739,0.9641000872266957,passive,parent_pool,138719,add_object,train,clean_parent_train_minocc100
populated_slot,valueType,3686,1.0,3686,1.0,passive,parent_pool,3686,del_subject,train,clean_parent_train_minocc100
populated_slot,valueType,3686,1.0,3686,1.0,passive,parent_pool,3686,del_predicate,train,clean_parent_train_minocc100
populated_slot,valueType,3686,1.0,3686,1.0,passive,parent_pool,3686,del_object,train,clean_parent_train_minocc100
present_operation,valueType,133221,0.960365919592846,133739,0.9641000872266957,passive,parent_pool,138719,addition,train,clean_parent_train_minocc100
present_operation,valueType,3686,1.0,3686,1.0,passive,parent_pool,3686,deletion,train,clean_parent_train_minocc100
populated_slot,conflictWith,5336,1.0,5336,1.0,passive,parent_pool,5336,add_subject,val,clean_parent_train_minocc100
populated_slot,conflictWith,5331,0.9990629685157422,5332,0.9992503748125937,passive,parent_pool,5336,add_predicate,val,clean_parent_train_minocc100
populated_slot,conflictWith,4601,0.862256371814093,4674,0.8759370314842578,passive,parent_pool,5336,add_object,val,clean_parent_train_minocc100
populated_slot,conflictWith,30184,1.0,30184,1.0,passive,parent_pool,30184,del_subject,val,clean_parent_train_minocc100
populated_slot,conflictWith,30184,1.0,30184,1.0,passive,parent_pool,30184,del_predicate,val,clean_parent_train_minocc100
populated_slot,conflictWith,29112,0.96448449509674,29114,0.9645507553670819,passive,parent_pool,30184,del_object,val,clean_parent_train_minocc100
present_operation,conflictWith,4596,0.861319340329835,4670,0.8751874062968515,passive,parent_pool,5336,addition,val,clean_parent_train_minocc100
present_operation,conflictWith,29112,0.96448449509674,29114,0.9645507553670819,passive,parent_pool,30184,deletion,val,clean_parent_train_minocc100
populated_slot,distinct,3943,1.0,3943,1.0,passive,parent_pool,3943,add_subject,val,clean_parent_train_minocc100
populated_slot,distinct,3943,1.0,3943,1.0,passive,parent_pool,3943,add_predicate,val,clean_parent_train_minocc100
populated_slot,distinct,1955,0.49581536900836926,1957,0.4963225970073548,passive,parent_pool,3943,add_object,val,clean_parent_train_minocc100
populated_slot,distinct,68461,1.0,68461,1.0,passive,parent_pool,68461,del_subject,val,clean_parent_train_minocc100
populated_slot,distinct,68461,1.0,68461,1.0,passive,parent_pool,68461,del_predicate,val,clean_parent_train_minocc100
populated_slot,distinct,68461,1.0,68461,1.0,passive,parent_pool,68461,del_object,val,clean_parent_train_minocc100
present_operation,distinct,1955,0.49581536900836926,1957,0.4963225970073548,passive,parent_pool,3943,addition,val,clean_parent_train_minocc100
present_operation,distinct,68461,1.0,68461,1.0,passive,parent_pool,68461,deletion,val,clean_parent_train_minocc100
populated_slot,inverse,19391,1.0,19391,1.0,passive,parent_pool,19391,add_subject,val,clean_parent_train_minocc100
populated_slot,inverse,19389,0.999896859367748,19389,0.999896859367748,passive,parent_pool,19391,add_predicate,val,clean_parent_train_minocc100
populated_slot,inverse,18945,0.9769996390077871,18997,0.9796812954463411,passive,parent_pool,19391,add_object,val,clean_parent_train_minocc100
populated_slot,inverse,2258,1.0,2258,1.0,passive,parent_pool,2258,del_subject,val,clean_parent_train_minocc100
populated_slot,inverse,2258,1.0,2258,1.0,passive,parent_pool,2258,del_predicate,val,clean_parent_train_minocc100
populated_slot,inverse,2258,1.0,2258,1.0,passive,parent_pool,2258,del_object,val,clean_parent_train_minocc100
present_operation,inverse,18943,0.976896498375535,18995,0.979578154814089,passive,parent_pool,19391,addition,val,clean_parent_train_minocc100
present_operation,inverse,2258,1.0,2258,1.0,passive,parent_pool,2258,deletion,val,clean_parent_train_minocc100
populated_slot,itemRequiresStatement,29480,1.0,29480,1.0,passive,parent_pool,29480,add_subject,val,clean_parent_train_minocc100
populated_slot,itemRequiresStatement,29475,0.9998303934871099,29480,1.0,passive,parent_pool,29480,add_predicate,val,clean_parent_train_minocc100
populated_slot,itemRequiresStatement,15898,0.539280868385346,16523,0.5604816824966079,passive,parent_pool,29480,add_object,val,clean_parent_train_minocc100
populated_slot,itemRequiresStatement,674,1.0,674,1.0,passive,parent_pool,674,del_subject,val,clean_parent_train_minocc100
populated_slot,itemRequiresStatement,674,1.0,674,1.0,passive,parent_pool,674,del_predicate,val,clean_parent_train_minocc100
populated_slot,itemRequiresStatement,674,1.0,674,1.0,passive,parent_pool,674,del_object,val,clean_parent_train_minocc100
present_operation,itemRequiresStatement,15898,0.539280868385346,16523,0.5604816824966079,passive,parent_pool,29480,addition,val,clean_parent_train_minocc100
present_operation,itemRequiresStatement,674,1.0,674,1.0,passive,parent_pool,674,deletion,val,clean_parent_train_minocc100
populated_slot,oneOf,1491,1.0,1491,1.0,passive,parent_pool,1491,add_subject,val,clean_parent_train_minocc100
populated_slot,oneOf,1490,0.9993293091884641,1491,1.0,passive,parent_pool,1491,add_predicate,val,clean_parent_train_minocc100
populated_slot,oneOf,1460,0.9792085848423877,1477,0.9906103286384976,passive,parent_pool,1491,add_object,val,clean_parent_train_minocc100
populated_slot,oneOf,2057,1.0,2057,1.0,passive,parent_pool,2057,del_subject,val,clean_parent_train_minocc100
populated_slot,oneOf,2057,1.0,2057,1.0,passive,parent_pool,2057,del_predicate,val,clean_parent_train_minocc100
populated_slot,oneOf,2057,1.0,2057,1.0,passive,parent_pool,2057,del_object,val,clean_parent_train_minocc100
present_operation,oneOf,1459,0.9785378940308518,1477,0.9906103286384976,passive,parent_pool,1491,addition,val,clean_parent_train_minocc100
present_operation,oneOf,2057,1.0,2057,1.0,passive,parent_pool,2057,deletion,val,clean_parent_train_minocc100
populated_slot,single,5289,1.0,5289,1.0,passive,parent_pool,5289,add_subject,val,clean_parent_train_minocc100
populated_slot,single,5277,0.9977311401020987,5278,0.9979202117602571,passive,parent_pool,5289,add_predicate,val,clean_parent_train_minocc100
populated_slot,single,1020,0.19285309132161088,1077,0.20363017583664209,passive,parent_pool,5289,add_object,val,clean_parent_train_minocc100
populated_slot,single,35917,1.0,35917,1.0,passive,parent_pool,35917,del_subject,val,clean_parent_train_minocc100
populated_slot,single,35917,1.0,35917,1.0,passive,parent_pool,35917,del_predicate,val,clean_parent_train_minocc100
populated_slot,single,35471,0.9875824818331153,35687,0.9935963471336693,passive,parent_pool,35917,del_object,val,clean_parent_train_minocc100
present_operation,single,1008,0.1905842314237096,1066,0.20155038759689922,passive,parent_pool,5289,addition,val,clean_parent_train_minocc100
present_operation,single,35471,0.9875824818331153,35687,0.9935963471336693,passive,parent_pool,35917,deletion,val,clean_parent_train_minocc100
populated_slot,symmetric,8745,1.0,8745,1.0,passive,parent_pool,8745,add_subject,val,clean_parent_train_minocc100
populated_slot,symmetric,8745,1.0,8745,1.0,passive,parent_pool,8745,add_predicate,val,clean_parent_train_minocc100
populated_slot,symmetric,8613,0.9849056603773585,8635,0.9874213836477987,passive,parent_pool,8745,add_object,val,clean_parent_train_minocc100
populated_slot,symmetric,408,1.0,408,1.0,passive,parent_pool,408,del_subject,val,clean_parent_train_minocc100
populated_slot,symmetric,408,1.0,408,1.0,passive,parent_pool,408,del_predicate,val,clean_parent_train_minocc100
populated_slot,symmetric,408,1.0,408,1.0,passive,parent_pool,408,del_object,val,clean_parent_train_minocc100
present_operation,symmetric,8613,0.9849056603773585,8635,0.9874213836477987,passive,parent_pool,8745,addition,val,clean_parent_train_minocc100
present_operation,symmetric,408,1.0,408,1.0,passive,parent_pool,408,deletion,val,clean_parent_train_minocc100
populated_slot,type,28935,1.0,28935,1.0,passive,parent_pool,28935,add_subject,val,clean_parent_train_minocc100
populated_slot,type,28933,0.9999308795576292,28933,0.9999308795576292,passive,parent_pool,28935,add_predicate,val,clean_parent_train_minocc100
populated_slot,type,27590,0.953516502505616,27672,0.9563504406428202,passive,parent_pool,28935,add_object,val,clean_parent_train_minocc100
populated_slot,type,1676,1.0,1676,1.0,passive,parent_pool,1676,del_subject,val,clean_parent_train_minocc100
populated_slot,type,1676,1.0,1676,1.0,passive,parent_pool,1676,del_predicate,val,clean_parent_train_minocc100
populated_slot,type,1676,1.0,1676,1.0,passive,parent_pool,1676,del_object,val,clean_parent_train_minocc100
present_operation,type,27588,0.9534473820632452,27670,0.9562813202004493,passive,parent_pool,28935,addition,val,clean_parent_train_minocc100
present_operation,type,1676,1.0,1676,1.0,passive,parent_pool,1676,deletion,val,clean_parent_train_minocc100
populated_slot,valueRequiresStatement,29303,1.0,29303,1.0,passive,parent_pool,29303,add_subject,val,clean_parent_train_minocc100
populated_slot,valueRequiresStatement,29302,0.9999658738013173,29302,0.9999658738013173,passive,parent_pool,29303,add_predicate,val,clean_parent_train_minocc100
populated_slot,valueRequiresStatement,24265,0.8280722110364127,24492,0.8358188581373921,passive,parent_pool,29303,add_object,val,clean_parent_train_minocc100
populated_slot,valueRequiresStatement,1413,1.0,1413,1.0,passive,parent_pool,1413,del_subject,val,clean_parent_train_minocc100
populated_slot,valueRequiresStatement,1413,1.0,1413,1.0,passive,parent_pool,1413,del_predicate,val,clean_parent_train_minocc100
populated_slot,valueRequiresStatement,1413,1.0,1413,1.0,passive,parent_pool,1413,del_object,val,clean_parent_train_minocc100
present_operation,valueRequiresStatement,24264,0.8280380848377299,24491,0.8357847319387094,passive,parent_pool,29303,addition,val,clean_parent_train_minocc100
present_operation,valueRequiresStatement,1413,1.0,1413,1.0,passive,parent_pool,1413,deletion,val,clean_parent_train_minocc100
populated_slot,valueType,29749,1.0,29749,1.0,passive,parent_pool,29749,add_subject,val,clean_parent_train_minocc100
populated_slot,valueType,29748,0.9999663854247202,29748,0.9999663854247202,passive,parent_pool,29749,add_predicate,val,clean_parent_train_minocc100
populated_slot,valueType,28550,0.9596961242394703,28684,0.964200477326969,passive,parent_pool,29749,add_object,val,clean_parent_train_minocc100
populated_slot,valueType,789,1.0,789,1.0,passive,parent_pool,789,del_subject,val,clean_parent_train_minocc100
populated_slot,valueType,789,1.0,789,1.0,passive,parent_pool,789,del_predicate,val,clean_parent_train_minocc100
populated_slot,valueType,789,1.0,789,1.0,passive,parent_pool,789,del_object,val,clean_parent_train_minocc100
present_operation,valueType,28550,0.9596961242394703,28683,0.9641668627516892,passive,parent_pool,29749,addition,val,clean_parent_train_minocc100
present_operation,valueType,789,1.0,789,1.0,passive,parent_pool,789,deletion,val,clean_parent_train_minocc100
populated_slot,overall,1077649,1.0,1077649,1.0,factorized,parent_pool,1077649,add_subject,overall,clean_parent_train_minocc100
populated_slot,overall,1077573,0.9999294761095682,1077588,0.9999433952984692,factorized,parent_pool,1077649,add_predicate,overall,clean_parent_train_minocc100
populated_slot,overall,886939,0.8230314323123763,895404,0.8308864945821877,factorized,parent_pool,1077649,add_object,overall,clean_parent_train_minocc100
populated_slot,overall,959043,1.0,959043,1.0,factorized,parent_pool,959043,del_subject,overall,clean_parent_train_minocc100
populated_slot,overall,959043,1.0,959043,1.0,factorized,parent_pool,959043,del_predicate,overall,clean_parent_train_minocc100
populated_slot,overall,948890,0.9894134048212645,950251,0.99083252784286,factorized,parent_pool,959043,del_object,overall,clean_parent_train_minocc100
present_operation,overall,886874,0.8229711158271386,895343,0.8308298898806569,factorized,parent_pool,1077649,addition,overall,clean_parent_train_minocc100
present_operation,overall,948890,0.9894134048212645,950251,0.99083252784286,factorized,parent_pool,959043,deletion,overall,clean_parent_train_minocc100
populated_slot,overall,161680,1.0,161680,1.0,factorized,parent_pool,161680,add_subject,test,clean_parent_train_minocc100
populated_slot,overall,161637,0.9997340425531915,161644,0.9997773379515091,factorized,parent_pool,161680,add_predicate,test,clean_parent_train_minocc100
populated_slot,overall,132906,0.8220311726867887,134233,0.8302387431964374,factorized,parent_pool,161680,add_object,test,clean_parent_train_minocc100
populated_slot,overall,143746,1.0,143746,1.0,factorized,parent_pool,143746,del_subject,test,clean_parent_train_minocc100
populated_slot,overall,143746,1.0,143746,1.0,factorized,parent_pool,143746,del_predicate,test,clean_parent_train_minocc100
populated_slot,overall,142270,0.9897318881916715,142469,0.9911162745398133,factorized,parent_pool,143746,del_object,test,clean_parent_train_minocc100
present_operation,overall,132868,0.8217961405244928,134197,0.8300160811479466,factorized,parent_pool,161680,addition,test,clean_parent_train_minocc100
present_operation,overall,142270,0.9897318881916715,142469,0.9911162745398133,factorized,parent_pool,143746,deletion,test,clean_parent_train_minocc100
populated_slot,overall,754307,1.0,754307,1.0,factorized,parent_pool,754307,add_subject,train,clean_parent_train_minocc100
populated_slot,overall,754303,0.9999946971193426,754303,0.9999946971193426,factorized,parent_pool,754307,add_predicate,train,clean_parent_train_minocc100
populated_slot,overall,621136,0.8234525199951743,626944,0.8311523027096395,factorized,parent_pool,754307,add_object,train,clean_parent_train_minocc100
populated_slot,overall,671460,1.0,671460,1.0,factorized,parent_pool,671460,del_subject,train,clean_parent_train_minocc100
populated_slot,overall,671460,1.0,671460,1.0,factorized,parent_pool,671460,del_predicate,train,clean_parent_train_minocc100
populated_slot,overall,664301,0.9893381586393828,665245,0.9907440502784977,factorized,parent_pool,671460,del_object,train,clean_parent_train_minocc100
present_operation,overall,621132,0.8234472171145171,626940,0.8311469998289821,factorized,parent_pool,754307,addition,train,clean_parent_train_minocc100
present_operation,overall,664301,0.9893381586393828,665245,0.9907440502784977,factorized,parent_pool,671460,deletion,train,clean_parent_train_minocc100
populated_slot,overall,161662,1.0,161662,1.0,factorized,parent_pool,161662,add_subject,val,clean_parent_train_minocc100
populated_slot,overall,161633,0.9998206133785306,161641,0.9998700993430738,factorized,parent_pool,161662,add_predicate,val,clean_parent_train_minocc100
populated_slot,overall,132897,0.8220670287389739,134227,0.8302940703442986,factorized,parent_pool,161662,add_object,val,clean_parent_train_minocc100
populated_slot,overall,143837,1.0,143837,1.0,factorized,parent_pool,143837,del_subject,val,clean_parent_train_minocc100
populated_slot,overall,143837,1.0,143837,1.0,factorized,parent_pool,143837,del_predicate,val,clean_parent_train_minocc100
populated_slot,overall,142319,0.9894463872299895,142537,0.990961991698937,factorized,parent_pool,143837,del_object,val,clean_parent_train_minocc100
present_operation,overall,132874,0.8219247565909119,134206,0.8301641696873724,factorized,parent_pool,161662,addition,val,clean_parent_train_minocc100
present_operation,overall,142319,0.9894463872299895,142537,0.990961991698937,factorized,parent_pool,143837,deletion,val,clean_parent_train_minocc100
populated_slot,conflictWith,35690,1.0,35690,1.0,factorized,parent_pool,35690,add_subject,overall,clean_parent_train_minocc100
populated_slot,conflictWith,35681,0.9997478285233959,35682,0.999775847576352,factorized,parent_pool,35690,add_predicate,overall,clean_parent_train_minocc100
populated_slot,conflictWith,30941,0.8669375175119081,31355,0.8785374054356963,factorized,parent_pool,35690,add_object,overall,clean_parent_train_minocc100
populated_slot,conflictWith,201225,1.0,201225,1.0,factorized,parent_pool,201225,del_subject,overall,clean_parent_train_minocc100
populated_slot,conflictWith,201225,1.0,201225,1.0,factorized,parent_pool,201225,del_predicate,overall,clean_parent_train_minocc100
populated_slot,conflictWith,194022,0.964204248975028,194038,0.9642837619580072,factorized,parent_pool,201225,del_object,overall,clean_parent_train_minocc100
present_operation,conflictWith,30932,0.866685346035304,31347,0.8783132530120482,factorized,parent_pool,35690,addition,overall,clean_parent_train_minocc100
present_operation,conflictWith,194022,0.964204248975028,194038,0.9642837619580072,factorized,parent_pool,201225,deletion,overall,clean_parent_train_minocc100
populated_slot,distinct,26216,1.0,26216,1.0,factorized,parent_pool,26216,add_subject,overall,clean_parent_train_minocc100
populated_slot,distinct,26216,1.0,26216,1.0,factorized,parent_pool,26216,add_predicate,overall,clean_parent_train_minocc100
populated_slot,distinct,13008,0.4961855355508087,13029,0.4969865730851388,factorized,parent_pool,26216,add_object,overall,clean_parent_train_minocc100
populated_slot,distinct,456409,1.0,456409,1.0,factorized,parent_pool,456409,del_subject,overall,clean_parent_train_minocc100
populated_slot,distinct,456409,1.0,456409,1.0,factorized,parent_pool,456409,del_predicate,overall,clean_parent_train_minocc100
populated_slot,distinct,456409,1.0,456409,1.0,factorized,parent_pool,456409,del_object,overall,clean_parent_train_minocc100
present_operation,distinct,13008,0.4961855355508087,13029,0.4969865730851388,factorized,parent_pool,26216,addition,overall,clean_parent_train_minocc100
present_operation,distinct,456409,1.0,456409,1.0,factorized,parent_pool,456409,deletion,overall,clean_parent_train_minocc100
populated_slot,inverse,129126,1.0,129126,1.0,factorized,parent_pool,129126,add_subject,overall,clean_parent_train_minocc100
populated_slot,inverse,129121,0.9999612781314375,129121,0.9999612781314375,factorized,parent_pool,129126,add_predicate,overall,clean_parent_train_minocc100
populated_slot,inverse,126132,0.9768133451047813,126416,0.9790127472391308,factorized,parent_pool,129126,add_object,overall,clean_parent_train_minocc100
populated_slot,inverse,15516,1.0,15516,1.0,factorized,parent_pool,15516,del_subject,overall,clean_parent_train_minocc100
populated_slot,inverse,15516,1.0,15516,1.0,factorized,parent_pool,15516,del_predicate,overall,clean_parent_train_minocc100
populated_slot,inverse,15516,1.0,15516,1.0,factorized,parent_pool,15516,del_object,overall,clean_parent_train_minocc100
present_operation,inverse,126127,0.9767746232362189,126411,0.9789740253705683,factorized,parent_pool,129126,addition,overall,clean_parent_train_minocc100
present_operation,inverse,15516,1.0,15516,1.0,factorized,parent_pool,15516,deletion,overall,clean_parent_train_minocc100
populated_slot,itemRequiresStatement,196612,1.0,196612,1.0,factorized,parent_pool,196612,add_subject,overall,clean_parent_train_minocc100
populated_slot,itemRequiresStatement,196599,0.9999338799259455,196610,0.9999898276809147,factorized,parent_pool,196612,add_predicate,overall,clean_parent_train_minocc100
populated_slot,itemRequiresStatement,106588,0.5421235733322483,110726,0.5631701015197444,factorized,parent_pool,196612,add_object,overall,clean_parent_train_minocc100
populated_slot,itemRequiresStatement,4488,1.0,4488,1.0,factorized,parent_pool,4488,del_subject,overall,clean_parent_train_minocc100
populated_slot,itemRequiresStatement,4488,1.0,4488,1.0,factorized,parent_pool,4488,del_predicate,overall,clean_parent_train_minocc100
populated_slot,itemRequiresStatement,4488,1.0,4488,1.0,factorized,parent_pool,4488,del_object,overall,clean_parent_train_minocc100
present_operation,itemRequiresStatement,106585,0.5421083148536203,110724,0.5631599292006592,factorized,parent_pool,196612,addition,overall,clean_parent_train_minocc100
present_operation,itemRequiresStatement,4488,1.0,4488,1.0,factorized,parent_pool,4488,deletion,overall,clean_parent_train_minocc100
populated_slot,oneOf,10123,1.0,10123,1.0,factorized,parent_pool,10123,add_subject,overall,clean_parent_train_minocc100
populated_slot,oneOf,10120,0.999703645164477,10121,0.9998024301096513,factorized,parent_pool,10123,add_predicate,overall,clean_parent_train_minocc100
populated_slot,oneOf,9989,0.9867628173466364,10025,0.9903190753729132,factorized,parent_pool,10123,add_object,overall,clean_parent_train_minocc100
populated_slot,oneOf,13709,1.0,13709,1.0,factorized,parent_pool,13709,del_subject,overall,clean_parent_train_minocc100
populated_slot,oneOf,13709,1.0,13709,1.0,factorized,parent_pool,13709,del_predicate,overall,clean_parent_train_minocc100
populated_slot,oneOf,13709,1.0,13709,1.0,factorized,parent_pool,13709,del_object,overall,clean_parent_train_minocc100
present_operation,oneOf,9986,0.9864664625111133,10023,0.9901215054825645,factorized,parent_pool,10123,addition,overall,clean_parent_train_minocc100
present_operation,oneOf,13709,1.0,13709,1.0,factorized,parent_pool,13709,deletion,overall,clean_parent_train_minocc100
populated_slot,single,35140,1.0,35140,1.0,factorized,parent_pool,35140,add_subject,overall,clean_parent_train_minocc100
populated_slot,single,35110,0.9991462720546386,35112,0.999203187250996,factorized,parent_pool,35140,add_predicate,overall,clean_parent_train_minocc100
populated_slot,single,6978,0.19857712009106432,7422,0.2112122936824132,factorized,parent_pool,35140,add_object,overall,clean_parent_train_minocc100
populated_slot,single,239446,1.0,239446,1.0,factorized,parent_pool,239446,del_subject,overall,clean_parent_train_minocc100
populated_slot,single,239446,1.0,239446,1.0,factorized,parent_pool,239446,del_predicate,overall,clean_parent_train_minocc100
populated_slot,single,236496,0.9876798944229597,237841,0.993297027304695,factorized,parent_pool,239446,del_object,overall,clean_parent_train_minocc100
present_operation,single,6948,0.1977233921457029,7394,0.21041548093340923,factorized,parent_pool,35140,addition,overall,clean_parent_train_minocc100
present_operation,single,236496,0.9876798944229597,237841,0.993297027304695,factorized,parent_pool,239446,deletion,overall,clean_parent_train_minocc100
populated_slot,symmetric,58022,1.0,58022,1.0,factorized,parent_pool,58022,add_subject,overall,clean_parent_train_minocc100
populated_slot,symmetric,58019,0.9999482954741306,58019,0.9999482954741306,factorized,parent_pool,58022,add_predicate,overall,clean_parent_train_minocc100
populated_slot,symmetric,57126,0.9845575816069767,57224,0.9862465961187136,factorized,parent_pool,58022,add_object,overall,clean_parent_train_minocc100
populated_slot,symmetric,2739,1.0,2739,1.0,factorized,parent_pool,2739,del_subject,overall,clean_parent_train_minocc100
populated_slot,symmetric,2739,1.0,2739,1.0,factorized,parent_pool,2739,del_predicate,overall,clean_parent_train_minocc100
populated_slot,symmetric,2739,1.0,2739,1.0,factorized,parent_pool,2739,del_object,overall,clean_parent_train_minocc100
present_operation,symmetric,57123,0.9845058770811072,57221,0.9861948915928441,factorized,parent_pool,58022,addition,overall,clean_parent_train_minocc100
present_operation,symmetric,2739,1.0,2739,1.0,factorized,parent_pool,2739,deletion,overall,clean_parent_train_minocc100
populated_slot,type,192985,1.0,192985,1.0,factorized,parent_pool,192985,add_subject,overall,clean_parent_train_minocc100
populated_slot,type,192978,0.9999637277508615,192978,0.9999637277508615,factorized,parent_pool,192985,add_predicate,overall,clean_parent_train_minocc100
populated_slot,type,183725,0.9520169961395963,184440,0.9557219473016038,factorized,parent_pool,192985,add_object,overall,clean_parent_train_minocc100
populated_slot,type,11263,1.0,11263,1.0,factorized,parent_pool,11263,del_subject,overall,clean_parent_train_minocc100
populated_slot,type,11263,1.0,11263,1.0,factorized,parent_pool,11263,del_predicate,overall,clean_parent_train_minocc100
populated_slot,type,11263,1.0,11263,1.0,factorized,parent_pool,11263,del_object,overall,clean_parent_train_minocc100
present_operation,type,183718,0.9519807238904578,184433,0.9556856750524653,factorized,parent_pool,192985,addition,overall,clean_parent_train_minocc100
present_operation,type,11263,1.0,11263,1.0,factorized,parent_pool,11263,deletion,overall,clean_parent_train_minocc100
populated_slot,valueRequiresStatement,195543,1.0,195543,1.0,factorized,parent_pool,195543,add_subject,overall,clean_parent_train_minocc100
populated_slot,valueRequiresStatement,195541,0.9999897720705931,195541,0.9999897720705931,factorized,parent_pool,195543,add_predicate,overall,clean_parent_train_minocc100
populated_slot,valueRequiresStatement,162145,0.8292038068353252,163684,0.8370741985138819,factorized,parent_pool,195543,add_object,overall,clean_parent_train_minocc100
populated_slot,valueRequiresStatement,8998,1.0,8998,1.0,factorized,parent_pool,8998,del_subject,overall,clean_parent_train_minocc100
populated_slot,valueRequiresStatement,8998,1.0,8998,1.0,factorized,parent_pool,8998,del_predicate,overall,clean_parent_train_minocc100
populated_slot,valueRequiresStatement,8998,1.0,8998,1.0,factorized,parent_pool,8998,del_object,overall,clean_parent_train_minocc100
present_operation,valueRequiresStatement,162143,0.8291935789059184,163682,0.837063970584475,factorized,parent_pool,195543,addition,overall,clean_parent_train_minocc100
present_operation,valueRequiresStatement,8998,1.0,8998,1.0,factorized,parent_pool,8998,deletion,overall,clean_parent_train_minocc100
populated_slot,valueType,198192,1.0,198192,1.0,factorized,parent_pool,198192,add_subject,overall,clean_parent_train_minocc100
populated_slot,valueType,198188,0.9999798175506579,198188,0.9999798175506579,factorized,parent_pool,198192,add_predicate,overall,clean_parent_train_minocc100
populated_slot,valueType,190307,0.9602153467344797,191083,0.9641307419068378,factorized,parent_pool,198192,add_object,overall,clean_parent_train_minocc100
populated_slot,valueType,5250,1.0,5250,1.0,factorized,parent_pool,5250,del_subject,overall,clean_parent_train_minocc100
populated_slot,valueType,5250,1.0,5250,1.0,factorized,parent_pool,5250,del_predicate,overall,clean_parent_train_minocc100
populated_slot,valueType,5250,1.0,5250,1.0,factorized,parent_pool,5250,del_object,overall,clean_parent_train_minocc100
present_operation,valueType,190304,0.9602002098974731,191079,0.9641105594574958,factorized,parent_pool,198192,addition,overall,clean_parent_train_minocc100
present_operation,valueType,5250,1.0,5250,1.0,factorized,parent_pool,5250,deletion,overall,clean_parent_train_minocc100
populated_slot,conflictWith,5361,1.0,5361,1.0,factorized,parent_pool,5361,add_subject,test,clean_parent_train_minocc100
populated_slot,conflictWith,5357,0.9992538705465398,5357,0.9992538705465398,factorized,parent_pool,5361,add_predicate,test,clean_parent_train_minocc100
populated_slot,conflictWith,4641,0.8656966983771684,4712,0.8789404961760866,factorized,parent_pool,5361,add_object,test,clean_parent_train_minocc100
populated_slot,conflictWith,30184,1.0,30184,1.0,factorized,parent_pool,30184,del_subject,test,clean_parent_train_minocc100
populated_slot,conflictWith,30184,1.0,30184,1.0,factorized,parent_pool,30184,del_predicate,test,clean_parent_train_minocc100
populated_slot,conflictWith,29155,0.9659090909090909,29157,0.9659753511794328,factorized,parent_pool,30184,del_object,test,clean_parent_train_minocc100
present_operation,conflictWith,4637,0.8649505689237083,4708,0.8781943667226264,factorized,parent_pool,5361,addition,test,clean_parent_train_minocc100
present_operation,conflictWith,29155,0.9659090909090909,29157,0.9659753511794328,factorized,parent_pool,30184,deletion,test,clean_parent_train_minocc100
populated_slot,distinct,3985,1.0,3985,1.0,factorized,parent_pool,3985,add_subject,test,clean_parent_train_minocc100
populated_slot,distinct,3985,1.0,3985,1.0,factorized,parent_pool,3985,add_predicate,test,clean_parent_train_minocc100
populated_slot,distinct,1989,0.4991217063989962,1991,0.4996235884567127,factorized,parent_pool,3985,add_object,test,clean_parent_train_minocc100
populated_slot,distinct,68462,1.0,68462,1.0,factorized,parent_pool,68462,del_subject,test,clean_parent_train_minocc100
populated_slot,distinct,68462,1.0,68462,1.0,factorized,parent_pool,68462,del_predicate,test,clean_parent_train_minocc100
populated_slot,distinct,68462,1.0,68462,1.0,factorized,parent_pool,68462,del_object,test,clean_parent_train_minocc100
present_operation,distinct,1989,0.4991217063989962,1991,0.4996235884567127,factorized,parent_pool,3985,addition,test,clean_parent_train_minocc100
present_operation,distinct,68462,1.0,68462,1.0,factorized,parent_pool,68462,deletion,test,clean_parent_train_minocc100
populated_slot,inverse,19395,1.0,19395,1.0,factorized,parent_pool,19395,add_subject,test,clean_parent_train_minocc100
populated_slot,inverse,19392,0.99984532095901,19392,0.99984532095901,factorized,parent_pool,19395,add_predicate,test,clean_parent_train_minocc100
populated_slot,inverse,18989,0.9790667697860274,19028,0.9810775973188967,factorized,parent_pool,19395,add_object,test,clean_parent_train_minocc100
populated_slot,inverse,2292,1.0,2292,1.0,factorized,parent_pool,2292,del_subject,test,clean_parent_train_minocc100
populated_slot,inverse,2292,1.0,2292,1.0,factorized,parent_pool,2292,del_predicate,test,clean_parent_train_minocc100
populated_slot,inverse,2292,1.0,2292,1.0,factorized,parent_pool,2292,del_object,test,clean_parent_train_minocc100
present_operation,inverse,18986,0.9789120907450374,19025,0.9809229182779067,factorized,parent_pool,19395,addition,test,clean_parent_train_minocc100
present_operation,inverse,2292,1.0,2292,1.0,factorized,parent_pool,2292,deletion,test,clean_parent_train_minocc100
populated_slot,itemRequiresStatement,29493,1.0,29493,1.0,factorized,parent_pool,29493,add_subject,test,clean_parent_train_minocc100
populated_slot,itemRequiresStatement,29485,0.9997287491947242,29491,0.999932187298681,factorized,parent_pool,29493,add_predicate,test,clean_parent_train_minocc100
populated_slot,itemRequiresStatement,15824,0.5365340928355881,16473,0.5585393144135896,factorized,parent_pool,29493,add_object,test,clean_parent_train_minocc100
populated_slot,itemRequiresStatement,657,1.0,657,1.0,factorized,parent_pool,657,del_subject,test,clean_parent_train_minocc100
populated_slot,itemRequiresStatement,657,1.0,657,1.0,factorized,parent_pool,657,del_predicate,test,clean_parent_train_minocc100
populated_slot,itemRequiresStatement,657,1.0,657,1.0,factorized,parent_pool,657,del_object,test,clean_parent_train_minocc100
present_operation,itemRequiresStatement,15821,0.5364323737836096,16471,0.5584715017122707,factorized,parent_pool,29493,addition,test,clean_parent_train_minocc100
present_operation,itemRequiresStatement,657,1.0,657,1.0,factorized,parent_pool,657,deletion,test,clean_parent_train_minocc100
populated_slot,oneOf,1531,1.0,1531,1.0,factorized,parent_pool,1531,add_subject,test,clean_parent_train_minocc100
populated_slot,oneOf,1529,0.9986936642717178,1529,0.9986936642717178,factorized,parent_pool,1531,add_predicate,test,clean_parent_train_minocc100
populated_slot,oneOf,1492,0.9745264532984977,1510,0.9862834748530372,factorized,parent_pool,1531,add_object,test,clean_parent_train_minocc100
populated_slot,oneOf,2056,1.0,2056,1.0,factorized,parent_pool,2056,del_subject,test,clean_parent_train_minocc100
populated_slot,oneOf,2056,1.0,2056,1.0,factorized,parent_pool,2056,del_predicate,test,clean_parent_train_minocc100
populated_slot,oneOf,2056,1.0,2056,1.0,factorized,parent_pool,2056,del_object,test,clean_parent_train_minocc100
present_operation,oneOf,1490,0.9732201175702155,1508,0.984977139124755,factorized,parent_pool,1531,addition,test,clean_parent_train_minocc100
present_operation,oneOf,2056,1.0,2056,1.0,factorized,parent_pool,2056,deletion,test,clean_parent_train_minocc100
populated_slot,single,5251,1.0,5251,1.0,factorized,parent_pool,5251,add_subject,test,clean_parent_train_minocc100
populated_slot,single,5237,0.9973338411731099,5238,0.9975242810893163,factorized,parent_pool,5251,add_predicate,test,clean_parent_train_minocc100
populated_slot,single,985,0.1875833174633403,1044,0.19881927251952008,factorized,parent_pool,5251,add_object,test,clean_parent_train_minocc100
populated_slot,single,35917,1.0,35917,1.0,factorized,parent_pool,35917,del_subject,test,clean_parent_train_minocc100
populated_slot,single,35917,1.0,35917,1.0,factorized,parent_pool,35917,del_predicate,test,clean_parent_train_minocc100
populated_slot,single,35470,0.9875546398641312,35667,0.9930395077539884,factorized,parent_pool,35917,del_object,test,clean_parent_train_minocc100
present_operation,single,971,0.1849171586364502,1031,0.1963435536088364,factorized,parent_pool,5251,addition,test,clean_parent_train_minocc100
present_operation,single,35470,0.9875546398641312,35667,0.9930395077539884,factorized,parent_pool,35917,deletion,test,clean_parent_train_minocc100
populated_slot,symmetric,8634,1.0,8634,1.0,factorized,parent_pool,8634,add_subject,test,clean_parent_train_minocc100
populated_slot,symmetric,8631,0.9996525364836693,8631,0.9996525364836693,factorized,parent_pool,8634,add_predicate,test,clean_parent_train_minocc100
populated_slot,symmetric,8515,0.9862172805188788,8527,0.987607134584202,factorized,parent_pool,8634,add_object,test,clean_parent_train_minocc100
populated_slot,symmetric,403,1.0,403,1.0,factorized,parent_pool,403,del_subject,test,clean_parent_train_minocc100
populated_slot,symmetric,403,1.0,403,1.0,factorized,parent_pool,403,del_predicate,test,clean_parent_train_minocc100
populated_slot,symmetric,403,1.0,403,1.0,factorized,parent_pool,403,del_object,test,clean_parent_train_minocc100
present_operation,symmetric,8512,0.985869817002548,8524,0.9872596710678712,factorized,parent_pool,8634,addition,test,clean_parent_train_minocc100
present_operation,symmetric,403,1.0,403,1.0,factorized,parent_pool,403,deletion,test,clean_parent_train_minocc100
populated_slot,type,28967,1.0,28967,1.0,factorized,parent_pool,28967,add_subject,test,clean_parent_train_minocc100
populated_slot,type,28962,0.9998273897883799,28962,0.9998273897883799,factorized,parent_pool,28967,add_predicate,test,clean_parent_train_minocc100
populated_slot,type,27560,0.9514274864500983,27687,0.9558117858252494,factorized,parent_pool,28967,add_object,test,clean_parent_train_minocc100
populated_slot,type,1695,1.0,1695,1.0,factorized,parent_pool,1695,del_subject,test,clean_parent_train_minocc100
populated_slot,type,1695,1.0,1695,1.0,factorized,parent_pool,1695,del_predicate,test,clean_parent_train_minocc100
populated_slot,type,1695,1.0,1695,1.0,factorized,parent_pool,1695,del_object,test,clean_parent_train_minocc100
present_operation,type,27555,0.9512548762384783,27682,0.9556391756136293,factorized,parent_pool,28967,addition,test,clean_parent_train_minocc100
present_operation,type,1695,1.0,1695,1.0,factorized,parent_pool,1695,deletion,test,clean_parent_train_minocc100
populated_slot,valueRequiresStatement,29339,1.0,29339,1.0,factorized,parent_pool,29339,add_subject,test,clean_parent_train_minocc100
populated_slot,valueRequiresStatement,29338,0.9999659156753808,29338,0.9999659156753808,factorized,parent_pool,29339,add_predicate,test,clean_parent_train_minocc100
populated_slot,valueRequiresStatement,24375,0.8308054125907495,24601,0.8385084699546679,factorized,parent_pool,29339,add_object,test,clean_parent_train_minocc100
populated_slot,valueRequiresStatement,1305,1.0,1305,1.0,factorized,parent_pool,1305,del_subject,test,clean_parent_train_minocc100
populated_slot,valueRequiresStatement,1305,1.0,1305,1.0,factorized,parent_pool,1305,del_predicate,test,clean_parent_train_minocc100
populated_slot,valueRequiresStatement,1305,1.0,1305,1.0,factorized,parent_pool,1305,del_object,test,clean_parent_train_minocc100
present_operation,valueRequiresStatement,24374,0.8307713282661304,24600,0.8384743856300487,factorized,parent_pool,29339,addition,test,clean_parent_train_minocc100
present_operation,valueRequiresStatement,1305,1.0,1305,1.0,factorized,parent_pool,1305,deletion,test,clean_parent_train_minocc100
populated_slot,valueType,29724,1.0,29724,1.0,factorized,parent_pool,29724,add_subject,test,clean_parent_train_minocc100
populated_slot,valueType,29721,0.9998990714574082,29721,0.9998990714574082,factorized,parent_pool,29724,add_predicate,test,clean_parent_train_minocc100
populated_slot,valueType,28536,0.9600322971336294,28660,0.9642040102274256,factorized,parent_pool,29724,add_object,test,clean_parent_train_minocc100
populated_slot,valueType,775,1.0,775,1.0,factorized,parent_pool,775,del_subject,test,clean_parent_train_minocc100
populated_slot,valueType,775,1.0,775,1.0,factorized,parent_pool,775,del_predicate,test,clean_parent_train_minocc100
populated_slot,valueType,775,1.0,775,1.0,factorized,parent_pool,775,del_object,test,clean_parent_train_minocc100
present_operation,valueType,28533,0.9599313685910376,28657,0.9641030816848338,factorized,parent_pool,29724,addition,test,clean_parent_train_minocc100
present_operation,valueType,775,1.0,775,1.0,factorized,parent_pool,775,deletion,test,clean_parent_train_minocc100
populated_slot,conflictWith,24993,1.0,24993,1.0,factorized,parent_pool,24993,add_subject,train,clean_parent_train_minocc100
populated_slot,conflictWith,24993,1.0,24993,1.0,factorized,parent_pool,24993,add_predicate,train,clean_parent_train_minocc100
populated_slot,conflictWith,21699,0.8682030968671228,21969,0.87900612171408,factorized,parent_pool,24993,add_object,train,clean_parent_train_minocc100
populated_slot,conflictWith,140857,1.0,140857,1.0,factorized,parent_pool,140857,del_subject,train,clean_parent_train_minocc100
populated_slot,conflictWith,140857,1.0,140857,1.0,factorized,parent_pool,140857,del_predicate,train,clean_parent_train_minocc100
populated_slot,conflictWith,135755,0.9637788679298863,135767,0.9638640607140575,factorized,parent_pool,140857,del_object,train,clean_parent_train_minocc100
present_operation,conflictWith,21699,0.8682030968671228,21969,0.87900612171408,factorized,parent_pool,24993,addition,train,clean_parent_train_minocc100
present_operation,conflictWith,135755,0.9637788679298863,135767,0.9638640607140575,factorized,parent_pool,140857,deletion,train,clean_parent_train_minocc100
populated_slot,distinct,18288,1.0,18288,1.0,factorized,parent_pool,18288,add_subject,train,clean_parent_train_minocc100
populated_slot,distinct,18288,1.0,18288,1.0,factorized,parent_pool,18288,add_predicate,train,clean_parent_train_minocc100
populated_slot,distinct,9064,0.49562554680664916,9081,0.4965551181102362,factorized,parent_pool,18288,add_object,train,clean_parent_train_minocc100
populated_slot,distinct,319486,1.0,319486,1.0,factorized,parent_pool,319486,del_subject,train,clean_parent_train_minocc100
populated_slot,distinct,319486,1.0,319486,1.0,factorized,parent_pool,319486,del_predicate,train,clean_parent_train_minocc100
populated_slot,distinct,319486,1.0,319486,1.0,factorized,parent_pool,319486,del_object,train,clean_parent_train_minocc100
present_operation,distinct,9064,0.49562554680664916,9081,0.4965551181102362,factorized,parent_pool,18288,addition,train,clean_parent_train_minocc100
present_operation,distinct,319486,1.0,319486,1.0,factorized,parent_pool,319486,deletion,train,clean_parent_train_minocc100
populated_slot,inverse,90340,1.0,90340,1.0,factorized,parent_pool,90340,add_subject,train,clean_parent_train_minocc100
populated_slot,inverse,90340,1.0,90340,1.0,factorized,parent_pool,90340,add_predicate,train,clean_parent_train_minocc100
populated_slot,inverse,88198,0.9762895727252602,88389,0.97840380783706,factorized,parent_pool,90340,add_object,train,clean_parent_train_minocc100
populated_slot,inverse,10966,1.0,10966,1.0,factorized,parent_pool,10966,del_subject,train,clean_parent_train_minocc100
populated_slot,inverse,10966,1.0,10966,1.0,factorized,parent_pool,10966,del_predicate,train,clean_parent_train_minocc100
populated_slot,inverse,10966,1.0,10966,1.0,factorized,parent_pool,10966,del_object,train,clean_parent_train_minocc100
present_operation,inverse,88198,0.9762895727252602,88389,0.97840380783706,factorized,parent_pool,90340,addition,train,clean_parent_train_minocc100
present_operation,inverse,10966,1.0,10966,1.0,factorized,parent_pool,10966,deletion,train,clean_parent_train_minocc100
populated_slot,itemRequiresStatement,137639,1.0,137639,1.0,factorized,parent_pool,137639,add_subject,train,clean_parent_train_minocc100
populated_slot,itemRequiresStatement,137639,1.0,137639,1.0,factorized,parent_pool,137639,add_predicate,train,clean_parent_train_minocc100
populated_slot,itemRequiresStatement,74866,0.5439301360806167,77703,0.5645420266058312,factorized,parent_pool,137639,add_object,train,clean_parent_train_minocc100
populated_slot,itemRequiresStatement,3157,1.0,3157,1.0,factorized,parent_pool,3157,del_subject,train,clean_parent_train_minocc100
populated_slot,itemRequiresStatement,3157,1.0,3157,1.0,factorized,parent_pool,3157,del_predicate,train,clean_parent_train_minocc100
populated_slot,itemRequiresStatement,3157,1.0,3157,1.0,factorized,parent_pool,3157,del_object,train,clean_parent_train_minocc100
present_operation,itemRequiresStatement,74866,0.5439301360806167,77703,0.5645420266058312,factorized,parent_pool,137639,addition,train,clean_parent_train_minocc100
present_operation,itemRequiresStatement,3157,1.0,3157,1.0,factorized,parent_pool,3157,deletion,train,clean_parent_train_minocc100
populated_slot,oneOf,7101,1.0,7101,1.0,factorized,parent_pool,7101,add_subject,train,clean_parent_train_minocc100
populated_slot,oneOf,7101,1.0,7101,1.0,factorized,parent_pool,7101,add_predicate,train,clean_parent_train_minocc100
populated_slot,oneOf,7037,0.9909871849035348,7038,0.991128010139417,factorized,parent_pool,7101,add_object,train,clean_parent_train_minocc100
populated_slot,oneOf,9596,1.0,9596,1.0,factorized,parent_pool,9596,del_subject,train,clean_parent_train_minocc100
populated_slot,oneOf,9596,1.0,9596,1.0,factorized,parent_pool,9596,del_predicate,train,clean_parent_train_minocc100
populated_slot,oneOf,9596,1.0,9596,1.0,factorized,parent_pool,9596,del_object,train,clean_parent_train_minocc100
present_operation,oneOf,7037,0.9909871849035348,7038,0.991128010139417,factorized,parent_pool,7101,addition,train,clean_parent_train_minocc100
present_operation,oneOf,9596,1.0,9596,1.0,factorized,parent_pool,9596,deletion,train,clean_parent_train_minocc100
populated_slot,single,24600,1.0,24600,1.0,factorized,parent_pool,24600,add_subject,train,clean_parent_train_minocc100
populated_slot,single,24596,0.9998373983739838,24596,0.9998373983739838,factorized,parent_pool,24600,add_predicate,train,clean_parent_train_minocc100
populated_slot,single,4973,0.20215447154471544,5297,0.21532520325203253,factorized,parent_pool,24600,add_object,train,clean_parent_train_minocc100
populated_slot,single,167612,1.0,167612,1.0,factorized,parent_pool,167612,del_subject,train,clean_parent_train_minocc100
populated_slot,single,167612,1.0,167612,1.0,factorized,parent_pool,167612,del_predicate,train,clean_parent_train_minocc100
populated_slot,single,165555,0.9877276090017422,166487,0.9932880700665824,factorized,parent_pool,167612,del_object,train,clean_parent_train_minocc100
present_operation,single,4969,0.2019918699186992,5293,0.21516260162601625,factorized,parent_pool,24600,addition,train,clean_parent_train_minocc100
present_operation,single,165555,0.9877276090017422,166487,0.9932880700665824,factorized,parent_pool,167612,deletion,train,clean_parent_train_minocc100
populated_slot,symmetric,40643,1.0,40643,1.0,factorized,parent_pool,40643,add_subject,train,clean_parent_train_minocc100
populated_slot,symmetric,40643,1.0,40643,1.0,factorized,parent_pool,40643,add_predicate,train,clean_parent_train_minocc100
populated_slot,symmetric,39998,0.9841301085057698,40062,0.9857047954137244,factorized,parent_pool,40643,add_object,train,clean_parent_train_minocc100
populated_slot,symmetric,1928,1.0,1928,1.0,factorized,parent_pool,1928,del_subject,train,clean_parent_train_minocc100
populated_slot,symmetric,1928,1.0,1928,1.0,factorized,parent_pool,1928,del_predicate,train,clean_parent_train_minocc100
populated_slot,symmetric,1928,1.0,1928,1.0,factorized,parent_pool,1928,del_object,train,clean_parent_train_minocc100
present_operation,symmetric,39998,0.9841301085057698,40062,0.9857047954137244,factorized,parent_pool,40643,addition,train,clean_parent_train_minocc100
present_operation,symmetric,1928,1.0,1928,1.0,factorized,parent_pool,1928,deletion,train,clean_parent_train_minocc100
populated_slot,type,135083,1.0,135083,1.0,factorized,parent_pool,135083,add_subject,train,clean_parent_train_minocc100
populated_slot,type,135083,1.0,135083,1.0,factorized,parent_pool,135083,add_predicate,train,clean_parent_train_minocc100
populated_slot,type,128575,0.9518222130097792,129080,0.955560655300815,factorized,parent_pool,135083,add_object,train,clean_parent_train_minocc100
populated_slot,type,7892,1.0,7892,1.0,factorized,parent_pool,7892,del_subject,train,clean_parent_train_minocc100
populated_slot,type,7892,1.0,7892,1.0,factorized,parent_pool,7892,del_predicate,train,clean_parent_train_minocc100
populated_slot,type,7892,1.0,7892,1.0,factorized,parent_pool,7892,del_object,train,clean_parent_train_minocc100
present_operation,type,128575,0.9518222130097792,129080,0.955560655300815,factorized,parent_pool,135083,addition,train,clean_parent_train_minocc100
present_operation,type,7892,1.0,7892,1.0,factorized,parent_pool,7892,deletion,train,clean_parent_train_minocc100
populated_slot,valueRequiresStatement,136901,1.0,136901,1.0,factorized,parent_pool,136901,add_subject,train,clean_parent_train_minocc100
populated_slot,valueRequiresStatement,136901,1.0,136901,1.0,factorized,parent_pool,136901,add_predicate,train,clean_parent_train_minocc100
populated_slot,valueRequiresStatement,113505,0.8291027823025398,114586,0.8369989992768497,factorized,parent_pool,136901,add_object,train,clean_parent_train_minocc100
populated_slot,valueRequiresStatement,6280,1.0,6280,1.0,factorized,parent_pool,6280,del_subject,train,clean_parent_train_minocc100
populated_slot,valueRequiresStatement,6280,1.0,6280,1.0,factorized,parent_pool,6280,del_predicate,train,clean_parent_train_minocc100
populated_slot,valueRequiresStatement,6280,1.0,6280,1.0,factorized,parent_pool,6280,del_object,train,clean_parent_train_minocc100
present_operation,valueRequiresStatement,113505,0.8291027823025398,114586,0.8369989992768497,factorized,parent_pool,136901,addition,train,clean_parent_train_minocc100
present_operation,valueRequiresStatement,6280,1.0,6280,1.0,factorized,parent_pool,6280,deletion,train,clean_parent_train_minocc100
populated_slot,valueType,138719,1.0,138719,1.0,factorized,parent_pool,138719,add_subject,train,clean_parent_train_minocc100
populated_slot,valueType,138719,1.0,138719,1.0,factorized,parent_pool,138719,add_predicate,train,clean_parent_train_minocc100
populated_slot,valueType,133221,0.960365919592846,133739,0.9641000872266957,factorized,parent_pool,138719,add_object,train,clean_parent_train_minocc100
populated_slot,valueType,3686,1.0,3686,1.0,factorized,parent_pool,3686,del_subject,train,clean_parent_train_minocc100
populated_slot,valueType,3686,1.0,3686,1.0,factorized,parent_pool,3686,del_predicate,train,clean_parent_train_minocc100
populated_slot,valueType,3686,1.0,3686,1.0,factorized,parent_pool,3686,del_object,train,clean_parent_train_minocc100
present_operation,valueType,133221,0.960365919592846,133739,0.9641000872266957,factorized,parent_pool,138719,addition,train,clean_parent_train_minocc100
present_operation,valueType,3686,1.0,3686,1.0,factorized,parent_pool,3686,deletion,train,clean_parent_train_minocc100
populated_slot,conflictWith,5336,1.0,5336,1.0,factorized,parent_pool,5336,add_subject,val,clean_parent_train_minocc100
populated_slot,conflictWith,5331,0.9990629685157422,5332,0.9992503748125937,factorized,parent_pool,5336,add_predicate,val,clean_parent_train_minocc100
populated_slot,conflictWith,4601,0.862256371814093,4674,0.8759370314842578,factorized,parent_pool,5336,add_object,val,clean_parent_train_minocc100
populated_slot,conflictWith,30184,1.0,30184,1.0,factorized,parent_pool,30184,del_subject,val,clean_parent_train_minocc100
populated_slot,conflictWith,30184,1.0,30184,1.0,factorized,parent_pool,30184,del_predicate,val,clean_parent_train_minocc100
populated_slot,conflictWith,29112,0.96448449509674,29114,0.9645507553670819,factorized,parent_pool,30184,del_object,val,clean_parent_train_minocc100
present_operation,conflictWith,4596,0.861319340329835,4670,0.8751874062968515,factorized,parent_pool,5336,addition,val,clean_parent_train_minocc100
present_operation,conflictWith,29112,0.96448449509674,29114,0.9645507553670819,factorized,parent_pool,30184,deletion,val,clean_parent_train_minocc100
populated_slot,distinct,3943,1.0,3943,1.0,factorized,parent_pool,3943,add_subject,val,clean_parent_train_minocc100
populated_slot,distinct,3943,1.0,3943,1.0,factorized,parent_pool,3943,add_predicate,val,clean_parent_train_minocc100
populated_slot,distinct,1955,0.49581536900836926,1957,0.4963225970073548,factorized,parent_pool,3943,add_object,val,clean_parent_train_minocc100
populated_slot,distinct,68461,1.0,68461,1.0,factorized,parent_pool,68461,del_subject,val,clean_parent_train_minocc100
populated_slot,distinct,68461,1.0,68461,1.0,factorized,parent_pool,68461,del_predicate,val,clean_parent_train_minocc100
populated_slot,distinct,68461,1.0,68461,1.0,factorized,parent_pool,68461,del_object,val,clean_parent_train_minocc100
present_operation,distinct,1955,0.49581536900836926,1957,0.4963225970073548,factorized,parent_pool,3943,addition,val,clean_parent_train_minocc100
present_operation,distinct,68461,1.0,68461,1.0,factorized,parent_pool,68461,deletion,val,clean_parent_train_minocc100
populated_slot,inverse,19391,1.0,19391,1.0,factorized,parent_pool,19391,add_subject,val,clean_parent_train_minocc100
populated_slot,inverse,19389,0.999896859367748,19389,0.999896859367748,factorized,parent_pool,19391,add_predicate,val,clean_parent_train_minocc100
populated_slot,inverse,18945,0.9769996390077871,18999,0.9797844360785931,factorized,parent_pool,19391,add_object,val,clean_parent_train_minocc100
populated_slot,inverse,2258,1.0,2258,1.0,factorized,parent_pool,2258,del_subject,val,clean_parent_train_minocc100
populated_slot,inverse,2258,1.0,2258,1.0,factorized,parent_pool,2258,del_predicate,val,clean_parent_train_minocc100
populated_slot,inverse,2258,1.0,2258,1.0,factorized,parent_pool,2258,del_object,val,clean_parent_train_minocc100
present_operation,inverse,18943,0.976896498375535,18997,0.9796812954463411,factorized,parent_pool,19391,addition,val,clean_parent_train_minocc100
present_operation,inverse,2258,1.0,2258,1.0,factorized,parent_pool,2258,deletion,val,clean_parent_train_minocc100
populated_slot,itemRequiresStatement,29480,1.0,29480,1.0,factorized,parent_pool,29480,add_subject,val,clean_parent_train_minocc100
populated_slot,itemRequiresStatement,29475,0.9998303934871099,29480,1.0,factorized,parent_pool,29480,add_predicate,val,clean_parent_train_minocc100
populated_slot,itemRequiresStatement,15898,0.539280868385346,16550,0.5613975576662144,factorized,parent_pool,29480,add_object,val,clean_parent_train_minocc100
populated_slot,itemRequiresStatement,674,1.0,674,1.0,factorized,parent_pool,674,del_subject,val,clean_parent_train_minocc100
populated_slot,itemRequiresStatement,674,1.0,674,1.0,factorized,parent_pool,674,del_predicate,val,clean_parent_train_minocc100
populated_slot,itemRequiresStatement,674,1.0,674,1.0,factorized,parent_pool,674,del_object,val,clean_parent_train_minocc100
present_operation,itemRequiresStatement,15898,0.539280868385346,16550,0.5613975576662144,factorized,parent_pool,29480,addition,val,clean_parent_train_minocc100
present_operation,itemRequiresStatement,674,1.0,674,1.0,factorized,parent_pool,674,deletion,val,clean_parent_train_minocc100
populated_slot,oneOf,1491,1.0,1491,1.0,factorized,parent_pool,1491,add_subject,val,clean_parent_train_minocc100
populated_slot,oneOf,1490,0.9993293091884641,1491,1.0,factorized,parent_pool,1491,add_predicate,val,clean_parent_train_minocc100
populated_slot,oneOf,1460,0.9792085848423877,1477,0.9906103286384976,factorized,parent_pool,1491,add_object,val,clean_parent_train_minocc100
populated_slot,oneOf,2057,1.0,2057,1.0,factorized,parent_pool,2057,del_subject,val,clean_parent_train_minocc100
populated_slot,oneOf,2057,1.0,2057,1.0,factorized,parent_pool,2057,del_predicate,val,clean_parent_train_minocc100
populated_slot,oneOf,2057,1.0,2057,1.0,factorized,parent_pool,2057,del_object,val,clean_parent_train_minocc100
present_operation,oneOf,1459,0.9785378940308518,1477,0.9906103286384976,factorized,parent_pool,1491,addition,val,clean_parent_train_minocc100
present_operation,oneOf,2057,1.0,2057,1.0,factorized,parent_pool,2057,deletion,val,clean_parent_train_minocc100
populated_slot,single,5289,1.0,5289,1.0,factorized,parent_pool,5289,add_subject,val,clean_parent_train_minocc100
populated_slot,single,5277,0.9977311401020987,5278,0.9979202117602571,factorized,parent_pool,5289,add_predicate,val,clean_parent_train_minocc100
populated_slot,single,1020,0.19285309132161088,1081,0.20438646246927586,factorized,parent_pool,5289,add_object,val,clean_parent_train_minocc100
populated_slot,single,35917,1.0,35917,1.0,factorized,parent_pool,35917,del_subject,val,clean_parent_train_minocc100
populated_slot,single,35917,1.0,35917,1.0,factorized,parent_pool,35917,del_predicate,val,clean_parent_train_minocc100
populated_slot,single,35471,0.9875824818331153,35687,0.9935963471336693,factorized,parent_pool,35917,del_object,val,clean_parent_train_minocc100
present_operation,single,1008,0.1905842314237096,1070,0.202306674229533,factorized,parent_pool,5289,addition,val,clean_parent_train_minocc100
present_operation,single,35471,0.9875824818331153,35687,0.9935963471336693,factorized,parent_pool,35917,deletion,val,clean_parent_train_minocc100
populated_slot,symmetric,8745,1.0,8745,1.0,factorized,parent_pool,8745,add_subject,val,clean_parent_train_minocc100
populated_slot,symmetric,8745,1.0,8745,1.0,factorized,parent_pool,8745,add_predicate,val,clean_parent_train_minocc100
populated_slot,symmetric,8613,0.9849056603773585,8635,0.9874213836477987,factorized,parent_pool,8745,add_object,val,clean_parent_train_minocc100
populated_slot,symmetric,408,1.0,408,1.0,factorized,parent_pool,408,del_subject,val,clean_parent_train_minocc100
populated_slot,symmetric,408,1.0,408,1.0,factorized,parent_pool,408,del_predicate,val,clean_parent_train_minocc100
populated_slot,symmetric,408,1.0,408,1.0,factorized,parent_pool,408,del_object,val,clean_parent_train_minocc100
present_operation,symmetric,8613,0.9849056603773585,8635,0.9874213836477987,factorized,parent_pool,8745,addition,val,clean_parent_train_minocc100
present_operation,symmetric,408,1.0,408,1.0,factorized,parent_pool,408,deletion,val,clean_parent_train_minocc100
populated_slot,type,28935,1.0,28935,1.0,factorized,parent_pool,28935,add_subject,val,clean_parent_train_minocc100
populated_slot,type,28933,0.9999308795576292,28933,0.9999308795576292,factorized,parent_pool,28935,add_predicate,val,clean_parent_train_minocc100
populated_slot,type,27590,0.953516502505616,27673,0.9563850008640056,factorized,parent_pool,28935,add_object,val,clean_parent_train_minocc100
populated_slot,type,1676,1.0,1676,1.0,factorized,parent_pool,1676,del_subject,val,clean_parent_train_minocc100
populated_slot,type,1676,1.0,1676,1.0,factorized,parent_pool,1676,del_predicate,val,clean_parent_train_minocc100
populated_slot,type,1676,1.0,1676,1.0,factorized,parent_pool,1676,del_object,val,clean_parent_train_minocc100
present_operation,type,27588,0.9534473820632452,27671,0.9563158804216347,factorized,parent_pool,28935,addition,val,clean_parent_train_minocc100
present_operation,type,1676,1.0,1676,1.0,factorized,parent_pool,1676,deletion,val,clean_parent_train_minocc100
populated_slot,valueRequiresStatement,29303,1.0,29303,1.0,factorized,parent_pool,29303,add_subject,val,clean_parent_train_minocc100
populated_slot,valueRequiresStatement,29302,0.9999658738013173,29302,0.9999658738013173,factorized,parent_pool,29303,add_predicate,val,clean_parent_train_minocc100
populated_slot,valueRequiresStatement,24265,0.8280722110364127,24497,0.8359894891308057,factorized,parent_pool,29303,add_object,val,clean_parent_train_minocc100
populated_slot,valueRequiresStatement,1413,1.0,1413,1.0,factorized,parent_pool,1413,del_subject,val,clean_parent_train_minocc100
populated_slot,valueRequiresStatement,1413,1.0,1413,1.0,factorized,parent_pool,1413,del_predicate,val,clean_parent_train_minocc100
populated_slot,valueRequiresStatement,1413,1.0,1413,1.0,factorized,parent_pool,1413,del_object,val,clean_parent_train_minocc100
present_operation,valueRequiresStatement,24264,0.8280380848377299,24496,0.835955362932123,factorized,parent_pool,29303,addition,val,clean_parent_train_minocc100
present_operation,valueRequiresStatement,1413,1.0,1413,1.0,factorized,parent_pool,1413,deletion,val,clean_parent_train_minocc100
populated_slot,valueType,29749,1.0,29749,1.0,factorized,parent_pool,29749,add_subject,val,clean_parent_train_minocc100
populated_slot,valueType,29748,0.9999663854247202,29748,0.9999663854247202,factorized,parent_pool,29749,add_predicate,val,clean_parent_train_minocc100
populated_slot,valueType,28550,0.9596961242394703,28684,0.964200477326969,factorized,parent_pool,29749,add_object,val,clean_parent_train_minocc100
populated_slot,valueType,789,1.0,789,1.0,factorized,parent_pool,789,del_subject,val,clean_parent_train_minocc100
populated_slot,valueType,789,1.0,789,1.0,factorized,parent_pool,789,del_predicate,val,clean_parent_train_minocc100
populated_slot,valueType,789,1.0,789,1.0,factorized,parent_pool,789,del_object,val,clean_parent_train_minocc100
present_operation,valueType,28550,0.9596961242394703,28683,0.9641668627516892,factorized,parent_pool,29749,addition,val,clean_parent_train_minocc100
present_operation,valueType,789,1.0,789,1.0,factorized,parent_pool,789,deletion,val,clean_parent_train_minocc100
populated_slot,overall,538993,1.0,538993,1.0,passive,existing_sample,538993,add_subject,overall,existing_train_val_minocc100
populated_slot,overall,538958,0.9999350640917415,538965,0.9999480512733931,passive,existing_sample,538993,add_predicate,overall,existing_train_val_minocc100
populated_slot,overall,443769,0.8233298020567985,447967,0.8311184004244954,passive,existing_sample,538993,add_object,overall,existing_train_val_minocc100
populated_slot,overall,479488,1.0,479488,1.0,passive,existing_sample,479488,del_subject,overall,existing_train_val_minocc100
populated_slot,overall,479488,1.0,479488,1.0,passive,existing_sample,479488,del_predicate,overall,existing_train_val_minocc100
populated_slot,overall,474441,0.9894741891350775,475109,0.9908673418312867,passive,existing_sample,479488,del_object,overall,existing_train_val_minocc100
present_operation,overall,443739,0.8232741427068626,447939,0.8310664516978885,passive,existing_sample,538993,addition,overall,existing_train_val_minocc100
present_operation,overall,474441,0.9894741891350775,475109,0.9908673418312867,passive,existing_sample,479488,deletion,overall,existing_train_val_minocc100
populated_slot,overall,80988,1.0,80988,1.0,passive,existing_sample,80988,add_subject,test,existing_train_val_minocc100
populated_slot,overall,80956,0.9996048797352695,80963,0.9996913122931792,passive,existing_sample,80988,add_predicate,test,existing_train_val_minocc100
populated_slot,overall,66422,0.8201461944979503,67091,0.828406677532474,passive,existing_sample,80988,add_object,test,existing_train_val_minocc100
populated_slot,overall,71830,1.0,71830,1.0,passive,existing_sample,71830,del_subject,test,existing_train_val_minocc100
populated_slot,overall,71830,1.0,71830,1.0,passive,existing_sample,71830,del_predicate,test,existing_train_val_minocc100
populated_slot,overall,71086,0.989642210775442,71178,0.9909230126688013,passive,existing_sample,71830,del_object,test,existing_train_val_minocc100
present_operation,overall,66395,0.8198128117745839,67066,0.8280979898256532,passive,existing_sample,80988,addition,test,existing_train_val_minocc100
present_operation,overall,71086,0.989642210775442,71178,0.9909230126688013,passive,existing_sample,71830,deletion,test,existing_train_val_minocc100
populated_slot,overall,377259,1.0,377259,1.0,passive,existing_sample,377259,add_subject,train,existing_train_val_minocc100
populated_slot,overall,377256,0.9999920479034298,377256,0.9999920479034298,passive,existing_sample,377259,add_predicate,train,existing_train_val_minocc100
populated_slot,overall,310667,0.8234846617310654,313595,0.8312459079836398,passive,existing_sample,377259,add_object,train,existing_train_val_minocc100
populated_slot,overall,335724,1.0,335724,1.0,passive,existing_sample,335724,del_subject,train,existing_train_val_minocc100
populated_slot,overall,335724,1.0,335724,1.0,passive,existing_sample,335724,del_predicate,train,existing_train_val_minocc100
populated_slot,overall,332162,0.9893900942440814,332632,0.9907900537346154,passive,existing_sample,335724,del_object,train,existing_train_val_minocc100
present_operation,overall,310664,0.8234767096344952,313592,0.8312379558870696,passive,existing_sample,377259,addition,train,existing_train_val_minocc100
present_operation,overall,332162,0.9893900942440814,332632,0.9907900537346154,passive,existing_sample,335724,deletion,train,existing_train_val_minocc100
populated_slot,overall,80746,1.0,80746,1.0,passive,existing_sample,80746,add_subject,val,existing_train_val_minocc100
populated_slot,overall,80746,1.0,80746,1.0,passive,existing_sample,80746,add_predicate,val,existing_train_val_minocc100
populated_slot,overall,66680,0.825799420404726,67281,0.8332425135610433,passive,existing_sample,80746,add_object,val,existing_train_val_minocc100
populated_slot,overall,71934,1.0,71934,1.0,passive,existing_sample,71934,del_subject,val,existing_train_val_minocc100
populated_slot,overall,71934,1.0,71934,1.0,passive,existing_sample,71934,del_predicate,val,existing_train_val_minocc100
populated_slot,overall,71193,0.9896988906497622,71299,0.9911724636472322,passive,existing_sample,71934,del_object,val,existing_train_val_minocc100
present_operation,overall,66680,0.825799420404726,67281,0.8332425135610433,passive,existing_sample,80746,addition,val,existing_train_val_minocc100
present_operation,overall,71193,0.9896988906497622,71299,0.9911724636472322,passive,existing_sample,71934,deletion,val,existing_train_val_minocc100
populated_slot,conflictWith,17945,1.0,17945,1.0,passive,existing_sample,17945,add_subject,overall,existing_train_val_minocc100
populated_slot,conflictWith,17941,0.9997770966843131,17942,0.9998328225132349,passive,existing_sample,17945,add_predicate,overall,existing_train_val_minocc100
populated_slot,conflictWith,15553,0.8667038172192811,15738,0.8770130955697966,passive,existing_sample,17945,add_object,overall,existing_train_val_minocc100
populated_slot,conflictWith,100612,1.0,100612,1.0,passive,existing_sample,100612,del_subject,overall,existing_train_val_minocc100
populated_slot,conflictWith,100612,1.0,100612,1.0,passive,existing_sample,100612,del_predicate,overall,existing_train_val_minocc100
populated_slot,conflictWith,97002,0.9641195881207013,97009,0.9641891623265615,passive,existing_sample,100612,del_object,overall,existing_train_val_minocc100
present_operation,conflictWith,15549,0.8664809139035943,15735,0.8768459180830315,passive,existing_sample,17945,addition,overall,existing_train_val_minocc100
present_operation,conflictWith,97002,0.9641195881207013,97009,0.9641891623265615,passive,existing_sample,100612,deletion,overall,existing_train_val_minocc100
populated_slot,distinct,13175,1.0,13175,1.0,passive,existing_sample,13175,add_subject,overall,existing_train_val_minocc100
populated_slot,distinct,13175,1.0,13175,1.0,passive,existing_sample,13175,add_predicate,overall,existing_train_val_minocc100
populated_slot,distinct,6578,0.49927893738140416,6588,0.5000379506641366,passive,existing_sample,13175,add_object,overall,existing_train_val_minocc100
populated_slot,distinct,228208,1.0,228208,1.0,passive,existing_sample,228208,del_subject,overall,existing_train_val_minocc100
populated_slot,distinct,228208,1.0,228208,1.0,passive,existing_sample,228208,del_predicate,overall,existing_train_val_minocc100
populated_slot,distinct,228208,1.0,228208,1.0,passive,existing_sample,228208,del_object,overall,existing_train_val_minocc100
present_operation,distinct,6578,0.49927893738140416,6588,0.5000379506641366,passive,existing_sample,13175,addition,overall,existing_train_val_minocc100
present_operation,distinct,228208,1.0,228208,1.0,passive,existing_sample,228208,deletion,overall,existing_train_val_minocc100
populated_slot,inverse,64683,1.0,64683,1.0,passive,existing_sample,64683,add_subject,overall,existing_train_val_minocc100
populated_slot,inverse,64681,0.9999690799746456,64681,0.9999690799746456,passive,existing_sample,64683,add_predicate,overall,existing_train_val_minocc100
populated_slot,inverse,63185,0.9768409010095388,63335,0.9791599029111204,passive,existing_sample,64683,add_object,overall,existing_train_val_minocc100
populated_slot,inverse,7812,1.0,7812,1.0,passive,existing_sample,7812,del_subject,overall,existing_train_val_minocc100
populated_slot,inverse,7812,1.0,7812,1.0,passive,existing_sample,7812,del_predicate,overall,existing_train_val_minocc100
populated_slot,inverse,7812,1.0,7812,1.0,passive,existing_sample,7812,del_object,overall,existing_train_val_minocc100
present_operation,inverse,63183,0.9768099809841844,63333,0.979128982885766,passive,existing_sample,64683,addition,overall,existing_train_val_minocc100
present_operation,inverse,7812,1.0,7812,1.0,passive,existing_sample,7812,deletion,overall,existing_train_val_minocc100
populated_slot,itemRequiresStatement,98303,1.0,98303,1.0,passive,existing_sample,98303,add_subject,overall,existing_train_val_minocc100
populated_slot,itemRequiresStatement,98297,0.999938964222862,98302,0.999989827370477,passive,existing_sample,98303,add_predicate,overall,existing_train_val_minocc100
populated_slot,itemRequiresStatement,53419,0.5434116964894256,55476,0.5643367954182477,passive,existing_sample,98303,add_object,overall,existing_train_val_minocc100
populated_slot,itemRequiresStatement,2231,1.0,2231,1.0,passive,existing_sample,2231,del_subject,overall,existing_train_val_minocc100
populated_slot,itemRequiresStatement,2231,1.0,2231,1.0,passive,existing_sample,2231,del_predicate,overall,existing_train_val_minocc100
populated_slot,itemRequiresStatement,2231,1.0,2231,1.0,passive,existing_sample,2231,del_object,overall,existing_train_val_minocc100
present_operation,itemRequiresStatement,53418,0.5434015238599026,55475,0.5643266227887247,passive,existing_sample,98303,addition,overall,existing_train_val_minocc100
present_operation,itemRequiresStatement,2231,1.0,2231,1.0,passive,existing_sample,2231,deletion,overall,existing_train_val_minocc100
populated_slot,oneOf,5054,1.0,5054,1.0,passive,existing_sample,5054,add_subject,overall,existing_train_val_minocc100
populated_slot,oneOf,5053,0.9998021369212505,5053,0.9998021369212505,passive,existing_sample,5054,add_predicate,overall,existing_train_val_minocc100
populated_slot,oneOf,4995,0.9883260783537792,5003,0.9899089829837753,passive,existing_sample,5054,add_object,overall,existing_train_val_minocc100
populated_slot,oneOf,6855,1.0,6855,1.0,passive,existing_sample,6855,del_subject,overall,existing_train_val_minocc100
populated_slot,oneOf,6855,1.0,6855,1.0,passive,existing_sample,6855,del_predicate,overall,existing_train_val_minocc100
populated_slot,oneOf,6855,1.0,6855,1.0,passive,existing_sample,6855,del_object,overall,existing_train_val_minocc100
present_operation,oneOf,4994,0.9881282152750297,5002,0.9897111199050257,passive,existing_sample,5054,addition,overall,existing_train_val_minocc100
present_operation,oneOf,6855,1.0,6855,1.0,passive,existing_sample,6855,deletion,overall,existing_train_val_minocc100
populated_slot,single,17610,1.0,17610,1.0,passive,existing_sample,17610,add_subject,overall,existing_train_val_minocc100
populated_slot,single,17598,0.9993185689948892,17599,0.9993753549119818,passive,existing_sample,17610,add_predicate,overall,existing_train_val_minocc100
populated_slot,single,3523,0.20005678591709256,3745,0.2126632595116411,passive,existing_sample,17610,add_object,overall,existing_train_val_minocc100
populated_slot,single,119723,1.0,119723,1.0,passive,existing_sample,119723,del_subject,overall,existing_train_val_minocc100
populated_slot,single,119723,1.0,119723,1.0,passive,existing_sample,119723,del_predicate,overall,existing_train_val_minocc100
populated_slot,single,118286,0.98799729375308,118947,0.9935183715743842,passive,existing_sample,119723,del_object,overall,existing_train_val_minocc100
present_operation,single,3511,0.19937535491198183,3734,0.21203861442362293,passive,existing_sample,17610,addition,overall,existing_train_val_minocc100
present_operation,single,118286,0.98799729375308,118947,0.9935183715743842,passive,existing_sample,119723,deletion,overall,existing_train_val_minocc100
populated_slot,symmetric,28830,1.0,28830,1.0,passive,existing_sample,28830,add_subject,overall,existing_train_val_minocc100
populated_slot,symmetric,28827,0.9998959417273673,28827,0.9998959417273673,passive,existing_sample,28830,add_predicate,overall,existing_train_val_minocc100
populated_slot,symmetric,28397,0.9849809226500174,28443,0.986576482830385,passive,existing_sample,28830,add_object,overall,existing_train_val_minocc100
populated_slot,symmetric,1343,1.0,1343,1.0,passive,existing_sample,1343,del_subject,overall,existing_train_val_minocc100
populated_slot,symmetric,1343,1.0,1343,1.0,passive,existing_sample,1343,del_predicate,overall,existing_train_val_minocc100
populated_slot,symmetric,1343,1.0,1343,1.0,passive,existing_sample,1343,del_object,overall,existing_train_val_minocc100
present_operation,symmetric,28394,0.9848768643773846,28440,0.9864724245577523,passive,existing_sample,28830,addition,overall,existing_train_val_minocc100
present_operation,symmetric,1343,1.0,1343,1.0,passive,existing_sample,1343,deletion,overall,existing_train_val_minocc100
populated_slot,type,96508,1.0,96508,1.0,passive,existing_sample,96508,add_subject,overall,existing_train_val_minocc100
populated_slot,type,96505,0.9999689144941352,96505,0.9999689144941352,passive,existing_sample,96508,add_predicate,overall,existing_train_val_minocc100
populated_slot,type,91935,0.9526153272267585,92300,0.9563973971069756,passive,existing_sample,96508,add_object,overall,existing_train_val_minocc100
populated_slot,type,5618,1.0,5618,1.0,passive,existing_sample,5618,del_subject,overall,existing_train_val_minocc100
populated_slot,type,5618,1.0,5618,1.0,passive,existing_sample,5618,del_predicate,overall,existing_train_val_minocc100
populated_slot,type,5618,1.0,5618,1.0,passive,existing_sample,5618,del_object,overall,existing_train_val_minocc100
present_operation,type,91932,0.9525842417208936,92297,0.9563663116011107,passive,existing_sample,96508,addition,overall,existing_train_val_minocc100
present_operation,type,5618,1.0,5618,1.0,passive,existing_sample,5618,deletion,overall,existing_train_val_minocc100
populated_slot,valueRequiresStatement,97782,1.0,97782,1.0,passive,existing_sample,97782,add_subject,overall,existing_train_val_minocc100
populated_slot,valueRequiresStatement,97780,0.9999795463377718,97780,0.9999795463377718,passive,existing_sample,97782,add_predicate,overall,existing_train_val_minocc100
populated_slot,valueRequiresStatement,81005,0.82842445439856,81764,0.8361866192141703,passive,existing_sample,97782,add_object,overall,existing_train_val_minocc100
populated_slot,valueRequiresStatement,4496,1.0,4496,1.0,passive,existing_sample,4496,del_subject,overall,existing_train_val_minocc100
populated_slot,valueRequiresStatement,4496,1.0,4496,1.0,passive,existing_sample,4496,del_predicate,overall,existing_train_val_minocc100
populated_slot,valueRequiresStatement,4496,1.0,4496,1.0,passive,existing_sample,4496,del_object,overall,existing_train_val_minocc100
present_operation,valueRequiresStatement,81003,0.8284040007363318,81762,0.8361661655519421,passive,existing_sample,97782,addition,overall,existing_train_val_minocc100
present_operation,valueRequiresStatement,4496,1.0,4496,1.0,passive,existing_sample,4496,deletion,overall,existing_train_val_minocc100
populated_slot,valueType,99103,1.0,99103,1.0,passive,existing_sample,99103,add_subject,overall,existing_train_val_minocc100
populated_slot,valueType,99101,0.9999798189762167,99101,0.9999798189762167,passive,existing_sample,99103,add_predicate,overall,existing_train_val_minocc100
populated_slot,valueType,95179,0.9604048313370938,95575,0.9644006740461943,passive,existing_sample,99103,add_object,overall,existing_train_val_minocc100
populated_slot,valueType,2590,1.0,2590,1.0,passive,existing_sample,2590,del_subject,overall,existing_train_val_minocc100
populated_slot,valueType,2590,1.0,2590,1.0,passive,existing_sample,2590,del_predicate,overall,existing_train_val_minocc100
populated_slot,valueType,2590,1.0,2590,1.0,passive,existing_sample,2590,del_object,overall,existing_train_val_minocc100
present_operation,valueType,95177,0.9603846503133104,95573,0.964380493022411,passive,existing_sample,99103,addition,overall,existing_train_val_minocc100
present_operation,valueType,2590,1.0,2590,1.0,passive,existing_sample,2590,deletion,overall,existing_train_val_minocc100
populated_slot,conflictWith,2724,1.0,2724,1.0,passive,existing_sample,2724,add_subject,test,existing_train_val_minocc100
populated_slot,conflictWith,2720,0.9985315712187959,2721,0.998898678414097,passive,existing_sample,2724,add_predicate,test,existing_train_val_minocc100
populated_slot,conflictWith,2357,0.8652716593245228,2387,0.8762848751835536,passive,existing_sample,2724,add_object,test,existing_train_val_minocc100
populated_slot,conflictWith,15093,1.0,15093,1.0,passive,existing_sample,15093,del_subject,test,existing_train_val_minocc100
populated_slot,conflictWith,15093,1.0,15093,1.0,passive,existing_sample,15093,del_predicate,test,existing_train_val_minocc100
populated_slot,conflictWith,14557,0.9644868482077784,14557,0.9644868482077784,passive,existing_sample,15093,del_object,test,existing_train_val_minocc100
present_operation,conflictWith,2353,0.8638032305433186,2384,0.8751835535976505,passive,existing_sample,2724,addition,test,existing_train_val_minocc100
present_operation,conflictWith,14557,0.9644868482077784,14557,0.9644868482077784,passive,existing_sample,15093,deletion,test,existing_train_val_minocc100
populated_slot,distinct,2016,1.0,2016,1.0,passive,existing_sample,2016,add_subject,test,existing_train_val_minocc100
populated_slot,distinct,2016,1.0,2016,1.0,passive,existing_sample,2016,add_predicate,test,existing_train_val_minocc100
populated_slot,distinct,1010,0.5009920634920635,1010,0.5009920634920635,passive,existing_sample,2016,add_object,test,existing_train_val_minocc100
populated_slot,distinct,34232,1.0,34232,1.0,passive,existing_sample,34232,del_subject,test,existing_train_val_minocc100
populated_slot,distinct,34232,1.0,34232,1.0,passive,existing_sample,34232,del_predicate,test,existing_train_val_minocc100
populated_slot,distinct,34232,1.0,34232,1.0,passive,existing_sample,34232,del_object,test,existing_train_val_minocc100
present_operation,distinct,1010,0.5009920634920635,1010,0.5009920634920635,passive,existing_sample,2016,addition,test,existing_train_val_minocc100
present_operation,distinct,34232,1.0,34232,1.0,passive,existing_sample,34232,deletion,test,existing_train_val_minocc100
populated_slot,inverse,9704,1.0,9704,1.0,passive,existing_sample,9704,add_subject,test,existing_train_val_minocc100
populated_slot,inverse,9702,0.9997938994229184,9702,0.9997938994229184,passive,existing_sample,9704,add_predicate,test,existing_train_val_minocc100
populated_slot,inverse,9501,0.979080791426216,9523,0.9813478977741138,passive,existing_sample,9704,add_object,test,existing_train_val_minocc100
populated_slot,inverse,1161,1.0,1161,1.0,passive,existing_sample,1161,del_subject,test,existing_train_val_minocc100
populated_slot,inverse,1161,1.0,1161,1.0,passive,existing_sample,1161,del_predicate,test,existing_train_val_minocc100
populated_slot,inverse,1161,1.0,1161,1.0,passive,existing_sample,1161,del_object,test,existing_train_val_minocc100
present_operation,inverse,9499,0.9788746908491344,9521,0.9811417971970322,passive,existing_sample,9704,addition,test,existing_train_val_minocc100
present_operation,inverse,1161,1.0,1161,1.0,passive,existing_sample,1161,deletion,test,existing_train_val_minocc100
populated_slot,itemRequiresStatement,14742,1.0,14742,1.0,passive,existing_sample,14742,add_subject,test,existing_train_val_minocc100
populated_slot,itemRequiresStatement,14736,0.9995929995929996,14741,0.9999321665988332,passive,existing_sample,14742,add_predicate,test,existing_train_val_minocc100
populated_slot,itemRequiresStatement,7845,0.5321530321530321,8164,0.5537918871252204,passive,existing_sample,14742,add_object,test,existing_train_val_minocc100
populated_slot,itemRequiresStatement,326,1.0,326,1.0,passive,existing_sample,326,del_subject,test,existing_train_val_minocc100
populated_slot,itemRequiresStatement,326,1.0,326,1.0,passive,existing_sample,326,del_predicate,test,existing_train_val_minocc100
populated_slot,itemRequiresStatement,326,1.0,326,1.0,passive,existing_sample,326,del_object,test,existing_train_val_minocc100
present_operation,itemRequiresStatement,7844,0.5320851987518654,8163,0.5537240537240538,passive,existing_sample,14742,addition,test,existing_train_val_minocc100
present_operation,itemRequiresStatement,326,1.0,326,1.0,passive,existing_sample,326,deletion,test,existing_train_val_minocc100
populated_slot,oneOf,779,1.0,779,1.0,passive,existing_sample,779,add_subject,test,existing_train_val_minocc100
populated_slot,oneOf,778,0.9987163029525032,778,0.9987163029525032,passive,existing_sample,779,add_predicate,test,existing_train_val_minocc100
populated_slot,oneOf,762,0.9781771501925546,770,0.9884467265725289,passive,existing_sample,779,add_object,test,existing_train_val_minocc100
populated_slot,oneOf,1028,1.0,1028,1.0,passive,existing_sample,1028,del_subject,test,existing_train_val_minocc100
populated_slot,oneOf,1028,1.0,1028,1.0,passive,existing_sample,1028,del_predicate,test,existing_train_val_minocc100
populated_slot,oneOf,1028,1.0,1028,1.0,passive,existing_sample,1028,del_object,test,existing_train_val_minocc100
present_operation,oneOf,761,0.9768934531450578,769,0.9871630295250321,passive,existing_sample,779,addition,test,existing_train_val_minocc100
present_operation,oneOf,1028,1.0,1028,1.0,passive,existing_sample,1028,deletion,test,existing_train_val_minocc100
populated_slot,single,2666,1.0,2666,1.0,passive,existing_sample,2666,add_subject,test,existing_train_val_minocc100
populated_slot,single,2657,0.9966241560390098,2658,0.9969992498124531,passive,existing_sample,2666,add_predicate,test,existing_train_val_minocc100
populated_slot,single,486,0.18229557389347337,522,0.19579894973743436,passive,existing_sample,2666,add_object,test,existing_train_val_minocc100
populated_slot,single,17958,1.0,17958,1.0,passive,existing_sample,17958,del_subject,test,existing_train_val_minocc100
populated_slot,single,17958,1.0,17958,1.0,passive,existing_sample,17958,del_predicate,test,existing_train_val_minocc100
populated_slot,single,17750,0.9884174184207596,17842,0.993540483350039,passive,existing_sample,17958,del_object,test,existing_train_val_minocc100
present_operation,single,477,0.17891972993248312,514,0.19279819954988747,passive,existing_sample,2666,addition,test,existing_train_val_minocc100
present_operation,single,17750,0.9884174184207596,17842,0.993540483350039,passive,existing_sample,17958,deletion,test,existing_train_val_minocc100
populated_slot,symmetric,4293,1.0,4293,1.0,passive,existing_sample,4293,add_subject,test,existing_train_val_minocc100
populated_slot,symmetric,4290,0.9993011879804332,4290,0.9993011879804332,passive,existing_sample,4293,add_predicate,test,existing_train_val_minocc100
populated_slot,symmetric,4233,0.9860237596086653,4237,0.9869555089680876,passive,existing_sample,4293,add_object,test,existing_train_val_minocc100
populated_slot,symmetric,194,1.0,194,1.0,passive,existing_sample,194,del_subject,test,existing_train_val_minocc100
populated_slot,symmetric,194,1.0,194,1.0,passive,existing_sample,194,del_predicate,test,existing_train_val_minocc100
populated_slot,symmetric,194,1.0,194,1.0,passive,existing_sample,194,del_object,test,existing_train_val_minocc100
present_operation,symmetric,4230,0.9853249475890985,4234,0.9862566969485208,passive,existing_sample,4293,addition,test,existing_train_val_minocc100
present_operation,symmetric,194,1.0,194,1.0,passive,existing_sample,194,deletion,test,existing_train_val_minocc100
populated_slot,type,14501,1.0,14501,1.0,passive,existing_sample,14501,add_subject,test,existing_train_val_minocc100
populated_slot,type,14498,0.9997931177160195,14498,0.9997931177160195,passive,existing_sample,14501,add_predicate,test,existing_train_val_minocc100
populated_slot,type,13784,0.9505551341286808,13851,0.9551755051375768,passive,existing_sample,14501,add_object,test,existing_train_val_minocc100
populated_slot,type,836,1.0,836,1.0,passive,existing_sample,836,del_subject,test,existing_train_val_minocc100
populated_slot,type,836,1.0,836,1.0,passive,existing_sample,836,del_predicate,test,existing_train_val_minocc100
populated_slot,type,836,1.0,836,1.0,passive,existing_sample,836,del_object,test,existing_train_val_minocc100
present_operation,type,13781,0.9503482518447004,13848,0.9549686228535963,passive,existing_sample,14501,addition,test,existing_train_val_minocc100
present_operation,type,836,1.0,836,1.0,passive,existing_sample,836,deletion,test,existing_train_val_minocc100
populated_slot,valueRequiresStatement,14689,1.0,14689,1.0,passive,existing_sample,14689,add_subject,test,existing_train_val_minocc100
populated_slot,valueRequiresStatement,14687,0.9998638436925591,14687,0.9998638436925591,passive,existing_sample,14689,add_predicate,test,existing_train_val_minocc100
populated_slot,valueRequiresStatement,12171,0.8285792089318538,12293,0.8368847436857513,passive,existing_sample,14689,add_object,test,existing_train_val_minocc100
populated_slot,valueRequiresStatement,637,1.0,637,1.0,passive,existing_sample,637,del_subject,test,existing_train_val_minocc100
populated_slot,valueRequiresStatement,637,1.0,637,1.0,passive,existing_sample,637,del_predicate,test,existing_train_val_minocc100
populated_slot,valueRequiresStatement,637,1.0,637,1.0,passive,existing_sample,637,del_object,test,existing_train_val_minocc100
present_operation,valueRequiresStatement,12169,0.8284430526244129,12291,0.8367485873783103,passive,existing_sample,14689,addition,test,existing_train_val_minocc100
present_operation,valueRequiresStatement,637,1.0,637,1.0,passive,existing_sample,637,deletion,test,existing_train_val_minocc100
populated_slot,valueType,14874,1.0,14874,1.0,passive,existing_sample,14874,add_subject,test,existing_train_val_minocc100
populated_slot,valueType,14872,0.99986553717897,14872,0.99986553717897,passive,existing_sample,14874,add_predicate,test,existing_train_val_minocc100
populated_slot,valueType,14273,0.9595939222804895,14334,0.963695038321904,passive,existing_sample,14874,add_object,test,existing_train_val_minocc100
populated_slot,valueType,365,1.0,365,1.0,passive,existing_sample,365,del_subject,test,existing_train_val_minocc100
populated_slot,valueType,365,1.0,365,1.0,passive,existing_sample,365,del_predicate,test,existing_train_val_minocc100
populated_slot,valueType,365,1.0,365,1.0,passive,existing_sample,365,del_object,test,existing_train_val_minocc100
present_operation,valueType,14271,0.9594594594594594,14332,0.963560575500874,passive,existing_sample,14874,addition,test,existing_train_val_minocc100
present_operation,valueType,365,1.0,365,1.0,passive,existing_sample,365,deletion,test,existing_train_val_minocc100
populated_slot,conflictWith,12505,1.0,12505,1.0,passive,existing_sample,12505,add_subject,train,existing_train_val_minocc100
populated_slot,conflictWith,12505,1.0,12505,1.0,passive,existing_sample,12505,add_predicate,train,existing_train_val_minocc100
populated_slot,conflictWith,10844,0.867173130747701,10970,0.877249100359856,passive,existing_sample,12505,add_object,train,existing_train_val_minocc100
populated_slot,conflictWith,70427,1.0,70427,1.0,passive,existing_sample,70427,del_subject,train,existing_train_val_minocc100
populated_slot,conflictWith,70427,1.0,70427,1.0,passive,existing_sample,70427,del_predicate,train,existing_train_val_minocc100
populated_slot,conflictWith,67869,0.9636787027702444,67875,0.9637638973689068,passive,existing_sample,70427,del_object,train,existing_train_val_minocc100
present_operation,conflictWith,10844,0.867173130747701,10970,0.877249100359856,passive,existing_sample,12505,addition,train,existing_train_val_minocc100
present_operation,conflictWith,67869,0.9636787027702444,67875,0.9637638973689068,passive,existing_sample,70427,deletion,train,existing_train_val_minocc100
populated_slot,distinct,9234,1.0,9234,1.0,passive,existing_sample,9234,add_subject,train,existing_train_val_minocc100
populated_slot,distinct,9234,1.0,9234,1.0,passive,existing_sample,9234,add_predicate,train,existing_train_val_minocc100
populated_slot,distinct,4601,0.4982672731210743,4610,0.49924193199047,passive,existing_sample,9234,add_object,train,existing_train_val_minocc100
populated_slot,distinct,159743,1.0,159743,1.0,passive,existing_sample,159743,del_subject,train,existing_train_val_minocc100
populated_slot,distinct,159743,1.0,159743,1.0,passive,existing_sample,159743,del_predicate,train,existing_train_val_minocc100
populated_slot,distinct,159743,1.0,159743,1.0,passive,existing_sample,159743,del_object,train,existing_train_val_minocc100
present_operation,distinct,4601,0.4982672731210743,4610,0.49924193199047,passive,existing_sample,9234,addition,train,existing_train_val_minocc100
present_operation,distinct,159743,1.0,159743,1.0,passive,existing_sample,159743,deletion,train,existing_train_val_minocc100
populated_slot,inverse,45284,1.0,45284,1.0,passive,existing_sample,45284,add_subject,train,existing_train_val_minocc100
populated_slot,inverse,45284,1.0,45284,1.0,passive,existing_sample,45284,add_predicate,train,existing_train_val_minocc100
populated_slot,inverse,44214,0.9763713452875188,44319,0.9786900450490239,passive,existing_sample,45284,add_object,train,existing_train_val_minocc100
populated_slot,inverse,5513,1.0,5513,1.0,passive,existing_sample,5513,del_subject,train,existing_train_val_minocc100
populated_slot,inverse,5513,1.0,5513,1.0,passive,existing_sample,5513,del_predicate,train,existing_train_val_minocc100
populated_slot,inverse,5513,1.0,5513,1.0,passive,existing_sample,5513,del_object,train,existing_train_val_minocc100
present_operation,inverse,44214,0.9763713452875188,44319,0.9786900450490239,passive,existing_sample,45284,addition,train,existing_train_val_minocc100
present_operation,inverse,5513,1.0,5513,1.0,passive,existing_sample,5513,deletion,train,existing_train_val_minocc100
populated_slot,itemRequiresStatement,68831,1.0,68831,1.0,passive,existing_sample,68831,add_subject,train,existing_train_val_minocc100
populated_slot,itemRequiresStatement,68831,1.0,68831,1.0,passive,existing_sample,68831,add_predicate,train,existing_train_val_minocc100
populated_slot,itemRequiresStatement,37473,0.5444203919745464,38908,0.5652685563191004,passive,existing_sample,68831,add_object,train,existing_train_val_minocc100
populated_slot,itemRequiresStatement,1576,1.0,1576,1.0,passive,existing_sample,1576,del_subject,train,existing_train_val_minocc100
populated_slot,itemRequiresStatement,1576,1.0,1576,1.0,passive,existing_sample,1576,del_predicate,train,existing_train_val_minocc100
populated_slot,itemRequiresStatement,1576,1.0,1576,1.0,passive,existing_sample,1576,del_object,train,existing_train_val_minocc100
present_operation,itemRequiresStatement,37473,0.5444203919745464,38908,0.5652685563191004,passive,existing_sample,68831,addition,train,existing_train_val_minocc100
present_operation,itemRequiresStatement,1576,1.0,1576,1.0,passive,existing_sample,1576,deletion,train,existing_train_val_minocc100
populated_slot,oneOf,3540,1.0,3540,1.0,passive,existing_sample,3540,add_subject,train,existing_train_val_minocc100
populated_slot,oneOf,3540,1.0,3540,1.0,passive,existing_sample,3540,add_predicate,train,existing_train_val_minocc100
populated_slot,oneOf,3507,0.9906779661016949,3507,0.9906779661016949,passive,existing_sample,3540,add_object,train,existing_train_val_minocc100
populated_slot,oneOf,4798,1.0,4798,1.0,passive,existing_sample,4798,del_subject,train,existing_train_val_minocc100
populated_slot,oneOf,4798,1.0,4798,1.0,passive,existing_sample,4798,del_predicate,train,existing_train_val_minocc100
populated_slot,oneOf,4798,1.0,4798,1.0,passive,existing_sample,4798,del_object,train,existing_train_val_minocc100
present_operation,oneOf,3507,0.9906779661016949,3507,0.9906779661016949,passive,existing_sample,3540,addition,train,existing_train_val_minocc100
present_operation,oneOf,4798,1.0,4798,1.0,passive,existing_sample,4798,deletion,train,existing_train_val_minocc100
populated_slot,single,12317,1.0,12317,1.0,passive,existing_sample,12317,add_subject,train,existing_train_val_minocc100
populated_slot,single,12314,0.9997564341966388,12314,0.9997564341966388,passive,existing_sample,12317,add_predicate,train,existing_train_val_minocc100
populated_slot,single,2469,0.20045465616627425,2623,0.21295770073881626,passive,existing_sample,12317,add_object,train,existing_train_val_minocc100
populated_slot,single,83807,1.0,83807,1.0,passive,existing_sample,83807,del_subject,train,existing_train_val_minocc100
populated_slot,single,83807,1.0,83807,1.0,passive,existing_sample,83807,del_predicate,train,existing_train_val_minocc100
populated_slot,single,82803,0.9880200937869151,83267,0.9935566241483408,passive,existing_sample,83807,del_object,train,existing_train_val_minocc100
present_operation,single,2466,0.20021109036291304,2620,0.21271413493545507,passive,existing_sample,12317,addition,train,existing_train_val_minocc100
present_operation,single,82803,0.9880200937869151,83267,0.9935566241483408,passive,existing_sample,83807,deletion,train,existing_train_val_minocc100
populated_slot,symmetric,20181,1.0,20181,1.0,passive,existing_sample,20181,add_subject,train,existing_train_val_minocc100
populated_slot,symmetric,20181,1.0,20181,1.0,passive,existing_sample,20181,add_predicate,train,existing_train_val_minocc100
populated_slot,symmetric,19867,0.9844408106634953,19898,0.9859769089737872,passive,existing_sample,20181,add_object,train,existing_train_val_minocc100
populated_slot,symmetric,950,1.0,950,1.0,passive,existing_sample,950,del_subject,train,existing_train_val_minocc100
populated_slot,symmetric,950,1.0,950,1.0,passive,existing_sample,950,del_predicate,train,existing_train_val_minocc100
populated_slot,symmetric,950,1.0,950,1.0,passive,existing_sample,950,del_object,train,existing_train_val_minocc100
present_operation,symmetric,19867,0.9844408106634953,19898,0.9859769089737872,passive,existing_sample,20181,addition,train,existing_train_val_minocc100
present_operation,symmetric,950,1.0,950,1.0,passive,existing_sample,950,deletion,train,existing_train_val_minocc100
populated_slot,type,67565,1.0,67565,1.0,passive,existing_sample,67565,add_subject,train,existing_train_val_minocc100
populated_slot,type,67565,1.0,67565,1.0,passive,existing_sample,67565,add_predicate,train,existing_train_val_minocc100
populated_slot,type,64360,0.9525641974395027,64618,0.9563827425442167,passive,existing_sample,67565,add_object,train,existing_train_val_minocc100
populated_slot,type,3928,1.0,3928,1.0,passive,existing_sample,3928,del_subject,train,existing_train_val_minocc100
populated_slot,type,3928,1.0,3928,1.0,passive,existing_sample,3928,del_predicate,train,existing_train_val_minocc100
populated_slot,type,3928,1.0,3928,1.0,passive,existing_sample,3928,del_object,train,existing_train_val_minocc100
present_operation,type,64360,0.9525641974395027,64618,0.9563827425442167,passive,existing_sample,67565,addition,train,existing_train_val_minocc100
present_operation,type,3928,1.0,3928,1.0,passive,existing_sample,3928,deletion,train,existing_train_val_minocc100
populated_slot,valueRequiresStatement,68435,1.0,68435,1.0,passive,existing_sample,68435,add_subject,train,existing_train_val_minocc100
populated_slot,valueRequiresStatement,68435,1.0,68435,1.0,passive,existing_sample,68435,add_predicate,train,existing_train_val_minocc100
populated_slot,valueRequiresStatement,56699,0.8285088039745744,57241,0.8364287279900635,passive,existing_sample,68435,add_object,train,existing_train_val_minocc100
populated_slot,valueRequiresStatement,3164,1.0,3164,1.0,passive,existing_sample,3164,del_subject,train,existing_train_val_minocc100
populated_slot,valueRequiresStatement,3164,1.0,3164,1.0,passive,existing_sample,3164,del_predicate,train,existing_train_val_minocc100
populated_slot,valueRequiresStatement,3164,1.0,3164,1.0,passive,existing_sample,3164,del_object,train,existing_train_val_minocc100
present_operation,valueRequiresStatement,56699,0.8285088039745744,57241,0.8364287279900635,passive,existing_sample,68435,addition,train,existing_train_val_minocc100
present_operation,valueRequiresStatement,3164,1.0,3164,1.0,passive,existing_sample,3164,deletion,train,existing_train_val_minocc100
populated_slot,valueType,69367,1.0,69367,1.0,passive,existing_sample,69367,add_subject,train,existing_train_val_minocc100
populated_slot,valueType,69367,1.0,69367,1.0,passive,existing_sample,69367,add_predicate,train,existing_train_val_minocc100
populated_slot,valueType,66633,0.9605864460045843,66901,0.964449954589358,passive,existing_sample,69367,add_object,train,existing_train_val_minocc100
populated_slot,valueType,1818,1.0,1818,1.0,passive,existing_sample,1818,del_subject,train,existing_train_val_minocc100
populated_slot,valueType,1818,1.0,1818,1.0,passive,existing_sample,1818,del_predicate,train,existing_train_val_minocc100
populated_slot,valueType,1818,1.0,1818,1.0,passive,existing_sample,1818,del_object,train,existing_train_val_minocc100
present_operation,valueType,66633,0.9605864460045843,66901,0.964449954589358,passive,existing_sample,69367,addition,train,existing_train_val_minocc100
present_operation,valueType,1818,1.0,1818,1.0,passive,existing_sample,1818,deletion,train,existing_train_val_minocc100
populated_slot,conflictWith,2716,1.0,2716,1.0,passive,existing_sample,2716,add_subject,val,existing_train_val_minocc100
populated_slot,conflictWith,2716,1.0,2716,1.0,passive,existing_sample,2716,add_predicate,val,existing_train_val_minocc100
populated_slot,conflictWith,2352,0.865979381443299,2381,0.8766568483063328,passive,existing_sample,2716,add_object,val,existing_train_val_minocc100
populated_slot,conflictWith,15092,1.0,15092,1.0,passive,existing_sample,15092,del_subject,val,existing_train_val_minocc100
populated_slot,conflictWith,15092,1.0,15092,1.0,passive,existing_sample,15092,del_predicate,val,existing_train_val_minocc100
populated_slot,conflictWith,14576,0.9658097005035781,14577,0.9658759607739199,passive,existing_sample,15092,del_object,val,existing_train_val_minocc100
present_operation,conflictWith,2352,0.865979381443299,2381,0.8766568483063328,passive,existing_sample,2716,addition,val,existing_train_val_minocc100
present_operation,conflictWith,14576,0.9658097005035781,14577,0.9658759607739199,passive,existing_sample,15092,deletion,val,existing_train_val_minocc100
populated_slot,distinct,1925,1.0,1925,1.0,passive,existing_sample,1925,add_subject,val,existing_train_val_minocc100
populated_slot,distinct,1925,1.0,1925,1.0,passive,existing_sample,1925,add_predicate,val,existing_train_val_minocc100
populated_slot,distinct,967,0.5023376623376623,968,0.5028571428571429,passive,existing_sample,1925,add_object,val,existing_train_val_minocc100
populated_slot,distinct,34233,1.0,34233,1.0,passive,existing_sample,34233,del_subject,val,existing_train_val_minocc100
populated_slot,distinct,34233,1.0,34233,1.0,passive,existing_sample,34233,del_predicate,val,existing_train_val_minocc100
populated_slot,distinct,34233,1.0,34233,1.0,passive,existing_sample,34233,del_object,val,existing_train_val_minocc100
present_operation,distinct,967,0.5023376623376623,968,0.5028571428571429,passive,existing_sample,1925,addition,val,existing_train_val_minocc100
present_operation,distinct,34233,1.0,34233,1.0,passive,existing_sample,34233,deletion,val,existing_train_val_minocc100
populated_slot,inverse,9695,1.0,9695,1.0,passive,existing_sample,9695,add_subject,val,existing_train_val_minocc100
populated_slot,inverse,9695,1.0,9695,1.0,passive,existing_sample,9695,add_predicate,val,existing_train_val_minocc100
populated_slot,inverse,9470,0.9767921609076844,9493,0.9791645177926767,passive,existing_sample,9695,add_object,val,existing_train_val_minocc100
populated_slot,inverse,1138,1.0,1138,1.0,passive,existing_sample,1138,del_subject,val,existing_train_val_minocc100
populated_slot,inverse,1138,1.0,1138,1.0,passive,existing_sample,1138,del_predicate,val,existing_train_val_minocc100
populated_slot,inverse,1138,1.0,1138,1.0,passive,existing_sample,1138,del_object,val,existing_train_val_minocc100
present_operation,inverse,9470,0.9767921609076844,9493,0.9791645177926767,passive,existing_sample,9695,addition,val,existing_train_val_minocc100
present_operation,inverse,1138,1.0,1138,1.0,passive,existing_sample,1138,deletion,val,existing_train_val_minocc100
populated_slot,itemRequiresStatement,14730,1.0,14730,1.0,passive,existing_sample,14730,add_subject,val,existing_train_val_minocc100
populated_slot,itemRequiresStatement,14730,1.0,14730,1.0,passive,existing_sample,14730,add_predicate,val,existing_train_val_minocc100
populated_slot,itemRequiresStatement,8101,0.5499660556687034,8404,0.5705363204344874,passive,existing_sample,14730,add_object,val,existing_train_val_minocc100
populated_slot,itemRequiresStatement,329,1.0,329,1.0,passive,existing_sample,329,del_subject,val,existing_train_val_minocc100
populated_slot,itemRequiresStatement,329,1.0,329,1.0,passive,existing_sample,329,del_predicate,val,existing_train_val_minocc100
populated_slot,itemRequiresStatement,329,1.0,329,1.0,passive,existing_sample,329,del_object,val,existing_train_val_minocc100
present_operation,itemRequiresStatement,8101,0.5499660556687034,8404,0.5705363204344874,passive,existing_sample,14730,addition,val,existing_train_val_minocc100
present_operation,itemRequiresStatement,329,1.0,329,1.0,passive,existing_sample,329,deletion,val,existing_train_val_minocc100
populated_slot,oneOf,735,1.0,735,1.0,passive,existing_sample,735,add_subject,val,existing_train_val_minocc100
populated_slot,oneOf,735,1.0,735,1.0,passive,existing_sample,735,add_predicate,val,existing_train_val_minocc100
populated_slot,oneOf,726,0.9877551020408163,726,0.9877551020408163,passive,existing_sample,735,add_object,val,existing_train_val_minocc100
populated_slot,oneOf,1029,1.0,1029,1.0,passive,existing_sample,1029,del_subject,val,existing_train_val_minocc100
populated_slot,oneOf,1029,1.0,1029,1.0,passive,existing_sample,1029,del_predicate,val,existing_train_val_minocc100
populated_slot,oneOf,1029,1.0,1029,1.0,passive,existing_sample,1029,del_object,val,existing_train_val_minocc100
present_operation,oneOf,726,0.9877551020408163,726,0.9877551020408163,passive,existing_sample,735,addition,val,existing_train_val_minocc100
present_operation,oneOf,1029,1.0,1029,1.0,passive,existing_sample,1029,deletion,val,existing_train_val_minocc100
populated_slot,single,2627,1.0,2627,1.0,passive,existing_sample,2627,add_subject,val,existing_train_val_minocc100
populated_slot,single,2627,1.0,2627,1.0,passive,existing_sample,2627,add_predicate,val,existing_train_val_minocc100
populated_slot,single,568,0.21621621621621623,600,0.22839741149600304,passive,existing_sample,2627,add_object,val,existing_train_val_minocc100
populated_slot,single,17958,1.0,17958,1.0,passive,existing_sample,17958,del_subject,val,existing_train_val_minocc100
populated_slot,single,17958,1.0,17958,1.0,passive,existing_sample,17958,del_predicate,val,existing_train_val_minocc100
populated_slot,single,17733,0.9874707651186101,17838,0.993317741396592,passive,existing_sample,17958,del_object,val,existing_train_val_minocc100
present_operation,single,568,0.21621621621621623,600,0.22839741149600304,passive,existing_sample,2627,addition,val,existing_train_val_minocc100
present_operation,single,17733,0.9874707651186101,17838,0.993317741396592,passive,existing_sample,17958,deletion,val,existing_train_val_minocc100
populated_slot,symmetric,4356,1.0,4356,1.0,passive,existing_sample,4356,add_subject,val,existing_train_val_minocc100
populated_slot,symmetric,4356,1.0,4356,1.0,passive,existing_sample,4356,add_predicate,val,existing_train_val_minocc100
populated_slot,symmetric,4297,0.986455463728191,4308,0.9889807162534435,passive,existing_sample,4356,add_object,val,existing_train_val_minocc100
populated_slot,symmetric,199,1.0,199,1.0,passive,existing_sample,199,del_subject,val,existing_train_val_minocc100
populated_slot,symmetric,199,1.0,199,1.0,passive,existing_sample,199,del_predicate,val,existing_train_val_minocc100
populated_slot,symmetric,199,1.0,199,1.0,passive,existing_sample,199,del_object,val,existing_train_val_minocc100
present_operation,symmetric,4297,0.986455463728191,4308,0.9889807162534435,passive,existing_sample,4356,addition,val,existing_train_val_minocc100
present_operation,symmetric,199,1.0,199,1.0,passive,existing_sample,199,deletion,val,existing_train_val_minocc100
populated_slot,type,14442,1.0,14442,1.0,passive,existing_sample,14442,add_subject,val,existing_train_val_minocc100
populated_slot,type,14442,1.0,14442,1.0,passive,existing_sample,14442,add_predicate,val,existing_train_val_minocc100
populated_slot,type,13791,0.9549231408392189,13831,0.9576928403268246,passive,existing_sample,14442,add_object,val,existing_train_val_minocc100
populated_slot,type,854,1.0,854,1.0,passive,existing_sample,854,del_subject,val,existing_train_val_minocc100
populated_slot,type,854,1.0,854,1.0,passive,existing_sample,854,del_predicate,val,existing_train_val_minocc100
populated_slot,type,854,1.0,854,1.0,passive,existing_sample,854,del_object,val,existing_train_val_minocc100
present_operation,type,13791,0.9549231408392189,13831,0.9576928403268246,passive,existing_sample,14442,addition,val,existing_train_val_minocc100
present_operation,type,854,1.0,854,1.0,passive,existing_sample,854,deletion,val,existing_train_val_minocc100
populated_slot,valueRequiresStatement,14658,1.0,14658,1.0,passive,existing_sample,14658,add_subject,val,existing_train_val_minocc100
populated_slot,valueRequiresStatement,14658,1.0,14658,1.0,passive,existing_sample,14658,add_predicate,val,existing_train_val_minocc100
populated_slot,valueRequiresStatement,12135,0.8278755628325829,12230,0.8343566653022241,passive,existing_sample,14658,add_object,val,existing_train_val_minocc100
populated_slot,valueRequiresStatement,695,1.0,695,1.0,passive,existing_sample,695,del_subject,val,existing_train_val_minocc100
populated_slot,valueRequiresStatement,695,1.0,695,1.0,passive,existing_sample,695,del_predicate,val,existing_train_val_minocc100
populated_slot,valueRequiresStatement,695,1.0,695,1.0,passive,existing_sample,695,del_object,val,existing_train_val_minocc100
present_operation,valueRequiresStatement,12135,0.8278755628325829,12230,0.8343566653022241,passive,existing_sample,14658,addition,val,existing_train_val_minocc100
present_operation,valueRequiresStatement,695,1.0,695,1.0,passive,existing_sample,695,deletion,val,existing_train_val_minocc100
populated_slot,valueType,14862,1.0,14862,1.0,passive,existing_sample,14862,add_subject,val,existing_train_val_minocc100
populated_slot,valueType,14862,1.0,14862,1.0,passive,existing_sample,14862,add_predicate,val,existing_train_val_minocc100
populated_slot,valueType,14273,0.9603687256089355,14340,0.964876867178038,passive,existing_sample,14862,add_object,val,existing_train_val_minocc100
populated_slot,valueType,407,1.0,407,1.0,passive,existing_sample,407,del_subject,val,existing_train_val_minocc100
populated_slot,valueType,407,1.0,407,1.0,passive,existing_sample,407,del_predicate,val,existing_train_val_minocc100
populated_slot,valueType,407,1.0,407,1.0,passive,existing_sample,407,del_object,val,existing_train_val_minocc100
present_operation,valueType,14273,0.9603687256089355,14340,0.964876867178038,passive,existing_sample,14862,addition,val,existing_train_val_minocc100
present_operation,valueType,407,1.0,407,1.0,passive,existing_sample,407,deletion,val,existing_train_val_minocc100
populated_slot,overall,538993,1.0,538993,1.0,factorized,existing_sample,538993,add_subject,overall,existing_train_val_minocc100
populated_slot,overall,538958,0.9999350640917415,538965,0.9999480512733931,factorized,existing_sample,538993,add_predicate,overall,existing_train_val_minocc100
populated_slot,overall,443769,0.8233298020567985,447986,0.8311536513461214,factorized,existing_sample,538993,add_object,overall,existing_train_val_minocc100
populated_slot,overall,479488,1.0,479488,1.0,factorized,existing_sample,479488,del_subject,overall,existing_train_val_minocc100
populated_slot,overall,479488,1.0,479488,1.0,factorized,existing_sample,479488,del_predicate,overall,existing_train_val_minocc100
populated_slot,overall,474441,0.9894741891350775,475109,0.9908673418312867,factorized,existing_sample,479488,del_object,overall,existing_train_val_minocc100
present_operation,overall,443739,0.8232741427068626,447958,0.8311017026195145,factorized,existing_sample,538993,addition,overall,existing_train_val_minocc100
present_operation,overall,474441,0.9894741891350775,475109,0.9908673418312867,factorized,existing_sample,479488,deletion,overall,existing_train_val_minocc100
populated_slot,overall,80988,1.0,80988,1.0,factorized,existing_sample,80988,add_subject,test,existing_train_val_minocc100
populated_slot,overall,80956,0.9996048797352695,80963,0.9996913122931792,factorized,existing_sample,80988,add_predicate,test,existing_train_val_minocc100
populated_slot,overall,66422,0.8201461944979503,67110,0.8286412801896578,factorized,existing_sample,80988,add_object,test,existing_train_val_minocc100
populated_slot,overall,71830,1.0,71830,1.0,factorized,existing_sample,71830,del_subject,test,existing_train_val_minocc100
populated_slot,overall,71830,1.0,71830,1.0,factorized,existing_sample,71830,del_predicate,test,existing_train_val_minocc100
populated_slot,overall,71086,0.989642210775442,71178,0.9909230126688013,factorized,existing_sample,71830,del_object,test,existing_train_val_minocc100
present_operation,overall,66395,0.8198128117745839,67085,0.828332592482837,factorized,existing_sample,80988,addition,test,existing_train_val_minocc100
present_operation,overall,71086,0.989642210775442,71178,0.9909230126688013,factorized,existing_sample,71830,deletion,test,existing_train_val_minocc100
populated_slot,overall,377259,1.0,377259,1.0,factorized,existing_sample,377259,add_subject,train,existing_train_val_minocc100
populated_slot,overall,377256,0.9999920479034298,377256,0.9999920479034298,factorized,existing_sample,377259,add_predicate,train,existing_train_val_minocc100
populated_slot,overall,310667,0.8234846617310654,313595,0.8312459079836398,factorized,existing_sample,377259,add_object,train,existing_train_val_minocc100
populated_slot,overall,335724,1.0,335724,1.0,factorized,existing_sample,335724,del_subject,train,existing_train_val_minocc100
populated_slot,overall,335724,1.0,335724,1.0,factorized,existing_sample,335724,del_predicate,train,existing_train_val_minocc100
populated_slot,overall,332162,0.9893900942440814,332632,0.9907900537346154,factorized,existing_sample,335724,del_object,train,existing_train_val_minocc100
present_operation,overall,310664,0.8234767096344952,313592,0.8312379558870696,factorized,existing_sample,377259,addition,train,existing_train_val_minocc100
present_operation,overall,332162,0.9893900942440814,332632,0.9907900537346154,factorized,existing_sample,335724,deletion,train,existing_train_val_minocc100
populated_slot,overall,80746,1.0,80746,1.0,factorized,existing_sample,80746,add_subject,val,existing_train_val_minocc100
populated_slot,overall,80746,1.0,80746,1.0,factorized,existing_sample,80746,add_predicate,val,existing_train_val_minocc100
populated_slot,overall,66680,0.825799420404726,67281,0.8332425135610433,factorized,existing_sample,80746,add_object,val,existing_train_val_minocc100
populated_slot,overall,71934,1.0,71934,1.0,factorized,existing_sample,71934,del_subject,val,existing_train_val_minocc100
populated_slot,overall,71934,1.0,71934,1.0,factorized,existing_sample,71934,del_predicate,val,existing_train_val_minocc100
populated_slot,overall,71193,0.9896988906497622,71299,0.9911724636472322,factorized,existing_sample,71934,del_object,val,existing_train_val_minocc100
present_operation,overall,66680,0.825799420404726,67281,0.8332425135610433,factorized,existing_sample,80746,addition,val,existing_train_val_minocc100
present_operation,overall,71193,0.9896988906497622,71299,0.9911724636472322,factorized,existing_sample,71934,deletion,val,existing_train_val_minocc100
populated_slot,conflictWith,17945,1.0,17945,1.0,factorized,existing_sample,17945,add_subject,overall,existing_train_val_minocc100
populated_slot,conflictWith,17941,0.9997770966843131,17942,0.9998328225132349,factorized,existing_sample,17945,add_predicate,overall,existing_train_val_minocc100
populated_slot,conflictWith,15553,0.8667038172192811,15738,0.8770130955697966,factorized,existing_sample,17945,add_object,overall,existing_train_val_minocc100
populated_slot,conflictWith,100612,1.0,100612,1.0,factorized,existing_sample,100612,del_subject,overall,existing_train_val_minocc100
populated_slot,conflictWith,100612,1.0,100612,1.0,factorized,existing_sample,100612,del_predicate,overall,existing_train_val_minocc100
populated_slot,conflictWith,97002,0.9641195881207013,97009,0.9641891623265615,factorized,existing_sample,100612,del_object,overall,existing_train_val_minocc100
present_operation,conflictWith,15549,0.8664809139035943,15735,0.8768459180830315,factorized,existing_sample,17945,addition,overall,existing_train_val_minocc100
present_operation,conflictWith,97002,0.9641195881207013,97009,0.9641891623265615,factorized,existing_sample,100612,deletion,overall,existing_train_val_minocc100
populated_slot,distinct,13175,1.0,13175,1.0,factorized,existing_sample,13175,add_subject,overall,existing_train_val_minocc100
populated_slot,distinct,13175,1.0,13175,1.0,factorized,existing_sample,13175,add_predicate,overall,existing_train_val_minocc100
populated_slot,distinct,6578,0.49927893738140416,6588,0.5000379506641366,factorized,existing_sample,13175,add_object,overall,existing_train_val_minocc100
populated_slot,distinct,228208,1.0,228208,1.0,factorized,existing_sample,228208,del_subject,overall,existing_train_val_minocc100
populated_slot,distinct,228208,1.0,228208,1.0,factorized,existing_sample,228208,del_predicate,overall,existing_train_val_minocc100
populated_slot,distinct,228208,1.0,228208,1.0,factorized,existing_sample,228208,del_object,overall,existing_train_val_minocc100
present_operation,distinct,6578,0.49927893738140416,6588,0.5000379506641366,factorized,existing_sample,13175,addition,overall,existing_train_val_minocc100
present_operation,distinct,228208,1.0,228208,1.0,factorized,existing_sample,228208,deletion,overall,existing_train_val_minocc100
populated_slot,inverse,64683,1.0,64683,1.0,factorized,existing_sample,64683,add_subject,overall,existing_train_val_minocc100
populated_slot,inverse,64681,0.9999690799746456,64681,0.9999690799746456,factorized,existing_sample,64683,add_predicate,overall,existing_train_val_minocc100
populated_slot,inverse,63185,0.9768409010095388,63335,0.9791599029111204,factorized,existing_sample,64683,add_object,overall,existing_train_val_minocc100
populated_slot,inverse,7812,1.0,7812,1.0,factorized,existing_sample,7812,del_subject,overall,existing_train_val_minocc100
populated_slot,inverse,7812,1.0,7812,1.0,factorized,existing_sample,7812,del_predicate,overall,existing_train_val_minocc100
populated_slot,inverse,7812,1.0,7812,1.0,factorized,existing_sample,7812,del_object,overall,existing_train_val_minocc100
present_operation,inverse,63183,0.9768099809841844,63333,0.979128982885766,factorized,existing_sample,64683,addition,overall,existing_train_val_minocc100
present_operation,inverse,7812,1.0,7812,1.0,factorized,existing_sample,7812,deletion,overall,existing_train_val_minocc100
populated_slot,itemRequiresStatement,98303,1.0,98303,1.0,factorized,existing_sample,98303,add_subject,overall,existing_train_val_minocc100
populated_slot,itemRequiresStatement,98297,0.999938964222862,98302,0.999989827370477,factorized,existing_sample,98303,add_predicate,overall,existing_train_val_minocc100
populated_slot,itemRequiresStatement,53419,0.5434116964894256,55488,0.5644588669725237,factorized,existing_sample,98303,add_object,overall,existing_train_val_minocc100
populated_slot,itemRequiresStatement,2231,1.0,2231,1.0,factorized,existing_sample,2231,del_subject,overall,existing_train_val_minocc100
populated_slot,itemRequiresStatement,2231,1.0,2231,1.0,factorized,existing_sample,2231,del_predicate,overall,existing_train_val_minocc100
populated_slot,itemRequiresStatement,2231,1.0,2231,1.0,factorized,existing_sample,2231,del_object,overall,existing_train_val_minocc100
present_operation,itemRequiresStatement,53418,0.5434015238599026,55487,0.5644486943430007,factorized,existing_sample,98303,addition,overall,existing_train_val_minocc100
present_operation,itemRequiresStatement,2231,1.0,2231,1.0,factorized,existing_sample,2231,deletion,overall,existing_train_val_minocc100
populated_slot,oneOf,5054,1.0,5054,1.0,factorized,existing_sample,5054,add_subject,overall,existing_train_val_minocc100
populated_slot,oneOf,5053,0.9998021369212505,5053,0.9998021369212505,factorized,existing_sample,5054,add_predicate,overall,existing_train_val_minocc100
populated_slot,oneOf,4995,0.9883260783537792,5003,0.9899089829837753,factorized,existing_sample,5054,add_object,overall,existing_train_val_minocc100
populated_slot,oneOf,6855,1.0,6855,1.0,factorized,existing_sample,6855,del_subject,overall,existing_train_val_minocc100
populated_slot,oneOf,6855,1.0,6855,1.0,factorized,existing_sample,6855,del_predicate,overall,existing_train_val_minocc100
populated_slot,oneOf,6855,1.0,6855,1.0,factorized,existing_sample,6855,del_object,overall,existing_train_val_minocc100
present_operation,oneOf,4994,0.9881282152750297,5002,0.9897111199050257,factorized,existing_sample,5054,addition,overall,existing_train_val_minocc100
present_operation,oneOf,6855,1.0,6855,1.0,factorized,existing_sample,6855,deletion,overall,existing_train_val_minocc100
populated_slot,single,17610,1.0,17610,1.0,factorized,existing_sample,17610,add_subject,overall,existing_train_val_minocc100
populated_slot,single,17598,0.9993185689948892,17599,0.9993753549119818,factorized,existing_sample,17610,add_predicate,overall,existing_train_val_minocc100
populated_slot,single,3523,0.20005678591709256,3745,0.2126632595116411,factorized,existing_sample,17610,add_object,overall,existing_train_val_minocc100
populated_slot,single,119723,1.0,119723,1.0,factorized,existing_sample,119723,del_subject,overall,existing_train_val_minocc100
populated_slot,single,119723,1.0,119723,1.0,factorized,existing_sample,119723,del_predicate,overall,existing_train_val_minocc100
populated_slot,single,118286,0.98799729375308,118947,0.9935183715743842,factorized,existing_sample,119723,del_object,overall,existing_train_val_minocc100
present_operation,single,3511,0.19937535491198183,3734,0.21203861442362293,factorized,existing_sample,17610,addition,overall,existing_train_val_minocc100
present_operation,single,118286,0.98799729375308,118947,0.9935183715743842,factorized,existing_sample,119723,deletion,overall,existing_train_val_minocc100
populated_slot,symmetric,28830,1.0,28830,1.0,factorized,existing_sample,28830,add_subject,overall,existing_train_val_minocc100
populated_slot,symmetric,28827,0.9998959417273673,28827,0.9998959417273673,factorized,existing_sample,28830,add_predicate,overall,existing_train_val_minocc100
populated_slot,symmetric,28397,0.9849809226500174,28443,0.986576482830385,factorized,existing_sample,28830,add_object,overall,existing_train_val_minocc100
populated_slot,symmetric,1343,1.0,1343,1.0,factorized,existing_sample,1343,del_subject,overall,existing_train_val_minocc100
populated_slot,symmetric,1343,1.0,1343,1.0,factorized,existing_sample,1343,del_predicate,overall,existing_train_val_minocc100
populated_slot,symmetric,1343,1.0,1343,1.0,factorized,existing_sample,1343,del_object,overall,existing_train_val_minocc100
present_operation,symmetric,28394,0.9848768643773846,28440,0.9864724245577523,factorized,existing_sample,28830,addition,overall,existing_train_val_minocc100
present_operation,symmetric,1343,1.0,1343,1.0,factorized,existing_sample,1343,deletion,overall,existing_train_val_minocc100
populated_slot,type,96508,1.0,96508,1.0,factorized,existing_sample,96508,add_subject,overall,existing_train_val_minocc100
populated_slot,type,96505,0.9999689144941352,96505,0.9999689144941352,factorized,existing_sample,96508,add_predicate,overall,existing_train_val_minocc100
populated_slot,type,91935,0.9526153272267585,92303,0.9564284826128404,factorized,existing_sample,96508,add_object,overall,existing_train_val_minocc100
populated_slot,type,5618,1.0,5618,1.0,factorized,existing_sample,5618,del_subject,overall,existing_train_val_minocc100
populated_slot,type,5618,1.0,5618,1.0,factorized,existing_sample,5618,del_predicate,overall,existing_train_val_minocc100
populated_slot,type,5618,1.0,5618,1.0,factorized,existing_sample,5618,del_object,overall,existing_train_val_minocc100
present_operation,type,91932,0.9525842417208936,92300,0.9563973971069756,factorized,existing_sample,96508,addition,overall,existing_train_val_minocc100
present_operation,type,5618,1.0,5618,1.0,factorized,existing_sample,5618,deletion,overall,existing_train_val_minocc100
populated_slot,valueRequiresStatement,97782,1.0,97782,1.0,factorized,existing_sample,97782,add_subject,overall,existing_train_val_minocc100
populated_slot,valueRequiresStatement,97780,0.9999795463377718,97780,0.9999795463377718,factorized,existing_sample,97782,add_predicate,overall,existing_train_val_minocc100
populated_slot,valueRequiresStatement,81005,0.82842445439856,81766,0.8362070728763985,factorized,existing_sample,97782,add_object,overall,existing_train_val_minocc100
populated_slot,valueRequiresStatement,4496,1.0,4496,1.0,factorized,existing_sample,4496,del_subject,overall,existing_train_val_minocc100
populated_slot,valueRequiresStatement,4496,1.0,4496,1.0,factorized,existing_sample,4496,del_predicate,overall,existing_train_val_minocc100
populated_slot,valueRequiresStatement,4496,1.0,4496,1.0,factorized,existing_sample,4496,del_object,overall,existing_train_val_minocc100
present_operation,valueRequiresStatement,81003,0.8284040007363318,81764,0.8361866192141703,factorized,existing_sample,97782,addition,overall,existing_train_val_minocc100
present_operation,valueRequiresStatement,4496,1.0,4496,1.0,factorized,existing_sample,4496,deletion,overall,existing_train_val_minocc100
populated_slot,valueType,99103,1.0,99103,1.0,factorized,existing_sample,99103,add_subject,overall,existing_train_val_minocc100
populated_slot,valueType,99101,0.9999798189762167,99101,0.9999798189762167,factorized,existing_sample,99103,add_predicate,overall,existing_train_val_minocc100
populated_slot,valueType,95179,0.9604048313370938,95577,0.9644208550699777,factorized,existing_sample,99103,add_object,overall,existing_train_val_minocc100
populated_slot,valueType,2590,1.0,2590,1.0,factorized,existing_sample,2590,del_subject,overall,existing_train_val_minocc100
populated_slot,valueType,2590,1.0,2590,1.0,factorized,existing_sample,2590,del_predicate,overall,existing_train_val_minocc100
populated_slot,valueType,2590,1.0,2590,1.0,factorized,existing_sample,2590,del_object,overall,existing_train_val_minocc100
present_operation,valueType,95177,0.9603846503133104,95575,0.9644006740461943,factorized,existing_sample,99103,addition,overall,existing_train_val_minocc100
present_operation,valueType,2590,1.0,2590,1.0,factorized,existing_sample,2590,deletion,overall,existing_train_val_minocc100
populated_slot,conflictWith,2724,1.0,2724,1.0,factorized,existing_sample,2724,add_subject,test,existing_train_val_minocc100
populated_slot,conflictWith,2720,0.9985315712187959,2721,0.998898678414097,factorized,existing_sample,2724,add_predicate,test,existing_train_val_minocc100
populated_slot,conflictWith,2357,0.8652716593245228,2387,0.8762848751835536,factorized,existing_sample,2724,add_object,test,existing_train_val_minocc100
populated_slot,conflictWith,15093,1.0,15093,1.0,factorized,existing_sample,15093,del_subject,test,existing_train_val_minocc100
populated_slot,conflictWith,15093,1.0,15093,1.0,factorized,existing_sample,15093,del_predicate,test,existing_train_val_minocc100
populated_slot,conflictWith,14557,0.9644868482077784,14557,0.9644868482077784,factorized,existing_sample,15093,del_object,test,existing_train_val_minocc100
present_operation,conflictWith,2353,0.8638032305433186,2384,0.8751835535976505,factorized,existing_sample,2724,addition,test,existing_train_val_minocc100
present_operation,conflictWith,14557,0.9644868482077784,14557,0.9644868482077784,factorized,existing_sample,15093,deletion,test,existing_train_val_minocc100
populated_slot,distinct,2016,1.0,2016,1.0,factorized,existing_sample,2016,add_subject,test,existing_train_val_minocc100
populated_slot,distinct,2016,1.0,2016,1.0,factorized,existing_sample,2016,add_predicate,test,existing_train_val_minocc100
populated_slot,distinct,1010,0.5009920634920635,1010,0.5009920634920635,factorized,existing_sample,2016,add_object,test,existing_train_val_minocc100
populated_slot,distinct,34232,1.0,34232,1.0,factorized,existing_sample,34232,del_subject,test,existing_train_val_minocc100
populated_slot,distinct,34232,1.0,34232,1.0,factorized,existing_sample,34232,del_predicate,test,existing_train_val_minocc100
populated_slot,distinct,34232,1.0,34232,1.0,factorized,existing_sample,34232,del_object,test,existing_train_val_minocc100
present_operation,distinct,1010,0.5009920634920635,1010,0.5009920634920635,factorized,existing_sample,2016,addition,test,existing_train_val_minocc100
present_operation,distinct,34232,1.0,34232,1.0,factorized,existing_sample,34232,deletion,test,existing_train_val_minocc100
populated_slot,inverse,9704,1.0,9704,1.0,factorized,existing_sample,9704,add_subject,test,existing_train_val_minocc100
populated_slot,inverse,9702,0.9997938994229184,9702,0.9997938994229184,factorized,existing_sample,9704,add_predicate,test,existing_train_val_minocc100
populated_slot,inverse,9501,0.979080791426216,9523,0.9813478977741138,factorized,existing_sample,9704,add_object,test,existing_train_val_minocc100
populated_slot,inverse,1161,1.0,1161,1.0,factorized,existing_sample,1161,del_subject,test,existing_train_val_minocc100
populated_slot,inverse,1161,1.0,1161,1.0,factorized,existing_sample,1161,del_predicate,test,existing_train_val_minocc100
populated_slot,inverse,1161,1.0,1161,1.0,factorized,existing_sample,1161,del_object,test,existing_train_val_minocc100
present_operation,inverse,9499,0.9788746908491344,9521,0.9811417971970322,factorized,existing_sample,9704,addition,test,existing_train_val_minocc100
present_operation,inverse,1161,1.0,1161,1.0,factorized,existing_sample,1161,deletion,test,existing_train_val_minocc100
populated_slot,itemRequiresStatement,14742,1.0,14742,1.0,factorized,existing_sample,14742,add_subject,test,existing_train_val_minocc100
populated_slot,itemRequiresStatement,14736,0.9995929995929996,14741,0.9999321665988332,factorized,existing_sample,14742,add_predicate,test,existing_train_val_minocc100
populated_slot,itemRequiresStatement,7845,0.5321530321530321,8176,0.5546058879392213,factorized,existing_sample,14742,add_object,test,existing_train_val_minocc100
populated_slot,itemRequiresStatement,326,1.0,326,1.0,factorized,existing_sample,326,del_subject,test,existing_train_val_minocc100
populated_slot,itemRequiresStatement,326,1.0,326,1.0,factorized,existing_sample,326,del_predicate,test,existing_train_val_minocc100
populated_slot,itemRequiresStatement,326,1.0,326,1.0,factorized,existing_sample,326,del_object,test,existing_train_val_minocc100
present_operation,itemRequiresStatement,7844,0.5320851987518654,8175,0.5545380545380545,factorized,existing_sample,14742,addition,test,existing_train_val_minocc100
present_operation,itemRequiresStatement,326,1.0,326,1.0,factorized,existing_sample,326,deletion,test,existing_train_val_minocc100
populated_slot,oneOf,779,1.0,779,1.0,factorized,existing_sample,779,add_subject,test,existing_train_val_minocc100
populated_slot,oneOf,778,0.9987163029525032,778,0.9987163029525032,factorized,existing_sample,779,add_predicate,test,existing_train_val_minocc100
populated_slot,oneOf,762,0.9781771501925546,770,0.9884467265725289,factorized,existing_sample,779,add_object,test,existing_train_val_minocc100
populated_slot,oneOf,1028,1.0,1028,1.0,factorized,existing_sample,1028,del_subject,test,existing_train_val_minocc100
populated_slot,oneOf,1028,1.0,1028,1.0,factorized,existing_sample,1028,del_predicate,test,existing_train_val_minocc100
populated_slot,oneOf,1028,1.0,1028,1.0,factorized,existing_sample,1028,del_object,test,existing_train_val_minocc100
present_operation,oneOf,761,0.9768934531450578,769,0.9871630295250321,factorized,existing_sample,779,addition,test,existing_train_val_minocc100
present_operation,oneOf,1028,1.0,1028,1.0,factorized,existing_sample,1028,deletion,test,existing_train_val_minocc100
populated_slot,single,2666,1.0,2666,1.0,factorized,existing_sample,2666,add_subject,test,existing_train_val_minocc100
populated_slot,single,2657,0.9966241560390098,2658,0.9969992498124531,factorized,existing_sample,2666,add_predicate,test,existing_train_val_minocc100
populated_slot,single,486,0.18229557389347337,522,0.19579894973743436,factorized,existing_sample,2666,add_object,test,existing_train_val_minocc100
populated_slot,single,17958,1.0,17958,1.0,factorized,existing_sample,17958,del_subject,test,existing_train_val_minocc100
populated_slot,single,17958,1.0,17958,1.0,factorized,existing_sample,17958,del_predicate,test,existing_train_val_minocc100
populated_slot,single,17750,0.9884174184207596,17842,0.993540483350039,factorized,existing_sample,17958,del_object,test,existing_train_val_minocc100
present_operation,single,477,0.17891972993248312,514,0.19279819954988747,factorized,existing_sample,2666,addition,test,existing_train_val_minocc100
present_operation,single,17750,0.9884174184207596,17842,0.993540483350039,factorized,existing_sample,17958,deletion,test,existing_train_val_minocc100
populated_slot,symmetric,4293,1.0,4293,1.0,factorized,existing_sample,4293,add_subject,test,existing_train_val_minocc100
populated_slot,symmetric,4290,0.9993011879804332,4290,0.9993011879804332,factorized,existing_sample,4293,add_predicate,test,existing_train_val_minocc100
populated_slot,symmetric,4233,0.9860237596086653,4237,0.9869555089680876,factorized,existing_sample,4293,add_object,test,existing_train_val_minocc100
populated_slot,symmetric,194,1.0,194,1.0,factorized,existing_sample,194,del_subject,test,existing_train_val_minocc100
populated_slot,symmetric,194,1.0,194,1.0,factorized,existing_sample,194,del_predicate,test,existing_train_val_minocc100
populated_slot,symmetric,194,1.0,194,1.0,factorized,existing_sample,194,del_object,test,existing_train_val_minocc100
present_operation,symmetric,4230,0.9853249475890985,4234,0.9862566969485208,factorized,existing_sample,4293,addition,test,existing_train_val_minocc100
present_operation,symmetric,194,1.0,194,1.0,factorized,existing_sample,194,deletion,test,existing_train_val_minocc100
populated_slot,type,14501,1.0,14501,1.0,factorized,existing_sample,14501,add_subject,test,existing_train_val_minocc100
populated_slot,type,14498,0.9997931177160195,14498,0.9997931177160195,factorized,existing_sample,14501,add_predicate,test,existing_train_val_minocc100
populated_slot,type,13784,0.9505551341286808,13854,0.9553823874215571,factorized,existing_sample,14501,add_object,test,existing_train_val_minocc100
populated_slot,type,836,1.0,836,1.0,factorized,existing_sample,836,del_subject,test,existing_train_val_minocc100
populated_slot,type,836,1.0,836,1.0,factorized,existing_sample,836,del_predicate,test,existing_train_val_minocc100
populated_slot,type,836,1.0,836,1.0,factorized,existing_sample,836,del_object,test,existing_train_val_minocc100
present_operation,type,13781,0.9503482518447004,13851,0.9551755051375768,factorized,existing_sample,14501,addition,test,existing_train_val_minocc100
present_operation,type,836,1.0,836,1.0,factorized,existing_sample,836,deletion,test,existing_train_val_minocc100
populated_slot,valueRequiresStatement,14689,1.0,14689,1.0,factorized,existing_sample,14689,add_subject,test,existing_train_val_minocc100
populated_slot,valueRequiresStatement,14687,0.9998638436925591,14687,0.9998638436925591,factorized,existing_sample,14689,add_predicate,test,existing_train_val_minocc100
populated_slot,valueRequiresStatement,12171,0.8285792089318538,12295,0.8370208999931922,factorized,existing_sample,14689,add_object,test,existing_train_val_minocc100
populated_slot,valueRequiresStatement,637,1.0,637,1.0,factorized,existing_sample,637,del_subject,test,existing_train_val_minocc100
populated_slot,valueRequiresStatement,637,1.0,637,1.0,factorized,existing_sample,637,del_predicate,test,existing_train_val_minocc100
populated_slot,valueRequiresStatement,637,1.0,637,1.0,factorized,existing_sample,637,del_object,test,existing_train_val_minocc100
present_operation,valueRequiresStatement,12169,0.8284430526244129,12293,0.8368847436857513,factorized,existing_sample,14689,addition,test,existing_train_val_minocc100
present_operation,valueRequiresStatement,637,1.0,637,1.0,factorized,existing_sample,637,deletion,test,existing_train_val_minocc100
populated_slot,valueType,14874,1.0,14874,1.0,factorized,existing_sample,14874,add_subject,test,existing_train_val_minocc100
populated_slot,valueType,14872,0.99986553717897,14872,0.99986553717897,factorized,existing_sample,14874,add_predicate,test,existing_train_val_minocc100
populated_slot,valueType,14273,0.9595939222804895,14336,0.963829501142934,factorized,existing_sample,14874,add_object,test,existing_train_val_minocc100
populated_slot,valueType,365,1.0,365,1.0,factorized,existing_sample,365,del_subject,test,existing_train_val_minocc100
populated_slot,valueType,365,1.0,365,1.0,factorized,existing_sample,365,del_predicate,test,existing_train_val_minocc100
populated_slot,valueType,365,1.0,365,1.0,factorized,existing_sample,365,del_object,test,existing_train_val_minocc100
present_operation,valueType,14271,0.9594594594594594,14334,0.963695038321904,factorized,existing_sample,14874,addition,test,existing_train_val_minocc100
present_operation,valueType,365,1.0,365,1.0,factorized,existing_sample,365,deletion,test,existing_train_val_minocc100
populated_slot,conflictWith,12505,1.0,12505,1.0,factorized,existing_sample,12505,add_subject,train,existing_train_val_minocc100
populated_slot,conflictWith,12505,1.0,12505,1.0,factorized,existing_sample,12505,add_predicate,train,existing_train_val_minocc100
populated_slot,conflictWith,10844,0.867173130747701,10970,0.877249100359856,factorized,existing_sample,12505,add_object,train,existing_train_val_minocc100
populated_slot,conflictWith,70427,1.0,70427,1.0,factorized,existing_sample,70427,del_subject,train,existing_train_val_minocc100
populated_slot,conflictWith,70427,1.0,70427,1.0,factorized,existing_sample,70427,del_predicate,train,existing_train_val_minocc100
populated_slot,conflictWith,67869,0.9636787027702444,67875,0.9637638973689068,factorized,existing_sample,70427,del_object,train,existing_train_val_minocc100
present_operation,conflictWith,10844,0.867173130747701,10970,0.877249100359856,factorized,existing_sample,12505,addition,train,existing_train_val_minocc100
present_operation,conflictWith,67869,0.9636787027702444,67875,0.9637638973689068,factorized,existing_sample,70427,deletion,train,existing_train_val_minocc100
populated_slot,distinct,9234,1.0,9234,1.0,factorized,existing_sample,9234,add_subject,train,existing_train_val_minocc100
populated_slot,distinct,9234,1.0,9234,1.0,factorized,existing_sample,9234,add_predicate,train,existing_train_val_minocc100
populated_slot,distinct,4601,0.4982672731210743,4610,0.49924193199047,factorized,existing_sample,9234,add_object,train,existing_train_val_minocc100
populated_slot,distinct,159743,1.0,159743,1.0,factorized,existing_sample,159743,del_subject,train,existing_train_val_minocc100
populated_slot,distinct,159743,1.0,159743,1.0,factorized,existing_sample,159743,del_predicate,train,existing_train_val_minocc100
populated_slot,distinct,159743,1.0,159743,1.0,factorized,existing_sample,159743,del_object,train,existing_train_val_minocc100
present_operation,distinct,4601,0.4982672731210743,4610,0.49924193199047,factorized,existing_sample,9234,addition,train,existing_train_val_minocc100
present_operation,distinct,159743,1.0,159743,1.0,factorized,existing_sample,159743,deletion,train,existing_train_val_minocc100
populated_slot,inverse,45284,1.0,45284,1.0,factorized,existing_sample,45284,add_subject,train,existing_train_val_minocc100
populated_slot,inverse,45284,1.0,45284,1.0,factorized,existing_sample,45284,add_predicate,train,existing_train_val_minocc100
populated_slot,inverse,44214,0.9763713452875188,44319,0.9786900450490239,factorized,existing_sample,45284,add_object,train,existing_train_val_minocc100
populated_slot,inverse,5513,1.0,5513,1.0,factorized,existing_sample,5513,del_subject,train,existing_train_val_minocc100
populated_slot,inverse,5513,1.0,5513,1.0,factorized,existing_sample,5513,del_predicate,train,existing_train_val_minocc100
populated_slot,inverse,5513,1.0,5513,1.0,factorized,existing_sample,5513,del_object,train,existing_train_val_minocc100
present_operation,inverse,44214,0.9763713452875188,44319,0.9786900450490239,factorized,existing_sample,45284,addition,train,existing_train_val_minocc100
present_operation,inverse,5513,1.0,5513,1.0,factorized,existing_sample,5513,deletion,train,existing_train_val_minocc100
populated_slot,itemRequiresStatement,68831,1.0,68831,1.0,factorized,existing_sample,68831,add_subject,train,existing_train_val_minocc100
populated_slot,itemRequiresStatement,68831,1.0,68831,1.0,factorized,existing_sample,68831,add_predicate,train,existing_train_val_minocc100
populated_slot,itemRequiresStatement,37473,0.5444203919745464,38908,0.5652685563191004,factorized,existing_sample,68831,add_object,train,existing_train_val_minocc100
populated_slot,itemRequiresStatement,1576,1.0,1576,1.0,factorized,existing_sample,1576,del_subject,train,existing_train_val_minocc100
populated_slot,itemRequiresStatement,1576,1.0,1576,1.0,factorized,existing_sample,1576,del_predicate,train,existing_train_val_minocc100
populated_slot,itemRequiresStatement,1576,1.0,1576,1.0,factorized,existing_sample,1576,del_object,train,existing_train_val_minocc100
present_operation,itemRequiresStatement,37473,0.5444203919745464,38908,0.5652685563191004,factorized,existing_sample,68831,addition,train,existing_train_val_minocc100
present_operation,itemRequiresStatement,1576,1.0,1576,1.0,factorized,existing_sample,1576,deletion,train,existing_train_val_minocc100
populated_slot,oneOf,3540,1.0,3540,1.0,factorized,existing_sample,3540,add_subject,train,existing_train_val_minocc100
populated_slot,oneOf,3540,1.0,3540,1.0,factorized,existing_sample,3540,add_predicate,train,existing_train_val_minocc100
populated_slot,oneOf,3507,0.9906779661016949,3507,0.9906779661016949,factorized,existing_sample,3540,add_object,train,existing_train_val_minocc100
populated_slot,oneOf,4798,1.0,4798,1.0,factorized,existing_sample,4798,del_subject,train,existing_train_val_minocc100
populated_slot,oneOf,4798,1.0,4798,1.0,factorized,existing_sample,4798,del_predicate,train,existing_train_val_minocc100
populated_slot,oneOf,4798,1.0,4798,1.0,factorized,existing_sample,4798,del_object,train,existing_train_val_minocc100
present_operation,oneOf,3507,0.9906779661016949,3507,0.9906779661016949,factorized,existing_sample,3540,addition,train,existing_train_val_minocc100
present_operation,oneOf,4798,1.0,4798,1.0,factorized,existing_sample,4798,deletion,train,existing_train_val_minocc100
populated_slot,single,12317,1.0,12317,1.0,factorized,existing_sample,12317,add_subject,train,existing_train_val_minocc100
populated_slot,single,12314,0.9997564341966388,12314,0.9997564341966388,factorized,existing_sample,12317,add_predicate,train,existing_train_val_minocc100
populated_slot,single,2469,0.20045465616627425,2623,0.21295770073881626,factorized,existing_sample,12317,add_object,train,existing_train_val_minocc100
populated_slot,single,83807,1.0,83807,1.0,factorized,existing_sample,83807,del_subject,train,existing_train_val_minocc100
populated_slot,single,83807,1.0,83807,1.0,factorized,existing_sample,83807,del_predicate,train,existing_train_val_minocc100
populated_slot,single,82803,0.9880200937869151,83267,0.9935566241483408,factorized,existing_sample,83807,del_object,train,existing_train_val_minocc100
present_operation,single,2466,0.20021109036291304,2620,0.21271413493545507,factorized,existing_sample,12317,addition,train,existing_train_val_minocc100
present_operation,single,82803,0.9880200937869151,83267,0.9935566241483408,factorized,existing_sample,83807,deletion,train,existing_train_val_minocc100
populated_slot,symmetric,20181,1.0,20181,1.0,factorized,existing_sample,20181,add_subject,train,existing_train_val_minocc100
populated_slot,symmetric,20181,1.0,20181,1.0,factorized,existing_sample,20181,add_predicate,train,existing_train_val_minocc100
populated_slot,symmetric,19867,0.9844408106634953,19898,0.9859769089737872,factorized,existing_sample,20181,add_object,train,existing_train_val_minocc100
populated_slot,symmetric,950,1.0,950,1.0,factorized,existing_sample,950,del_subject,train,existing_train_val_minocc100
populated_slot,symmetric,950,1.0,950,1.0,factorized,existing_sample,950,del_predicate,train,existing_train_val_minocc100
populated_slot,symmetric,950,1.0,950,1.0,factorized,existing_sample,950,del_object,train,existing_train_val_minocc100
present_operation,symmetric,19867,0.9844408106634953,19898,0.9859769089737872,factorized,existing_sample,20181,addition,train,existing_train_val_minocc100
present_operation,symmetric,950,1.0,950,1.0,factorized,existing_sample,950,deletion,train,existing_train_val_minocc100
populated_slot,type,67565,1.0,67565,1.0,factorized,existing_sample,67565,add_subject,train,existing_train_val_minocc100
populated_slot,type,67565,1.0,67565,1.0,factorized,existing_sample,67565,add_predicate,train,existing_train_val_minocc100
populated_slot,type,64360,0.9525641974395027,64618,0.9563827425442167,factorized,existing_sample,67565,add_object,train,existing_train_val_minocc100
populated_slot,type,3928,1.0,3928,1.0,factorized,existing_sample,3928,del_subject,train,existing_train_val_minocc100
populated_slot,type,3928,1.0,3928,1.0,factorized,existing_sample,3928,del_predicate,train,existing_train_val_minocc100
populated_slot,type,3928,1.0,3928,1.0,factorized,existing_sample,3928,del_object,train,existing_train_val_minocc100
present_operation,type,64360,0.9525641974395027,64618,0.9563827425442167,factorized,existing_sample,67565,addition,train,existing_train_val_minocc100
present_operation,type,3928,1.0,3928,1.0,factorized,existing_sample,3928,deletion,train,existing_train_val_minocc100
populated_slot,valueRequiresStatement,68435,1.0,68435,1.0,factorized,existing_sample,68435,add_subject,train,existing_train_val_minocc100
populated_slot,valueRequiresStatement,68435,1.0,68435,1.0,factorized,existing_sample,68435,add_predicate,train,existing_train_val_minocc100
populated_slot,valueRequiresStatement,56699,0.8285088039745744,57241,0.8364287279900635,factorized,existing_sample,68435,add_object,train,existing_train_val_minocc100
populated_slot,valueRequiresStatement,3164,1.0,3164,1.0,factorized,existing_sample,3164,del_subject,train,existing_train_val_minocc100
populated_slot,valueRequiresStatement,3164,1.0,3164,1.0,factorized,existing_sample,3164,del_predicate,train,existing_train_val_minocc100
populated_slot,valueRequiresStatement,3164,1.0,3164,1.0,factorized,existing_sample,3164,del_object,train,existing_train_val_minocc100
present_operation,valueRequiresStatement,56699,0.8285088039745744,57241,0.8364287279900635,factorized,existing_sample,68435,addition,train,existing_train_val_minocc100
present_operation,valueRequiresStatement,3164,1.0,3164,1.0,factorized,existing_sample,3164,deletion,train,existing_train_val_minocc100
populated_slot,valueType,69367,1.0,69367,1.0,factorized,existing_sample,69367,add_subject,train,existing_train_val_minocc100
populated_slot,valueType,69367,1.0,69367,1.0,factorized,existing_sample,69367,add_predicate,train,existing_train_val_minocc100
populated_slot,valueType,66633,0.9605864460045843,66901,0.964449954589358,factorized,existing_sample,69367,add_object,train,existing_train_val_minocc100
populated_slot,valueType,1818,1.0,1818,1.0,factorized,existing_sample,1818,del_subject,train,existing_train_val_minocc100
populated_slot,valueType,1818,1.0,1818,1.0,factorized,existing_sample,1818,del_predicate,train,existing_train_val_minocc100
populated_slot,valueType,1818,1.0,1818,1.0,factorized,existing_sample,1818,del_object,train,existing_train_val_minocc100
present_operation,valueType,66633,0.9605864460045843,66901,0.964449954589358,factorized,existing_sample,69367,addition,train,existing_train_val_minocc100
present_operation,valueType,1818,1.0,1818,1.0,factorized,existing_sample,1818,deletion,train,existing_train_val_minocc100
populated_slot,conflictWith,2716,1.0,2716,1.0,factorized,existing_sample,2716,add_subject,val,existing_train_val_minocc100
populated_slot,conflictWith,2716,1.0,2716,1.0,factorized,existing_sample,2716,add_predicate,val,existing_train_val_minocc100
populated_slot,conflictWith,2352,0.865979381443299,2381,0.8766568483063328,factorized,existing_sample,2716,add_object,val,existing_train_val_minocc100
populated_slot,conflictWith,15092,1.0,15092,1.0,factorized,existing_sample,15092,del_subject,val,existing_train_val_minocc100
populated_slot,conflictWith,15092,1.0,15092,1.0,factorized,existing_sample,15092,del_predicate,val,existing_train_val_minocc100
populated_slot,conflictWith,14576,0.9658097005035781,14577,0.9658759607739199,factorized,existing_sample,15092,del_object,val,existing_train_val_minocc100
present_operation,conflictWith,2352,0.865979381443299,2381,0.8766568483063328,factorized,existing_sample,2716,addition,val,existing_train_val_minocc100
present_operation,conflictWith,14576,0.9658097005035781,14577,0.9658759607739199,factorized,existing_sample,15092,deletion,val,existing_train_val_minocc100
populated_slot,distinct,1925,1.0,1925,1.0,factorized,existing_sample,1925,add_subject,val,existing_train_val_minocc100
populated_slot,distinct,1925,1.0,1925,1.0,factorized,existing_sample,1925,add_predicate,val,existing_train_val_minocc100
populated_slot,distinct,967,0.5023376623376623,968,0.5028571428571429,factorized,existing_sample,1925,add_object,val,existing_train_val_minocc100
populated_slot,distinct,34233,1.0,34233,1.0,factorized,existing_sample,34233,del_subject,val,existing_train_val_minocc100
populated_slot,distinct,34233,1.0,34233,1.0,factorized,existing_sample,34233,del_predicate,val,existing_train_val_minocc100
populated_slot,distinct,34233,1.0,34233,1.0,factorized,existing_sample,34233,del_object,val,existing_train_val_minocc100
present_operation,distinct,967,0.5023376623376623,968,0.5028571428571429,factorized,existing_sample,1925,addition,val,existing_train_val_minocc100
present_operation,distinct,34233,1.0,34233,1.0,factorized,existing_sample,34233,deletion,val,existing_train_val_minocc100
populated_slot,inverse,9695,1.0,9695,1.0,factorized,existing_sample,9695,add_subject,val,existing_train_val_minocc100
populated_slot,inverse,9695,1.0,9695,1.0,factorized,existing_sample,9695,add_predicate,val,existing_train_val_minocc100
populated_slot,inverse,9470,0.9767921609076844,9493,0.9791645177926767,factorized,existing_sample,9695,add_object,val,existing_train_val_minocc100
populated_slot,inverse,1138,1.0,1138,1.0,factorized,existing_sample,1138,del_subject,val,existing_train_val_minocc100
populated_slot,inverse,1138,1.0,1138,1.0,factorized,existing_sample,1138,del_predicate,val,existing_train_val_minocc100
populated_slot,inverse,1138,1.0,1138,1.0,factorized,existing_sample,1138,del_object,val,existing_train_val_minocc100
present_operation,inverse,9470,0.9767921609076844,9493,0.9791645177926767,factorized,existing_sample,9695,addition,val,existing_train_val_minocc100
present_operation,inverse,1138,1.0,1138,1.0,factorized,existing_sample,1138,deletion,val,existing_train_val_minocc100
populated_slot,itemRequiresStatement,14730,1.0,14730,1.0,factorized,existing_sample,14730,add_subject,val,existing_train_val_minocc100
populated_slot,itemRequiresStatement,14730,1.0,14730,1.0,factorized,existing_sample,14730,add_predicate,val,existing_train_val_minocc100
populated_slot,itemRequiresStatement,8101,0.5499660556687034,8404,0.5705363204344874,factorized,existing_sample,14730,add_object,val,existing_train_val_minocc100
populated_slot,itemRequiresStatement,329,1.0,329,1.0,factorized,existing_sample,329,del_subject,val,existing_train_val_minocc100
populated_slot,itemRequiresStatement,329,1.0,329,1.0,factorized,existing_sample,329,del_predicate,val,existing_train_val_minocc100
populated_slot,itemRequiresStatement,329,1.0,329,1.0,factorized,existing_sample,329,del_object,val,existing_train_val_minocc100
present_operation,itemRequiresStatement,8101,0.5499660556687034,8404,0.5705363204344874,factorized,existing_sample,14730,addition,val,existing_train_val_minocc100
present_operation,itemRequiresStatement,329,1.0,329,1.0,factorized,existing_sample,329,deletion,val,existing_train_val_minocc100
populated_slot,oneOf,735,1.0,735,1.0,factorized,existing_sample,735,add_subject,val,existing_train_val_minocc100
populated_slot,oneOf,735,1.0,735,1.0,factorized,existing_sample,735,add_predicate,val,existing_train_val_minocc100
populated_slot,oneOf,726,0.9877551020408163,726,0.9877551020408163,factorized,existing_sample,735,add_object,val,existing_train_val_minocc100
populated_slot,oneOf,1029,1.0,1029,1.0,factorized,existing_sample,1029,del_subject,val,existing_train_val_minocc100
populated_slot,oneOf,1029,1.0,1029,1.0,factorized,existing_sample,1029,del_predicate,val,existing_train_val_minocc100
populated_slot,oneOf,1029,1.0,1029,1.0,factorized,existing_sample,1029,del_object,val,existing_train_val_minocc100
present_operation,oneOf,726,0.9877551020408163,726,0.9877551020408163,factorized,existing_sample,735,addition,val,existing_train_val_minocc100
present_operation,oneOf,1029,1.0,1029,1.0,factorized,existing_sample,1029,deletion,val,existing_train_val_minocc100
populated_slot,single,2627,1.0,2627,1.0,factorized,existing_sample,2627,add_subject,val,existing_train_val_minocc100
populated_slot,single,2627,1.0,2627,1.0,factorized,existing_sample,2627,add_predicate,val,existing_train_val_minocc100
populated_slot,single,568,0.21621621621621623,600,0.22839741149600304,factorized,existing_sample,2627,add_object,val,existing_train_val_minocc100
populated_slot,single,17958,1.0,17958,1.0,factorized,existing_sample,17958,del_subject,val,existing_train_val_minocc100
populated_slot,single,17958,1.0,17958,1.0,factorized,existing_sample,17958,del_predicate,val,existing_train_val_minocc100
populated_slot,single,17733,0.9874707651186101,17838,0.993317741396592,factorized,existing_sample,17958,del_object,val,existing_train_val_minocc100
present_operation,single,568,0.21621621621621623,600,0.22839741149600304,factorized,existing_sample,2627,addition,val,existing_train_val_minocc100
present_operation,single,17733,0.9874707651186101,17838,0.993317741396592,factorized,existing_sample,17958,deletion,val,existing_train_val_minocc100
populated_slot,symmetric,4356,1.0,4356,1.0,factorized,existing_sample,4356,add_subject,val,existing_train_val_minocc100
populated_slot,symmetric,4356,1.0,4356,1.0,factorized,existing_sample,4356,add_predicate,val,existing_train_val_minocc100
populated_slot,symmetric,4297,0.986455463728191,4308,0.9889807162534435,factorized,existing_sample,4356,add_object,val,existing_train_val_minocc100
populated_slot,symmetric,199,1.0,199,1.0,factorized,existing_sample,199,del_subject,val,existing_train_val_minocc100
populated_slot,symmetric,199,1.0,199,1.0,factorized,existing_sample,199,del_predicate,val,existing_train_val_minocc100
populated_slot,symmetric,199,1.0,199,1.0,factorized,existing_sample,199,del_object,val,existing_train_val_minocc100
present_operation,symmetric,4297,0.986455463728191,4308,0.9889807162534435,factorized,existing_sample,4356,addition,val,existing_train_val_minocc100
present_operation,symmetric,199,1.0,199,1.0,factorized,existing_sample,199,deletion,val,existing_train_val_minocc100
populated_slot,type,14442,1.0,14442,1.0,factorized,existing_sample,14442,add_subject,val,existing_train_val_minocc100
populated_slot,type,14442,1.0,14442,1.0,factorized,existing_sample,14442,add_predicate,val,existing_train_val_minocc100
populated_slot,type,13791,0.9549231408392189,13831,0.9576928403268246,factorized,existing_sample,14442,add_object,val,existing_train_val_minocc100
populated_slot,type,854,1.0,854,1.0,factorized,existing_sample,854,del_subject,val,existing_train_val_minocc100
populated_slot,type,854,1.0,854,1.0,factorized,existing_sample,854,del_predicate,val,existing_train_val_minocc100
populated_slot,type,854,1.0,854,1.0,factorized,existing_sample,854,del_object,val,existing_train_val_minocc100
present_operation,type,13791,0.9549231408392189,13831,0.9576928403268246,factorized,existing_sample,14442,addition,val,existing_train_val_minocc100
present_operation,type,854,1.0,854,1.0,factorized,existing_sample,854,deletion,val,existing_train_val_minocc100
populated_slot,valueRequiresStatement,14658,1.0,14658,1.0,factorized,existing_sample,14658,add_subject,val,existing_train_val_minocc100
populated_slot,valueRequiresStatement,14658,1.0,14658,1.0,factorized,existing_sample,14658,add_predicate,val,existing_train_val_minocc100
populated_slot,valueRequiresStatement,12135,0.8278755628325829,12230,0.8343566653022241,factorized,existing_sample,14658,add_object,val,existing_train_val_minocc100
populated_slot,valueRequiresStatement,695,1.0,695,1.0,factorized,existing_sample,695,del_subject,val,existing_train_val_minocc100
populated_slot,valueRequiresStatement,695,1.0,695,1.0,factorized,existing_sample,695,del_predicate,val,existing_train_val_minocc100
populated_slot,valueRequiresStatement,695,1.0,695,1.0,factorized,existing_sample,695,del_object,val,existing_train_val_minocc100
present_operation,valueRequiresStatement,12135,0.8278755628325829,12230,0.8343566653022241,factorized,existing_sample,14658,addition,val,existing_train_val_minocc100
present_operation,valueRequiresStatement,695,1.0,695,1.0,factorized,existing_sample,695,deletion,val,existing_train_val_minocc100
populated_slot,valueType,14862,1.0,14862,1.0,factorized,existing_sample,14862,add_subject,val,existing_train_val_minocc100
populated_slot,valueType,14862,1.0,14862,1.0,factorized,existing_sample,14862,add_predicate,val,existing_train_val_minocc100
populated_slot,valueType,14273,0.9603687256089355,14340,0.964876867178038,factorized,existing_sample,14862,add_object,val,existing_train_val_minocc100
populated_slot,valueType,407,1.0,407,1.0,factorized,existing_sample,407,del_subject,val,existing_train_val_minocc100
populated_slot,valueType,407,1.0,407,1.0,factorized,existing_sample,407,del_predicate,val,existing_train_val_minocc100
populated_slot,valueType,407,1.0,407,1.0,factorized,existing_sample,407,del_object,val,existing_train_val_minocc100
present_operation,valueType,14273,0.9603687256089355,14340,0.964876867178038,factorized,existing_sample,14862,addition,val,existing_train_val_minocc100
present_operation,valueType,407,1.0,407,1.0,factorized,existing_sample,407,deletion,val,existing_train_val_minocc100
populated_slot,overall,538993,1.0,538993,1.0,passive,existing_sample,538993,add_subject,overall,clean_parent_train_minocc100
populated_slot,overall,538949,0.9999183662867607,538957,0.999933208780077,passive,existing_sample,538993,add_predicate,overall,clean_parent_train_minocc100
populated_slot,overall,443666,0.8231387049553519,447882,0.8309606989330103,passive,existing_sample,538993,add_object,overall,clean_parent_train_minocc100
populated_slot,overall,479488,1.0,479488,1.0,passive,existing_sample,479488,del_subject,overall,clean_parent_train_minocc100
populated_slot,overall,479488,1.0,479488,1.0,passive,existing_sample,479488,del_predicate,overall,clean_parent_train_minocc100
populated_slot,overall,474439,0.9894700180192205,475109,0.9908673418312867,passive,existing_sample,479488,del_object,overall,clean_parent_train_minocc100
present_operation,overall,443627,0.8230663478004353,447846,0.8308939077130871,passive,existing_sample,538993,addition,overall,clean_parent_train_minocc100
present_operation,overall,474439,0.9894700180192205,475109,0.9908673418312867,passive,existing_sample,479488,deletion,overall,clean_parent_train_minocc100
populated_slot,overall,80988,1.0,80988,1.0,passive,existing_sample,80988,add_subject,test,clean_parent_train_minocc100
populated_slot,overall,80963,0.9996913122931792,80965,0.9997160073097249,passive,existing_sample,80988,add_predicate,test,clean_parent_train_minocc100
populated_slot,overall,66535,0.8215414629327802,67185,0.82956734331012,passive,existing_sample,80988,add_object,test,clean_parent_train_minocc100
populated_slot,overall,71830,1.0,71830,1.0,passive,existing_sample,71830,del_subject,test,clean_parent_train_minocc100
populated_slot,overall,71830,1.0,71830,1.0,passive,existing_sample,71830,del_predicate,test,clean_parent_train_minocc100
populated_slot,overall,71085,0.9896282890157316,71178,0.9909230126688013,passive,existing_sample,71830,del_object,test,clean_parent_train_minocc100
present_operation,overall,66511,0.8212451227342322,67162,0.8292833506198449,passive,existing_sample,80988,addition,test,clean_parent_train_minocc100
present_operation,overall,71085,0.9896282890157316,71178,0.9909230126688013,passive,existing_sample,71830,deletion,test,clean_parent_train_minocc100
populated_slot,overall,377259,1.0,377259,1.0,passive,existing_sample,377259,add_subject,train,clean_parent_train_minocc100
populated_slot,overall,377256,0.9999920479034298,377256,0.9999920479034298,passive,existing_sample,377259,add_predicate,train,clean_parent_train_minocc100
populated_slot,overall,310667,0.8234846617310654,313595,0.8312459079836398,passive,existing_sample,377259,add_object,train,clean_parent_train_minocc100
populated_slot,overall,335724,1.0,335724,1.0,passive,existing_sample,335724,del_subject,train,clean_parent_train_minocc100
populated_slot,overall,335724,1.0,335724,1.0,passive,existing_sample,335724,del_predicate,train,clean_parent_train_minocc100
populated_slot,overall,332162,0.9893900942440814,332632,0.9907900537346154,passive,existing_sample,335724,del_object,train,clean_parent_train_minocc100
present_operation,overall,310664,0.8234767096344952,313592,0.8312379558870696,passive,existing_sample,377259,addition,train,clean_parent_train_minocc100
present_operation,overall,332162,0.9893900942440814,332632,0.9907900537346154,passive,existing_sample,335724,deletion,train,clean_parent_train_minocc100
populated_slot,overall,80746,1.0,80746,1.0,passive,existing_sample,80746,add_subject,val,clean_parent_train_minocc100
populated_slot,overall,80730,0.999801847769549,80736,0.9998761548559681,passive,existing_sample,80746,add_predicate,val,clean_parent_train_minocc100
populated_slot,overall,66464,0.8231243652936369,67102,0.8310256854828723,passive,existing_sample,80746,add_object,val,clean_parent_train_minocc100
populated_slot,overall,71934,1.0,71934,1.0,passive,existing_sample,71934,del_subject,val,clean_parent_train_minocc100
populated_slot,overall,71934,1.0,71934,1.0,passive,existing_sample,71934,del_predicate,val,clean_parent_train_minocc100
populated_slot,overall,71192,0.9896849890177106,71299,0.9911724636472322,passive,existing_sample,71934,del_object,val,clean_parent_train_minocc100
present_operation,overall,66452,0.8229757511207986,67092,0.8309018403388403,passive,existing_sample,80746,addition,val,clean_parent_train_minocc100
present_operation,overall,71192,0.9896849890177106,71299,0.9911724636472322,passive,existing_sample,71934,deletion,val,clean_parent_train_minocc100
populated_slot,conflictWith,17945,1.0,17945,1.0,passive,existing_sample,17945,add_subject,overall,clean_parent_train_minocc100
populated_slot,conflictWith,17940,0.9997213708553915,17941,0.9997770966843131,passive,existing_sample,17945,add_predicate,overall,clean_parent_train_minocc100
populated_slot,conflictWith,15545,0.8662580105879075,15735,0.8768459180830315,passive,existing_sample,17945,add_object,overall,clean_parent_train_minocc100
populated_slot,conflictWith,100612,1.0,100612,1.0,passive,existing_sample,100612,del_subject,overall,clean_parent_train_minocc100
populated_slot,conflictWith,100612,1.0,100612,1.0,passive,existing_sample,100612,del_predicate,overall,clean_parent_train_minocc100
populated_slot,conflictWith,97002,0.9641195881207013,97009,0.9641891623265615,passive,existing_sample,100612,del_object,overall,clean_parent_train_minocc100
present_operation,conflictWith,15540,0.865979381443299,15731,0.8766230147673446,passive,existing_sample,17945,addition,overall,clean_parent_train_minocc100
present_operation,conflictWith,97002,0.9641195881207013,97009,0.9641891623265615,passive,existing_sample,100612,deletion,overall,clean_parent_train_minocc100
populated_slot,distinct,13175,1.0,13175,1.0,passive,existing_sample,13175,add_subject,overall,clean_parent_train_minocc100
populated_slot,distinct,13175,1.0,13175,1.0,passive,existing_sample,13175,add_predicate,overall,clean_parent_train_minocc100
populated_slot,distinct,6576,0.4991271347248577,6586,0.4998861480075901,passive,existing_sample,13175,add_object,overall,clean_parent_train_minocc100
populated_slot,distinct,228208,1.0,228208,1.0,passive,existing_sample,228208,del_subject,overall,clean_parent_train_minocc100
populated_slot,distinct,228208,1.0,228208,1.0,passive,existing_sample,228208,del_predicate,overall,clean_parent_train_minocc100
populated_slot,distinct,228208,1.0,228208,1.0,passive,existing_sample,228208,del_object,overall,clean_parent_train_minocc100
present_operation,distinct,6576,0.4991271347248577,6586,0.4998861480075901,passive,existing_sample,13175,addition,overall,clean_parent_train_minocc100
present_operation,distinct,228208,1.0,228208,1.0,passive,existing_sample,228208,deletion,overall,clean_parent_train_minocc100
populated_slot,inverse,64683,1.0,64683,1.0,passive,existing_sample,64683,add_subject,overall,clean_parent_train_minocc100
populated_slot,inverse,64679,0.9999381599492911,64679,0.9999381599492911,passive,existing_sample,64683,add_predicate,overall,clean_parent_train_minocc100
populated_slot,inverse,63181,0.9767790609588299,63333,0.979128982885766,passive,existing_sample,64683,add_object,overall,clean_parent_train_minocc100
populated_slot,inverse,7812,1.0,7812,1.0,passive,existing_sample,7812,del_subject,overall,clean_parent_train_minocc100
populated_slot,inverse,7812,1.0,7812,1.0,passive,existing_sample,7812,del_predicate,overall,clean_parent_train_minocc100
populated_slot,inverse,7812,1.0,7812,1.0,passive,existing_sample,7812,del_object,overall,clean_parent_train_minocc100
present_operation,inverse,63177,0.9767172209081212,63329,0.9790671428350571,passive,existing_sample,64683,addition,overall,clean_parent_train_minocc100
present_operation,inverse,7812,1.0,7812,1.0,passive,existing_sample,7812,deletion,overall,clean_parent_train_minocc100
populated_slot,itemRequiresStatement,98303,1.0,98303,1.0,passive,existing_sample,98303,add_subject,overall,clean_parent_train_minocc100
populated_slot,itemRequiresStatement,98296,0.9999287915933389,98301,0.999979654740954,passive,existing_sample,98303,add_predicate,overall,clean_parent_train_minocc100
populated_slot,itemRequiresStatement,53379,0.5430047913085053,55436,0.5639298902373274,passive,existing_sample,98303,add_object,overall,clean_parent_train_minocc100
populated_slot,itemRequiresStatement,2231,1.0,2231,1.0,passive,existing_sample,2231,del_subject,overall,clean_parent_train_minocc100
populated_slot,itemRequiresStatement,2231,1.0,2231,1.0,passive,existing_sample,2231,del_predicate,overall,clean_parent_train_minocc100
populated_slot,itemRequiresStatement,2231,1.0,2231,1.0,passive,existing_sample,2231,del_object,overall,clean_parent_train_minocc100
present_operation,itemRequiresStatement,53377,0.5429844460494593,55434,0.5639095449782814,passive,existing_sample,98303,addition,overall,clean_parent_train_minocc100
present_operation,itemRequiresStatement,2231,1.0,2231,1.0,passive,existing_sample,2231,deletion,overall,clean_parent_train_minocc100
populated_slot,oneOf,5054,1.0,5054,1.0,passive,existing_sample,5054,add_subject,overall,clean_parent_train_minocc100
populated_slot,oneOf,5053,0.9998021369212505,5053,0.9998021369212505,passive,existing_sample,5054,add_predicate,overall,clean_parent_train_minocc100
populated_slot,oneOf,4990,0.9873367629600317,5003,0.9899089829837753,passive,existing_sample,5054,add_object,overall,clean_parent_train_minocc100
populated_slot,oneOf,6855,1.0,6855,1.0,passive,existing_sample,6855,del_subject,overall,clean_parent_train_minocc100
populated_slot,oneOf,6855,1.0,6855,1.0,passive,existing_sample,6855,del_predicate,overall,clean_parent_train_minocc100
populated_slot,oneOf,6855,1.0,6855,1.0,passive,existing_sample,6855,del_object,overall,clean_parent_train_minocc100
present_operation,oneOf,4989,0.9871388998812821,5002,0.9897111199050257,passive,existing_sample,5054,addition,overall,clean_parent_train_minocc100
present_operation,oneOf,6855,1.0,6855,1.0,passive,existing_sample,6855,deletion,overall,clean_parent_train_minocc100
populated_slot,single,17610,1.0,17610,1.0,passive,existing_sample,17610,add_subject,overall,clean_parent_train_minocc100
populated_slot,single,17594,0.9990914253265191,17596,0.9992049971607041,passive,existing_sample,17610,add_predicate,overall,clean_parent_train_minocc100
populated_slot,single,3502,0.1988642816581488,3723,0.21141396933560477,passive,existing_sample,17610,add_object,overall,clean_parent_train_minocc100
populated_slot,single,119723,1.0,119723,1.0,passive,existing_sample,119723,del_subject,overall,clean_parent_train_minocc100
populated_slot,single,119723,1.0,119723,1.0,passive,existing_sample,119723,del_predicate,overall,clean_parent_train_minocc100
populated_slot,single,118284,0.987980588525179,118947,0.9935183715743842,passive,existing_sample,119723,del_object,overall,clean_parent_train_minocc100
present_operation,single,3486,0.1979557069846678,3709,0.21061896649630893,passive,existing_sample,17610,addition,overall,clean_parent_train_minocc100
present_operation,single,118284,0.987980588525179,118947,0.9935183715743842,passive,existing_sample,119723,deletion,overall,clean_parent_train_minocc100
populated_slot,symmetric,28830,1.0,28830,1.0,passive,existing_sample,28830,add_subject,overall,clean_parent_train_minocc100
populated_slot,symmetric,28827,0.9998959417273673,28827,0.9998959417273673,passive,existing_sample,28830,add_predicate,overall,clean_parent_train_minocc100
populated_slot,symmetric,28395,0.9849115504682622,28442,0.9865417967395075,passive,existing_sample,28830,add_object,overall,clean_parent_train_minocc100
populated_slot,symmetric,1343,1.0,1343,1.0,passive,existing_sample,1343,del_subject,overall,clean_parent_train_minocc100
populated_slot,symmetric,1343,1.0,1343,1.0,passive,existing_sample,1343,del_predicate,overall,clean_parent_train_minocc100
populated_slot,symmetric,1343,1.0,1343,1.0,passive,existing_sample,1343,del_object,overall,clean_parent_train_minocc100
present_operation,symmetric,28392,0.9848074921956296,28439,0.9864377384668748,passive,existing_sample,28830,addition,overall,clean_parent_train_minocc100
present_operation,symmetric,1343,1.0,1343,1.0,passive,existing_sample,1343,deletion,overall,clean_parent_train_minocc100
populated_slot,type,96508,1.0,96508,1.0,passive,existing_sample,96508,add_subject,overall,clean_parent_train_minocc100
populated_slot,type,96504,0.9999585526588469,96504,0.9999585526588469,passive,existing_sample,96508,add_predicate,overall,clean_parent_train_minocc100
populated_slot,type,91931,0.9525738798856054,92299,0.9563870352716873,passive,existing_sample,96508,add_object,overall,clean_parent_train_minocc100
populated_slot,type,5618,1.0,5618,1.0,passive,existing_sample,5618,del_subject,overall,clean_parent_train_minocc100
populated_slot,type,5618,1.0,5618,1.0,passive,existing_sample,5618,del_predicate,overall,clean_parent_train_minocc100
populated_slot,type,5618,1.0,5618,1.0,passive,existing_sample,5618,del_object,overall,clean_parent_train_minocc100
present_operation,type,91927,0.9525324325444523,92295,0.9563455879305343,passive,existing_sample,96508,addition,overall,clean_parent_train_minocc100
present_operation,type,5618,1.0,5618,1.0,passive,existing_sample,5618,deletion,overall,clean_parent_train_minocc100
populated_slot,valueRequiresStatement,97782,1.0,97782,1.0,passive,existing_sample,97782,add_subject,overall,clean_parent_train_minocc100
populated_slot,valueRequiresStatement,97780,0.9999795463377718,97780,0.9999795463377718,passive,existing_sample,97782,add_predicate,overall,clean_parent_train_minocc100
populated_slot,valueRequiresStatement,80987,0.828240371438506,81751,0.8360536704096868,passive,existing_sample,97782,add_object,overall,clean_parent_train_minocc100
populated_slot,valueRequiresStatement,4496,1.0,4496,1.0,passive,existing_sample,4496,del_subject,overall,clean_parent_train_minocc100
populated_slot,valueRequiresStatement,4496,1.0,4496,1.0,passive,existing_sample,4496,del_predicate,overall,clean_parent_train_minocc100
populated_slot,valueRequiresStatement,4496,1.0,4496,1.0,passive,existing_sample,4496,del_object,overall,clean_parent_train_minocc100
present_operation,valueRequiresStatement,80985,0.8282199177762778,81749,0.8360332167474587,passive,existing_sample,97782,addition,overall,clean_parent_train_minocc100
present_operation,valueRequiresStatement,4496,1.0,4496,1.0,passive,existing_sample,4496,deletion,overall,clean_parent_train_minocc100
populated_slot,valueType,99103,1.0,99103,1.0,passive,existing_sample,99103,add_subject,overall,clean_parent_train_minocc100
populated_slot,valueType,99101,0.9999798189762167,99101,0.9999798189762167,passive,existing_sample,99103,add_predicate,overall,clean_parent_train_minocc100
populated_slot,valueType,95180,0.9604149218489854,95574,0.9643905835343027,passive,existing_sample,99103,add_object,overall,clean_parent_train_minocc100
populated_slot,valueType,2590,1.0,2590,1.0,passive,existing_sample,2590,del_subject,overall,clean_parent_train_minocc100
populated_slot,valueType,2590,1.0,2590,1.0,passive,existing_sample,2590,del_predicate,overall,clean_parent_train_minocc100
populated_slot,valueType,2590,1.0,2590,1.0,passive,existing_sample,2590,del_object,overall,clean_parent_train_minocc100
present_operation,valueType,95178,0.960394740825202,95572,0.9643704025105193,passive,existing_sample,99103,addition,overall,clean_parent_train_minocc100
present_operation,valueType,2590,1.0,2590,1.0,passive,existing_sample,2590,deletion,overall,clean_parent_train_minocc100
populated_slot,conflictWith,2724,1.0,2724,1.0,passive,existing_sample,2724,add_subject,test,clean_parent_train_minocc100
populated_slot,conflictWith,2721,0.998898678414097,2721,0.998898678414097,passive,existing_sample,2724,add_predicate,test,clean_parent_train_minocc100
populated_slot,conflictWith,2357,0.8652716593245228,2388,0.8766519823788547,passive,existing_sample,2724,add_object,test,clean_parent_train_minocc100
populated_slot,conflictWith,15093,1.0,15093,1.0,passive,existing_sample,15093,del_subject,test,clean_parent_train_minocc100
populated_slot,conflictWith,15093,1.0,15093,1.0,passive,existing_sample,15093,del_predicate,test,clean_parent_train_minocc100
populated_slot,conflictWith,14557,0.9644868482077784,14557,0.9644868482077784,passive,existing_sample,15093,del_object,test,clean_parent_train_minocc100
present_operation,conflictWith,2354,0.8641703377386197,2385,0.8755506607929515,passive,existing_sample,2724,addition,test,clean_parent_train_minocc100
present_operation,conflictWith,14557,0.9644868482077784,14557,0.9644868482077784,passive,existing_sample,15093,deletion,test,clean_parent_train_minocc100
populated_slot,distinct,2016,1.0,2016,1.0,passive,existing_sample,2016,add_subject,test,clean_parent_train_minocc100
populated_slot,distinct,2016,1.0,2016,1.0,passive,existing_sample,2016,add_predicate,test,clean_parent_train_minocc100
populated_slot,distinct,1010,0.5009920634920635,1010,0.5009920634920635,passive,existing_sample,2016,add_object,test,clean_parent_train_minocc100
populated_slot,distinct,34232,1.0,34232,1.0,passive,existing_sample,34232,del_subject,test,clean_parent_train_minocc100
populated_slot,distinct,34232,1.0,34232,1.0,passive,existing_sample,34232,del_predicate,test,clean_parent_train_minocc100
populated_slot,distinct,34232,1.0,34232,1.0,passive,existing_sample,34232,del_object,test,clean_parent_train_minocc100
present_operation,distinct,1010,0.5009920634920635,1010,0.5009920634920635,passive,existing_sample,2016,addition,test,clean_parent_train_minocc100
present_operation,distinct,34232,1.0,34232,1.0,passive,existing_sample,34232,deletion,test,clean_parent_train_minocc100
populated_slot,inverse,9704,1.0,9704,1.0,passive,existing_sample,9704,add_subject,test,clean_parent_train_minocc100
populated_slot,inverse,9702,0.9997938994229184,9702,0.9997938994229184,passive,existing_sample,9704,add_predicate,test,clean_parent_train_minocc100
populated_slot,inverse,9502,0.9791838417147568,9524,0.9814509480626545,passive,existing_sample,9704,add_object,test,clean_parent_train_minocc100
populated_slot,inverse,1161,1.0,1161,1.0,passive,existing_sample,1161,del_subject,test,clean_parent_train_minocc100
populated_slot,inverse,1161,1.0,1161,1.0,passive,existing_sample,1161,del_predicate,test,clean_parent_train_minocc100
populated_slot,inverse,1161,1.0,1161,1.0,passive,existing_sample,1161,del_object,test,clean_parent_train_minocc100
present_operation,inverse,9500,0.9789777411376752,9522,0.981244847485573,passive,existing_sample,9704,addition,test,clean_parent_train_minocc100
present_operation,inverse,1161,1.0,1161,1.0,passive,existing_sample,1161,deletion,test,clean_parent_train_minocc100
populated_slot,itemRequiresStatement,14742,1.0,14742,1.0,passive,existing_sample,14742,add_subject,test,clean_parent_train_minocc100
populated_slot,itemRequiresStatement,14739,0.9997964997964998,14740,0.9998643331976665,passive,existing_sample,14742,add_predicate,test,clean_parent_train_minocc100
populated_slot,itemRequiresStatement,7909,0.5364943698277032,8221,0.5576583909917243,passive,existing_sample,14742,add_object,test,clean_parent_train_minocc100
populated_slot,itemRequiresStatement,326,1.0,326,1.0,passive,existing_sample,326,del_subject,test,clean_parent_train_minocc100
populated_slot,itemRequiresStatement,326,1.0,326,1.0,passive,existing_sample,326,del_predicate,test,clean_parent_train_minocc100
populated_slot,itemRequiresStatement,326,1.0,326,1.0,passive,existing_sample,326,del_object,test,clean_parent_train_minocc100
present_operation,itemRequiresStatement,7907,0.5363587030253697,8219,0.5575227241893909,passive,existing_sample,14742,addition,test,clean_parent_train_minocc100
present_operation,itemRequiresStatement,326,1.0,326,1.0,passive,existing_sample,326,deletion,test,clean_parent_train_minocc100
populated_slot,oneOf,779,1.0,779,1.0,passive,existing_sample,779,add_subject,test,clean_parent_train_minocc100
populated_slot,oneOf,778,0.9987163029525032,778,0.9987163029525032,passive,existing_sample,779,add_predicate,test,clean_parent_train_minocc100
populated_slot,oneOf,766,0.9833119383825417,770,0.9884467265725289,passive,existing_sample,779,add_object,test,clean_parent_train_minocc100
populated_slot,oneOf,1028,1.0,1028,1.0,passive,existing_sample,1028,del_subject,test,clean_parent_train_minocc100
populated_slot,oneOf,1028,1.0,1028,1.0,passive,existing_sample,1028,del_predicate,test,clean_parent_train_minocc100
populated_slot,oneOf,1028,1.0,1028,1.0,passive,existing_sample,1028,del_object,test,clean_parent_train_minocc100
present_operation,oneOf,765,0.982028241335045,769,0.9871630295250321,passive,existing_sample,779,addition,test,clean_parent_train_minocc100
present_operation,oneOf,1028,1.0,1028,1.0,passive,existing_sample,1028,deletion,test,clean_parent_train_minocc100
populated_slot,single,2666,1.0,2666,1.0,passive,existing_sample,2666,add_subject,test,clean_parent_train_minocc100
populated_slot,single,2659,0.9973743435858965,2660,0.9977494373593399,passive,existing_sample,2666,add_predicate,test,clean_parent_train_minocc100
populated_slot,single,492,0.18454613653413354,526,0.1972993248312078,passive,existing_sample,2666,add_object,test,clean_parent_train_minocc100
populated_slot,single,17958,1.0,17958,1.0,passive,existing_sample,17958,del_subject,test,clean_parent_train_minocc100
populated_slot,single,17958,1.0,17958,1.0,passive,existing_sample,17958,del_predicate,test,clean_parent_train_minocc100
populated_slot,single,17749,0.9883617329323978,17842,0.993540483350039,passive,existing_sample,17958,del_object,test,clean_parent_train_minocc100
present_operation,single,485,0.18192048012003,520,0.19504876219054765,passive,existing_sample,2666,addition,test,clean_parent_train_minocc100
present_operation,single,17749,0.9883617329323978,17842,0.993540483350039,passive,existing_sample,17958,deletion,test,clean_parent_train_minocc100
populated_slot,symmetric,4293,1.0,4293,1.0,passive,existing_sample,4293,add_subject,test,clean_parent_train_minocc100
populated_slot,symmetric,4290,0.9993011879804332,4290,0.9993011879804332,passive,existing_sample,4293,add_predicate,test,clean_parent_train_minocc100
populated_slot,symmetric,4234,0.9862566969485208,4238,0.9871884463079431,passive,existing_sample,4293,add_object,test,clean_parent_train_minocc100
populated_slot,symmetric,194,1.0,194,1.0,passive,existing_sample,194,del_subject,test,clean_parent_train_minocc100
populated_slot,symmetric,194,1.0,194,1.0,passive,existing_sample,194,del_predicate,test,clean_parent_train_minocc100
populated_slot,symmetric,194,1.0,194,1.0,passive,existing_sample,194,del_object,test,clean_parent_train_minocc100
present_operation,symmetric,4231,0.9855578849289541,4235,0.9864896342883764,passive,existing_sample,4293,addition,test,clean_parent_train_minocc100
present_operation,symmetric,194,1.0,194,1.0,passive,existing_sample,194,deletion,test,clean_parent_train_minocc100
populated_slot,type,14501,1.0,14501,1.0,passive,existing_sample,14501,add_subject,test,clean_parent_train_minocc100
populated_slot,type,14498,0.9997931177160195,14498,0.9997931177160195,passive,existing_sample,14501,add_predicate,test,clean_parent_train_minocc100
populated_slot,type,13795,0.9513137025032756,13861,0.9558651127508447,passive,existing_sample,14501,add_object,test,clean_parent_train_minocc100
populated_slot,type,836,1.0,836,1.0,passive,existing_sample,836,del_subject,test,clean_parent_train_minocc100
populated_slot,type,836,1.0,836,1.0,passive,existing_sample,836,del_predicate,test,clean_parent_train_minocc100
populated_slot,type,836,1.0,836,1.0,passive,existing_sample,836,del_object,test,clean_parent_train_minocc100
present_operation,type,13792,0.9511068202192953,13858,0.9556582304668644,passive,existing_sample,14501,addition,test,clean_parent_train_minocc100
present_operation,type,836,1.0,836,1.0,passive,existing_sample,836,deletion,test,clean_parent_train_minocc100
populated_slot,valueRequiresStatement,14689,1.0,14689,1.0,passive,existing_sample,14689,add_subject,test,clean_parent_train_minocc100
populated_slot,valueRequiresStatement,14688,0.9999319218462795,14688,0.9999319218462795,passive,existing_sample,14689,add_predicate,test,clean_parent_train_minocc100
populated_slot,valueRequiresStatement,12186,0.8296003812376609,12306,0.8377697596841174,passive,existing_sample,14689,add_object,test,clean_parent_train_minocc100
populated_slot,valueRequiresStatement,637,1.0,637,1.0,passive,existing_sample,637,del_subject,test,clean_parent_train_minocc100
populated_slot,valueRequiresStatement,637,1.0,637,1.0,passive,existing_sample,637,del_predicate,test,clean_parent_train_minocc100
populated_slot,valueRequiresStatement,637,1.0,637,1.0,passive,existing_sample,637,del_object,test,clean_parent_train_minocc100
present_operation,valueRequiresStatement,12185,0.8295323030839403,12305,0.8377016815303969,passive,existing_sample,14689,addition,test,clean_parent_train_minocc100
present_operation,valueRequiresStatement,637,1.0,637,1.0,passive,existing_sample,637,deletion,test,clean_parent_train_minocc100
populated_slot,valueType,14874,1.0,14874,1.0,passive,existing_sample,14874,add_subject,test,clean_parent_train_minocc100
populated_slot,valueType,14872,0.99986553717897,14872,0.99986553717897,passive,existing_sample,14874,add_predicate,test,clean_parent_train_minocc100
populated_slot,valueType,14284,0.9603334677961544,14341,0.9641656581955089,passive,existing_sample,14874,add_object,test,clean_parent_train_minocc100
populated_slot,valueType,365,1.0,365,1.0,passive,existing_sample,365,del_subject,test,clean_parent_train_minocc100
populated_slot,valueType,365,1.0,365,1.0,passive,existing_sample,365,del_predicate,test,clean_parent_train_minocc100
populated_slot,valueType,365,1.0,365,1.0,passive,existing_sample,365,del_object,test,clean_parent_train_minocc100
present_operation,valueType,14282,0.9601990049751243,14339,0.964031195374479,passive,existing_sample,14874,addition,test,clean_parent_train_minocc100
present_operation,valueType,365,1.0,365,1.0,passive,existing_sample,365,deletion,test,clean_parent_train_minocc100
populated_slot,conflictWith,12505,1.0,12505,1.0,passive,existing_sample,12505,add_subject,train,clean_parent_train_minocc100
populated_slot,conflictWith,12505,1.0,12505,1.0,passive,existing_sample,12505,add_predicate,train,clean_parent_train_minocc100
populated_slot,conflictWith,10844,0.867173130747701,10970,0.877249100359856,passive,existing_sample,12505,add_object,train,clean_parent_train_minocc100
populated_slot,conflictWith,70427,1.0,70427,1.0,passive,existing_sample,70427,del_subject,train,clean_parent_train_minocc100
populated_slot,conflictWith,70427,1.0,70427,1.0,passive,existing_sample,70427,del_predicate,train,clean_parent_train_minocc100
populated_slot,conflictWith,67869,0.9636787027702444,67875,0.9637638973689068,passive,existing_sample,70427,del_object,train,clean_parent_train_minocc100
present_operation,conflictWith,10844,0.867173130747701,10970,0.877249100359856,passive,existing_sample,12505,addition,train,clean_parent_train_minocc100
present_operation,conflictWith,67869,0.9636787027702444,67875,0.9637638973689068,passive,existing_sample,70427,deletion,train,clean_parent_train_minocc100
populated_slot,distinct,9234,1.0,9234,1.0,passive,existing_sample,9234,add_subject,train,clean_parent_train_minocc100
populated_slot,distinct,9234,1.0,9234,1.0,passive,existing_sample,9234,add_predicate,train,clean_parent_train_minocc100
populated_slot,distinct,4601,0.4982672731210743,4610,0.49924193199047,passive,existing_sample,9234,add_object,train,clean_parent_train_minocc100
populated_slot,distinct,159743,1.0,159743,1.0,passive,existing_sample,159743,del_subject,train,clean_parent_train_minocc100
populated_slot,distinct,159743,1.0,159743,1.0,passive,existing_sample,159743,del_predicate,train,clean_parent_train_minocc100
populated_slot,distinct,159743,1.0,159743,1.0,passive,existing_sample,159743,del_object,train,clean_parent_train_minocc100
present_operation,distinct,4601,0.4982672731210743,4610,0.49924193199047,passive,existing_sample,9234,addition,train,clean_parent_train_minocc100
present_operation,distinct,159743,1.0,159743,1.0,passive,existing_sample,159743,deletion,train,clean_parent_train_minocc100
populated_slot,inverse,45284,1.0,45284,1.0,passive,existing_sample,45284,add_subject,train,clean_parent_train_minocc100
populated_slot,inverse,45284,1.0,45284,1.0,passive,existing_sample,45284,add_predicate,train,clean_parent_train_minocc100
populated_slot,inverse,44214,0.9763713452875188,44319,0.9786900450490239,passive,existing_sample,45284,add_object,train,clean_parent_train_minocc100
populated_slot,inverse,5513,1.0,5513,1.0,passive,existing_sample,5513,del_subject,train,clean_parent_train_minocc100
populated_slot,inverse,5513,1.0,5513,1.0,passive,existing_sample,5513,del_predicate,train,clean_parent_train_minocc100
populated_slot,inverse,5513,1.0,5513,1.0,passive,existing_sample,5513,del_object,train,clean_parent_train_minocc100
present_operation,inverse,44214,0.9763713452875188,44319,0.9786900450490239,passive,existing_sample,45284,addition,train,clean_parent_train_minocc100
present_operation,inverse,5513,1.0,5513,1.0,passive,existing_sample,5513,deletion,train,clean_parent_train_minocc100
populated_slot,itemRequiresStatement,68831,1.0,68831,1.0,passive,existing_sample,68831,add_subject,train,clean_parent_train_minocc100
populated_slot,itemRequiresStatement,68831,1.0,68831,1.0,passive,existing_sample,68831,add_predicate,train,clean_parent_train_minocc100
populated_slot,itemRequiresStatement,37473,0.5444203919745464,38908,0.5652685563191004,passive,existing_sample,68831,add_object,train,clean_parent_train_minocc100
populated_slot,itemRequiresStatement,1576,1.0,1576,1.0,passive,existing_sample,1576,del_subject,train,clean_parent_train_minocc100
populated_slot,itemRequiresStatement,1576,1.0,1576,1.0,passive,existing_sample,1576,del_predicate,train,clean_parent_train_minocc100
populated_slot,itemRequiresStatement,1576,1.0,1576,1.0,passive,existing_sample,1576,del_object,train,clean_parent_train_minocc100
present_operation,itemRequiresStatement,37473,0.5444203919745464,38908,0.5652685563191004,passive,existing_sample,68831,addition,train,clean_parent_train_minocc100
present_operation,itemRequiresStatement,1576,1.0,1576,1.0,passive,existing_sample,1576,deletion,train,clean_parent_train_minocc100
populated_slot,oneOf,3540,1.0,3540,1.0,passive,existing_sample,3540,add_subject,train,clean_parent_train_minocc100
populated_slot,oneOf,3540,1.0,3540,1.0,passive,existing_sample,3540,add_predicate,train,clean_parent_train_minocc100
populated_slot,oneOf,3507,0.9906779661016949,3507,0.9906779661016949,passive,existing_sample,3540,add_object,train,clean_parent_train_minocc100
populated_slot,oneOf,4798,1.0,4798,1.0,passive,existing_sample,4798,del_subject,train,clean_parent_train_minocc100
populated_slot,oneOf,4798,1.0,4798,1.0,passive,existing_sample,4798,del_predicate,train,clean_parent_train_minocc100
populated_slot,oneOf,4798,1.0,4798,1.0,passive,existing_sample,4798,del_object,train,clean_parent_train_minocc100
present_operation,oneOf,3507,0.9906779661016949,3507,0.9906779661016949,passive,existing_sample,3540,addition,train,clean_parent_train_minocc100
present_operation,oneOf,4798,1.0,4798,1.0,passive,existing_sample,4798,deletion,train,clean_parent_train_minocc100
populated_slot,single,12317,1.0,12317,1.0,passive,existing_sample,12317,add_subject,train,clean_parent_train_minocc100
populated_slot,single,12314,0.9997564341966388,12314,0.9997564341966388,passive,existing_sample,12317,add_predicate,train,clean_parent_train_minocc100
populated_slot,single,2469,0.20045465616627425,2623,0.21295770073881626,passive,existing_sample,12317,add_object,train,clean_parent_train_minocc100
populated_slot,single,83807,1.0,83807,1.0,passive,existing_sample,83807,del_subject,train,clean_parent_train_minocc100
populated_slot,single,83807,1.0,83807,1.0,passive,existing_sample,83807,del_predicate,train,clean_parent_train_minocc100
populated_slot,single,82803,0.9880200937869151,83267,0.9935566241483408,passive,existing_sample,83807,del_object,train,clean_parent_train_minocc100
present_operation,single,2466,0.20021109036291304,2620,0.21271413493545507,passive,existing_sample,12317,addition,train,clean_parent_train_minocc100
present_operation,single,82803,0.9880200937869151,83267,0.9935566241483408,passive,existing_sample,83807,deletion,train,clean_parent_train_minocc100
populated_slot,symmetric,20181,1.0,20181,1.0,passive,existing_sample,20181,add_subject,train,clean_parent_train_minocc100
populated_slot,symmetric,20181,1.0,20181,1.0,passive,existing_sample,20181,add_predicate,train,clean_parent_train_minocc100
populated_slot,symmetric,19867,0.9844408106634953,19898,0.9859769089737872,passive,existing_sample,20181,add_object,train,clean_parent_train_minocc100
populated_slot,symmetric,950,1.0,950,1.0,passive,existing_sample,950,del_subject,train,clean_parent_train_minocc100
populated_slot,symmetric,950,1.0,950,1.0,passive,existing_sample,950,del_predicate,train,clean_parent_train_minocc100
populated_slot,symmetric,950,1.0,950,1.0,passive,existing_sample,950,del_object,train,clean_parent_train_minocc100
present_operation,symmetric,19867,0.9844408106634953,19898,0.9859769089737872,passive,existing_sample,20181,addition,train,clean_parent_train_minocc100
present_operation,symmetric,950,1.0,950,1.0,passive,existing_sample,950,deletion,train,clean_parent_train_minocc100
populated_slot,type,67565,1.0,67565,1.0,passive,existing_sample,67565,add_subject,train,clean_parent_train_minocc100
populated_slot,type,67565,1.0,67565,1.0,passive,existing_sample,67565,add_predicate,train,clean_parent_train_minocc100
populated_slot,type,64360,0.9525641974395027,64618,0.9563827425442167,passive,existing_sample,67565,add_object,train,clean_parent_train_minocc100
populated_slot,type,3928,1.0,3928,1.0,passive,existing_sample,3928,del_subject,train,clean_parent_train_minocc100
populated_slot,type,3928,1.0,3928,1.0,passive,existing_sample,3928,del_predicate,train,clean_parent_train_minocc100
populated_slot,type,3928,1.0,3928,1.0,passive,existing_sample,3928,del_object,train,clean_parent_train_minocc100
present_operation,type,64360,0.9525641974395027,64618,0.9563827425442167,passive,existing_sample,67565,addition,train,clean_parent_train_minocc100
present_operation,type,3928,1.0,3928,1.0,passive,existing_sample,3928,deletion,train,clean_parent_train_minocc100
populated_slot,valueRequiresStatement,68435,1.0,68435,1.0,passive,existing_sample,68435,add_subject,train,clean_parent_train_minocc100
populated_slot,valueRequiresStatement,68435,1.0,68435,1.0,passive,existing_sample,68435,add_predicate,train,clean_parent_train_minocc100
populated_slot,valueRequiresStatement,56699,0.8285088039745744,57241,0.8364287279900635,passive,existing_sample,68435,add_object,train,clean_parent_train_minocc100
populated_slot,valueRequiresStatement,3164,1.0,3164,1.0,passive,existing_sample,3164,del_subject,train,clean_parent_train_minocc100
populated_slot,valueRequiresStatement,3164,1.0,3164,1.0,passive,existing_sample,3164,del_predicate,train,clean_parent_train_minocc100
populated_slot,valueRequiresStatement,3164,1.0,3164,1.0,passive,existing_sample,3164,del_object,train,clean_parent_train_minocc100
present_operation,valueRequiresStatement,56699,0.8285088039745744,57241,0.8364287279900635,passive,existing_sample,68435,addition,train,clean_parent_train_minocc100
present_operation,valueRequiresStatement,3164,1.0,3164,1.0,passive,existing_sample,3164,deletion,train,clean_parent_train_minocc100
populated_slot,valueType,69367,1.0,69367,1.0,passive,existing_sample,69367,add_subject,train,clean_parent_train_minocc100
populated_slot,valueType,69367,1.0,69367,1.0,passive,existing_sample,69367,add_predicate,train,clean_parent_train_minocc100
populated_slot,valueType,66633,0.9605864460045843,66901,0.964449954589358,passive,existing_sample,69367,add_object,train,clean_parent_train_minocc100
populated_slot,valueType,1818,1.0,1818,1.0,passive,existing_sample,1818,del_subject,train,clean_parent_train_minocc100
populated_slot,valueType,1818,1.0,1818,1.0,passive,existing_sample,1818,del_predicate,train,clean_parent_train_minocc100
populated_slot,valueType,1818,1.0,1818,1.0,passive,existing_sample,1818,del_object,train,clean_parent_train_minocc100
present_operation,valueType,66633,0.9605864460045843,66901,0.964449954589358,passive,existing_sample,69367,addition,train,clean_parent_train_minocc100
present_operation,valueType,1818,1.0,1818,1.0,passive,existing_sample,1818,deletion,train,clean_parent_train_minocc100
populated_slot,conflictWith,2716,1.0,2716,1.0,passive,existing_sample,2716,add_subject,val,clean_parent_train_minocc100
populated_slot,conflictWith,2714,0.9992636229749632,2715,0.9996318114874816,passive,existing_sample,2716,add_predicate,val,clean_parent_train_minocc100
populated_slot,conflictWith,2344,0.8630338733431517,2377,0.8751840942562592,passive,existing_sample,2716,add_object,val,clean_parent_train_minocc100
populated_slot,conflictWith,15092,1.0,15092,1.0,passive,existing_sample,15092,del_subject,val,clean_parent_train_minocc100
populated_slot,conflictWith,15092,1.0,15092,1.0,passive,existing_sample,15092,del_predicate,val,clean_parent_train_minocc100
populated_slot,conflictWith,14576,0.9658097005035781,14577,0.9658759607739199,passive,existing_sample,15092,del_object,val,clean_parent_train_minocc100
present_operation,conflictWith,2342,0.8622974963181149,2376,0.8748159057437408,passive,existing_sample,2716,addition,val,clean_parent_train_minocc100
present_operation,conflictWith,14576,0.9658097005035781,14577,0.9658759607739199,passive,existing_sample,15092,deletion,val,clean_parent_train_minocc100
populated_slot,distinct,1925,1.0,1925,1.0,passive,existing_sample,1925,add_subject,val,clean_parent_train_minocc100
populated_slot,distinct,1925,1.0,1925,1.0,passive,existing_sample,1925,add_predicate,val,clean_parent_train_minocc100
populated_slot,distinct,965,0.5012987012987012,966,0.5018181818181818,passive,existing_sample,1925,add_object,val,clean_parent_train_minocc100
populated_slot,distinct,34233,1.0,34233,1.0,passive,existing_sample,34233,del_subject,val,clean_parent_train_minocc100
populated_slot,distinct,34233,1.0,34233,1.0,passive,existing_sample,34233,del_predicate,val,clean_parent_train_minocc100
populated_slot,distinct,34233,1.0,34233,1.0,passive,existing_sample,34233,del_object,val,clean_parent_train_minocc100
present_operation,distinct,965,0.5012987012987012,966,0.5018181818181818,passive,existing_sample,1925,addition,val,clean_parent_train_minocc100
present_operation,distinct,34233,1.0,34233,1.0,passive,existing_sample,34233,deletion,val,clean_parent_train_minocc100
populated_slot,inverse,9695,1.0,9695,1.0,passive,existing_sample,9695,add_subject,val,clean_parent_train_minocc100
populated_slot,inverse,9693,0.9997937080969572,9693,0.9997937080969572,passive,existing_sample,9695,add_predicate,val,clean_parent_train_minocc100
populated_slot,inverse,9465,0.9762764311500773,9490,0.9788550799381124,passive,existing_sample,9695,add_object,val,clean_parent_train_minocc100
populated_slot,inverse,1138,1.0,1138,1.0,passive,existing_sample,1138,del_subject,val,clean_parent_train_minocc100
populated_slot,inverse,1138,1.0,1138,1.0,passive,existing_sample,1138,del_predicate,val,clean_parent_train_minocc100
populated_slot,inverse,1138,1.0,1138,1.0,passive,existing_sample,1138,del_object,val,clean_parent_train_minocc100
present_operation,inverse,9463,0.9760701392470346,9488,0.9786487880350696,passive,existing_sample,9695,addition,val,clean_parent_train_minocc100
present_operation,inverse,1138,1.0,1138,1.0,passive,existing_sample,1138,deletion,val,clean_parent_train_minocc100
populated_slot,itemRequiresStatement,14730,1.0,14730,1.0,passive,existing_sample,14730,add_subject,val,clean_parent_train_minocc100
populated_slot,itemRequiresStatement,14726,0.9997284453496266,14730,1.0,passive,existing_sample,14730,add_predicate,val,clean_parent_train_minocc100
populated_slot,itemRequiresStatement,7997,0.5429056347589952,8307,0.5639511201629328,passive,existing_sample,14730,add_object,val,clean_parent_train_minocc100
populated_slot,itemRequiresStatement,329,1.0,329,1.0,passive,existing_sample,329,del_subject,val,clean_parent_train_minocc100
populated_slot,itemRequiresStatement,329,1.0,329,1.0,passive,existing_sample,329,del_predicate,val,clean_parent_train_minocc100
populated_slot,itemRequiresStatement,329,1.0,329,1.0,passive,existing_sample,329,del_object,val,clean_parent_train_minocc100
present_operation,itemRequiresStatement,7997,0.5429056347589952,8307,0.5639511201629328,passive,existing_sample,14730,addition,val,clean_parent_train_minocc100
present_operation,itemRequiresStatement,329,1.0,329,1.0,passive,existing_sample,329,deletion,val,clean_parent_train_minocc100
populated_slot,oneOf,735,1.0,735,1.0,passive,existing_sample,735,add_subject,val,clean_parent_train_minocc100
populated_slot,oneOf,735,1.0,735,1.0,passive,existing_sample,735,add_predicate,val,clean_parent_train_minocc100
populated_slot,oneOf,717,0.9755102040816327,726,0.9877551020408163,passive,existing_sample,735,add_object,val,clean_parent_train_minocc100
populated_slot,oneOf,1029,1.0,1029,1.0,passive,existing_sample,1029,del_subject,val,clean_parent_train_minocc100
populated_slot,oneOf,1029,1.0,1029,1.0,passive,existing_sample,1029,del_predicate,val,clean_parent_train_minocc100
populated_slot,oneOf,1029,1.0,1029,1.0,passive,existing_sample,1029,del_object,val,clean_parent_train_minocc100
present_operation,oneOf,717,0.9755102040816327,726,0.9877551020408163,passive,existing_sample,735,addition,val,clean_parent_train_minocc100
present_operation,oneOf,1029,1.0,1029,1.0,passive,existing_sample,1029,deletion,val,clean_parent_train_minocc100
populated_slot,single,2627,1.0,2627,1.0,passive,existing_sample,2627,add_subject,val,clean_parent_train_minocc100
populated_slot,single,2621,0.9977160258850399,2622,0.9980966882375333,passive,existing_sample,2627,add_predicate,val,clean_parent_train_minocc100
populated_slot,single,541,0.20593833269889608,574,0.21850019033117624,passive,existing_sample,2627,add_object,val,clean_parent_train_minocc100
populated_slot,single,17958,1.0,17958,1.0,passive,existing_sample,17958,del_subject,val,clean_parent_train_minocc100
populated_slot,single,17958,1.0,17958,1.0,passive,existing_sample,17958,del_predicate,val,clean_parent_train_minocc100
populated_slot,single,17732,0.9874150796302483,17838,0.993317741396592,passive,existing_sample,17958,del_object,val,clean_parent_train_minocc100
present_operation,single,535,0.20365435858393605,569,0.21659687856870954,passive,existing_sample,2627,addition,val,clean_parent_train_minocc100
present_operation,single,17732,0.9874150796302483,17838,0.993317741396592,passive,existing_sample,17958,deletion,val,clean_parent_train_minocc100
populated_slot,symmetric,4356,1.0,4356,1.0,passive,existing_sample,4356,add_subject,val,clean_parent_train_minocc100
populated_slot,symmetric,4356,1.0,4356,1.0,passive,existing_sample,4356,add_predicate,val,clean_parent_train_minocc100
populated_slot,symmetric,4294,0.9857667584940312,4306,0.9885215794306703,passive,existing_sample,4356,add_object,val,clean_parent_train_minocc100
populated_slot,symmetric,199,1.0,199,1.0,passive,existing_sample,199,del_subject,val,clean_parent_train_minocc100
populated_slot,symmetric,199,1.0,199,1.0,passive,existing_sample,199,del_predicate,val,clean_parent_train_minocc100
populated_slot,symmetric,199,1.0,199,1.0,passive,existing_sample,199,del_object,val,clean_parent_train_minocc100
present_operation,symmetric,4294,0.9857667584940312,4306,0.9885215794306703,passive,existing_sample,4356,addition,val,clean_parent_train_minocc100
present_operation,symmetric,199,1.0,199,1.0,passive,existing_sample,199,deletion,val,clean_parent_train_minocc100
populated_slot,type,14442,1.0,14442,1.0,passive,existing_sample,14442,add_subject,val,clean_parent_train_minocc100
populated_slot,type,14441,0.9999307575128099,14441,0.9999307575128099,passive,existing_sample,14442,add_predicate,val,clean_parent_train_minocc100
populated_slot,type,13776,0.9538845035313669,13820,0.956931172967733,passive,existing_sample,14442,add_object,val,clean_parent_train_minocc100
populated_slot,type,854,1.0,854,1.0,passive,existing_sample,854,del_subject,val,clean_parent_train_minocc100
populated_slot,type,854,1.0,854,1.0,passive,existing_sample,854,del_predicate,val,clean_parent_train_minocc100
populated_slot,type,854,1.0,854,1.0,passive,existing_sample,854,del_object,val,clean_parent_train_minocc100
present_operation,type,13775,0.9538152610441767,13819,0.9568619304805429,passive,existing_sample,14442,addition,val,clean_parent_train_minocc100
present_operation,type,854,1.0,854,1.0,passive,existing_sample,854,deletion,val,clean_parent_train_minocc100
populated_slot,valueRequiresStatement,14658,1.0,14658,1.0,passive,existing_sample,14658,add_subject,val,clean_parent_train_minocc100
populated_slot,valueRequiresStatement,14657,0.9999317778687407,14657,0.9999317778687407,passive,existing_sample,14658,add_predicate,val,clean_parent_train_minocc100
populated_slot,valueRequiresStatement,12102,0.8256242325010233,12204,0.8325828898894801,passive,existing_sample,14658,add_object,val,clean_parent_train_minocc100
populated_slot,valueRequiresStatement,695,1.0,695,1.0,passive,existing_sample,695,del_subject,val,clean_parent_train_minocc100
populated_slot,valueRequiresStatement,695,1.0,695,1.0,passive,existing_sample,695,del_predicate,val,clean_parent_train_minocc100
populated_slot,valueRequiresStatement,695,1.0,695,1.0,passive,existing_sample,695,del_object,val,clean_parent_train_minocc100
present_operation,valueRequiresStatement,12101,0.825556010369764,12203,0.8325146677582208,passive,existing_sample,14658,addition,val,clean_parent_train_minocc100
present_operation,valueRequiresStatement,695,1.0,695,1.0,passive,existing_sample,695,deletion,val,clean_parent_train_minocc100
populated_slot,valueType,14862,1.0,14862,1.0,passive,existing_sample,14862,add_subject,val,clean_parent_train_minocc100
populated_slot,valueType,14862,1.0,14862,1.0,passive,existing_sample,14862,add_predicate,val,clean_parent_train_minocc100
populated_slot,valueType,14263,0.9596958686583232,14332,0.9643385816175482,passive,existing_sample,14862,add_object,val,clean_parent_train_minocc100
populated_slot,valueType,407,1.0,407,1.0,passive,existing_sample,407,del_subject,val,clean_parent_train_minocc100
populated_slot,valueType,407,1.0,407,1.0,passive,existing_sample,407,del_predicate,val,clean_parent_train_minocc100
populated_slot,valueType,407,1.0,407,1.0,passive,existing_sample,407,del_object,val,clean_parent_train_minocc100
present_operation,valueType,14263,0.9596958686583232,14332,0.9643385816175482,passive,existing_sample,14862,addition,val,clean_parent_train_minocc100
present_operation,valueType,407,1.0,407,1.0,passive,existing_sample,407,deletion,val,clean_parent_train_minocc100
populated_slot,overall,538993,1.0,538993,1.0,factorized,existing_sample,538993,add_subject,overall,clean_parent_train_minocc100
populated_slot,overall,538949,0.9999183662867607,538957,0.999933208780077,factorized,existing_sample,538993,add_predicate,overall,clean_parent_train_minocc100
populated_slot,overall,443666,0.8231387049553519,447916,0.8310237795296043,factorized,existing_sample,538993,add_object,overall,clean_parent_train_minocc100
populated_slot,overall,479488,1.0,479488,1.0,factorized,existing_sample,479488,del_subject,overall,clean_parent_train_minocc100
populated_slot,overall,479488,1.0,479488,1.0,factorized,existing_sample,479488,del_predicate,overall,clean_parent_train_minocc100
populated_slot,overall,474439,0.9894700180192205,475109,0.9908673418312867,factorized,existing_sample,479488,del_object,overall,clean_parent_train_minocc100
present_operation,overall,443627,0.8230663478004353,447880,0.8309569883096812,factorized,existing_sample,538993,addition,overall,clean_parent_train_minocc100
present_operation,overall,474439,0.9894700180192205,475109,0.9908673418312867,factorized,existing_sample,479488,deletion,overall,clean_parent_train_minocc100
populated_slot,overall,80988,1.0,80988,1.0,factorized,existing_sample,80988,add_subject,test,clean_parent_train_minocc100
populated_slot,overall,80963,0.9996913122931792,80965,0.9997160073097249,factorized,existing_sample,80988,add_predicate,test,clean_parent_train_minocc100
populated_slot,overall,66535,0.8215414629327802,67201,0.8297649034424853,factorized,existing_sample,80988,add_object,test,clean_parent_train_minocc100
populated_slot,overall,71830,1.0,71830,1.0,factorized,existing_sample,71830,del_subject,test,clean_parent_train_minocc100
populated_slot,overall,71830,1.0,71830,1.0,factorized,existing_sample,71830,del_predicate,test,clean_parent_train_minocc100
populated_slot,overall,71085,0.9896282890157316,71178,0.9909230126688013,factorized,existing_sample,71830,del_object,test,clean_parent_train_minocc100
present_operation,overall,66511,0.8212451227342322,67178,0.8294809107522102,factorized,existing_sample,80988,addition,test,clean_parent_train_minocc100
present_operation,overall,71085,0.9896282890157316,71178,0.9909230126688013,factorized,existing_sample,71830,deletion,test,clean_parent_train_minocc100
populated_slot,overall,377259,1.0,377259,1.0,factorized,existing_sample,377259,add_subject,train,clean_parent_train_minocc100
populated_slot,overall,377256,0.9999920479034298,377256,0.9999920479034298,factorized,existing_sample,377259,add_predicate,train,clean_parent_train_minocc100
populated_slot,overall,310667,0.8234846617310654,313595,0.8312459079836398,factorized,existing_sample,377259,add_object,train,clean_parent_train_minocc100
populated_slot,overall,335724,1.0,335724,1.0,factorized,existing_sample,335724,del_subject,train,clean_parent_train_minocc100
populated_slot,overall,335724,1.0,335724,1.0,factorized,existing_sample,335724,del_predicate,train,clean_parent_train_minocc100
populated_slot,overall,332162,0.9893900942440814,332632,0.9907900537346154,factorized,existing_sample,335724,del_object,train,clean_parent_train_minocc100
present_operation,overall,310664,0.8234767096344952,313592,0.8312379558870696,factorized,existing_sample,377259,addition,train,clean_parent_train_minocc100
present_operation,overall,332162,0.9893900942440814,332632,0.9907900537346154,factorized,existing_sample,335724,deletion,train,clean_parent_train_minocc100
populated_slot,overall,80746,1.0,80746,1.0,factorized,existing_sample,80746,add_subject,val,clean_parent_train_minocc100
populated_slot,overall,80730,0.999801847769549,80736,0.9998761548559681,factorized,existing_sample,80746,add_predicate,val,clean_parent_train_minocc100
populated_slot,overall,66464,0.8231243652936369,67120,0.8312486067421296,factorized,existing_sample,80746,add_object,val,clean_parent_train_minocc100
populated_slot,overall,71934,1.0,71934,1.0,factorized,existing_sample,71934,del_subject,val,clean_parent_train_minocc100
populated_slot,overall,71934,1.0,71934,1.0,factorized,existing_sample,71934,del_predicate,val,clean_parent_train_minocc100
populated_slot,overall,71192,0.9896849890177106,71299,0.9911724636472322,factorized,existing_sample,71934,del_object,val,clean_parent_train_minocc100
present_operation,overall,66452,0.8229757511207986,67110,0.8311247615980978,factorized,existing_sample,80746,addition,val,clean_parent_train_minocc100
present_operation,overall,71192,0.9896849890177106,71299,0.9911724636472322,factorized,existing_sample,71934,deletion,val,clean_parent_train_minocc100
populated_slot,conflictWith,17945,1.0,17945,1.0,factorized,existing_sample,17945,add_subject,overall,clean_parent_train_minocc100
populated_slot,conflictWith,17940,0.9997213708553915,17941,0.9997770966843131,factorized,existing_sample,17945,add_predicate,overall,clean_parent_train_minocc100
populated_slot,conflictWith,15545,0.8662580105879075,15735,0.8768459180830315,factorized,existing_sample,17945,add_object,overall,clean_parent_train_minocc100
populated_slot,conflictWith,100612,1.0,100612,1.0,factorized,existing_sample,100612,del_subject,overall,clean_parent_train_minocc100
populated_slot,conflictWith,100612,1.0,100612,1.0,factorized,existing_sample,100612,del_predicate,overall,clean_parent_train_minocc100
populated_slot,conflictWith,97002,0.9641195881207013,97009,0.9641891623265615,factorized,existing_sample,100612,del_object,overall,clean_parent_train_minocc100
present_operation,conflictWith,15540,0.865979381443299,15731,0.8766230147673446,factorized,existing_sample,17945,addition,overall,clean_parent_train_minocc100
present_operation,conflictWith,97002,0.9641195881207013,97009,0.9641891623265615,factorized,existing_sample,100612,deletion,overall,clean_parent_train_minocc100
populated_slot,distinct,13175,1.0,13175,1.0,factorized,existing_sample,13175,add_subject,overall,clean_parent_train_minocc100
populated_slot,distinct,13175,1.0,13175,1.0,factorized,existing_sample,13175,add_predicate,overall,clean_parent_train_minocc100
populated_slot,distinct,6576,0.4991271347248577,6586,0.4998861480075901,factorized,existing_sample,13175,add_object,overall,clean_parent_train_minocc100
populated_slot,distinct,228208,1.0,228208,1.0,factorized,existing_sample,228208,del_subject,overall,clean_parent_train_minocc100
populated_slot,distinct,228208,1.0,228208,1.0,factorized,existing_sample,228208,del_predicate,overall,clean_parent_train_minocc100
populated_slot,distinct,228208,1.0,228208,1.0,factorized,existing_sample,228208,del_object,overall,clean_parent_train_minocc100
present_operation,distinct,6576,0.4991271347248577,6586,0.4998861480075901,factorized,existing_sample,13175,addition,overall,clean_parent_train_minocc100
present_operation,distinct,228208,1.0,228208,1.0,factorized,existing_sample,228208,deletion,overall,clean_parent_train_minocc100
populated_slot,inverse,64683,1.0,64683,1.0,factorized,existing_sample,64683,add_subject,overall,clean_parent_train_minocc100
populated_slot,inverse,64679,0.9999381599492911,64679,0.9999381599492911,factorized,existing_sample,64683,add_predicate,overall,clean_parent_train_minocc100
populated_slot,inverse,63181,0.9767790609588299,63335,0.9791599029111204,factorized,existing_sample,64683,add_object,overall,clean_parent_train_minocc100
populated_slot,inverse,7812,1.0,7812,1.0,factorized,existing_sample,7812,del_subject,overall,clean_parent_train_minocc100
populated_slot,inverse,7812,1.0,7812,1.0,factorized,existing_sample,7812,del_predicate,overall,clean_parent_train_minocc100
populated_slot,inverse,7812,1.0,7812,1.0,factorized,existing_sample,7812,del_object,overall,clean_parent_train_minocc100
present_operation,inverse,63177,0.9767172209081212,63331,0.9790980628604116,factorized,existing_sample,64683,addition,overall,clean_parent_train_minocc100
present_operation,inverse,7812,1.0,7812,1.0,factorized,existing_sample,7812,deletion,overall,clean_parent_train_minocc100
populated_slot,itemRequiresStatement,98303,1.0,98303,1.0,factorized,existing_sample,98303,add_subject,overall,clean_parent_train_minocc100
populated_slot,itemRequiresStatement,98296,0.9999287915933389,98301,0.999979654740954,factorized,existing_sample,98303,add_predicate,overall,clean_parent_train_minocc100
populated_slot,itemRequiresStatement,53379,0.5430047913085053,55459,0.5641638607163566,factorized,existing_sample,98303,add_object,overall,clean_parent_train_minocc100
populated_slot,itemRequiresStatement,2231,1.0,2231,1.0,factorized,existing_sample,2231,del_subject,overall,clean_parent_train_minocc100
populated_slot,itemRequiresStatement,2231,1.0,2231,1.0,factorized,existing_sample,2231,del_predicate,overall,clean_parent_train_minocc100
populated_slot,itemRequiresStatement,2231,1.0,2231,1.0,factorized,existing_sample,2231,del_object,overall,clean_parent_train_minocc100
present_operation,itemRequiresStatement,53377,0.5429844460494593,55457,0.5641435154573106,factorized,existing_sample,98303,addition,overall,clean_parent_train_minocc100
present_operation,itemRequiresStatement,2231,1.0,2231,1.0,factorized,existing_sample,2231,deletion,overall,clean_parent_train_minocc100
populated_slot,oneOf,5054,1.0,5054,1.0,factorized,existing_sample,5054,add_subject,overall,clean_parent_train_minocc100
populated_slot,oneOf,5053,0.9998021369212505,5053,0.9998021369212505,factorized,existing_sample,5054,add_predicate,overall,clean_parent_train_minocc100
populated_slot,oneOf,4990,0.9873367629600317,5003,0.9899089829837753,factorized,existing_sample,5054,add_object,overall,clean_parent_train_minocc100
populated_slot,oneOf,6855,1.0,6855,1.0,factorized,existing_sample,6855,del_subject,overall,clean_parent_train_minocc100
populated_slot,oneOf,6855,1.0,6855,1.0,factorized,existing_sample,6855,del_predicate,overall,clean_parent_train_minocc100
populated_slot,oneOf,6855,1.0,6855,1.0,factorized,existing_sample,6855,del_object,overall,clean_parent_train_minocc100
present_operation,oneOf,4989,0.9871388998812821,5002,0.9897111199050257,factorized,existing_sample,5054,addition,overall,clean_parent_train_minocc100
present_operation,oneOf,6855,1.0,6855,1.0,factorized,existing_sample,6855,deletion,overall,clean_parent_train_minocc100
populated_slot,single,17610,1.0,17610,1.0,factorized,existing_sample,17610,add_subject,overall,clean_parent_train_minocc100
populated_slot,single,17594,0.9990914253265191,17596,0.9992049971607041,factorized,existing_sample,17610,add_predicate,overall,clean_parent_train_minocc100
populated_slot,single,3502,0.1988642816581488,3725,0.2115275411697899,factorized,existing_sample,17610,add_object,overall,clean_parent_train_minocc100
populated_slot,single,119723,1.0,119723,1.0,factorized,existing_sample,119723,del_subject,overall,clean_parent_train_minocc100
populated_slot,single,119723,1.0,119723,1.0,factorized,existing_sample,119723,del_predicate,overall,clean_parent_train_minocc100
populated_slot,single,118284,0.987980588525179,118947,0.9935183715743842,factorized,existing_sample,119723,del_object,overall,clean_parent_train_minocc100
present_operation,single,3486,0.1979557069846678,3711,0.21073253833049405,factorized,existing_sample,17610,addition,overall,clean_parent_train_minocc100
present_operation,single,118284,0.987980588525179,118947,0.9935183715743842,factorized,existing_sample,119723,deletion,overall,clean_parent_train_minocc100
populated_slot,symmetric,28830,1.0,28830,1.0,factorized,existing_sample,28830,add_subject,overall,clean_parent_train_minocc100
populated_slot,symmetric,28827,0.9998959417273673,28827,0.9998959417273673,factorized,existing_sample,28830,add_predicate,overall,clean_parent_train_minocc100
populated_slot,symmetric,28395,0.9849115504682622,28442,0.9865417967395075,factorized,existing_sample,28830,add_object,overall,clean_parent_train_minocc100
populated_slot,symmetric,1343,1.0,1343,1.0,factorized,existing_sample,1343,del_subject,overall,clean_parent_train_minocc100
populated_slot,symmetric,1343,1.0,1343,1.0,factorized,existing_sample,1343,del_predicate,overall,clean_parent_train_minocc100
populated_slot,symmetric,1343,1.0,1343,1.0,factorized,existing_sample,1343,del_object,overall,clean_parent_train_minocc100
present_operation,symmetric,28392,0.9848074921956296,28439,0.9864377384668748,factorized,existing_sample,28830,addition,overall,clean_parent_train_minocc100
present_operation,symmetric,1343,1.0,1343,1.0,factorized,existing_sample,1343,deletion,overall,clean_parent_train_minocc100
populated_slot,type,96508,1.0,96508,1.0,factorized,existing_sample,96508,add_subject,overall,clean_parent_train_minocc100
populated_slot,type,96504,0.9999585526588469,96504,0.9999585526588469,factorized,existing_sample,96508,add_predicate,overall,clean_parent_train_minocc100
populated_slot,type,91931,0.9525738798856054,92300,0.9563973971069756,factorized,existing_sample,96508,add_object,overall,clean_parent_train_minocc100
populated_slot,type,5618,1.0,5618,1.0,factorized,existing_sample,5618,del_subject,overall,clean_parent_train_minocc100
populated_slot,type,5618,1.0,5618,1.0,factorized,existing_sample,5618,del_predicate,overall,clean_parent_train_minocc100
populated_slot,type,5618,1.0,5618,1.0,factorized,existing_sample,5618,del_object,overall,clean_parent_train_minocc100
present_operation,type,91927,0.9525324325444523,92296,0.9563559497658225,factorized,existing_sample,96508,addition,overall,clean_parent_train_minocc100
present_operation,type,5618,1.0,5618,1.0,factorized,existing_sample,5618,deletion,overall,clean_parent_train_minocc100
populated_slot,valueRequiresStatement,97782,1.0,97782,1.0,factorized,existing_sample,97782,add_subject,overall,clean_parent_train_minocc100
populated_slot,valueRequiresStatement,97780,0.9999795463377718,97780,0.9999795463377718,factorized,existing_sample,97782,add_predicate,overall,clean_parent_train_minocc100
populated_slot,valueRequiresStatement,80987,0.828240371438506,81756,0.8361048045652574,factorized,existing_sample,97782,add_object,overall,clean_parent_train_minocc100
populated_slot,valueRequiresStatement,4496,1.0,4496,1.0,factorized,existing_sample,4496,del_subject,overall,clean_parent_train_minocc100
populated_slot,valueRequiresStatement,4496,1.0,4496,1.0,factorized,existing_sample,4496,del_predicate,overall,clean_parent_train_minocc100
populated_slot,valueRequiresStatement,4496,1.0,4496,1.0,factorized,existing_sample,4496,del_object,overall,clean_parent_train_minocc100
present_operation,valueRequiresStatement,80985,0.8282199177762778,81754,0.8360843509030292,factorized,existing_sample,97782,addition,overall,clean_parent_train_minocc100
present_operation,valueRequiresStatement,4496,1.0,4496,1.0,factorized,existing_sample,4496,deletion,overall,clean_parent_train_minocc100
populated_slot,valueType,99103,1.0,99103,1.0,factorized,existing_sample,99103,add_subject,overall,clean_parent_train_minocc100
populated_slot,valueType,99101,0.9999798189762167,99101,0.9999798189762167,factorized,existing_sample,99103,add_predicate,overall,clean_parent_train_minocc100
populated_slot,valueType,95180,0.9604149218489854,95575,0.9644006740461943,factorized,existing_sample,99103,add_object,overall,clean_parent_train_minocc100
populated_slot,valueType,2590,1.0,2590,1.0,factorized,existing_sample,2590,del_subject,overall,clean_parent_train_minocc100
populated_slot,valueType,2590,1.0,2590,1.0,factorized,existing_sample,2590,del_predicate,overall,clean_parent_train_minocc100
populated_slot,valueType,2590,1.0,2590,1.0,factorized,existing_sample,2590,del_object,overall,clean_parent_train_minocc100
present_operation,valueType,95178,0.960394740825202,95573,0.964380493022411,factorized,existing_sample,99103,addition,overall,clean_parent_train_minocc100
present_operation,valueType,2590,1.0,2590,1.0,factorized,existing_sample,2590,deletion,overall,clean_parent_train_minocc100
populated_slot,conflictWith,2724,1.0,2724,1.0,factorized,existing_sample,2724,add_subject,test,clean_parent_train_minocc100
populated_slot,conflictWith,2721,0.998898678414097,2721,0.998898678414097,factorized,existing_sample,2724,add_predicate,test,clean_parent_train_minocc100
populated_slot,conflictWith,2357,0.8652716593245228,2388,0.8766519823788547,factorized,existing_sample,2724,add_object,test,clean_parent_train_minocc100
populated_slot,conflictWith,15093,1.0,15093,1.0,factorized,existing_sample,15093,del_subject,test,clean_parent_train_minocc100
populated_slot,conflictWith,15093,1.0,15093,1.0,factorized,existing_sample,15093,del_predicate,test,clean_parent_train_minocc100
populated_slot,conflictWith,14557,0.9644868482077784,14557,0.9644868482077784,factorized,existing_sample,15093,del_object,test,clean_parent_train_minocc100
present_operation,conflictWith,2354,0.8641703377386197,2385,0.8755506607929515,factorized,existing_sample,2724,addition,test,clean_parent_train_minocc100
present_operation,conflictWith,14557,0.9644868482077784,14557,0.9644868482077784,factorized,existing_sample,15093,deletion,test,clean_parent_train_minocc100
populated_slot,distinct,2016,1.0,2016,1.0,factorized,existing_sample,2016,add_subject,test,clean_parent_train_minocc100
populated_slot,distinct,2016,1.0,2016,1.0,factorized,existing_sample,2016,add_predicate,test,clean_parent_train_minocc100
populated_slot,distinct,1010,0.5009920634920635,1010,0.5009920634920635,factorized,existing_sample,2016,add_object,test,clean_parent_train_minocc100
populated_slot,distinct,34232,1.0,34232,1.0,factorized,existing_sample,34232,del_subject,test,clean_parent_train_minocc100
populated_slot,distinct,34232,1.0,34232,1.0,factorized,existing_sample,34232,del_predicate,test,clean_parent_train_minocc100
populated_slot,distinct,34232,1.0,34232,1.0,factorized,existing_sample,34232,del_object,test,clean_parent_train_minocc100
present_operation,distinct,1010,0.5009920634920635,1010,0.5009920634920635,factorized,existing_sample,2016,addition,test,clean_parent_train_minocc100
present_operation,distinct,34232,1.0,34232,1.0,factorized,existing_sample,34232,deletion,test,clean_parent_train_minocc100
populated_slot,inverse,9704,1.0,9704,1.0,factorized,existing_sample,9704,add_subject,test,clean_parent_train_minocc100
populated_slot,inverse,9702,0.9997938994229184,9702,0.9997938994229184,factorized,existing_sample,9704,add_predicate,test,clean_parent_train_minocc100
populated_slot,inverse,9502,0.9791838417147568,9524,0.9814509480626545,factorized,existing_sample,9704,add_object,test,clean_parent_train_minocc100
populated_slot,inverse,1161,1.0,1161,1.0,factorized,existing_sample,1161,del_subject,test,clean_parent_train_minocc100
populated_slot,inverse,1161,1.0,1161,1.0,factorized,existing_sample,1161,del_predicate,test,clean_parent_train_minocc100
populated_slot,inverse,1161,1.0,1161,1.0,factorized,existing_sample,1161,del_object,test,clean_parent_train_minocc100
present_operation,inverse,9500,0.9789777411376752,9522,0.981244847485573,factorized,existing_sample,9704,addition,test,clean_parent_train_minocc100
present_operation,inverse,1161,1.0,1161,1.0,factorized,existing_sample,1161,deletion,test,clean_parent_train_minocc100
populated_slot,itemRequiresStatement,14742,1.0,14742,1.0,factorized,existing_sample,14742,add_subject,test,clean_parent_train_minocc100
populated_slot,itemRequiresStatement,14739,0.9997964997964998,14740,0.9998643331976665,factorized,existing_sample,14742,add_predicate,test,clean_parent_train_minocc100
populated_slot,itemRequiresStatement,7909,0.5364943698277032,8232,0.5584045584045584,factorized,existing_sample,14742,add_object,test,clean_parent_train_minocc100
populated_slot,itemRequiresStatement,326,1.0,326,1.0,factorized,existing_sample,326,del_subject,test,clean_parent_train_minocc100
populated_slot,itemRequiresStatement,326,1.0,326,1.0,factorized,existing_sample,326,del_predicate,test,clean_parent_train_minocc100
populated_slot,itemRequiresStatement,326,1.0,326,1.0,factorized,existing_sample,326,del_object,test,clean_parent_train_minocc100
present_operation,itemRequiresStatement,7907,0.5363587030253697,8230,0.5582688916022249,factorized,existing_sample,14742,addition,test,clean_parent_train_minocc100
present_operation,itemRequiresStatement,326,1.0,326,1.0,factorized,existing_sample,326,deletion,test,clean_parent_train_minocc100
populated_slot,oneOf,779,1.0,779,1.0,factorized,existing_sample,779,add_subject,test,clean_parent_train_minocc100
populated_slot,oneOf,778,0.9987163029525032,778,0.9987163029525032,factorized,existing_sample,779,add_predicate,test,clean_parent_train_minocc100
populated_slot,oneOf,766,0.9833119383825417,770,0.9884467265725289,factorized,existing_sample,779,add_object,test,clean_parent_train_minocc100
populated_slot,oneOf,1028,1.0,1028,1.0,factorized,existing_sample,1028,del_subject,test,clean_parent_train_minocc100
populated_slot,oneOf,1028,1.0,1028,1.0,factorized,existing_sample,1028,del_predicate,test,clean_parent_train_minocc100
populated_slot,oneOf,1028,1.0,1028,1.0,factorized,existing_sample,1028,del_object,test,clean_parent_train_minocc100
present_operation,oneOf,765,0.982028241335045,769,0.9871630295250321,factorized,existing_sample,779,addition,test,clean_parent_train_minocc100
present_operation,oneOf,1028,1.0,1028,1.0,factorized,existing_sample,1028,deletion,test,clean_parent_train_minocc100
populated_slot,single,2666,1.0,2666,1.0,factorized,existing_sample,2666,add_subject,test,clean_parent_train_minocc100
populated_slot,single,2659,0.9973743435858965,2660,0.9977494373593399,factorized,existing_sample,2666,add_predicate,test,clean_parent_train_minocc100
populated_slot,single,492,0.18454613653413354,527,0.19767441860465115,factorized,existing_sample,2666,add_object,test,clean_parent_train_minocc100
populated_slot,single,17958,1.0,17958,1.0,factorized,existing_sample,17958,del_subject,test,clean_parent_train_minocc100
populated_slot,single,17958,1.0,17958,1.0,factorized,existing_sample,17958,del_predicate,test,clean_parent_train_minocc100
populated_slot,single,17749,0.9883617329323978,17842,0.993540483350039,factorized,existing_sample,17958,del_object,test,clean_parent_train_minocc100
present_operation,single,485,0.18192048012003,521,0.195423855963991,factorized,existing_sample,2666,addition,test,clean_parent_train_minocc100
present_operation,single,17749,0.9883617329323978,17842,0.993540483350039,factorized,existing_sample,17958,deletion,test,clean_parent_train_minocc100
populated_slot,symmetric,4293,1.0,4293,1.0,factorized,existing_sample,4293,add_subject,test,clean_parent_train_minocc100
populated_slot,symmetric,4290,0.9993011879804332,4290,0.9993011879804332,factorized,existing_sample,4293,add_predicate,test,clean_parent_train_minocc100
populated_slot,symmetric,4234,0.9862566969485208,4238,0.9871884463079431,factorized,existing_sample,4293,add_object,test,clean_parent_train_minocc100
populated_slot,symmetric,194,1.0,194,1.0,factorized,existing_sample,194,del_subject,test,clean_parent_train_minocc100
populated_slot,symmetric,194,1.0,194,1.0,factorized,existing_sample,194,del_predicate,test,clean_parent_train_minocc100
populated_slot,symmetric,194,1.0,194,1.0,factorized,existing_sample,194,del_object,test,clean_parent_train_minocc100
present_operation,symmetric,4231,0.9855578849289541,4235,0.9864896342883764,factorized,existing_sample,4293,addition,test,clean_parent_train_minocc100
present_operation,symmetric,194,1.0,194,1.0,factorized,existing_sample,194,deletion,test,clean_parent_train_minocc100
populated_slot,type,14501,1.0,14501,1.0,factorized,existing_sample,14501,add_subject,test,clean_parent_train_minocc100
populated_slot,type,14498,0.9997931177160195,14498,0.9997931177160195,factorized,existing_sample,14501,add_predicate,test,clean_parent_train_minocc100
populated_slot,type,13795,0.9513137025032756,13862,0.9559340735121715,factorized,existing_sample,14501,add_object,test,clean_parent_train_minocc100
populated_slot,type,836,1.0,836,1.0,factorized,existing_sample,836,del_subject,test,clean_parent_train_minocc100
populated_slot,type,836,1.0,836,1.0,factorized,existing_sample,836,del_predicate,test,clean_parent_train_minocc100
populated_slot,type,836,1.0,836,1.0,factorized,existing_sample,836,del_object,test,clean_parent_train_minocc100
present_operation,type,13792,0.9511068202192953,13859,0.9557271912281912,factorized,existing_sample,14501,addition,test,clean_parent_train_minocc100
present_operation,type,836,1.0,836,1.0,factorized,existing_sample,836,deletion,test,clean_parent_train_minocc100
populated_slot,valueRequiresStatement,14689,1.0,14689,1.0,factorized,existing_sample,14689,add_subject,test,clean_parent_train_minocc100
populated_slot,valueRequiresStatement,14688,0.9999319218462795,14688,0.9999319218462795,factorized,existing_sample,14689,add_predicate,test,clean_parent_train_minocc100
populated_slot,valueRequiresStatement,12186,0.8296003812376609,12308,0.8379059159915583,factorized,existing_sample,14689,add_object,test,clean_parent_train_minocc100
populated_slot,valueRequiresStatement,637,1.0,637,1.0,factorized,existing_sample,637,del_subject,test,clean_parent_train_minocc100
populated_slot,valueRequiresStatement,637,1.0,637,1.0,factorized,existing_sample,637,del_predicate,test,clean_parent_train_minocc100
populated_slot,valueRequiresStatement,637,1.0,637,1.0,factorized,existing_sample,637,del_object,test,clean_parent_train_minocc100
present_operation,valueRequiresStatement,12185,0.8295323030839403,12307,0.8378378378378378,factorized,existing_sample,14689,addition,test,clean_parent_train_minocc100
present_operation,valueRequiresStatement,637,1.0,637,1.0,factorized,existing_sample,637,deletion,test,clean_parent_train_minocc100
populated_slot,valueType,14874,1.0,14874,1.0,factorized,existing_sample,14874,add_subject,test,clean_parent_train_minocc100
populated_slot,valueType,14872,0.99986553717897,14872,0.99986553717897,factorized,existing_sample,14874,add_predicate,test,clean_parent_train_minocc100
populated_slot,valueType,14284,0.9603334677961544,14342,0.9642328896060239,factorized,existing_sample,14874,add_object,test,clean_parent_train_minocc100
populated_slot,valueType,365,1.0,365,1.0,factorized,existing_sample,365,del_subject,test,clean_parent_train_minocc100
populated_slot,valueType,365,1.0,365,1.0,factorized,existing_sample,365,del_predicate,test,clean_parent_train_minocc100
populated_slot,valueType,365,1.0,365,1.0,factorized,existing_sample,365,del_object,test,clean_parent_train_minocc100
present_operation,valueType,14282,0.9601990049751243,14340,0.9640984267849939,factorized,existing_sample,14874,addition,test,clean_parent_train_minocc100
present_operation,valueType,365,1.0,365,1.0,factorized,existing_sample,365,deletion,test,clean_parent_train_minocc100
populated_slot,conflictWith,12505,1.0,12505,1.0,factorized,existing_sample,12505,add_subject,train,clean_parent_train_minocc100
populated_slot,conflictWith,12505,1.0,12505,1.0,factorized,existing_sample,12505,add_predicate,train,clean_parent_train_minocc100
populated_slot,conflictWith,10844,0.867173130747701,10970,0.877249100359856,factorized,existing_sample,12505,add_object,train,clean_parent_train_minocc100
populated_slot,conflictWith,70427,1.0,70427,1.0,factorized,existing_sample,70427,del_subject,train,clean_parent_train_minocc100
populated_slot,conflictWith,70427,1.0,70427,1.0,factorized,existing_sample,70427,del_predicate,train,clean_parent_train_minocc100
populated_slot,conflictWith,67869,0.9636787027702444,67875,0.9637638973689068,factorized,existing_sample,70427,del_object,train,clean_parent_train_minocc100
present_operation,conflictWith,10844,0.867173130747701,10970,0.877249100359856,factorized,existing_sample,12505,addition,train,clean_parent_train_minocc100
present_operation,conflictWith,67869,0.9636787027702444,67875,0.9637638973689068,factorized,existing_sample,70427,deletion,train,clean_parent_train_minocc100
populated_slot,distinct,9234,1.0,9234,1.0,factorized,existing_sample,9234,add_subject,train,clean_parent_train_minocc100
populated_slot,distinct,9234,1.0,9234,1.0,factorized,existing_sample,9234,add_predicate,train,clean_parent_train_minocc100
populated_slot,distinct,4601,0.4982672731210743,4610,0.49924193199047,factorized,existing_sample,9234,add_object,train,clean_parent_train_minocc100
populated_slot,distinct,159743,1.0,159743,1.0,factorized,existing_sample,159743,del_subject,train,clean_parent_train_minocc100
populated_slot,distinct,159743,1.0,159743,1.0,factorized,existing_sample,159743,del_predicate,train,clean_parent_train_minocc100
populated_slot,distinct,159743,1.0,159743,1.0,factorized,existing_sample,159743,del_object,train,clean_parent_train_minocc100
present_operation,distinct,4601,0.4982672731210743,4610,0.49924193199047,factorized,existing_sample,9234,addition,train,clean_parent_train_minocc100
present_operation,distinct,159743,1.0,159743,1.0,factorized,existing_sample,159743,deletion,train,clean_parent_train_minocc100
populated_slot,inverse,45284,1.0,45284,1.0,factorized,existing_sample,45284,add_subject,train,clean_parent_train_minocc100
populated_slot,inverse,45284,1.0,45284,1.0,factorized,existing_sample,45284,add_predicate,train,clean_parent_train_minocc100
populated_slot,inverse,44214,0.9763713452875188,44319,0.9786900450490239,factorized,existing_sample,45284,add_object,train,clean_parent_train_minocc100
populated_slot,inverse,5513,1.0,5513,1.0,factorized,existing_sample,5513,del_subject,train,clean_parent_train_minocc100
populated_slot,inverse,5513,1.0,5513,1.0,factorized,existing_sample,5513,del_predicate,train,clean_parent_train_minocc100
populated_slot,inverse,5513,1.0,5513,1.0,factorized,existing_sample,5513,del_object,train,clean_parent_train_minocc100
present_operation,inverse,44214,0.9763713452875188,44319,0.9786900450490239,factorized,existing_sample,45284,addition,train,clean_parent_train_minocc100
present_operation,inverse,5513,1.0,5513,1.0,factorized,existing_sample,5513,deletion,train,clean_parent_train_minocc100
populated_slot,itemRequiresStatement,68831,1.0,68831,1.0,factorized,existing_sample,68831,add_subject,train,clean_parent_train_minocc100
populated_slot,itemRequiresStatement,68831,1.0,68831,1.0,factorized,existing_sample,68831,add_predicate,train,clean_parent_train_minocc100
populated_slot,itemRequiresStatement,37473,0.5444203919745464,38908,0.5652685563191004,factorized,existing_sample,68831,add_object,train,clean_parent_train_minocc100
populated_slot,itemRequiresStatement,1576,1.0,1576,1.0,factorized,existing_sample,1576,del_subject,train,clean_parent_train_minocc100
populated_slot,itemRequiresStatement,1576,1.0,1576,1.0,factorized,existing_sample,1576,del_predicate,train,clean_parent_train_minocc100
populated_slot,itemRequiresStatement,1576,1.0,1576,1.0,factorized,existing_sample,1576,del_object,train,clean_parent_train_minocc100
present_operation,itemRequiresStatement,37473,0.5444203919745464,38908,0.5652685563191004,factorized,existing_sample,68831,addition,train,clean_parent_train_minocc100
present_operation,itemRequiresStatement,1576,1.0,1576,1.0,factorized,existing_sample,1576,deletion,train,clean_parent_train_minocc100
populated_slot,oneOf,3540,1.0,3540,1.0,factorized,existing_sample,3540,add_subject,train,clean_parent_train_minocc100
populated_slot,oneOf,3540,1.0,3540,1.0,factorized,existing_sample,3540,add_predicate,train,clean_parent_train_minocc100
populated_slot,oneOf,3507,0.9906779661016949,3507,0.9906779661016949,factorized,existing_sample,3540,add_object,train,clean_parent_train_minocc100
populated_slot,oneOf,4798,1.0,4798,1.0,factorized,existing_sample,4798,del_subject,train,clean_parent_train_minocc100
populated_slot,oneOf,4798,1.0,4798,1.0,factorized,existing_sample,4798,del_predicate,train,clean_parent_train_minocc100
populated_slot,oneOf,4798,1.0,4798,1.0,factorized,existing_sample,4798,del_object,train,clean_parent_train_minocc100
present_operation,oneOf,3507,0.9906779661016949,3507,0.9906779661016949,factorized,existing_sample,3540,addition,train,clean_parent_train_minocc100
present_operation,oneOf,4798,1.0,4798,1.0,factorized,existing_sample,4798,deletion,train,clean_parent_train_minocc100
populated_slot,single,12317,1.0,12317,1.0,factorized,existing_sample,12317,add_subject,train,clean_parent_train_minocc100
populated_slot,single,12314,0.9997564341966388,12314,0.9997564341966388,factorized,existing_sample,12317,add_predicate,train,clean_parent_train_minocc100
populated_slot,single,2469,0.20045465616627425,2623,0.21295770073881626,factorized,existing_sample,12317,add_object,train,clean_parent_train_minocc100
populated_slot,single,83807,1.0,83807,1.0,factorized,existing_sample,83807,del_subject,train,clean_parent_train_minocc100
populated_slot,single,83807,1.0,83807,1.0,factorized,existing_sample,83807,del_predicate,train,clean_parent_train_minocc100
populated_slot,single,82803,0.9880200937869151,83267,0.9935566241483408,factorized,existing_sample,83807,del_object,train,clean_parent_train_minocc100
present_operation,single,2466,0.20021109036291304,2620,0.21271413493545507,factorized,existing_sample,12317,addition,train,clean_parent_train_minocc100
present_operation,single,82803,0.9880200937869151,83267,0.9935566241483408,factorized,existing_sample,83807,deletion,train,clean_parent_train_minocc100
populated_slot,symmetric,20181,1.0,20181,1.0,factorized,existing_sample,20181,add_subject,train,clean_parent_train_minocc100
populated_slot,symmetric,20181,1.0,20181,1.0,factorized,existing_sample,20181,add_predicate,train,clean_parent_train_minocc100
populated_slot,symmetric,19867,0.9844408106634953,19898,0.9859769089737872,factorized,existing_sample,20181,add_object,train,clean_parent_train_minocc100
populated_slot,symmetric,950,1.0,950,1.0,factorized,existing_sample,950,del_subject,train,clean_parent_train_minocc100
populated_slot,symmetric,950,1.0,950,1.0,factorized,existing_sample,950,del_predicate,train,clean_parent_train_minocc100
populated_slot,symmetric,950,1.0,950,1.0,factorized,existing_sample,950,del_object,train,clean_parent_train_minocc100
present_operation,symmetric,19867,0.9844408106634953,19898,0.9859769089737872,factorized,existing_sample,20181,addition,train,clean_parent_train_minocc100
present_operation,symmetric,950,1.0,950,1.0,factorized,existing_sample,950,deletion,train,clean_parent_train_minocc100
populated_slot,type,67565,1.0,67565,1.0,factorized,existing_sample,67565,add_subject,train,clean_parent_train_minocc100
populated_slot,type,67565,1.0,67565,1.0,factorized,existing_sample,67565,add_predicate,train,clean_parent_train_minocc100
populated_slot,type,64360,0.9525641974395027,64618,0.9563827425442167,factorized,existing_sample,67565,add_object,train,clean_parent_train_minocc100
populated_slot,type,3928,1.0,3928,1.0,factorized,existing_sample,3928,del_subject,train,clean_parent_train_minocc100
populated_slot,type,3928,1.0,3928,1.0,factorized,existing_sample,3928,del_predicate,train,clean_parent_train_minocc100
populated_slot,type,3928,1.0,3928,1.0,factorized,existing_sample,3928,del_object,train,clean_parent_train_minocc100
present_operation,type,64360,0.9525641974395027,64618,0.9563827425442167,factorized,existing_sample,67565,addition,train,clean_parent_train_minocc100
present_operation,type,3928,1.0,3928,1.0,factorized,existing_sample,3928,deletion,train,clean_parent_train_minocc100
populated_slot,valueRequiresStatement,68435,1.0,68435,1.0,factorized,existing_sample,68435,add_subject,train,clean_parent_train_minocc100
populated_slot,valueRequiresStatement,68435,1.0,68435,1.0,factorized,existing_sample,68435,add_predicate,train,clean_parent_train_minocc100
populated_slot,valueRequiresStatement,56699,0.8285088039745744,57241,0.8364287279900635,factorized,existing_sample,68435,add_object,train,clean_parent_train_minocc100
populated_slot,valueRequiresStatement,3164,1.0,3164,1.0,factorized,existing_sample,3164,del_subject,train,clean_parent_train_minocc100
populated_slot,valueRequiresStatement,3164,1.0,3164,1.0,factorized,existing_sample,3164,del_predicate,train,clean_parent_train_minocc100
populated_slot,valueRequiresStatement,3164,1.0,3164,1.0,factorized,existing_sample,3164,del_object,train,clean_parent_train_minocc100
present_operation,valueRequiresStatement,56699,0.8285088039745744,57241,0.8364287279900635,factorized,existing_sample,68435,addition,train,clean_parent_train_minocc100
present_operation,valueRequiresStatement,3164,1.0,3164,1.0,factorized,existing_sample,3164,deletion,train,clean_parent_train_minocc100
populated_slot,valueType,69367,1.0,69367,1.0,factorized,existing_sample,69367,add_subject,train,clean_parent_train_minocc100
populated_slot,valueType,69367,1.0,69367,1.0,factorized,existing_sample,69367,add_predicate,train,clean_parent_train_minocc100
populated_slot,valueType,66633,0.9605864460045843,66901,0.964449954589358,factorized,existing_sample,69367,add_object,train,clean_parent_train_minocc100
populated_slot,valueType,1818,1.0,1818,1.0,factorized,existing_sample,1818,del_subject,train,clean_parent_train_minocc100
populated_slot,valueType,1818,1.0,1818,1.0,factorized,existing_sample,1818,del_predicate,train,clean_parent_train_minocc100
populated_slot,valueType,1818,1.0,1818,1.0,factorized,existing_sample,1818,del_object,train,clean_parent_train_minocc100
present_operation,valueType,66633,0.9605864460045843,66901,0.964449954589358,factorized,existing_sample,69367,addition,train,clean_parent_train_minocc100
present_operation,valueType,1818,1.0,1818,1.0,factorized,existing_sample,1818,deletion,train,clean_parent_train_minocc100
populated_slot,conflictWith,2716,1.0,2716,1.0,factorized,existing_sample,2716,add_subject,val,clean_parent_train_minocc100
populated_slot,conflictWith,2714,0.9992636229749632,2715,0.9996318114874816,factorized,existing_sample,2716,add_predicate,val,clean_parent_train_minocc100
populated_slot,conflictWith,2344,0.8630338733431517,2377,0.8751840942562592,factorized,existing_sample,2716,add_object,val,clean_parent_train_minocc100
populated_slot,conflictWith,15092,1.0,15092,1.0,factorized,existing_sample,15092,del_subject,val,clean_parent_train_minocc100
populated_slot,conflictWith,15092,1.0,15092,1.0,factorized,existing_sample,15092,del_predicate,val,clean_parent_train_minocc100
populated_slot,conflictWith,14576,0.9658097005035781,14577,0.9658759607739199,factorized,existing_sample,15092,del_object,val,clean_parent_train_minocc100
present_operation,conflictWith,2342,0.8622974963181149,2376,0.8748159057437408,factorized,existing_sample,2716,addition,val,clean_parent_train_minocc100
present_operation,conflictWith,14576,0.9658097005035781,14577,0.9658759607739199,factorized,existing_sample,15092,deletion,val,clean_parent_train_minocc100
populated_slot,distinct,1925,1.0,1925,1.0,factorized,existing_sample,1925,add_subject,val,clean_parent_train_minocc100
populated_slot,distinct,1925,1.0,1925,1.0,factorized,existing_sample,1925,add_predicate,val,clean_parent_train_minocc100
populated_slot,distinct,965,0.5012987012987012,966,0.5018181818181818,factorized,existing_sample,1925,add_object,val,clean_parent_train_minocc100
populated_slot,distinct,34233,1.0,34233,1.0,factorized,existing_sample,34233,del_subject,val,clean_parent_train_minocc100
populated_slot,distinct,34233,1.0,34233,1.0,factorized,existing_sample,34233,del_predicate,val,clean_parent_train_minocc100
populated_slot,distinct,34233,1.0,34233,1.0,factorized,existing_sample,34233,del_object,val,clean_parent_train_minocc100
present_operation,distinct,965,0.5012987012987012,966,0.5018181818181818,factorized,existing_sample,1925,addition,val,clean_parent_train_minocc100
present_operation,distinct,34233,1.0,34233,1.0,factorized,existing_sample,34233,deletion,val,clean_parent_train_minocc100
populated_slot,inverse,9695,1.0,9695,1.0,factorized,existing_sample,9695,add_subject,val,clean_parent_train_minocc100
populated_slot,inverse,9693,0.9997937080969572,9693,0.9997937080969572,factorized,existing_sample,9695,add_predicate,val,clean_parent_train_minocc100
populated_slot,inverse,9465,0.9762764311500773,9492,0.9790613718411553,factorized,existing_sample,9695,add_object,val,clean_parent_train_minocc100
populated_slot,inverse,1138,1.0,1138,1.0,factorized,existing_sample,1138,del_subject,val,clean_parent_train_minocc100
populated_slot,inverse,1138,1.0,1138,1.0,factorized,existing_sample,1138,del_predicate,val,clean_parent_train_minocc100
populated_slot,inverse,1138,1.0,1138,1.0,factorized,existing_sample,1138,del_object,val,clean_parent_train_minocc100
present_operation,inverse,9463,0.9760701392470346,9490,0.9788550799381124,factorized,existing_sample,9695,addition,val,clean_parent_train_minocc100
present_operation,inverse,1138,1.0,1138,1.0,factorized,existing_sample,1138,deletion,val,clean_parent_train_minocc100
populated_slot,itemRequiresStatement,14730,1.0,14730,1.0,factorized,existing_sample,14730,add_subject,val,clean_parent_train_minocc100
populated_slot,itemRequiresStatement,14726,0.9997284453496266,14730,1.0,factorized,existing_sample,14730,add_predicate,val,clean_parent_train_minocc100
populated_slot,itemRequiresStatement,7997,0.5429056347589952,8319,0.564765784114053,factorized,existing_sample,14730,add_object,val,clean_parent_train_minocc100
populated_slot,itemRequiresStatement,329,1.0,329,1.0,factorized,existing_sample,329,del_subject,val,clean_parent_train_minocc100
populated_slot,itemRequiresStatement,329,1.0,329,1.0,factorized,existing_sample,329,del_predicate,val,clean_parent_train_minocc100
populated_slot,itemRequiresStatement,329,1.0,329,1.0,factorized,existing_sample,329,del_object,val,clean_parent_train_minocc100
present_operation,itemRequiresStatement,7997,0.5429056347589952,8319,0.564765784114053,factorized,existing_sample,14730,addition,val,clean_parent_train_minocc100
present_operation,itemRequiresStatement,329,1.0,329,1.0,factorized,existing_sample,329,deletion,val,clean_parent_train_minocc100
populated_slot,oneOf,735,1.0,735,1.0,factorized,existing_sample,735,add_subject,val,clean_parent_train_minocc100
populated_slot,oneOf,735,1.0,735,1.0,factorized,existing_sample,735,add_predicate,val,clean_parent_train_minocc100
populated_slot,oneOf,717,0.9755102040816327,726,0.9877551020408163,factorized,existing_sample,735,add_object,val,clean_parent_train_minocc100
populated_slot,oneOf,1029,1.0,1029,1.0,factorized,existing_sample,1029,del_subject,val,clean_parent_train_minocc100
populated_slot,oneOf,1029,1.0,1029,1.0,factorized,existing_sample,1029,del_predicate,val,clean_parent_train_minocc100
populated_slot,oneOf,1029,1.0,1029,1.0,factorized,existing_sample,1029,del_object,val,clean_parent_train_minocc100
present_operation,oneOf,717,0.9755102040816327,726,0.9877551020408163,factorized,existing_sample,735,addition,val,clean_parent_train_minocc100
present_operation,oneOf,1029,1.0,1029,1.0,factorized,existing_sample,1029,deletion,val,clean_parent_train_minocc100
populated_slot,single,2627,1.0,2627,1.0,factorized,existing_sample,2627,add_subject,val,clean_parent_train_minocc100
populated_slot,single,2621,0.9977160258850399,2622,0.9980966882375333,factorized,existing_sample,2627,add_predicate,val,clean_parent_train_minocc100
populated_slot,single,541,0.20593833269889608,575,0.21888085268366958,factorized,existing_sample,2627,add_object,val,clean_parent_train_minocc100
populated_slot,single,17958,1.0,17958,1.0,factorized,existing_sample,17958,del_subject,val,clean_parent_train_minocc100
populated_slot,single,17958,1.0,17958,1.0,factorized,existing_sample,17958,del_predicate,val,clean_parent_train_minocc100
populated_slot,single,17732,0.9874150796302483,17838,0.993317741396592,factorized,existing_sample,17958,del_object,val,clean_parent_train_minocc100
present_operation,single,535,0.20365435858393605,570,0.2169775409212029,factorized,existing_sample,2627,addition,val,clean_parent_train_minocc100
present_operation,single,17732,0.9874150796302483,17838,0.993317741396592,factorized,existing_sample,17958,deletion,val,clean_parent_train_minocc100
populated_slot,symmetric,4356,1.0,4356,1.0,factorized,existing_sample,4356,add_subject,val,clean_parent_train_minocc100
populated_slot,symmetric,4356,1.0,4356,1.0,factorized,existing_sample,4356,add_predicate,val,clean_parent_train_minocc100
populated_slot,symmetric,4294,0.9857667584940312,4306,0.9885215794306703,factorized,existing_sample,4356,add_object,val,clean_parent_train_minocc100
populated_slot,symmetric,199,1.0,199,1.0,factorized,existing_sample,199,del_subject,val,clean_parent_train_minocc100
populated_slot,symmetric,199,1.0,199,1.0,factorized,existing_sample,199,del_predicate,val,clean_parent_train_minocc100
populated_slot,symmetric,199,1.0,199,1.0,factorized,existing_sample,199,del_object,val,clean_parent_train_minocc100
present_operation,symmetric,4294,0.9857667584940312,4306,0.9885215794306703,factorized,existing_sample,4356,addition,val,clean_parent_train_minocc100
present_operation,symmetric,199,1.0,199,1.0,factorized,existing_sample,199,deletion,val,clean_parent_train_minocc100
populated_slot,type,14442,1.0,14442,1.0,factorized,existing_sample,14442,add_subject,val,clean_parent_train_minocc100
populated_slot,type,14441,0.9999307575128099,14441,0.9999307575128099,factorized,existing_sample,14442,add_predicate,val,clean_parent_train_minocc100
populated_slot,type,13776,0.9538845035313669,13820,0.956931172967733,factorized,existing_sample,14442,add_object,val,clean_parent_train_minocc100
populated_slot,type,854,1.0,854,1.0,factorized,existing_sample,854,del_subject,val,clean_parent_train_minocc100
populated_slot,type,854,1.0,854,1.0,factorized,existing_sample,854,del_predicate,val,clean_parent_train_minocc100
populated_slot,type,854,1.0,854,1.0,factorized,existing_sample,854,del_object,val,clean_parent_train_minocc100
present_operation,type,13775,0.9538152610441767,13819,0.9568619304805429,factorized,existing_sample,14442,addition,val,clean_parent_train_minocc100
present_operation,type,854,1.0,854,1.0,factorized,existing_sample,854,deletion,val,clean_parent_train_minocc100
populated_slot,valueRequiresStatement,14658,1.0,14658,1.0,factorized,existing_sample,14658,add_subject,val,clean_parent_train_minocc100
populated_slot,valueRequiresStatement,14657,0.9999317778687407,14657,0.9999317778687407,factorized,existing_sample,14658,add_predicate,val,clean_parent_train_minocc100
populated_slot,valueRequiresStatement,12102,0.8256242325010233,12207,0.8327875562832583,factorized,existing_sample,14658,add_object,val,clean_parent_train_minocc100
populated_slot,valueRequiresStatement,695,1.0,695,1.0,factorized,existing_sample,695,del_subject,val,clean_parent_train_minocc100
populated_slot,valueRequiresStatement,695,1.0,695,1.0,factorized,existing_sample,695,del_predicate,val,clean_parent_train_minocc100
populated_slot,valueRequiresStatement,695,1.0,695,1.0,factorized,existing_sample,695,del_object,val,clean_parent_train_minocc100
present_operation,valueRequiresStatement,12101,0.825556010369764,12206,0.832719334151999,factorized,existing_sample,14658,addition,val,clean_parent_train_minocc100
present_operation,valueRequiresStatement,695,1.0,695,1.0,factorized,existing_sample,695,deletion,val,clean_parent_train_minocc100
populated_slot,valueType,14862,1.0,14862,1.0,factorized,existing_sample,14862,add_subject,val,clean_parent_train_minocc100
populated_slot,valueType,14862,1.0,14862,1.0,factorized,existing_sample,14862,add_predicate,val,clean_parent_train_minocc100
populated_slot,valueType,14263,0.9596958686583232,14332,0.9643385816175482,factorized,existing_sample,14862,add_object,val,clean_parent_train_minocc100
populated_slot,valueType,407,1.0,407,1.0,factorized,existing_sample,407,del_subject,val,clean_parent_train_minocc100
populated_slot,valueType,407,1.0,407,1.0,factorized,existing_sample,407,del_predicate,val,clean_parent_train_minocc100
populated_slot,valueType,407,1.0,407,1.0,factorized,existing_sample,407,del_object,val,clean_parent_train_minocc100
present_operation,valueType,14263,0.9596958686583232,14332,0.9643385816175482,factorized,existing_sample,14862,addition,val,clean_parent_train_minocc100
present_operation,valueType,407,1.0,407,1.0,factorized,existing_sample,407,deletion,val,clean_parent_train_minocc100
populated_slot,overall,538656,1.0,538656,1.0,passive,previously_discarded,538656,add_subject,overall,existing_train_val_minocc100
populated_slot,overall,538494,0.9996992514703261,538546,0.9997957880354067,passive,previously_discarded,538656,add_predicate,overall,existing_train_val_minocc100
populated_slot,overall,441822,0.8202303510960613,446246,0.8284433850175251,passive,previously_discarded,538656,add_object,overall,existing_train_val_minocc100
populated_slot,overall,479555,1.0,479555,1.0,passive,previously_discarded,479555,del_subject,overall,existing_train_val_minocc100
populated_slot,overall,479555,1.0,479555,1.0,passive,previously_discarded,479555,del_predicate,overall,existing_train_val_minocc100
populated_slot,overall,474451,0.9893567995329003,475142,0.9907977187183952,passive,previously_discarded,479555,del_object,overall,existing_train_val_minocc100
present_operation,overall,441683,0.8199723014317115,446136,0.8282391730529317,passive,previously_discarded,538656,addition,overall,existing_train_val_minocc100
present_operation,overall,474451,0.9893567995329003,475142,0.9907977187183952,passive,previously_discarded,479555,deletion,overall,existing_train_val_minocc100
populated_slot,overall,80692,1.0,80692,1.0,passive,previously_discarded,80692,add_subject,test,existing_train_val_minocc100
populated_slot,overall,80663,0.999640608734447,80671,0.9997397511525307,passive,previously_discarded,80692,add_predicate,test,existing_train_val_minocc100
populated_slot,overall,66284,0.8214445050314777,66941,0.8295865761165915,passive,previously_discarded,80692,add_object,test,existing_train_val_minocc100
populated_slot,overall,71916,1.0,71916,1.0,passive,previously_discarded,71916,del_subject,test,existing_train_val_minocc100
populated_slot,overall,71916,1.0,71916,1.0,passive,previously_discarded,71916,del_predicate,test,existing_train_val_minocc100
populated_slot,overall,71185,0.9898353634796151,71291,0.9913093053006286,passive,previously_discarded,71916,del_object,test,existing_train_val_minocc100
present_operation,overall,66260,0.821147077777227,66920,0.8293263272691221,passive,previously_discarded,80692,addition,test,existing_train_val_minocc100
present_operation,overall,71185,0.9898353634796151,71291,0.9913093053006286,passive,previously_discarded,71916,deletion,test,existing_train_val_minocc100
populated_slot,overall,377048,1.0,377048,1.0,passive,previously_discarded,377048,add_subject,train,existing_train_val_minocc100
populated_slot,overall,376934,0.9996976512274299,376971,0.9997957819694044,passive,previously_discarded,377048,add_predicate,train,existing_train_val_minocc100
populated_slot,overall,309178,0.8199963930321869,312274,0.8282075491714582,passive,previously_discarded,377048,add_object,train,existing_train_val_minocc100
populated_slot,overall,335736,1.0,335736,1.0,passive,previously_discarded,335736,del_subject,train,existing_train_val_minocc100
populated_slot,overall,335736,1.0,335736,1.0,passive,previously_discarded,335736,del_predicate,train,existing_train_val_minocc100
populated_slot,overall,332139,0.9892862248909857,332613,0.9906980484666523,passive,previously_discarded,335736,del_object,train,existing_train_val_minocc100
present_operation,overall,309077,0.8197285226284187,312197,0.8280033311408627,passive,previously_discarded,377048,addition,train,existing_train_val_minocc100
present_operation,overall,332139,0.9892862248909857,332613,0.9906980484666523,passive,previously_discarded,335736,deletion,train,existing_train_val_minocc100
populated_slot,overall,80916,1.0,80916,1.0,passive,previously_discarded,80916,add_subject,val,existing_train_val_minocc100
populated_slot,overall,80897,0.9997651885906372,80904,0.9998516980572445,passive,previously_discarded,80916,add_predicate,val,existing_train_val_minocc100
populated_slot,overall,66360,0.820109743437639,67031,0.8284022937367146,passive,previously_discarded,80916,add_object,val,existing_train_val_minocc100
populated_slot,overall,71903,1.0,71903,1.0,passive,previously_discarded,71903,del_subject,val,existing_train_val_minocc100
populated_slot,overall,71903,1.0,71903,1.0,passive,previously_discarded,71903,del_predicate,val,existing_train_val_minocc100
populated_slot,overall,71127,0.9892076825723545,71238,0.9907514290085254,passive,previously_discarded,71903,del_object,val,existing_train_val_minocc100
present_operation,overall,66346,0.8199367245044243,67019,0.8282539917939592,passive,previously_discarded,80916,addition,val,existing_train_val_minocc100
present_operation,overall,71127,0.9892076825723545,71238,0.9907514290085254,passive,previously_discarded,71903,deletion,val,existing_train_val_minocc100
populated_slot,conflictWith,17745,1.0,17745,1.0,passive,previously_discarded,17745,add_subject,overall,existing_train_val_minocc100
populated_slot,conflictWith,17719,0.9985347985347985,17725,0.998872921949845,passive,previously_discarded,17745,add_predicate,overall,existing_train_val_minocc100
populated_slot,conflictWith,15334,0.8641307410538179,15578,0.8778810932657086,passive,previously_discarded,17745,add_object,overall,existing_train_val_minocc100
populated_slot,conflictWith,100613,1.0,100613,1.0,passive,previously_discarded,100613,del_subject,overall,existing_train_val_minocc100
populated_slot,conflictWith,100613,1.0,100613,1.0,passive,previously_discarded,100613,del_predicate,overall,existing_train_val_minocc100
populated_slot,conflictWith,97020,0.9642889089879042,97029,0.9643783606492203,passive,previously_discarded,100613,del_object,overall,existing_train_val_minocc100
present_operation,conflictWith,15308,0.8626655395886165,15558,0.8767540152155536,passive,previously_discarded,17745,addition,overall,existing_train_val_minocc100
present_operation,conflictWith,97020,0.9642889089879042,97029,0.9643783606492203,passive,previously_discarded,100613,deletion,overall,existing_train_val_minocc100
populated_slot,distinct,13041,1.0,13041,1.0,passive,previously_discarded,13041,add_subject,overall,existing_train_val_minocc100
populated_slot,distinct,13040,0.9999233187638985,13040,0.9999233187638985,passive,previously_discarded,13041,add_predicate,overall,existing_train_val_minocc100
populated_slot,distinct,6429,0.49298366689671036,6440,0.49382716049382713,passive,previously_discarded,13041,add_object,overall,existing_train_val_minocc100
populated_slot,distinct,228201,1.0,228201,1.0,passive,previously_discarded,228201,del_subject,overall,existing_train_val_minocc100
populated_slot,distinct,228201,1.0,228201,1.0,passive,previously_discarded,228201,del_predicate,overall,existing_train_val_minocc100
populated_slot,distinct,228201,1.0,228201,1.0,passive,previously_discarded,228201,del_object,overall,existing_train_val_minocc100
present_operation,distinct,6428,0.49290698566060887,6439,0.49375047925772564,passive,previously_discarded,13041,addition,overall,existing_train_val_minocc100
present_operation,distinct,228201,1.0,228201,1.0,passive,previously_discarded,228201,deletion,overall,existing_train_val_minocc100
populated_slot,inverse,64443,1.0,64443,1.0,passive,previously_discarded,64443,add_subject,overall,existing_train_val_minocc100
populated_slot,inverse,64433,0.9998448241081266,64439,0.9999379296432507,passive,previously_discarded,64443,add_predicate,overall,existing_train_val_minocc100
populated_slot,inverse,62932,0.9765529227379235,63064,0.9786012445106528,passive,previously_discarded,64443,add_object,overall,existing_train_val_minocc100
populated_slot,inverse,7704,1.0,7704,1.0,passive,previously_discarded,7704,del_subject,overall,existing_train_val_minocc100
populated_slot,inverse,7704,1.0,7704,1.0,passive,previously_discarded,7704,del_predicate,overall,existing_train_val_minocc100
populated_slot,inverse,7704,1.0,7704,1.0,passive,previously_discarded,7704,del_object,overall,existing_train_val_minocc100
present_operation,inverse,62922,0.97639774684605,63060,0.9785391741539035,passive,previously_discarded,64443,addition,overall,existing_train_val_minocc100
present_operation,inverse,7704,1.0,7704,1.0,passive,previously_discarded,7704,deletion,overall,existing_train_val_minocc100
populated_slot,itemRequiresStatement,98309,1.0,98309,1.0,passive,previously_discarded,98309,add_subject,overall,existing_train_val_minocc100
populated_slot,itemRequiresStatement,98277,0.9996744957226703,98304,0.9999491399566672,passive,previously_discarded,98309,add_predicate,overall,existing_train_val_minocc100
populated_slot,itemRequiresStatement,52467,0.5336947787079515,54572,0.5551068569510421,passive,previously_discarded,98309,add_object,overall,existing_train_val_minocc100
populated_slot,itemRequiresStatement,2257,1.0,2257,1.0,passive,previously_discarded,2257,del_subject,overall,existing_train_val_minocc100
populated_slot,itemRequiresStatement,2257,1.0,2257,1.0,passive,previously_discarded,2257,del_predicate,overall,existing_train_val_minocc100
populated_slot,itemRequiresStatement,2257,1.0,2257,1.0,passive,previously_discarded,2257,del_object,overall,existing_train_val_minocc100
present_operation,itemRequiresStatement,52457,0.5335930586212859,54567,0.5550559969077093,passive,previously_discarded,98309,addition,overall,existing_train_val_minocc100
present_operation,itemRequiresStatement,2257,1.0,2257,1.0,passive,previously_discarded,2257,deletion,overall,existing_train_val_minocc100
populated_slot,oneOf,5069,1.0,5069,1.0,passive,previously_discarded,5069,add_subject,overall,existing_train_val_minocc100
populated_slot,oneOf,5066,0.9994081672913789,5067,0.9996054448609193,passive,previously_discarded,5069,add_predicate,overall,existing_train_val_minocc100
populated_slot,oneOf,4946,0.9757348589465378,5019,0.9901361215229828,passive,previously_discarded,5069,add_object,overall,existing_train_val_minocc100
populated_slot,oneOf,6854,1.0,6854,1.0,passive,previously_discarded,6854,del_subject,overall,existing_train_val_minocc100
populated_slot,oneOf,6854,1.0,6854,1.0,passive,previously_discarded,6854,del_predicate,overall,existing_train_val_minocc100
populated_slot,oneOf,6854,1.0,6854,1.0,passive,previously_discarded,6854,del_object,overall,existing_train_val_minocc100
present_operation,oneOf,4943,0.9751430262379167,5017,0.9897415663839022,passive,previously_discarded,5069,addition,overall,existing_train_val_minocc100
present_operation,oneOf,6854,1.0,6854,1.0,passive,previously_discarded,6854,deletion,overall,existing_train_val_minocc100
populated_slot,single,17530,1.0,17530,1.0,passive,previously_discarded,17530,add_subject,overall,existing_train_val_minocc100
populated_slot,single,17461,0.996063890473474,17469,0.9965202509982887,passive,previously_discarded,17530,add_predicate,overall,existing_train_val_minocc100
populated_slot,single,3316,0.18916143753565318,3554,0.20273816314888762,passive,previously_discarded,17530,add_object,overall,existing_train_val_minocc100
populated_slot,single,119723,1.0,119723,1.0,passive,previously_discarded,119723,del_subject,overall,existing_train_val_minocc100
populated_slot,single,119723,1.0,119723,1.0,passive,previously_discarded,119723,del_predicate,overall,existing_train_val_minocc100
populated_slot,single,118212,0.9873792003207403,118894,0.9930756830350058,passive,previously_discarded,119723,del_object,overall,existing_train_val_minocc100
present_operation,single,3247,0.18522532800912722,3493,0.19925841414717627,passive,previously_discarded,17530,addition,overall,existing_train_val_minocc100
present_operation,single,118212,0.9873792003207403,118894,0.9930756830350058,passive,previously_discarded,119723,deletion,overall,existing_train_val_minocc100
populated_slot,symmetric,29192,1.0,29192,1.0,passive,previously_discarded,29192,add_subject,overall,existing_train_val_minocc100
populated_slot,symmetric,29191,0.9999657440394628,29192,1.0,passive,previously_discarded,29192,add_predicate,overall,existing_train_val_minocc100
populated_slot,symmetric,28716,0.9836941627843244,28773,0.985646752534941,passive,previously_discarded,29192,add_object,overall,existing_train_val_minocc100
populated_slot,symmetric,1396,1.0,1396,1.0,passive,previously_discarded,1396,del_subject,overall,existing_train_val_minocc100
populated_slot,symmetric,1396,1.0,1396,1.0,passive,previously_discarded,1396,del_predicate,overall,existing_train_val_minocc100
populated_slot,symmetric,1396,1.0,1396,1.0,passive,previously_discarded,1396,del_object,overall,existing_train_val_minocc100
present_operation,symmetric,28715,0.9836599068237873,28773,0.985646752534941,passive,previously_discarded,29192,addition,overall,existing_train_val_minocc100
present_operation,symmetric,1396,1.0,1396,1.0,passive,previously_discarded,1396,deletion,overall,existing_train_val_minocc100
populated_slot,type,96477,1.0,96477,1.0,passive,previously_discarded,96477,add_subject,overall,existing_train_val_minocc100
populated_slot,type,96464,0.9998652528581942,96466,0.9998859831877027,passive,previously_discarded,96477,add_predicate,overall,existing_train_val_minocc100
populated_slot,type,91668,0.9501539226966013,92040,0.9540097639851985,passive,previously_discarded,96477,add_object,overall,existing_train_val_minocc100
populated_slot,type,5645,1.0,5645,1.0,passive,previously_discarded,5645,del_subject,overall,existing_train_val_minocc100
populated_slot,type,5645,1.0,5645,1.0,passive,previously_discarded,5645,del_predicate,overall,existing_train_val_minocc100
populated_slot,type,5645,1.0,5645,1.0,passive,previously_discarded,5645,del_object,overall,existing_train_val_minocc100
present_operation,type,91655,0.9500191755547954,92029,0.9538957471729013,passive,previously_discarded,96477,addition,overall,existing_train_val_minocc100
present_operation,type,5645,1.0,5645,1.0,passive,previously_discarded,5645,deletion,overall,existing_train_val_minocc100
populated_slot,valueRequiresStatement,97761,1.0,97761,1.0,passive,previously_discarded,97761,add_subject,overall,existing_train_val_minocc100
populated_slot,valueRequiresStatement,97760,0.9999897709720645,97760,0.9999897709720645,passive,previously_discarded,97761,add_predicate,overall,existing_train_val_minocc100
populated_slot,valueRequiresStatement,80954,0.8280807274884667,81747,0.8361923466412987,passive,previously_discarded,97761,add_object,overall,existing_train_val_minocc100
populated_slot,valueRequiresStatement,4502,1.0,4502,1.0,passive,previously_discarded,4502,del_subject,overall,existing_train_val_minocc100
populated_slot,valueRequiresStatement,4502,1.0,4502,1.0,passive,previously_discarded,4502,del_predicate,overall,existing_train_val_minocc100
populated_slot,valueRequiresStatement,4502,1.0,4502,1.0,passive,previously_discarded,4502,del_object,overall,existing_train_val_minocc100
present_operation,valueRequiresStatement,80953,0.8280704984605313,81746,0.8361821176133633,passive,previously_discarded,97761,addition,overall,existing_train_val_minocc100
present_operation,valueRequiresStatement,4502,1.0,4502,1.0,passive,previously_discarded,4502,deletion,overall,existing_train_val_minocc100
populated_slot,valueType,99089,1.0,99089,1.0,passive,previously_discarded,99089,add_subject,overall,existing_train_val_minocc100
populated_slot,valueType,99083,0.9999394483746935,99084,0.9999495403122446,passive,previously_discarded,99089,add_predicate,overall,existing_train_val_minocc100
populated_slot,valueType,95060,0.9593395836066566,95459,0.9633662666895417,passive,previously_discarded,99089,add_object,overall,existing_train_val_minocc100
populated_slot,valueType,2660,1.0,2660,1.0,passive,previously_discarded,2660,del_subject,overall,existing_train_val_minocc100
populated_slot,valueType,2660,1.0,2660,1.0,passive,previously_discarded,2660,del_predicate,overall,existing_train_val_minocc100
populated_slot,valueType,2660,1.0,2660,1.0,passive,previously_discarded,2660,del_object,overall,existing_train_val_minocc100
present_operation,valueType,95055,0.9592891239189012,95454,0.9633158070017863,passive,previously_discarded,99089,addition,overall,existing_train_val_minocc100
present_operation,valueType,2660,1.0,2660,1.0,passive,previously_discarded,2660,deletion,overall,existing_train_val_minocc100
populated_slot,conflictWith,2637,1.0,2637,1.0,passive,previously_discarded,2637,add_subject,test,existing_train_val_minocc100
populated_slot,conflictWith,2633,0.9984831247629883,2633,0.9984831247629883,passive,previously_discarded,2637,add_predicate,test,existing_train_val_minocc100
populated_slot,conflictWith,2280,0.8646188850967008,2321,0.8801668562760713,passive,previously_discarded,2637,add_object,test,existing_train_val_minocc100
populated_slot,conflictWith,15091,1.0,15091,1.0,passive,previously_discarded,15091,del_subject,test,existing_train_val_minocc100
populated_slot,conflictWith,15091,1.0,15091,1.0,passive,previously_discarded,15091,del_predicate,test,existing_train_val_minocc100
populated_slot,conflictWith,14598,0.9673315220992644,14600,0.9674640514213769,passive,previously_discarded,15091,del_object,test,existing_train_val_minocc100
present_operation,conflictWith,2276,0.863102009859689,2317,0.8786499810390596,passive,previously_discarded,2637,addition,test,existing_train_val_minocc100
present_operation,conflictWith,14598,0.9673315220992644,14600,0.9674640514213769,passive,previously_discarded,15091,deletion,test,existing_train_val_minocc100
populated_slot,distinct,1969,1.0,1969,1.0,passive,previously_discarded,1969,add_subject,test,existing_train_val_minocc100
populated_slot,distinct,1969,1.0,1969,1.0,passive,previously_discarded,1969,add_predicate,test,existing_train_val_minocc100
populated_slot,distinct,979,0.4972067039106145,981,0.4982224479431183,passive,previously_discarded,1969,add_object,test,existing_train_val_minocc100
populated_slot,distinct,34230,1.0,34230,1.0,passive,previously_discarded,34230,del_subject,test,existing_train_val_minocc100
populated_slot,distinct,34230,1.0,34230,1.0,passive,previously_discarded,34230,del_predicate,test,existing_train_val_minocc100
populated_slot,distinct,34230,1.0,34230,1.0,passive,previously_discarded,34230,del_object,test,existing_train_val_minocc100
present_operation,distinct,979,0.4972067039106145,981,0.4982224479431183,passive,previously_discarded,1969,addition,test,existing_train_val_minocc100
present_operation,distinct,34230,1.0,34230,1.0,passive,previously_discarded,34230,deletion,test,existing_train_val_minocc100
populated_slot,inverse,9691,1.0,9691,1.0,passive,previously_discarded,9691,add_subject,test,existing_train_val_minocc100
populated_slot,inverse,9690,0.999896811474564,9690,0.999896811474564,passive,previously_discarded,9691,add_predicate,test,existing_train_val_minocc100
populated_slot,inverse,9487,0.9789495408110618,9504,0.9807037457434733,passive,previously_discarded,9691,add_object,test,existing_train_val_minocc100
populated_slot,inverse,1131,1.0,1131,1.0,passive,previously_discarded,1131,del_subject,test,existing_train_val_minocc100
populated_slot,inverse,1131,1.0,1131,1.0,passive,previously_discarded,1131,del_predicate,test,existing_train_val_minocc100
populated_slot,inverse,1131,1.0,1131,1.0,passive,previously_discarded,1131,del_object,test,existing_train_val_minocc100
present_operation,inverse,9486,0.9788463522856259,9503,0.9806005572180374,passive,previously_discarded,9691,addition,test,existing_train_val_minocc100
present_operation,inverse,1131,1.0,1131,1.0,passive,previously_discarded,1131,deletion,test,existing_train_val_minocc100
populated_slot,itemRequiresStatement,14751,1.0,14751,1.0,passive,previously_discarded,14751,add_subject,test,existing_train_val_minocc100
populated_slot,itemRequiresStatement,14745,0.9995932479153956,14751,1.0,passive,previously_discarded,14751,add_predicate,test,existing_train_val_minocc100
populated_slot,itemRequiresStatement,7873,0.5337265270151176,8187,0.5550132194427496,passive,previously_discarded,14751,add_object,test,existing_train_val_minocc100
populated_slot,itemRequiresStatement,331,1.0,331,1.0,passive,previously_discarded,331,del_subject,test,existing_train_val_minocc100
populated_slot,itemRequiresStatement,331,1.0,331,1.0,passive,previously_discarded,331,del_predicate,test,existing_train_val_minocc100
populated_slot,itemRequiresStatement,331,1.0,331,1.0,passive,previously_discarded,331,del_object,test,existing_train_val_minocc100
present_operation,itemRequiresStatement,7872,0.5336587350010169,8187,0.5550132194427496,passive,previously_discarded,14751,addition,test,existing_train_val_minocc100
present_operation,itemRequiresStatement,331,1.0,331,1.0,passive,previously_discarded,331,deletion,test,existing_train_val_minocc100
populated_slot,oneOf,752,1.0,752,1.0,passive,previously_discarded,752,add_subject,test,existing_train_val_minocc100
populated_slot,oneOf,751,0.9986702127659575,751,0.9986702127659575,passive,previously_discarded,752,add_predicate,test,existing_train_val_minocc100
populated_slot,oneOf,723,0.961436170212766,740,0.9840425531914894,passive,previously_discarded,752,add_object,test,existing_train_val_minocc100
populated_slot,oneOf,1028,1.0,1028,1.0,passive,previously_discarded,1028,del_subject,test,existing_train_val_minocc100
populated_slot,oneOf,1028,1.0,1028,1.0,passive,previously_discarded,1028,del_predicate,test,existing_train_val_minocc100
populated_slot,oneOf,1028,1.0,1028,1.0,passive,previously_discarded,1028,del_object,test,existing_train_val_minocc100
present_operation,oneOf,722,0.9601063829787234,739,0.9827127659574468,passive,previously_discarded,752,addition,test,existing_train_val_minocc100
present_operation,oneOf,1028,1.0,1028,1.0,passive,previously_discarded,1028,deletion,test,existing_train_val_minocc100
populated_slot,single,2585,1.0,2585,1.0,passive,previously_discarded,2585,add_subject,test,existing_train_val_minocc100
populated_slot,single,2573,0.995357833655706,2573,0.995357833655706,passive,previously_discarded,2585,add_predicate,test,existing_train_val_minocc100
populated_slot,single,486,0.18800773694390716,511,0.197678916827853,passive,previously_discarded,2585,add_object,test,existing_train_val_minocc100
populated_slot,single,17959,1.0,17959,1.0,passive,previously_discarded,17959,del_subject,test,existing_train_val_minocc100
populated_slot,single,17959,1.0,17959,1.0,passive,previously_discarded,17959,del_predicate,test,existing_train_val_minocc100
populated_slot,single,17721,0.9867475917367337,17825,0.9925385600534551,passive,previously_discarded,17959,del_object,test,existing_train_val_minocc100
present_operation,single,474,0.18336557059961314,499,0.193036750483559,passive,previously_discarded,2585,addition,test,existing_train_val_minocc100
present_operation,single,17721,0.9867475917367337,17825,0.9925385600534551,passive,previously_discarded,17959,deletion,test,existing_train_val_minocc100
populated_slot,symmetric,4341,1.0,4341,1.0,passive,previously_discarded,4341,add_subject,test,existing_train_val_minocc100
populated_slot,symmetric,4340,0.9997696383321816,4341,1.0,passive,previously_discarded,4341,add_predicate,test,existing_train_val_minocc100
populated_slot,symmetric,4281,0.9861782999308915,4289,0.9880211932734393,passive,previously_discarded,4341,add_object,test,existing_train_val_minocc100
populated_slot,symmetric,209,1.0,209,1.0,passive,previously_discarded,209,del_subject,test,existing_train_val_minocc100
populated_slot,symmetric,209,1.0,209,1.0,passive,previously_discarded,209,del_predicate,test,existing_train_val_minocc100
populated_slot,symmetric,209,1.0,209,1.0,passive,previously_discarded,209,del_object,test,existing_train_val_minocc100
present_operation,symmetric,4280,0.985947938263073,4289,0.9880211932734393,passive,previously_discarded,4341,addition,test,existing_train_val_minocc100
present_operation,symmetric,209,1.0,209,1.0,passive,previously_discarded,209,deletion,test,existing_train_val_minocc100
populated_slot,type,14466,1.0,14466,1.0,passive,previously_discarded,14466,add_subject,test,existing_train_val_minocc100
populated_slot,type,14464,0.9998617447808654,14464,0.9998617447808654,passive,previously_discarded,14466,add_predicate,test,existing_train_val_minocc100
populated_slot,type,13751,0.9505737591594082,13813,0.9548596709525785,passive,previously_discarded,14466,add_object,test,existing_train_val_minocc100
populated_slot,type,859,1.0,859,1.0,passive,previously_discarded,859,del_subject,test,existing_train_val_minocc100
populated_slot,type,859,1.0,859,1.0,passive,previously_discarded,859,del_predicate,test,existing_train_val_minocc100
populated_slot,type,859,1.0,859,1.0,passive,previously_discarded,859,del_object,test,existing_train_val_minocc100
present_operation,type,13749,0.9504355039402738,13811,0.9547214157334439,passive,previously_discarded,14466,addition,test,existing_train_val_minocc100
present_operation,type,859,1.0,859,1.0,passive,previously_discarded,859,deletion,test,existing_train_val_minocc100
populated_slot,valueRequiresStatement,14650,1.0,14650,1.0,passive,previously_discarded,14650,add_subject,test,existing_train_val_minocc100
populated_slot,valueRequiresStatement,14650,1.0,14650,1.0,passive,previously_discarded,14650,add_predicate,test,existing_train_val_minocc100
populated_slot,valueRequiresStatement,12177,0.8311945392491468,12281,0.8382935153583618,passive,previously_discarded,14650,add_object,test,existing_train_val_minocc100
populated_slot,valueRequiresStatement,668,1.0,668,1.0,passive,previously_discarded,668,del_subject,test,existing_train_val_minocc100
populated_slot,valueRequiresStatement,668,1.0,668,1.0,passive,previously_discarded,668,del_predicate,test,existing_train_val_minocc100
populated_slot,valueRequiresStatement,668,1.0,668,1.0,passive,previously_discarded,668,del_object,test,existing_train_val_minocc100
present_operation,valueRequiresStatement,12177,0.8311945392491468,12281,0.8382935153583618,passive,previously_discarded,14650,addition,test,existing_train_val_minocc100
present_operation,valueRequiresStatement,668,1.0,668,1.0,passive,previously_discarded,668,deletion,test,existing_train_val_minocc100
populated_slot,valueType,14850,1.0,14850,1.0,passive,previously_discarded,14850,add_subject,test,existing_train_val_minocc100
populated_slot,valueType,14848,0.9998653198653199,14849,0.9999326599326599,passive,previously_discarded,14850,add_predicate,test,existing_train_val_minocc100
populated_slot,valueType,14247,0.9593939393939394,14314,0.9639057239057239,passive,previously_discarded,14850,add_object,test,existing_train_val_minocc100
populated_slot,valueType,410,1.0,410,1.0,passive,previously_discarded,410,del_subject,test,existing_train_val_minocc100
populated_slot,valueType,410,1.0,410,1.0,passive,previously_discarded,410,del_predicate,test,existing_train_val_minocc100
populated_slot,valueType,410,1.0,410,1.0,passive,previously_discarded,410,del_object,test,existing_train_val_minocc100
present_operation,valueType,14245,0.9592592592592593,14313,0.9638383838383838,passive,previously_discarded,14850,addition,test,existing_train_val_minocc100
present_operation,valueType,410,1.0,410,1.0,passive,previously_discarded,410,deletion,test,existing_train_val_minocc100
populated_slot,conflictWith,12488,1.0,12488,1.0,passive,previously_discarded,12488,add_subject,train,existing_train_val_minocc100
populated_slot,conflictWith,12470,0.9985586162716208,12475,0.9989590006406149,passive,previously_discarded,12488,add_predicate,train,existing_train_val_minocc100
populated_slot,conflictWith,10798,0.8646700832799488,10961,0.8777226137091608,passive,previously_discarded,12488,add_object,train,existing_train_val_minocc100
populated_slot,conflictWith,70430,1.0,70430,1.0,passive,previously_discarded,70430,del_subject,train,existing_train_val_minocc100
populated_slot,conflictWith,70430,1.0,70430,1.0,passive,previously_discarded,70430,del_predicate,train,existing_train_val_minocc100
populated_slot,conflictWith,67886,0.9638790288229447,67892,0.963964219792702,passive,previously_discarded,70430,del_object,train,existing_train_val_minocc100
present_operation,conflictWith,10780,0.8632286995515696,10948,0.8766816143497758,passive,previously_discarded,12488,addition,train,existing_train_val_minocc100
present_operation,conflictWith,67886,0.9638790288229447,67892,0.963964219792702,passive,previously_discarded,70430,deletion,train,existing_train_val_minocc100
populated_slot,distinct,9054,1.0,9054,1.0,passive,previously_discarded,9054,add_subject,train,existing_train_val_minocc100
populated_slot,distinct,9054,1.0,9054,1.0,passive,previously_discarded,9054,add_predicate,train,existing_train_val_minocc100
populated_slot,distinct,4460,0.49259995582063176,4468,0.49348354318533244,passive,previously_discarded,9054,add_object,train,existing_train_val_minocc100
populated_slot,distinct,159743,1.0,159743,1.0,passive,previously_discarded,159743,del_subject,train,existing_train_val_minocc100
populated_slot,distinct,159743,1.0,159743,1.0,passive,previously_discarded,159743,del_predicate,train,existing_train_val_minocc100
populated_slot,distinct,159743,1.0,159743,1.0,passive,previously_discarded,159743,del_object,train,existing_train_val_minocc100
present_operation,distinct,4460,0.49259995582063176,4468,0.49348354318533244,passive,previously_discarded,9054,addition,train,existing_train_val_minocc100
present_operation,distinct,159743,1.0,159743,1.0,passive,previously_discarded,159743,deletion,train,existing_train_val_minocc100
populated_slot,inverse,45056,1.0,45056,1.0,passive,previously_discarded,45056,add_subject,train,existing_train_val_minocc100
populated_slot,inverse,45047,0.9998002485795454,45053,0.9999334161931818,passive,previously_discarded,45056,add_predicate,train,existing_train_val_minocc100
populated_slot,inverse,43966,0.9758078835227273,44054,0.9777610085227273,passive,previously_discarded,45056,add_object,train,existing_train_val_minocc100
populated_slot,inverse,5453,1.0,5453,1.0,passive,previously_discarded,5453,del_subject,train,existing_train_val_minocc100
populated_slot,inverse,5453,1.0,5453,1.0,passive,previously_discarded,5453,del_predicate,train,existing_train_val_minocc100
populated_slot,inverse,5453,1.0,5453,1.0,passive,previously_discarded,5453,del_object,train,existing_train_val_minocc100
present_operation,inverse,43957,0.9756081321022727,44051,0.9776944247159091,passive,previously_discarded,45056,addition,train,existing_train_val_minocc100
present_operation,inverse,5453,1.0,5453,1.0,passive,previously_discarded,5453,deletion,train,existing_train_val_minocc100
populated_slot,itemRequiresStatement,68808,1.0,68808,1.0,passive,previously_discarded,68808,add_subject,train,existing_train_val_minocc100
populated_slot,itemRequiresStatement,68786,0.9996802697360772,68803,0.9999273340309266,passive,previously_discarded,68808,add_predicate,train,existing_train_val_minocc100
populated_slot,itemRequiresStatement,36733,0.5338478083943727,38200,0.5551680037204976,passive,previously_discarded,68808,add_object,train,existing_train_val_minocc100
populated_slot,itemRequiresStatement,1581,1.0,1581,1.0,passive,previously_discarded,1581,del_subject,train,existing_train_val_minocc100
populated_slot,itemRequiresStatement,1581,1.0,1581,1.0,passive,previously_discarded,1581,del_predicate,train,existing_train_val_minocc100
populated_slot,itemRequiresStatement,1581,1.0,1581,1.0,passive,previously_discarded,1581,del_object,train,existing_train_val_minocc100
present_operation,itemRequiresStatement,36724,0.5337170096500407,38195,0.5550953377514243,passive,previously_discarded,68808,addition,train,existing_train_val_minocc100
present_operation,itemRequiresStatement,1581,1.0,1581,1.0,passive,previously_discarded,1581,deletion,train,existing_train_val_minocc100
populated_slot,oneOf,3561,1.0,3561,1.0,passive,previously_discarded,3561,add_subject,train,existing_train_val_minocc100
populated_slot,oneOf,3560,0.9997191800056164,3560,0.9997191800056164,passive,previously_discarded,3561,add_predicate,train,existing_train_val_minocc100
populated_slot,oneOf,3486,0.97893850042123,3529,0.9910137601797248,passive,previously_discarded,3561,add_object,train,existing_train_val_minocc100
populated_slot,oneOf,4798,1.0,4798,1.0,passive,previously_discarded,4798,del_subject,train,existing_train_val_minocc100
populated_slot,oneOf,4798,1.0,4798,1.0,passive,previously_discarded,4798,del_predicate,train,existing_train_val_minocc100
populated_slot,oneOf,4798,1.0,4798,1.0,passive,previously_discarded,4798,del_object,train,existing_train_val_minocc100
present_operation,oneOf,3485,0.9786576804268464,3528,0.9907329401853412,passive,previously_discarded,3561,addition,train,existing_train_val_minocc100
present_operation,oneOf,4798,1.0,4798,1.0,passive,previously_discarded,4798,deletion,train,existing_train_val_minocc100
populated_slot,single,12283,1.0,12283,1.0,passive,previously_discarded,12283,add_subject,train,existing_train_val_minocc100
populated_slot,single,12233,0.9959293332247822,12240,0.9964992265733127,passive,previously_discarded,12283,add_predicate,train,existing_train_val_minocc100
populated_slot,single,2358,0.19197264511927054,2546,0.20727835219408938,passive,previously_discarded,12283,add_object,train,existing_train_val_minocc100
populated_slot,single,83805,1.0,83805,1.0,passive,previously_discarded,83805,del_subject,train,existing_train_val_minocc100
populated_slot,single,83805,1.0,83805,1.0,passive,previously_discarded,83805,del_predicate,train,existing_train_val_minocc100
populated_slot,single,82752,0.9874351172364417,83220,0.993019509575801,passive,previously_discarded,83805,del_object,train,existing_train_val_minocc100
present_operation,single,2308,0.18790197834405276,2503,0.2037775787674021,passive,previously_discarded,12283,addition,train,existing_train_val_minocc100
present_operation,single,82752,0.9874351172364417,83220,0.993019509575801,passive,previously_discarded,83805,deletion,train,existing_train_val_minocc100
populated_slot,symmetric,20462,1.0,20462,1.0,passive,previously_discarded,20462,add_subject,train,existing_train_val_minocc100
populated_slot,symmetric,20462,1.0,20462,1.0,passive,previously_discarded,20462,add_predicate,train,existing_train_val_minocc100
populated_slot,symmetric,20119,0.9832372202130779,20156,0.9850454501026292,passive,previously_discarded,20462,add_object,train,existing_train_val_minocc100
populated_slot,symmetric,978,1.0,978,1.0,passive,previously_discarded,978,del_subject,train,existing_train_val_minocc100
populated_slot,symmetric,978,1.0,978,1.0,passive,previously_discarded,978,del_predicate,train,existing_train_val_minocc100
populated_slot,symmetric,978,1.0,978,1.0,passive,previously_discarded,978,del_object,train,existing_train_val_minocc100
present_operation,symmetric,20119,0.9832372202130779,20156,0.9850454501026292,passive,previously_discarded,20462,addition,train,existing_train_val_minocc100
present_operation,symmetric,978,1.0,978,1.0,passive,previously_discarded,978,deletion,train,existing_train_val_minocc100
populated_slot,type,67518,1.0,67518,1.0,passive,previously_discarded,67518,add_subject,train,existing_train_val_minocc100
populated_slot,type,67508,0.9998518913474925,67510,0.999881513077994,passive,previously_discarded,67518,add_predicate,train,existing_train_val_minocc100
populated_slot,type,64110,0.949524571225451,64380,0.953523504843153,passive,previously_discarded,67518,add_object,train,existing_train_val_minocc100
populated_slot,type,3964,1.0,3964,1.0,passive,previously_discarded,3964,del_subject,train,existing_train_val_minocc100
populated_slot,type,3964,1.0,3964,1.0,passive,previously_discarded,3964,del_predicate,train,existing_train_val_minocc100
populated_slot,type,3964,1.0,3964,1.0,passive,previously_discarded,3964,del_object,train,existing_train_val_minocc100
present_operation,type,64100,0.9493764625729435,64372,0.953405017921147,passive,previously_discarded,67518,addition,train,existing_train_val_minocc100
present_operation,type,3964,1.0,3964,1.0,passive,previously_discarded,3964,deletion,train,existing_train_val_minocc100
populated_slot,valueRequiresStatement,68466,1.0,68466,1.0,passive,previously_discarded,68466,add_subject,train,existing_train_val_minocc100
populated_slot,valueRequiresStatement,68465,0.999985394210265,68465,0.999985394210265,passive,previously_discarded,68466,add_predicate,train,existing_train_val_minocc100
populated_slot,valueRequiresStatement,56618,0.8269506032191161,57185,0.83523208599889,passive,previously_discarded,68466,add_object,train,existing_train_val_minocc100
populated_slot,valueRequiresStatement,3116,1.0,3116,1.0,passive,previously_discarded,3116,del_subject,train,existing_train_val_minocc100
populated_slot,valueRequiresStatement,3116,1.0,3116,1.0,passive,previously_discarded,3116,del_predicate,train,existing_train_val_minocc100
populated_slot,valueRequiresStatement,3116,1.0,3116,1.0,passive,previously_discarded,3116,del_object,train,existing_train_val_minocc100
present_operation,valueRequiresStatement,56617,0.826935997429381,57184,0.8352174802091549,passive,previously_discarded,68466,addition,train,existing_train_val_minocc100
present_operation,valueRequiresStatement,3116,1.0,3116,1.0,passive,previously_discarded,3116,deletion,train,existing_train_val_minocc100
populated_slot,valueType,69352,1.0,69352,1.0,passive,previously_discarded,69352,add_subject,train,existing_train_val_minocc100
populated_slot,valueType,69349,0.9999567424155035,69349,0.9999567424155035,passive,previously_discarded,69352,add_predicate,train,existing_train_val_minocc100
populated_slot,valueType,66530,0.9593090321836428,66795,0.9631301188141654,passive,previously_discarded,69352,add_object,train,existing_train_val_minocc100
populated_slot,valueType,1868,1.0,1868,1.0,passive,previously_discarded,1868,del_subject,train,existing_train_val_minocc100
populated_slot,valueType,1868,1.0,1868,1.0,passive,previously_discarded,1868,del_predicate,train,existing_train_val_minocc100
populated_slot,valueType,1868,1.0,1868,1.0,passive,previously_discarded,1868,del_object,train,existing_train_val_minocc100
present_operation,valueType,66527,0.9592657745991464,66792,0.9630868612296689,passive,previously_discarded,69352,addition,train,existing_train_val_minocc100
present_operation,valueType,1868,1.0,1868,1.0,passive,previously_discarded,1868,deletion,train,existing_train_val_minocc100
populated_slot,conflictWith,2620,1.0,2620,1.0,passive,previously_discarded,2620,add_subject,val,existing_train_val_minocc100
populated_slot,conflictWith,2616,0.9984732824427481,2617,0.998854961832061,passive,previously_discarded,2620,add_predicate,val,existing_train_val_minocc100
populated_slot,conflictWith,2256,0.8610687022900764,2296,0.8763358778625954,passive,previously_discarded,2620,add_object,val,existing_train_val_minocc100
populated_slot,conflictWith,15092,1.0,15092,1.0,passive,previously_discarded,15092,del_subject,val,existing_train_val_minocc100
populated_slot,conflictWith,15092,1.0,15092,1.0,passive,previously_discarded,15092,del_predicate,val,existing_train_val_minocc100
populated_slot,conflictWith,14536,0.9631592896899019,14537,0.9632255499602438,passive,previously_discarded,15092,del_object,val,existing_train_val_minocc100
present_operation,conflictWith,2252,0.8595419847328244,2293,0.8751908396946565,passive,previously_discarded,2620,addition,val,existing_train_val_minocc100
present_operation,conflictWith,14536,0.9631592896899019,14537,0.9632255499602438,passive,previously_discarded,15092,deletion,val,existing_train_val_minocc100
populated_slot,distinct,2018,1.0,2018,1.0,passive,previously_discarded,2018,add_subject,val,existing_train_val_minocc100
populated_slot,distinct,2017,0.9995044598612488,2017,0.9995044598612488,passive,previously_discarded,2018,add_predicate,val,existing_train_val_minocc100
populated_slot,distinct,990,0.4905847373637265,991,0.4910802775024777,passive,previously_discarded,2018,add_object,val,existing_train_val_minocc100
populated_slot,distinct,34228,1.0,34228,1.0,passive,previously_discarded,34228,del_subject,val,existing_train_val_minocc100
populated_slot,distinct,34228,1.0,34228,1.0,passive,previously_discarded,34228,del_predicate,val,existing_train_val_minocc100
populated_slot,distinct,34228,1.0,34228,1.0,passive,previously_discarded,34228,del_object,val,existing_train_val_minocc100
present_operation,distinct,989,0.49008919722497524,990,0.4905847373637265,passive,previously_discarded,2018,addition,val,existing_train_val_minocc100
present_operation,distinct,34228,1.0,34228,1.0,passive,previously_discarded,34228,deletion,val,existing_train_val_minocc100
populated_slot,inverse,9696,1.0,9696,1.0,passive,previously_discarded,9696,add_subject,val,existing_train_val_minocc100
populated_slot,inverse,9696,1.0,9696,1.0,passive,previously_discarded,9696,add_predicate,val,existing_train_val_minocc100
populated_slot,inverse,9479,0.9776196369636964,9506,0.9804042904290429,passive,previously_discarded,9696,add_object,val,existing_train_val_minocc100
populated_slot,inverse,1120,1.0,1120,1.0,passive,previously_discarded,1120,del_subject,val,existing_train_val_minocc100
populated_slot,inverse,1120,1.0,1120,1.0,passive,previously_discarded,1120,del_predicate,val,existing_train_val_minocc100
populated_slot,inverse,1120,1.0,1120,1.0,passive,previously_discarded,1120,del_object,val,existing_train_val_minocc100
present_operation,inverse,9479,0.9776196369636964,9506,0.9804042904290429,passive,previously_discarded,9696,addition,val,existing_train_val_minocc100
present_operation,inverse,1120,1.0,1120,1.0,passive,previously_discarded,1120,deletion,val,existing_train_val_minocc100
populated_slot,itemRequiresStatement,14750,1.0,14750,1.0,passive,previously_discarded,14750,add_subject,val,existing_train_val_minocc100
populated_slot,itemRequiresStatement,14746,0.9997288135593221,14750,1.0,passive,previously_discarded,14750,add_predicate,val,existing_train_val_minocc100
populated_slot,itemRequiresStatement,7861,0.5329491525423729,8185,0.5549152542372882,passive,previously_discarded,14750,add_object,val,existing_train_val_minocc100
populated_slot,itemRequiresStatement,345,1.0,345,1.0,passive,previously_discarded,345,del_subject,val,existing_train_val_minocc100
populated_slot,itemRequiresStatement,345,1.0,345,1.0,passive,previously_discarded,345,del_predicate,val,existing_train_val_minocc100
populated_slot,itemRequiresStatement,345,1.0,345,1.0,passive,previously_discarded,345,del_object,val,existing_train_val_minocc100
present_operation,itemRequiresStatement,7861,0.5329491525423729,8185,0.5549152542372882,passive,previously_discarded,14750,addition,val,existing_train_val_minocc100
present_operation,itemRequiresStatement,345,1.0,345,1.0,passive,previously_discarded,345,deletion,val,existing_train_val_minocc100
populated_slot,oneOf,756,1.0,756,1.0,passive,previously_discarded,756,add_subject,val,existing_train_val_minocc100
populated_slot,oneOf,755,0.9986772486772487,756,1.0,passive,previously_discarded,756,add_predicate,val,existing_train_val_minocc100
populated_slot,oneOf,737,0.9748677248677249,750,0.9920634920634921,passive,previously_discarded,756,add_object,val,existing_train_val_minocc100
populated_slot,oneOf,1028,1.0,1028,1.0,passive,previously_discarded,1028,del_subject,val,existing_train_val_minocc100
populated_slot,oneOf,1028,1.0,1028,1.0,passive,previously_discarded,1028,del_predicate,val,existing_train_val_minocc100
populated_slot,oneOf,1028,1.0,1028,1.0,passive,previously_discarded,1028,del_object,val,existing_train_val_minocc100
present_operation,oneOf,736,0.9735449735449735,750,0.9920634920634921,passive,previously_discarded,756,addition,val,existing_train_val_minocc100
present_operation,oneOf,1028,1.0,1028,1.0,passive,previously_discarded,1028,deletion,val,existing_train_val_minocc100
populated_slot,single,2662,1.0,2662,1.0,passive,previously_discarded,2662,add_subject,val,existing_train_val_minocc100
populated_slot,single,2655,0.9973703981968445,2656,0.9977460555972952,passive,previously_discarded,2662,add_predicate,val,existing_train_val_minocc100
populated_slot,single,472,0.17731029301277235,497,0.18670172802404209,passive,previously_discarded,2662,add_object,val,existing_train_val_minocc100
populated_slot,single,17959,1.0,17959,1.0,passive,previously_discarded,17959,del_subject,val,existing_train_val_minocc100
populated_slot,single,17959,1.0,17959,1.0,passive,previously_discarded,17959,del_predicate,val,existing_train_val_minocc100
populated_slot,single,17739,0.9877498747146277,17849,0.9938749373573139,passive,previously_discarded,17959,del_object,val,existing_train_val_minocc100
present_operation,single,465,0.17468069120961682,491,0.18444778362133735,passive,previously_discarded,2662,addition,val,existing_train_val_minocc100
present_operation,single,17739,0.9877498747146277,17849,0.9938749373573139,passive,previously_discarded,17959,deletion,val,existing_train_val_minocc100
populated_slot,symmetric,4389,1.0,4389,1.0,passive,previously_discarded,4389,add_subject,val,existing_train_val_minocc100
populated_slot,symmetric,4389,1.0,4389,1.0,passive,previously_discarded,4389,add_predicate,val,existing_train_val_minocc100
populated_slot,symmetric,4316,0.9833675096832991,4328,0.986101617680565,passive,previously_discarded,4389,add_object,val,existing_train_val_minocc100
populated_slot,symmetric,209,1.0,209,1.0,passive,previously_discarded,209,del_subject,val,existing_train_val_minocc100
populated_slot,symmetric,209,1.0,209,1.0,passive,previously_discarded,209,del_predicate,val,existing_train_val_minocc100
populated_slot,symmetric,209,1.0,209,1.0,passive,previously_discarded,209,del_object,val,existing_train_val_minocc100
present_operation,symmetric,4316,0.9833675096832991,4328,0.986101617680565,passive,previously_discarded,4389,addition,val,existing_train_val_minocc100
present_operation,symmetric,209,1.0,209,1.0,passive,previously_discarded,209,deletion,val,existing_train_val_minocc100
populated_slot,type,14493,1.0,14493,1.0,passive,previously_discarded,14493,add_subject,val,existing_train_val_minocc100
populated_slot,type,14492,0.9999310011729801,14492,0.9999310011729801,passive,previously_discarded,14493,add_predicate,val,existing_train_val_minocc100
populated_slot,type,13807,0.9526668046643207,13847,0.9554267577451183,passive,previously_discarded,14493,add_object,val,existing_train_val_minocc100
populated_slot,type,822,1.0,822,1.0,passive,previously_discarded,822,del_subject,val,existing_train_val_minocc100
populated_slot,type,822,1.0,822,1.0,passive,previously_discarded,822,del_predicate,val,existing_train_val_minocc100
populated_slot,type,822,1.0,822,1.0,passive,previously_discarded,822,del_object,val,existing_train_val_minocc100
present_operation,type,13806,0.9525978058373008,13846,0.9553577589180984,passive,previously_discarded,14493,addition,val,existing_train_val_minocc100
present_operation,type,822,1.0,822,1.0,passive,previously_discarded,822,deletion,val,existing_train_val_minocc100
populated_slot,valueRequiresStatement,14645,1.0,14645,1.0,passive,previously_discarded,14645,add_subject,val,existing_train_val_minocc100
populated_slot,valueRequiresStatement,14645,1.0,14645,1.0,passive,previously_discarded,14645,add_predicate,val,existing_train_val_minocc100
populated_slot,valueRequiresStatement,12159,0.8302492318197336,12281,0.8385797200409696,passive,previously_discarded,14645,add_object,val,existing_train_val_minocc100
populated_slot,valueRequiresStatement,718,1.0,718,1.0,passive,previously_discarded,718,del_subject,val,existing_train_val_minocc100
populated_slot,valueRequiresStatement,718,1.0,718,1.0,passive,previously_discarded,718,del_predicate,val,existing_train_val_minocc100
populated_slot,valueRequiresStatement,718,1.0,718,1.0,passive,previously_discarded,718,del_object,val,existing_train_val_minocc100
present_operation,valueRequiresStatement,12159,0.8302492318197336,12281,0.8385797200409696,passive,previously_discarded,14645,addition,val,existing_train_val_minocc100
present_operation,valueRequiresStatement,718,1.0,718,1.0,passive,previously_discarded,718,deletion,val,existing_train_val_minocc100
populated_slot,valueType,14887,1.0,14887,1.0,passive,previously_discarded,14887,add_subject,val,existing_train_val_minocc100
populated_slot,valueType,14886,0.9999328272989857,14886,0.9999328272989857,passive,previously_discarded,14887,add_predicate,val,existing_train_val_minocc100
populated_slot,valueType,14283,0.959427688587358,14350,0.9639282595553167,passive,previously_discarded,14887,add_object,val,existing_train_val_minocc100
populated_slot,valueType,382,1.0,382,1.0,passive,previously_discarded,382,del_subject,val,existing_train_val_minocc100
populated_slot,valueType,382,1.0,382,1.0,passive,previously_discarded,382,del_predicate,val,existing_train_val_minocc100
populated_slot,valueType,382,1.0,382,1.0,passive,previously_discarded,382,del_object,val,existing_train_val_minocc100
present_operation,valueType,14283,0.959427688587358,14349,0.9638610868543024,passive,previously_discarded,14887,addition,val,existing_train_val_minocc100
present_operation,valueType,382,1.0,382,1.0,passive,previously_discarded,382,deletion,val,existing_train_val_minocc100
populated_slot,overall,538656,1.0,538656,1.0,factorized,previously_discarded,538656,add_subject,overall,existing_train_val_minocc100
populated_slot,overall,538494,0.9996992514703261,538548,0.9997995009802174,factorized,previously_discarded,538656,add_predicate,overall,existing_train_val_minocc100
populated_slot,overall,441822,0.8202303510960613,446388,0.828707004099091,factorized,previously_discarded,538656,add_object,overall,existing_train_val_minocc100
populated_slot,overall,479555,1.0,479555,1.0,factorized,previously_discarded,479555,del_subject,overall,existing_train_val_minocc100
populated_slot,overall,479555,1.0,479555,1.0,factorized,previously_discarded,479555,del_predicate,overall,existing_train_val_minocc100
populated_slot,overall,474451,0.9893567995329003,475142,0.9907977187183952,factorized,previously_discarded,479555,del_object,overall,existing_train_val_minocc100
present_operation,overall,441683,0.8199723014317115,446280,0.8285065050793085,factorized,previously_discarded,538656,addition,overall,existing_train_val_minocc100
present_operation,overall,474451,0.9893567995329003,475142,0.9907977187183952,factorized,previously_discarded,479555,deletion,overall,existing_train_val_minocc100
populated_slot,overall,80692,1.0,80692,1.0,factorized,previously_discarded,80692,add_subject,test,existing_train_val_minocc100
populated_slot,overall,80663,0.999640608734447,80672,0.9997521439547911,factorized,previously_discarded,80692,add_predicate,test,existing_train_val_minocc100
populated_slot,overall,66284,0.8214445050314777,66965,0.8298840033708422,factorized,previously_discarded,80692,add_object,test,existing_train_val_minocc100
populated_slot,overall,71916,1.0,71916,1.0,factorized,previously_discarded,71916,del_subject,test,existing_train_val_minocc100
populated_slot,overall,71916,1.0,71916,1.0,factorized,previously_discarded,71916,del_predicate,test,existing_train_val_minocc100
populated_slot,overall,71185,0.9898353634796151,71291,0.9913093053006286,factorized,previously_discarded,71916,del_object,test,existing_train_val_minocc100
present_operation,overall,66260,0.821147077777227,66945,0.8296361473256333,factorized,previously_discarded,80692,addition,test,existing_train_val_minocc100
present_operation,overall,71185,0.9898353634796151,71291,0.9913093053006286,factorized,previously_discarded,71916,deletion,test,existing_train_val_minocc100
populated_slot,overall,377048,1.0,377048,1.0,factorized,previously_discarded,377048,add_subject,train,existing_train_val_minocc100
populated_slot,overall,376934,0.9996976512274299,376972,0.99979843415162,factorized,previously_discarded,377048,add_predicate,train,existing_train_val_minocc100
populated_slot,overall,309178,0.8199963930321869,312366,0.8284515499352868,factorized,previously_discarded,377048,add_object,train,existing_train_val_minocc100
populated_slot,overall,335736,1.0,335736,1.0,factorized,previously_discarded,335736,del_subject,train,existing_train_val_minocc100
populated_slot,overall,335736,1.0,335736,1.0,factorized,previously_discarded,335736,del_predicate,train,existing_train_val_minocc100
populated_slot,overall,332139,0.9892862248909857,332613,0.9906980484666523,factorized,previously_discarded,335736,del_object,train,existing_train_val_minocc100
present_operation,overall,309077,0.8197285226284187,312290,0.8282499840869068,factorized,previously_discarded,377048,addition,train,existing_train_val_minocc100
present_operation,overall,332139,0.9892862248909857,332613,0.9906980484666523,factorized,previously_discarded,335736,deletion,train,existing_train_val_minocc100
populated_slot,overall,80916,1.0,80916,1.0,factorized,previously_discarded,80916,add_subject,val,existing_train_val_minocc100
populated_slot,overall,80897,0.9997651885906372,80904,0.9998516980572445,factorized,previously_discarded,80916,add_predicate,val,existing_train_val_minocc100
populated_slot,overall,66360,0.820109743437639,67057,0.8287236146126847,factorized,previously_discarded,80916,add_object,val,existing_train_val_minocc100
populated_slot,overall,71903,1.0,71903,1.0,factorized,previously_discarded,71903,del_subject,val,existing_train_val_minocc100
populated_slot,overall,71903,1.0,71903,1.0,factorized,previously_discarded,71903,del_predicate,val,existing_train_val_minocc100
populated_slot,overall,71127,0.9892076825723545,71238,0.9907514290085254,factorized,previously_discarded,71903,del_object,val,existing_train_val_minocc100
present_operation,overall,66346,0.8199367245044243,67045,0.8285753126699293,factorized,previously_discarded,80916,addition,val,existing_train_val_minocc100
present_operation,overall,71127,0.9892076825723545,71238,0.9907514290085254,factorized,previously_discarded,71903,deletion,val,existing_train_val_minocc100
populated_slot,conflictWith,17745,1.0,17745,1.0,factorized,previously_discarded,17745,add_subject,overall,existing_train_val_minocc100
populated_slot,conflictWith,17719,0.9985347985347985,17726,0.9989292758523528,factorized,previously_discarded,17745,add_predicate,overall,existing_train_val_minocc100
populated_slot,conflictWith,15334,0.8641307410538179,15578,0.8778810932657086,factorized,previously_discarded,17745,add_object,overall,existing_train_val_minocc100
populated_slot,conflictWith,100613,1.0,100613,1.0,factorized,previously_discarded,100613,del_subject,overall,existing_train_val_minocc100
populated_slot,conflictWith,100613,1.0,100613,1.0,factorized,previously_discarded,100613,del_predicate,overall,existing_train_val_minocc100
populated_slot,conflictWith,97020,0.9642889089879042,97029,0.9643783606492203,factorized,previously_discarded,100613,del_object,overall,existing_train_val_minocc100
present_operation,conflictWith,15308,0.8626655395886165,15559,0.8768103691180614,factorized,previously_discarded,17745,addition,overall,existing_train_val_minocc100
present_operation,conflictWith,97020,0.9642889089879042,97029,0.9643783606492203,factorized,previously_discarded,100613,deletion,overall,existing_train_val_minocc100
populated_slot,distinct,13041,1.0,13041,1.0,factorized,previously_discarded,13041,add_subject,overall,existing_train_val_minocc100
populated_slot,distinct,13040,0.9999233187638985,13040,0.9999233187638985,factorized,previously_discarded,13041,add_predicate,overall,existing_train_val_minocc100
populated_slot,distinct,6429,0.49298366689671036,6440,0.49382716049382713,factorized,previously_discarded,13041,add_object,overall,existing_train_val_minocc100
populated_slot,distinct,228201,1.0,228201,1.0,factorized,previously_discarded,228201,del_subject,overall,existing_train_val_minocc100
populated_slot,distinct,228201,1.0,228201,1.0,factorized,previously_discarded,228201,del_predicate,overall,existing_train_val_minocc100
populated_slot,distinct,228201,1.0,228201,1.0,factorized,previously_discarded,228201,del_object,overall,existing_train_val_minocc100
present_operation,distinct,6428,0.49290698566060887,6439,0.49375047925772564,factorized,previously_discarded,13041,addition,overall,existing_train_val_minocc100
present_operation,distinct,228201,1.0,228201,1.0,factorized,previously_discarded,228201,deletion,overall,existing_train_val_minocc100
populated_slot,inverse,64443,1.0,64443,1.0,factorized,previously_discarded,64443,add_subject,overall,existing_train_val_minocc100
populated_slot,inverse,64433,0.9998448241081266,64439,0.9999379296432507,factorized,previously_discarded,64443,add_predicate,overall,existing_train_val_minocc100
populated_slot,inverse,62932,0.9765529227379235,63064,0.9786012445106528,factorized,previously_discarded,64443,add_object,overall,existing_train_val_minocc100
populated_slot,inverse,7704,1.0,7704,1.0,factorized,previously_discarded,7704,del_subject,overall,existing_train_val_minocc100
populated_slot,inverse,7704,1.0,7704,1.0,factorized,previously_discarded,7704,del_predicate,overall,existing_train_val_minocc100
populated_slot,inverse,7704,1.0,7704,1.0,factorized,previously_discarded,7704,del_object,overall,existing_train_val_minocc100
present_operation,inverse,62922,0.97639774684605,63060,0.9785391741539035,factorized,previously_discarded,64443,addition,overall,existing_train_val_minocc100
present_operation,inverse,7704,1.0,7704,1.0,factorized,previously_discarded,7704,deletion,overall,existing_train_val_minocc100
populated_slot,itemRequiresStatement,98309,1.0,98309,1.0,factorized,previously_discarded,98309,add_subject,overall,existing_train_val_minocc100
populated_slot,itemRequiresStatement,98277,0.9996744957226703,98304,0.9999491399566672,factorized,previously_discarded,98309,add_predicate,overall,existing_train_val_minocc100
populated_slot,itemRequiresStatement,52467,0.5336947787079515,54685,0.5562562939303625,factorized,previously_discarded,98309,add_object,overall,existing_train_val_minocc100
populated_slot,itemRequiresStatement,2257,1.0,2257,1.0,factorized,previously_discarded,2257,del_subject,overall,existing_train_val_minocc100
populated_slot,itemRequiresStatement,2257,1.0,2257,1.0,factorized,previously_discarded,2257,del_predicate,overall,existing_train_val_minocc100
populated_slot,itemRequiresStatement,2257,1.0,2257,1.0,factorized,previously_discarded,2257,del_object,overall,existing_train_val_minocc100
present_operation,itemRequiresStatement,52457,0.5335930586212859,54680,0.5562054338870297,factorized,previously_discarded,98309,addition,overall,existing_train_val_minocc100
present_operation,itemRequiresStatement,2257,1.0,2257,1.0,factorized,previously_discarded,2257,deletion,overall,existing_train_val_minocc100
populated_slot,oneOf,5069,1.0,5069,1.0,factorized,previously_discarded,5069,add_subject,overall,existing_train_val_minocc100
populated_slot,oneOf,5066,0.9994081672913789,5067,0.9996054448609193,factorized,previously_discarded,5069,add_predicate,overall,existing_train_val_minocc100
populated_slot,oneOf,4946,0.9757348589465378,5019,0.9901361215229828,factorized,previously_discarded,5069,add_object,overall,existing_train_val_minocc100
populated_slot,oneOf,6854,1.0,6854,1.0,factorized,previously_discarded,6854,del_subject,overall,existing_train_val_minocc100
populated_slot,oneOf,6854,1.0,6854,1.0,factorized,previously_discarded,6854,del_predicate,overall,existing_train_val_minocc100
populated_slot,oneOf,6854,1.0,6854,1.0,factorized,previously_discarded,6854,del_object,overall,existing_train_val_minocc100
present_operation,oneOf,4943,0.9751430262379167,5017,0.9897415663839022,factorized,previously_discarded,5069,addition,overall,existing_train_val_minocc100
present_operation,oneOf,6854,1.0,6854,1.0,factorized,previously_discarded,6854,deletion,overall,existing_train_val_minocc100
populated_slot,single,17530,1.0,17530,1.0,factorized,previously_discarded,17530,add_subject,overall,existing_train_val_minocc100
populated_slot,single,17461,0.996063890473474,17470,0.9965772960638904,factorized,previously_discarded,17530,add_predicate,overall,existing_train_val_minocc100
populated_slot,single,3316,0.18916143753565318,3560,0.20308043354249858,factorized,previously_discarded,17530,add_object,overall,existing_train_val_minocc100
populated_slot,single,119723,1.0,119723,1.0,factorized,previously_discarded,119723,del_subject,overall,existing_train_val_minocc100
populated_slot,single,119723,1.0,119723,1.0,factorized,previously_discarded,119723,del_predicate,overall,existing_train_val_minocc100
populated_slot,single,118212,0.9873792003207403,118894,0.9930756830350058,factorized,previously_discarded,119723,del_object,overall,existing_train_val_minocc100
present_operation,single,3247,0.18522532800912722,3500,0.19965772960638906,factorized,previously_discarded,17530,addition,overall,existing_train_val_minocc100
present_operation,single,118212,0.9873792003207403,118894,0.9930756830350058,factorized,previously_discarded,119723,deletion,overall,existing_train_val_minocc100
populated_slot,symmetric,29192,1.0,29192,1.0,factorized,previously_discarded,29192,add_subject,overall,existing_train_val_minocc100
populated_slot,symmetric,29191,0.9999657440394628,29192,1.0,factorized,previously_discarded,29192,add_predicate,overall,existing_train_val_minocc100
populated_slot,symmetric,28716,0.9836941627843244,28773,0.985646752534941,factorized,previously_discarded,29192,add_object,overall,existing_train_val_minocc100
populated_slot,symmetric,1396,1.0,1396,1.0,factorized,previously_discarded,1396,del_subject,overall,existing_train_val_minocc100
populated_slot,symmetric,1396,1.0,1396,1.0,factorized,previously_discarded,1396,del_predicate,overall,existing_train_val_minocc100
populated_slot,symmetric,1396,1.0,1396,1.0,factorized,previously_discarded,1396,del_object,overall,existing_train_val_minocc100
present_operation,symmetric,28715,0.9836599068237873,28773,0.985646752534941,factorized,previously_discarded,29192,addition,overall,existing_train_val_minocc100
present_operation,symmetric,1396,1.0,1396,1.0,factorized,previously_discarded,1396,deletion,overall,existing_train_val_minocc100
populated_slot,type,96477,1.0,96477,1.0,factorized,previously_discarded,96477,add_subject,overall,existing_train_val_minocc100
populated_slot,type,96464,0.9998652528581942,96466,0.9998859831877027,factorized,previously_discarded,96477,add_predicate,overall,existing_train_val_minocc100
populated_slot,type,91668,0.9501539226966013,92051,0.9541237807974958,factorized,previously_discarded,96477,add_object,overall,existing_train_val_minocc100
populated_slot,type,5645,1.0,5645,1.0,factorized,previously_discarded,5645,del_subject,overall,existing_train_val_minocc100
populated_slot,type,5645,1.0,5645,1.0,factorized,previously_discarded,5645,del_predicate,overall,existing_train_val_minocc100
populated_slot,type,5645,1.0,5645,1.0,factorized,previously_discarded,5645,del_object,overall,existing_train_val_minocc100
present_operation,type,91655,0.9500191755547954,92040,0.9540097639851985,factorized,previously_discarded,96477,addition,overall,existing_train_val_minocc100
present_operation,type,5645,1.0,5645,1.0,factorized,previously_discarded,5645,deletion,overall,existing_train_val_minocc100
populated_slot,valueRequiresStatement,97761,1.0,97761,1.0,factorized,previously_discarded,97761,add_subject,overall,existing_train_val_minocc100
populated_slot,valueRequiresStatement,97760,0.9999897709720645,97760,0.9999897709720645,factorized,previously_discarded,97761,add_predicate,overall,existing_train_val_minocc100
populated_slot,valueRequiresStatement,80954,0.8280807274884667,81756,0.836284407892718,factorized,previously_discarded,97761,add_object,overall,existing_train_val_minocc100
populated_slot,valueRequiresStatement,4502,1.0,4502,1.0,factorized,previously_discarded,4502,del_subject,overall,existing_train_val_minocc100
populated_slot,valueRequiresStatement,4502,1.0,4502,1.0,factorized,previously_discarded,4502,del_predicate,overall,existing_train_val_minocc100
populated_slot,valueRequiresStatement,4502,1.0,4502,1.0,factorized,previously_discarded,4502,del_object,overall,existing_train_val_minocc100
present_operation,valueRequiresStatement,80953,0.8280704984605313,81755,0.8362741788647825,factorized,previously_discarded,97761,addition,overall,existing_train_val_minocc100
present_operation,valueRequiresStatement,4502,1.0,4502,1.0,factorized,previously_discarded,4502,deletion,overall,existing_train_val_minocc100
populated_slot,valueType,99089,1.0,99089,1.0,factorized,previously_discarded,99089,add_subject,overall,existing_train_val_minocc100
populated_slot,valueType,99083,0.9999394483746935,99084,0.9999495403122446,factorized,previously_discarded,99089,add_predicate,overall,existing_train_val_minocc100
populated_slot,valueType,95060,0.9593395836066566,95462,0.963396542502195,factorized,previously_discarded,99089,add_object,overall,existing_train_val_minocc100
populated_slot,valueType,2660,1.0,2660,1.0,factorized,previously_discarded,2660,del_subject,overall,existing_train_val_minocc100
populated_slot,valueType,2660,1.0,2660,1.0,factorized,previously_discarded,2660,del_predicate,overall,existing_train_val_minocc100
populated_slot,valueType,2660,1.0,2660,1.0,factorized,previously_discarded,2660,del_object,overall,existing_train_val_minocc100
present_operation,valueType,95055,0.9592891239189012,95457,0.9633460828144396,factorized,previously_discarded,99089,addition,overall,existing_train_val_minocc100
present_operation,valueType,2660,1.0,2660,1.0,factorized,previously_discarded,2660,deletion,overall,existing_train_val_minocc100
populated_slot,conflictWith,2637,1.0,2637,1.0,factorized,previously_discarded,2637,add_subject,test,existing_train_val_minocc100
populated_slot,conflictWith,2633,0.9984831247629883,2634,0.9988623435722411,factorized,previously_discarded,2637,add_predicate,test,existing_train_val_minocc100
populated_slot,conflictWith,2280,0.8646188850967008,2321,0.8801668562760713,factorized,previously_discarded,2637,add_object,test,existing_train_val_minocc100
populated_slot,conflictWith,15091,1.0,15091,1.0,factorized,previously_discarded,15091,del_subject,test,existing_train_val_minocc100
populated_slot,conflictWith,15091,1.0,15091,1.0,factorized,previously_discarded,15091,del_predicate,test,existing_train_val_minocc100
populated_slot,conflictWith,14598,0.9673315220992644,14600,0.9674640514213769,factorized,previously_discarded,15091,del_object,test,existing_train_val_minocc100
present_operation,conflictWith,2276,0.863102009859689,2318,0.8790291998483125,factorized,previously_discarded,2637,addition,test,existing_train_val_minocc100
present_operation,conflictWith,14598,0.9673315220992644,14600,0.9674640514213769,factorized,previously_discarded,15091,deletion,test,existing_train_val_minocc100
populated_slot,distinct,1969,1.0,1969,1.0,factorized,previously_discarded,1969,add_subject,test,existing_train_val_minocc100
populated_slot,distinct,1969,1.0,1969,1.0,factorized,previously_discarded,1969,add_predicate,test,existing_train_val_minocc100
populated_slot,distinct,979,0.4972067039106145,981,0.4982224479431183,factorized,previously_discarded,1969,add_object,test,existing_train_val_minocc100
populated_slot,distinct,34230,1.0,34230,1.0,factorized,previously_discarded,34230,del_subject,test,existing_train_val_minocc100
populated_slot,distinct,34230,1.0,34230,1.0,factorized,previously_discarded,34230,del_predicate,test,existing_train_val_minocc100
populated_slot,distinct,34230,1.0,34230,1.0,factorized,previously_discarded,34230,del_object,test,existing_train_val_minocc100
present_operation,distinct,979,0.4972067039106145,981,0.4982224479431183,factorized,previously_discarded,1969,addition,test,existing_train_val_minocc100
present_operation,distinct,34230,1.0,34230,1.0,factorized,previously_discarded,34230,deletion,test,existing_train_val_minocc100
populated_slot,inverse,9691,1.0,9691,1.0,factorized,previously_discarded,9691,add_subject,test,existing_train_val_minocc100
populated_slot,inverse,9690,0.999896811474564,9690,0.999896811474564,factorized,previously_discarded,9691,add_predicate,test,existing_train_val_minocc100
populated_slot,inverse,9487,0.9789495408110618,9504,0.9807037457434733,factorized,previously_discarded,9691,add_object,test,existing_train_val_minocc100
populated_slot,inverse,1131,1.0,1131,1.0,factorized,previously_discarded,1131,del_subject,test,existing_train_val_minocc100
populated_slot,inverse,1131,1.0,1131,1.0,factorized,previously_discarded,1131,del_predicate,test,existing_train_val_minocc100
populated_slot,inverse,1131,1.0,1131,1.0,factorized,previously_discarded,1131,del_object,test,existing_train_val_minocc100
present_operation,inverse,9486,0.9788463522856259,9503,0.9806005572180374,factorized,previously_discarded,9691,addition,test,existing_train_val_minocc100
present_operation,inverse,1131,1.0,1131,1.0,factorized,previously_discarded,1131,deletion,test,existing_train_val_minocc100
populated_slot,itemRequiresStatement,14751,1.0,14751,1.0,factorized,previously_discarded,14751,add_subject,test,existing_train_val_minocc100
populated_slot,itemRequiresStatement,14745,0.9995932479153956,14751,1.0,factorized,previously_discarded,14751,add_predicate,test,existing_train_val_minocc100
populated_slot,itemRequiresStatement,7873,0.5337265270151176,8205,0.5562334756965629,factorized,previously_discarded,14751,add_object,test,existing_train_val_minocc100
populated_slot,itemRequiresStatement,331,1.0,331,1.0,factorized,previously_discarded,331,del_subject,test,existing_train_val_minocc100
populated_slot,itemRequiresStatement,331,1.0,331,1.0,factorized,previously_discarded,331,del_predicate,test,existing_train_val_minocc100
populated_slot,itemRequiresStatement,331,1.0,331,1.0,factorized,previously_discarded,331,del_object,test,existing_train_val_minocc100
present_operation,itemRequiresStatement,7872,0.5336587350010169,8205,0.5562334756965629,factorized,previously_discarded,14751,addition,test,existing_train_val_minocc100
present_operation,itemRequiresStatement,331,1.0,331,1.0,factorized,previously_discarded,331,deletion,test,existing_train_val_minocc100
populated_slot,oneOf,752,1.0,752,1.0,factorized,previously_discarded,752,add_subject,test,existing_train_val_minocc100
populated_slot,oneOf,751,0.9986702127659575,751,0.9986702127659575,factorized,previously_discarded,752,add_predicate,test,existing_train_val_minocc100
populated_slot,oneOf,723,0.961436170212766,740,0.9840425531914894,factorized,previously_discarded,752,add_object,test,existing_train_val_minocc100
populated_slot,oneOf,1028,1.0,1028,1.0,factorized,previously_discarded,1028,del_subject,test,existing_train_val_minocc100
populated_slot,oneOf,1028,1.0,1028,1.0,factorized,previously_discarded,1028,del_predicate,test,existing_train_val_minocc100
populated_slot,oneOf,1028,1.0,1028,1.0,factorized,previously_discarded,1028,del_object,test,existing_train_val_minocc100
present_operation,oneOf,722,0.9601063829787234,739,0.9827127659574468,factorized,previously_discarded,752,addition,test,existing_train_val_minocc100
present_operation,oneOf,1028,1.0,1028,1.0,factorized,previously_discarded,1028,deletion,test,existing_train_val_minocc100
populated_slot,single,2585,1.0,2585,1.0,factorized,previously_discarded,2585,add_subject,test,existing_train_val_minocc100
populated_slot,single,2573,0.995357833655706,2573,0.995357833655706,factorized,previously_discarded,2585,add_predicate,test,existing_train_val_minocc100
populated_slot,single,486,0.18800773694390716,512,0.19806576402321083,factorized,previously_discarded,2585,add_object,test,existing_train_val_minocc100
populated_slot,single,17959,1.0,17959,1.0,factorized,previously_discarded,17959,del_subject,test,existing_train_val_minocc100
populated_slot,single,17959,1.0,17959,1.0,factorized,previously_discarded,17959,del_predicate,test,existing_train_val_minocc100
populated_slot,single,17721,0.9867475917367337,17825,0.9925385600534551,factorized,previously_discarded,17959,del_object,test,existing_train_val_minocc100
present_operation,single,474,0.18336557059961314,500,0.19342359767891681,factorized,previously_discarded,2585,addition,test,existing_train_val_minocc100
present_operation,single,17721,0.9867475917367337,17825,0.9925385600534551,factorized,previously_discarded,17959,deletion,test,existing_train_val_minocc100
populated_slot,symmetric,4341,1.0,4341,1.0,factorized,previously_discarded,4341,add_subject,test,existing_train_val_minocc100
populated_slot,symmetric,4340,0.9997696383321816,4341,1.0,factorized,previously_discarded,4341,add_predicate,test,existing_train_val_minocc100
populated_slot,symmetric,4281,0.9861782999308915,4289,0.9880211932734393,factorized,previously_discarded,4341,add_object,test,existing_train_val_minocc100
populated_slot,symmetric,209,1.0,209,1.0,factorized,previously_discarded,209,del_subject,test,existing_train_val_minocc100
populated_slot,symmetric,209,1.0,209,1.0,factorized,previously_discarded,209,del_predicate,test,existing_train_val_minocc100
populated_slot,symmetric,209,1.0,209,1.0,factorized,previously_discarded,209,del_object,test,existing_train_val_minocc100
present_operation,symmetric,4280,0.985947938263073,4289,0.9880211932734393,factorized,previously_discarded,4341,addition,test,existing_train_val_minocc100
present_operation,symmetric,209,1.0,209,1.0,factorized,previously_discarded,209,deletion,test,existing_train_val_minocc100
populated_slot,type,14466,1.0,14466,1.0,factorized,previously_discarded,14466,add_subject,test,existing_train_val_minocc100
populated_slot,type,14464,0.9998617447808654,14464,0.9998617447808654,factorized,previously_discarded,14466,add_predicate,test,existing_train_val_minocc100
populated_slot,type,13751,0.9505737591594082,13816,0.9550670537812802,factorized,previously_discarded,14466,add_object,test,existing_train_val_minocc100
populated_slot,type,859,1.0,859,1.0,factorized,previously_discarded,859,del_subject,test,existing_train_val_minocc100
populated_slot,type,859,1.0,859,1.0,factorized,previously_discarded,859,del_predicate,test,existing_train_val_minocc100
populated_slot,type,859,1.0,859,1.0,factorized,previously_discarded,859,del_object,test,existing_train_val_minocc100
present_operation,type,13749,0.9504355039402738,13814,0.9549287985621457,factorized,previously_discarded,14466,addition,test,existing_train_val_minocc100
present_operation,type,859,1.0,859,1.0,factorized,previously_discarded,859,deletion,test,existing_train_val_minocc100
populated_slot,valueRequiresStatement,14650,1.0,14650,1.0,factorized,previously_discarded,14650,add_subject,test,existing_train_val_minocc100
populated_slot,valueRequiresStatement,14650,1.0,14650,1.0,factorized,previously_discarded,14650,add_predicate,test,existing_train_val_minocc100
populated_slot,valueRequiresStatement,12177,0.8311945392491468,12283,0.8384300341296929,factorized,previously_discarded,14650,add_object,test,existing_train_val_minocc100
populated_slot,valueRequiresStatement,668,1.0,668,1.0,factorized,previously_discarded,668,del_subject,test,existing_train_val_minocc100
populated_slot,valueRequiresStatement,668,1.0,668,1.0,factorized,previously_discarded,668,del_predicate,test,existing_train_val_minocc100
populated_slot,valueRequiresStatement,668,1.0,668,1.0,factorized,previously_discarded,668,del_object,test,existing_train_val_minocc100
present_operation,valueRequiresStatement,12177,0.8311945392491468,12283,0.8384300341296929,factorized,previously_discarded,14650,addition,test,existing_train_val_minocc100
present_operation,valueRequiresStatement,668,1.0,668,1.0,factorized,previously_discarded,668,deletion,test,existing_train_val_minocc100
populated_slot,valueType,14850,1.0,14850,1.0,factorized,previously_discarded,14850,add_subject,test,existing_train_val_minocc100
populated_slot,valueType,14848,0.9998653198653199,14849,0.9999326599326599,factorized,previously_discarded,14850,add_predicate,test,existing_train_val_minocc100
populated_slot,valueType,14247,0.9593939393939394,14314,0.9639057239057239,factorized,previously_discarded,14850,add_object,test,existing_train_val_minocc100
populated_slot,valueType,410,1.0,410,1.0,factorized,previously_discarded,410,del_subject,test,existing_train_val_minocc100
populated_slot,valueType,410,1.0,410,1.0,factorized,previously_discarded,410,del_predicate,test,existing_train_val_minocc100
populated_slot,valueType,410,1.0,410,1.0,factorized,previously_discarded,410,del_object,test,existing_train_val_minocc100
present_operation,valueType,14245,0.9592592592592593,14313,0.9638383838383838,factorized,previously_discarded,14850,addition,test,existing_train_val_minocc100
present_operation,valueType,410,1.0,410,1.0,factorized,previously_discarded,410,deletion,test,existing_train_val_minocc100
populated_slot,conflictWith,12488,1.0,12488,1.0,factorized,previously_discarded,12488,add_subject,train,existing_train_val_minocc100
populated_slot,conflictWith,12470,0.9985586162716208,12475,0.9989590006406149,factorized,previously_discarded,12488,add_predicate,train,existing_train_val_minocc100
populated_slot,conflictWith,10798,0.8646700832799488,10961,0.8777226137091608,factorized,previously_discarded,12488,add_object,train,existing_train_val_minocc100
populated_slot,conflictWith,70430,1.0,70430,1.0,factorized,previously_discarded,70430,del_subject,train,existing_train_val_minocc100
populated_slot,conflictWith,70430,1.0,70430,1.0,factorized,previously_discarded,70430,del_predicate,train,existing_train_val_minocc100
populated_slot,conflictWith,67886,0.9638790288229447,67892,0.963964219792702,factorized,previously_discarded,70430,del_object,train,existing_train_val_minocc100
present_operation,conflictWith,10780,0.8632286995515696,10948,0.8766816143497758,factorized,previously_discarded,12488,addition,train,existing_train_val_minocc100
present_operation,conflictWith,67886,0.9638790288229447,67892,0.963964219792702,factorized,previously_discarded,70430,deletion,train,existing_train_val_minocc100
populated_slot,distinct,9054,1.0,9054,1.0,factorized,previously_discarded,9054,add_subject,train,existing_train_val_minocc100
populated_slot,distinct,9054,1.0,9054,1.0,factorized,previously_discarded,9054,add_predicate,train,existing_train_val_minocc100
populated_slot,distinct,4460,0.49259995582063176,4468,0.49348354318533244,factorized,previously_discarded,9054,add_object,train,existing_train_val_minocc100
populated_slot,distinct,159743,1.0,159743,1.0,factorized,previously_discarded,159743,del_subject,train,existing_train_val_minocc100
populated_slot,distinct,159743,1.0,159743,1.0,factorized,previously_discarded,159743,del_predicate,train,existing_train_val_minocc100
populated_slot,distinct,159743,1.0,159743,1.0,factorized,previously_discarded,159743,del_object,train,existing_train_val_minocc100
present_operation,distinct,4460,0.49259995582063176,4468,0.49348354318533244,factorized,previously_discarded,9054,addition,train,existing_train_val_minocc100
present_operation,distinct,159743,1.0,159743,1.0,factorized,previously_discarded,159743,deletion,train,existing_train_val_minocc100
populated_slot,inverse,45056,1.0,45056,1.0,factorized,previously_discarded,45056,add_subject,train,existing_train_val_minocc100
populated_slot,inverse,45047,0.9998002485795454,45053,0.9999334161931818,factorized,previously_discarded,45056,add_predicate,train,existing_train_val_minocc100
populated_slot,inverse,43966,0.9758078835227273,44054,0.9777610085227273,factorized,previously_discarded,45056,add_object,train,existing_train_val_minocc100
populated_slot,inverse,5453,1.0,5453,1.0,factorized,previously_discarded,5453,del_subject,train,existing_train_val_minocc100
populated_slot,inverse,5453,1.0,5453,1.0,factorized,previously_discarded,5453,del_predicate,train,existing_train_val_minocc100
populated_slot,inverse,5453,1.0,5453,1.0,factorized,previously_discarded,5453,del_object,train,existing_train_val_minocc100
present_operation,inverse,43957,0.9756081321022727,44051,0.9776944247159091,factorized,previously_discarded,45056,addition,train,existing_train_val_minocc100
present_operation,inverse,5453,1.0,5453,1.0,factorized,previously_discarded,5453,deletion,train,existing_train_val_minocc100
populated_slot,itemRequiresStatement,68808,1.0,68808,1.0,factorized,previously_discarded,68808,add_subject,train,existing_train_val_minocc100
populated_slot,itemRequiresStatement,68786,0.9996802697360772,68803,0.9999273340309266,factorized,previously_discarded,68808,add_predicate,train,existing_train_val_minocc100
populated_slot,itemRequiresStatement,36733,0.5338478083943727,38277,0.5562870596442274,factorized,previously_discarded,68808,add_object,train,existing_train_val_minocc100
populated_slot,itemRequiresStatement,1581,1.0,1581,1.0,factorized,previously_discarded,1581,del_subject,train,existing_train_val_minocc100
populated_slot,itemRequiresStatement,1581,1.0,1581,1.0,factorized,previously_discarded,1581,del_predicate,train,existing_train_val_minocc100
populated_slot,itemRequiresStatement,1581,1.0,1581,1.0,factorized,previously_discarded,1581,del_object,train,existing_train_val_minocc100
present_operation,itemRequiresStatement,36724,0.5337170096500407,38272,0.556214393675154,factorized,previously_discarded,68808,addition,train,existing_train_val_minocc100
present_operation,itemRequiresStatement,1581,1.0,1581,1.0,factorized,previously_discarded,1581,deletion,train,existing_train_val_minocc100
populated_slot,oneOf,3561,1.0,3561,1.0,factorized,previously_discarded,3561,add_subject,train,existing_train_val_minocc100
populated_slot,oneOf,3560,0.9997191800056164,3560,0.9997191800056164,factorized,previously_discarded,3561,add_predicate,train,existing_train_val_minocc100
populated_slot,oneOf,3486,0.97893850042123,3529,0.9910137601797248,factorized,previously_discarded,3561,add_object,train,existing_train_val_minocc100
populated_slot,oneOf,4798,1.0,4798,1.0,factorized,previously_discarded,4798,del_subject,train,existing_train_val_minocc100
populated_slot,oneOf,4798,1.0,4798,1.0,factorized,previously_discarded,4798,del_predicate,train,existing_train_val_minocc100
populated_slot,oneOf,4798,1.0,4798,1.0,factorized,previously_discarded,4798,del_object,train,existing_train_val_minocc100
present_operation,oneOf,3485,0.9786576804268464,3528,0.9907329401853412,factorized,previously_discarded,3561,addition,train,existing_train_val_minocc100
present_operation,oneOf,4798,1.0,4798,1.0,factorized,previously_discarded,4798,deletion,train,existing_train_val_minocc100
populated_slot,single,12283,1.0,12283,1.0,factorized,previously_discarded,12283,add_subject,train,existing_train_val_minocc100
populated_slot,single,12233,0.9959293332247822,12241,0.9965806399088171,factorized,previously_discarded,12283,add_predicate,train,existing_train_val_minocc100
populated_slot,single,2358,0.19197264511927054,2548,0.2074411788650981,factorized,previously_discarded,12283,add_object,train,existing_train_val_minocc100
populated_slot,single,83805,1.0,83805,1.0,factorized,previously_discarded,83805,del_subject,train,existing_train_val_minocc100
populated_slot,single,83805,1.0,83805,1.0,factorized,previously_discarded,83805,del_predicate,train,existing_train_val_minocc100
populated_slot,single,82752,0.9874351172364417,83220,0.993019509575801,factorized,previously_discarded,83805,del_object,train,existing_train_val_minocc100
present_operation,single,2308,0.18790197834405276,2506,0.20402181877391518,factorized,previously_discarded,12283,addition,train,existing_train_val_minocc100
present_operation,single,82752,0.9874351172364417,83220,0.993019509575801,factorized,previously_discarded,83805,deletion,train,existing_train_val_minocc100
populated_slot,symmetric,20462,1.0,20462,1.0,factorized,previously_discarded,20462,add_subject,train,existing_train_val_minocc100
populated_slot,symmetric,20462,1.0,20462,1.0,factorized,previously_discarded,20462,add_predicate,train,existing_train_val_minocc100
populated_slot,symmetric,20119,0.9832372202130779,20156,0.9850454501026292,factorized,previously_discarded,20462,add_object,train,existing_train_val_minocc100
populated_slot,symmetric,978,1.0,978,1.0,factorized,previously_discarded,978,del_subject,train,existing_train_val_minocc100
populated_slot,symmetric,978,1.0,978,1.0,factorized,previously_discarded,978,del_predicate,train,existing_train_val_minocc100
populated_slot,symmetric,978,1.0,978,1.0,factorized,previously_discarded,978,del_object,train,existing_train_val_minocc100
present_operation,symmetric,20119,0.9832372202130779,20156,0.9850454501026292,factorized,previously_discarded,20462,addition,train,existing_train_val_minocc100
present_operation,symmetric,978,1.0,978,1.0,factorized,previously_discarded,978,deletion,train,existing_train_val_minocc100
populated_slot,type,67518,1.0,67518,1.0,factorized,previously_discarded,67518,add_subject,train,existing_train_val_minocc100
populated_slot,type,67508,0.9998518913474925,67510,0.999881513077994,factorized,previously_discarded,67518,add_predicate,train,existing_train_val_minocc100
populated_slot,type,64110,0.949524571225451,64387,0.9536271808999082,factorized,previously_discarded,67518,add_object,train,existing_train_val_minocc100
populated_slot,type,3964,1.0,3964,1.0,factorized,previously_discarded,3964,del_subject,train,existing_train_val_minocc100
populated_slot,type,3964,1.0,3964,1.0,factorized,previously_discarded,3964,del_predicate,train,existing_train_val_minocc100
populated_slot,type,3964,1.0,3964,1.0,factorized,previously_discarded,3964,del_object,train,existing_train_val_minocc100
present_operation,type,64100,0.9493764625729435,64379,0.9535086939779022,factorized,previously_discarded,67518,addition,train,existing_train_val_minocc100
present_operation,type,3964,1.0,3964,1.0,factorized,previously_discarded,3964,deletion,train,existing_train_val_minocc100
populated_slot,valueRequiresStatement,68466,1.0,68466,1.0,factorized,previously_discarded,68466,add_subject,train,existing_train_val_minocc100
populated_slot,valueRequiresStatement,68465,0.999985394210265,68465,0.999985394210265,factorized,previously_discarded,68466,add_predicate,train,existing_train_val_minocc100
populated_slot,valueRequiresStatement,56618,0.8269506032191161,57189,0.8352905091578302,factorized,previously_discarded,68466,add_object,train,existing_train_val_minocc100
populated_slot,valueRequiresStatement,3116,1.0,3116,1.0,factorized,previously_discarded,3116,del_subject,train,existing_train_val_minocc100
populated_slot,valueRequiresStatement,3116,1.0,3116,1.0,factorized,previously_discarded,3116,del_predicate,train,existing_train_val_minocc100
populated_slot,valueRequiresStatement,3116,1.0,3116,1.0,factorized,previously_discarded,3116,del_object,train,existing_train_val_minocc100
present_operation,valueRequiresStatement,56617,0.826935997429381,57188,0.8352759033680951,factorized,previously_discarded,68466,addition,train,existing_train_val_minocc100
present_operation,valueRequiresStatement,3116,1.0,3116,1.0,factorized,previously_discarded,3116,deletion,train,existing_train_val_minocc100
populated_slot,valueType,69352,1.0,69352,1.0,factorized,previously_discarded,69352,add_subject,train,existing_train_val_minocc100
populated_slot,valueType,69349,0.9999567424155035,69349,0.9999567424155035,factorized,previously_discarded,69352,add_predicate,train,existing_train_val_minocc100
populated_slot,valueType,66530,0.9593090321836428,66797,0.9631589572038297,factorized,previously_discarded,69352,add_object,train,existing_train_val_minocc100
populated_slot,valueType,1868,1.0,1868,1.0,factorized,previously_discarded,1868,del_subject,train,existing_train_val_minocc100
populated_slot,valueType,1868,1.0,1868,1.0,factorized,previously_discarded,1868,del_predicate,train,existing_train_val_minocc100
populated_slot,valueType,1868,1.0,1868,1.0,factorized,previously_discarded,1868,del_object,train,existing_train_val_minocc100
present_operation,valueType,66527,0.9592657745991464,66794,0.9631156996193333,factorized,previously_discarded,69352,addition,train,existing_train_val_minocc100
present_operation,valueType,1868,1.0,1868,1.0,factorized,previously_discarded,1868,deletion,train,existing_train_val_minocc100
populated_slot,conflictWith,2620,1.0,2620,1.0,factorized,previously_discarded,2620,add_subject,val,existing_train_val_minocc100
populated_slot,conflictWith,2616,0.9984732824427481,2617,0.998854961832061,factorized,previously_discarded,2620,add_predicate,val,existing_train_val_minocc100
populated_slot,conflictWith,2256,0.8610687022900764,2296,0.8763358778625954,factorized,previously_discarded,2620,add_object,val,existing_train_val_minocc100
populated_slot,conflictWith,15092,1.0,15092,1.0,factorized,previously_discarded,15092,del_subject,val,existing_train_val_minocc100
populated_slot,conflictWith,15092,1.0,15092,1.0,factorized,previously_discarded,15092,del_predicate,val,existing_train_val_minocc100
populated_slot,conflictWith,14536,0.9631592896899019,14537,0.9632255499602438,factorized,previously_discarded,15092,del_object,val,existing_train_val_minocc100
present_operation,conflictWith,2252,0.8595419847328244,2293,0.8751908396946565,factorized,previously_discarded,2620,addition,val,existing_train_val_minocc100
present_operation,conflictWith,14536,0.9631592896899019,14537,0.9632255499602438,factorized,previously_discarded,15092,deletion,val,existing_train_val_minocc100
populated_slot,distinct,2018,1.0,2018,1.0,factorized,previously_discarded,2018,add_subject,val,existing_train_val_minocc100
populated_slot,distinct,2017,0.9995044598612488,2017,0.9995044598612488,factorized,previously_discarded,2018,add_predicate,val,existing_train_val_minocc100
populated_slot,distinct,990,0.4905847373637265,991,0.4910802775024777,factorized,previously_discarded,2018,add_object,val,existing_train_val_minocc100
populated_slot,distinct,34228,1.0,34228,1.0,factorized,previously_discarded,34228,del_subject,val,existing_train_val_minocc100
populated_slot,distinct,34228,1.0,34228,1.0,factorized,previously_discarded,34228,del_predicate,val,existing_train_val_minocc100
populated_slot,distinct,34228,1.0,34228,1.0,factorized,previously_discarded,34228,del_object,val,existing_train_val_minocc100
present_operation,distinct,989,0.49008919722497524,990,0.4905847373637265,factorized,previously_discarded,2018,addition,val,existing_train_val_minocc100
present_operation,distinct,34228,1.0,34228,1.0,factorized,previously_discarded,34228,deletion,val,existing_train_val_minocc100
populated_slot,inverse,9696,1.0,9696,1.0,factorized,previously_discarded,9696,add_subject,val,existing_train_val_minocc100
populated_slot,inverse,9696,1.0,9696,1.0,factorized,previously_discarded,9696,add_predicate,val,existing_train_val_minocc100
populated_slot,inverse,9479,0.9776196369636964,9506,0.9804042904290429,factorized,previously_discarded,9696,add_object,val,existing_train_val_minocc100
populated_slot,inverse,1120,1.0,1120,1.0,factorized,previously_discarded,1120,del_subject,val,existing_train_val_minocc100
populated_slot,inverse,1120,1.0,1120,1.0,factorized,previously_discarded,1120,del_predicate,val,existing_train_val_minocc100
populated_slot,inverse,1120,1.0,1120,1.0,factorized,previously_discarded,1120,del_object,val,existing_train_val_minocc100
present_operation,inverse,9479,0.9776196369636964,9506,0.9804042904290429,factorized,previously_discarded,9696,addition,val,existing_train_val_minocc100
present_operation,inverse,1120,1.0,1120,1.0,factorized,previously_discarded,1120,deletion,val,existing_train_val_minocc100
populated_slot,itemRequiresStatement,14750,1.0,14750,1.0,factorized,previously_discarded,14750,add_subject,val,existing_train_val_minocc100
populated_slot,itemRequiresStatement,14746,0.9997288135593221,14750,1.0,factorized,previously_discarded,14750,add_predicate,val,existing_train_val_minocc100
populated_slot,itemRequiresStatement,7861,0.5329491525423729,8203,0.556135593220339,factorized,previously_discarded,14750,add_object,val,existing_train_val_minocc100
populated_slot,itemRequiresStatement,345,1.0,345,1.0,factorized,previously_discarded,345,del_subject,val,existing_train_val_minocc100
populated_slot,itemRequiresStatement,345,1.0,345,1.0,factorized,previously_discarded,345,del_predicate,val,existing_train_val_minocc100
populated_slot,itemRequiresStatement,345,1.0,345,1.0,factorized,previously_discarded,345,del_object,val,existing_train_val_minocc100
present_operation,itemRequiresStatement,7861,0.5329491525423729,8203,0.556135593220339,factorized,previously_discarded,14750,addition,val,existing_train_val_minocc100
present_operation,itemRequiresStatement,345,1.0,345,1.0,factorized,previously_discarded,345,deletion,val,existing_train_val_minocc100
populated_slot,oneOf,756,1.0,756,1.0,factorized,previously_discarded,756,add_subject,val,existing_train_val_minocc100
populated_slot,oneOf,755,0.9986772486772487,756,1.0,factorized,previously_discarded,756,add_predicate,val,existing_train_val_minocc100
populated_slot,oneOf,737,0.9748677248677249,750,0.9920634920634921,factorized,previously_discarded,756,add_object,val,existing_train_val_minocc100
populated_slot,oneOf,1028,1.0,1028,1.0,factorized,previously_discarded,1028,del_subject,val,existing_train_val_minocc100
populated_slot,oneOf,1028,1.0,1028,1.0,factorized,previously_discarded,1028,del_predicate,val,existing_train_val_minocc100
populated_slot,oneOf,1028,1.0,1028,1.0,factorized,previously_discarded,1028,del_object,val,existing_train_val_minocc100
present_operation,oneOf,736,0.9735449735449735,750,0.9920634920634921,factorized,previously_discarded,756,addition,val,existing_train_val_minocc100
present_operation,oneOf,1028,1.0,1028,1.0,factorized,previously_discarded,1028,deletion,val,existing_train_val_minocc100
populated_slot,single,2662,1.0,2662,1.0,factorized,previously_discarded,2662,add_subject,val,existing_train_val_minocc100
populated_slot,single,2655,0.9973703981968445,2656,0.9977460555972952,factorized,previously_discarded,2662,add_predicate,val,existing_train_val_minocc100
populated_slot,single,472,0.17731029301277235,500,0.18782870022539444,factorized,previously_discarded,2662,add_object,val,existing_train_val_minocc100
populated_slot,single,17959,1.0,17959,1.0,factorized,previously_discarded,17959,del_subject,val,existing_train_val_minocc100
populated_slot,single,17959,1.0,17959,1.0,factorized,previously_discarded,17959,del_predicate,val,existing_train_val_minocc100
populated_slot,single,17739,0.9877498747146277,17849,0.9938749373573139,factorized,previously_discarded,17959,del_object,val,existing_train_val_minocc100
present_operation,single,465,0.17468069120961682,494,0.1855747558226897,factorized,previously_discarded,2662,addition,val,existing_train_val_minocc100
present_operation,single,17739,0.9877498747146277,17849,0.9938749373573139,factorized,previously_discarded,17959,deletion,val,existing_train_val_minocc100
populated_slot,symmetric,4389,1.0,4389,1.0,factorized,previously_discarded,4389,add_subject,val,existing_train_val_minocc100
populated_slot,symmetric,4389,1.0,4389,1.0,factorized,previously_discarded,4389,add_predicate,val,existing_train_val_minocc100
populated_slot,symmetric,4316,0.9833675096832991,4328,0.986101617680565,factorized,previously_discarded,4389,add_object,val,existing_train_val_minocc100
populated_slot,symmetric,209,1.0,209,1.0,factorized,previously_discarded,209,del_subject,val,existing_train_val_minocc100
populated_slot,symmetric,209,1.0,209,1.0,factorized,previously_discarded,209,del_predicate,val,existing_train_val_minocc100
populated_slot,symmetric,209,1.0,209,1.0,factorized,previously_discarded,209,del_object,val,existing_train_val_minocc100
present_operation,symmetric,4316,0.9833675096832991,4328,0.986101617680565,factorized,previously_discarded,4389,addition,val,existing_train_val_minocc100
present_operation,symmetric,209,1.0,209,1.0,factorized,previously_discarded,209,deletion,val,existing_train_val_minocc100
populated_slot,type,14493,1.0,14493,1.0,factorized,previously_discarded,14493,add_subject,val,existing_train_val_minocc100
populated_slot,type,14492,0.9999310011729801,14492,0.9999310011729801,factorized,previously_discarded,14493,add_predicate,val,existing_train_val_minocc100
populated_slot,type,13807,0.9526668046643207,13848,0.9554957565721383,factorized,previously_discarded,14493,add_object,val,existing_train_val_minocc100
populated_slot,type,822,1.0,822,1.0,factorized,previously_discarded,822,del_subject,val,existing_train_val_minocc100
populated_slot,type,822,1.0,822,1.0,factorized,previously_discarded,822,del_predicate,val,existing_train_val_minocc100
populated_slot,type,822,1.0,822,1.0,factorized,previously_discarded,822,del_object,val,existing_train_val_minocc100
present_operation,type,13806,0.9525978058373008,13847,0.9554267577451183,factorized,previously_discarded,14493,addition,val,existing_train_val_minocc100
present_operation,type,822,1.0,822,1.0,factorized,previously_discarded,822,deletion,val,existing_train_val_minocc100
populated_slot,valueRequiresStatement,14645,1.0,14645,1.0,factorized,previously_discarded,14645,add_subject,val,existing_train_val_minocc100
populated_slot,valueRequiresStatement,14645,1.0,14645,1.0,factorized,previously_discarded,14645,add_predicate,val,existing_train_val_minocc100
populated_slot,valueRequiresStatement,12159,0.8302492318197336,12284,0.8387845681119837,factorized,previously_discarded,14645,add_object,val,existing_train_val_minocc100
populated_slot,valueRequiresStatement,718,1.0,718,1.0,factorized,previously_discarded,718,del_subject,val,existing_train_val_minocc100
populated_slot,valueRequiresStatement,718,1.0,718,1.0,factorized,previously_discarded,718,del_predicate,val,existing_train_val_minocc100
populated_slot,valueRequiresStatement,718,1.0,718,1.0,factorized,previously_discarded,718,del_object,val,existing_train_val_minocc100
present_operation,valueRequiresStatement,12159,0.8302492318197336,12284,0.8387845681119837,factorized,previously_discarded,14645,addition,val,existing_train_val_minocc100
present_operation,valueRequiresStatement,718,1.0,718,1.0,factorized,previously_discarded,718,deletion,val,existing_train_val_minocc100
populated_slot,valueType,14887,1.0,14887,1.0,factorized,previously_discarded,14887,add_subject,val,existing_train_val_minocc100
populated_slot,valueType,14886,0.9999328272989857,14886,0.9999328272989857,factorized,previously_discarded,14887,add_predicate,val,existing_train_val_minocc100
populated_slot,valueType,14283,0.959427688587358,14351,0.963995432256331,factorized,previously_discarded,14887,add_object,val,existing_train_val_minocc100
populated_slot,valueType,382,1.0,382,1.0,factorized,previously_discarded,382,del_subject,val,existing_train_val_minocc100
populated_slot,valueType,382,1.0,382,1.0,factorized,previously_discarded,382,del_predicate,val,existing_train_val_minocc100
populated_slot,valueType,382,1.0,382,1.0,factorized,previously_discarded,382,del_object,val,existing_train_val_minocc100
present_operation,valueType,14283,0.959427688587358,14350,0.9639282595553167,factorized,previously_discarded,14887,addition,val,existing_train_val_minocc100
present_operation,valueType,382,1.0,382,1.0,factorized,previously_discarded,382,deletion,val,existing_train_val_minocc100
populated_slot,overall,538656,1.0,538656,1.0,passive,previously_discarded,538656,add_subject,overall,clean_parent_train_minocc100
populated_slot,overall,538624,0.9999405928830274,538631,0.9999535881898651,passive,previously_discarded,538656,add_predicate,overall,clean_parent_train_minocc100
populated_slot,overall,443273,0.8229240925562883,447443,0.8306655824867819,passive,previously_discarded,538656,add_object,overall,clean_parent_train_minocc100
populated_slot,overall,479555,1.0,479555,1.0,passive,previously_discarded,479555,del_subject,overall,clean_parent_train_minocc100
populated_slot,overall,479555,1.0,479555,1.0,passive,previously_discarded,479555,del_predicate,overall,clean_parent_train_minocc100
populated_slot,overall,474451,0.9893567995329003,475142,0.9907977187183952,passive,previously_discarded,479555,del_object,overall,clean_parent_train_minocc100
present_operation,overall,443247,0.822875824273748,447418,0.830619170676647,passive,previously_discarded,538656,addition,overall,clean_parent_train_minocc100
present_operation,overall,474451,0.9893567995329003,475142,0.9907977187183952,passive,previously_discarded,479555,deletion,overall,clean_parent_train_minocc100
populated_slot,overall,80692,1.0,80692,1.0,passive,previously_discarded,80692,add_subject,test,clean_parent_train_minocc100
populated_slot,overall,80674,0.999776929559312,80679,0.9998388935706142,passive,previously_discarded,80692,add_predicate,test,clean_parent_train_minocc100
populated_slot,overall,66371,0.8225226788281366,67008,0.8304168938680414,passive,previously_discarded,80692,add_object,test,clean_parent_train_minocc100
populated_slot,overall,71916,1.0,71916,1.0,passive,previously_discarded,71916,del_subject,test,clean_parent_train_minocc100
populated_slot,overall,71916,1.0,71916,1.0,passive,previously_discarded,71916,del_predicate,test,clean_parent_train_minocc100
populated_slot,overall,71185,0.9898353634796151,71291,0.9913093053006286,passive,previously_discarded,71916,del_object,test,clean_parent_train_minocc100
present_operation,overall,66357,0.8223491795964903,66995,0.8302557874386556,passive,previously_discarded,80692,addition,test,clean_parent_train_minocc100
present_operation,overall,71185,0.9898353634796151,71291,0.9913093053006286,passive,previously_discarded,71916,deletion,test,clean_parent_train_minocc100
populated_slot,overall,377048,1.0,377048,1.0,passive,previously_discarded,377048,add_subject,train,clean_parent_train_minocc100
populated_slot,overall,377047,0.9999973478177845,377047,0.9999973478177845,passive,previously_discarded,377048,add_predicate,train,clean_parent_train_minocc100
populated_slot,overall,310469,0.8234203602724322,313349,0.8310586450531497,passive,previously_discarded,377048,add_object,train,clean_parent_train_minocc100
populated_slot,overall,335736,1.0,335736,1.0,passive,previously_discarded,335736,del_subject,train,clean_parent_train_minocc100
populated_slot,overall,335736,1.0,335736,1.0,passive,previously_discarded,335736,del_predicate,train,clean_parent_train_minocc100
populated_slot,overall,332139,0.9892862248909857,332613,0.9906980484666523,passive,previously_discarded,335736,del_object,train,clean_parent_train_minocc100
present_operation,overall,310468,0.8234177080902166,313348,0.8310559928709342,passive,previously_discarded,377048,addition,train,clean_parent_train_minocc100
present_operation,overall,332139,0.9892862248909857,332613,0.9906980484666523,passive,previously_discarded,335736,deletion,train,clean_parent_train_minocc100
populated_slot,overall,80916,1.0,80916,1.0,passive,previously_discarded,80916,add_subject,val,clean_parent_train_minocc100
populated_slot,overall,80903,0.999839339562015,80905,0.9998640565524741,passive,previously_discarded,80916,add_predicate,val,clean_parent_train_minocc100
populated_slot,overall,66433,0.8210119135894014,67086,0.8290820109743438,passive,previously_discarded,80916,add_object,val,clean_parent_train_minocc100
populated_slot,overall,71903,1.0,71903,1.0,passive,previously_discarded,71903,del_subject,val,clean_parent_train_minocc100
populated_slot,overall,71903,1.0,71903,1.0,passive,previously_discarded,71903,del_predicate,val,clean_parent_train_minocc100
populated_slot,overall,71127,0.9892076825723545,71238,0.9907514290085254,passive,previously_discarded,71903,del_object,val,clean_parent_train_minocc100
present_operation,overall,66422,0.8208759701418755,67075,0.828946067526818,passive,previously_discarded,80916,addition,val,clean_parent_train_minocc100
present_operation,overall,71127,0.9892076825723545,71238,0.9907514290085254,passive,previously_discarded,71903,deletion,val,clean_parent_train_minocc100
populated_slot,conflictWith,17745,1.0,17745,1.0,passive,previously_discarded,17745,add_subject,overall,clean_parent_train_minocc100
populated_slot,conflictWith,17741,0.999774584389969,17741,0.999774584389969,passive,previously_discarded,17745,add_predicate,overall,clean_parent_train_minocc100
populated_slot,conflictWith,15396,0.8676246830092984,15619,0.8801916032685263,passive,previously_discarded,17745,add_object,overall,clean_parent_train_minocc100
populated_slot,conflictWith,100613,1.0,100613,1.0,passive,previously_discarded,100613,del_subject,overall,clean_parent_train_minocc100
populated_slot,conflictWith,100613,1.0,100613,1.0,passive,previously_discarded,100613,del_predicate,overall,clean_parent_train_minocc100
populated_slot,conflictWith,97020,0.9642889089879042,97029,0.9643783606492203,passive,previously_discarded,100613,del_object,overall,clean_parent_train_minocc100
present_operation,conflictWith,15392,0.8673992673992674,15615,0.8799661876584953,passive,previously_discarded,17745,addition,overall,clean_parent_train_minocc100
present_operation,conflictWith,97020,0.9642889089879042,97029,0.9643783606492203,passive,previously_discarded,100613,deletion,overall,clean_parent_train_minocc100
populated_slot,distinct,13041,1.0,13041,1.0,passive,previously_discarded,13041,add_subject,overall,clean_parent_train_minocc100
populated_slot,distinct,13041,1.0,13041,1.0,passive,previously_discarded,13041,add_predicate,overall,clean_parent_train_minocc100
populated_slot,distinct,6432,0.49321371060501495,6443,0.49405720420213173,passive,previously_discarded,13041,add_object,overall,clean_parent_train_minocc100
populated_slot,distinct,228201,1.0,228201,1.0,passive,previously_discarded,228201,del_subject,overall,clean_parent_train_minocc100
populated_slot,distinct,228201,1.0,228201,1.0,passive,previously_discarded,228201,del_predicate,overall,clean_parent_train_minocc100
populated_slot,distinct,228201,1.0,228201,1.0,passive,previously_discarded,228201,del_object,overall,clean_parent_train_minocc100
present_operation,distinct,6432,0.49321371060501495,6443,0.49405720420213173,passive,previously_discarded,13041,addition,overall,clean_parent_train_minocc100
present_operation,distinct,228201,1.0,228201,1.0,passive,previously_discarded,228201,deletion,overall,clean_parent_train_minocc100
populated_slot,inverse,64443,1.0,64443,1.0,passive,previously_discarded,64443,add_subject,overall,clean_parent_train_minocc100
populated_slot,inverse,64442,0.9999844824108126,64442,0.9999844824108126,passive,previously_discarded,64443,add_predicate,overall,clean_parent_train_minocc100
populated_slot,inverse,62951,0.9768477569324829,63081,0.9788650435268377,passive,previously_discarded,64443,add_object,overall,clean_parent_train_minocc100
populated_slot,inverse,7704,1.0,7704,1.0,passive,previously_discarded,7704,del_subject,overall,clean_parent_train_minocc100
populated_slot,inverse,7704,1.0,7704,1.0,passive,previously_discarded,7704,del_predicate,overall,clean_parent_train_minocc100
populated_slot,inverse,7704,1.0,7704,1.0,passive,previously_discarded,7704,del_object,overall,clean_parent_train_minocc100
present_operation,inverse,62950,0.9768322393432957,63080,0.9788495259376503,passive,previously_discarded,64443,addition,overall,clean_parent_train_minocc100
present_operation,inverse,7704,1.0,7704,1.0,passive,previously_discarded,7704,deletion,overall,clean_parent_train_minocc100
populated_slot,itemRequiresStatement,98309,1.0,98309,1.0,passive,previously_discarded,98309,add_subject,overall,clean_parent_train_minocc100
populated_slot,itemRequiresStatement,98303,0.9999389679480007,98309,1.0,passive,previously_discarded,98309,add_predicate,overall,clean_parent_train_minocc100
populated_slot,itemRequiresStatement,53209,0.5412424091385326,55232,0.561820382670966,passive,previously_discarded,98309,add_object,overall,clean_parent_train_minocc100
populated_slot,itemRequiresStatement,2257,1.0,2257,1.0,passive,previously_discarded,2257,del_subject,overall,clean_parent_train_minocc100
populated_slot,itemRequiresStatement,2257,1.0,2257,1.0,passive,previously_discarded,2257,del_predicate,overall,clean_parent_train_minocc100
populated_slot,itemRequiresStatement,2257,1.0,2257,1.0,passive,previously_discarded,2257,del_object,overall,clean_parent_train_minocc100
present_operation,itemRequiresStatement,53208,0.541232237129866,55232,0.561820382670966,passive,previously_discarded,98309,addition,overall,clean_parent_train_minocc100
present_operation,itemRequiresStatement,2257,1.0,2257,1.0,passive,previously_discarded,2257,deletion,overall,clean_parent_train_minocc100
populated_slot,oneOf,5069,1.0,5069,1.0,passive,previously_discarded,5069,add_subject,overall,clean_parent_train_minocc100
populated_slot,oneOf,5067,0.9996054448609193,5068,0.9998027224304596,passive,previously_discarded,5069,add_predicate,overall,clean_parent_train_minocc100
populated_slot,oneOf,4999,0.9861905701321759,5022,0.9907279542316039,passive,previously_discarded,5069,add_object,overall,clean_parent_train_minocc100
populated_slot,oneOf,6854,1.0,6854,1.0,passive,previously_discarded,6854,del_subject,overall,clean_parent_train_minocc100
populated_slot,oneOf,6854,1.0,6854,1.0,passive,previously_discarded,6854,del_predicate,overall,clean_parent_train_minocc100
populated_slot,oneOf,6854,1.0,6854,1.0,passive,previously_discarded,6854,del_object,overall,clean_parent_train_minocc100
present_operation,oneOf,4997,0.9857960149930953,5021,0.9905306766620635,passive,previously_discarded,5069,addition,overall,clean_parent_train_minocc100
present_operation,oneOf,6854,1.0,6854,1.0,passive,previously_discarded,6854,deletion,overall,clean_parent_train_minocc100
populated_slot,single,17530,1.0,17530,1.0,passive,previously_discarded,17530,add_subject,overall,clean_parent_train_minocc100
populated_slot,single,17516,0.9992013690815744,17516,0.9992013690815744,passive,previously_discarded,17530,add_predicate,overall,clean_parent_train_minocc100
populated_slot,single,3476,0.19828864803194524,3693,0.21066742726754137,passive,previously_discarded,17530,add_object,overall,clean_parent_train_minocc100
populated_slot,single,119723,1.0,119723,1.0,passive,previously_discarded,119723,del_subject,overall,clean_parent_train_minocc100
populated_slot,single,119723,1.0,119723,1.0,passive,previously_discarded,119723,del_predicate,overall,clean_parent_train_minocc100
populated_slot,single,118212,0.9873792003207403,118894,0.9930756830350058,passive,previously_discarded,119723,del_object,overall,clean_parent_train_minocc100
present_operation,single,3462,0.19749001711351968,3679,0.2098687963491158,passive,previously_discarded,17530,addition,overall,clean_parent_train_minocc100
present_operation,single,118212,0.9873792003207403,118894,0.9930756830350058,passive,previously_discarded,119723,deletion,overall,clean_parent_train_minocc100
populated_slot,symmetric,29192,1.0,29192,1.0,passive,previously_discarded,29192,add_subject,overall,clean_parent_train_minocc100
populated_slot,symmetric,29192,1.0,29192,1.0,passive,previously_discarded,29192,add_predicate,overall,clean_parent_train_minocc100
populated_slot,symmetric,28731,0.9842080021923815,28782,0.9859550561797753,passive,previously_discarded,29192,add_object,overall,clean_parent_train_minocc100
populated_slot,symmetric,1396,1.0,1396,1.0,passive,previously_discarded,1396,del_subject,overall,clean_parent_train_minocc100
populated_slot,symmetric,1396,1.0,1396,1.0,passive,previously_discarded,1396,del_predicate,overall,clean_parent_train_minocc100
populated_slot,symmetric,1396,1.0,1396,1.0,passive,previously_discarded,1396,del_object,overall,clean_parent_train_minocc100
present_operation,symmetric,28731,0.9842080021923815,28782,0.9859550561797753,passive,previously_discarded,29192,addition,overall,clean_parent_train_minocc100
present_operation,symmetric,1396,1.0,1396,1.0,passive,previously_discarded,1396,deletion,overall,clean_parent_train_minocc100
populated_slot,type,96477,1.0,96477,1.0,passive,previously_discarded,96477,add_subject,overall,clean_parent_train_minocc100
populated_slot,type,96474,0.9999689045057372,96474,0.9999689045057372,passive,previously_discarded,96477,add_predicate,overall,clean_parent_train_minocc100
populated_slot,type,91794,0.9514599334556423,92138,0.9550255501311193,passive,previously_discarded,96477,add_object,overall,clean_parent_train_minocc100
populated_slot,type,5645,1.0,5645,1.0,passive,previously_discarded,5645,del_subject,overall,clean_parent_train_minocc100
populated_slot,type,5645,1.0,5645,1.0,passive,previously_discarded,5645,del_predicate,overall,clean_parent_train_minocc100
populated_slot,type,5645,1.0,5645,1.0,passive,previously_discarded,5645,del_object,overall,clean_parent_train_minocc100
present_operation,type,91791,0.9514288379613794,92135,0.9549944546368565,passive,previously_discarded,96477,addition,overall,clean_parent_train_minocc100
present_operation,type,5645,1.0,5645,1.0,passive,previously_discarded,5645,deletion,overall,clean_parent_train_minocc100
populated_slot,valueRequiresStatement,97761,1.0,97761,1.0,passive,previously_discarded,97761,add_subject,overall,clean_parent_train_minocc100
populated_slot,valueRequiresStatement,97761,1.0,97761,1.0,passive,previously_discarded,97761,add_predicate,overall,clean_parent_train_minocc100
populated_slot,valueRequiresStatement,81158,0.8301674491873038,81925,0.8380131136138133,passive,previously_discarded,97761,add_object,overall,clean_parent_train_minocc100
populated_slot,valueRequiresStatement,4502,1.0,4502,1.0,passive,previously_discarded,4502,del_subject,overall,clean_parent_train_minocc100
populated_slot,valueRequiresStatement,4502,1.0,4502,1.0,passive,previously_discarded,4502,del_predicate,overall,clean_parent_train_minocc100
populated_slot,valueRequiresStatement,4502,1.0,4502,1.0,passive,previously_discarded,4502,del_object,overall,clean_parent_train_minocc100
present_operation,valueRequiresStatement,81158,0.8301674491873038,81925,0.8380131136138133,passive,previously_discarded,97761,addition,overall,clean_parent_train_minocc100
present_operation,valueRequiresStatement,4502,1.0,4502,1.0,passive,previously_discarded,4502,deletion,overall,clean_parent_train_minocc100
populated_slot,valueType,99089,1.0,99089,1.0,passive,previously_discarded,99089,add_subject,overall,clean_parent_train_minocc100
populated_slot,valueType,99087,0.9999798161248978,99087,0.9999798161248978,passive,previously_discarded,99089,add_predicate,overall,clean_parent_train_minocc100
populated_slot,valueType,95127,0.9600157434225797,95508,0.9638607716295452,passive,previously_discarded,99089,add_object,overall,clean_parent_train_minocc100
populated_slot,valueType,2660,1.0,2660,1.0,passive,previously_discarded,2660,del_subject,overall,clean_parent_train_minocc100
populated_slot,valueType,2660,1.0,2660,1.0,passive,previously_discarded,2660,del_predicate,overall,clean_parent_train_minocc100
populated_slot,valueType,2660,1.0,2660,1.0,passive,previously_discarded,2660,del_object,overall,clean_parent_train_minocc100
present_operation,valueType,95126,0.9600056514850286,95506,0.9638405877544429,passive,previously_discarded,99089,addition,overall,clean_parent_train_minocc100
present_operation,valueType,2660,1.0,2660,1.0,passive,previously_discarded,2660,deletion,overall,clean_parent_train_minocc100
populated_slot,conflictWith,2637,1.0,2637,1.0,passive,previously_discarded,2637,add_subject,test,clean_parent_train_minocc100
populated_slot,conflictWith,2636,0.999620781190747,2636,0.999620781190747,passive,previously_discarded,2637,add_predicate,test,clean_parent_train_minocc100
populated_slot,conflictWith,2284,0.8661357603337125,2323,0.8809252938945772,passive,previously_discarded,2637,add_object,test,clean_parent_train_minocc100
populated_slot,conflictWith,15091,1.0,15091,1.0,passive,previously_discarded,15091,del_subject,test,clean_parent_train_minocc100
populated_slot,conflictWith,15091,1.0,15091,1.0,passive,previously_discarded,15091,del_predicate,test,clean_parent_train_minocc100
populated_slot,conflictWith,14598,0.9673315220992644,14600,0.9674640514213769,passive,previously_discarded,15091,del_object,test,clean_parent_train_minocc100
present_operation,conflictWith,2283,0.8657565415244596,2322,0.8805460750853242,passive,previously_discarded,2637,addition,test,clean_parent_train_minocc100
present_operation,conflictWith,14598,0.9673315220992644,14600,0.9674640514213769,passive,previously_discarded,15091,deletion,test,clean_parent_train_minocc100
populated_slot,distinct,1969,1.0,1969,1.0,passive,previously_discarded,1969,add_subject,test,clean_parent_train_minocc100
populated_slot,distinct,1969,1.0,1969,1.0,passive,previously_discarded,1969,add_predicate,test,clean_parent_train_minocc100
populated_slot,distinct,979,0.4972067039106145,981,0.4982224479431183,passive,previously_discarded,1969,add_object,test,clean_parent_train_minocc100
populated_slot,distinct,34230,1.0,34230,1.0,passive,previously_discarded,34230,del_subject,test,clean_parent_train_minocc100
populated_slot,distinct,34230,1.0,34230,1.0,passive,previously_discarded,34230,del_predicate,test,clean_parent_train_minocc100
populated_slot,distinct,34230,1.0,34230,1.0,passive,previously_discarded,34230,del_object,test,clean_parent_train_minocc100
present_operation,distinct,979,0.4972067039106145,981,0.4982224479431183,passive,previously_discarded,1969,addition,test,clean_parent_train_minocc100
present_operation,distinct,34230,1.0,34230,1.0,passive,previously_discarded,34230,deletion,test,clean_parent_train_minocc100
populated_slot,inverse,9691,1.0,9691,1.0,passive,previously_discarded,9691,add_subject,test,clean_parent_train_minocc100
populated_slot,inverse,9690,0.999896811474564,9690,0.999896811474564,passive,previously_discarded,9691,add_predicate,test,clean_parent_train_minocc100
populated_slot,inverse,9487,0.9789495408110618,9504,0.9807037457434733,passive,previously_discarded,9691,add_object,test,clean_parent_train_minocc100
populated_slot,inverse,1131,1.0,1131,1.0,passive,previously_discarded,1131,del_subject,test,clean_parent_train_minocc100
populated_slot,inverse,1131,1.0,1131,1.0,passive,previously_discarded,1131,del_predicate,test,clean_parent_train_minocc100
populated_slot,inverse,1131,1.0,1131,1.0,passive,previously_discarded,1131,del_object,test,clean_parent_train_minocc100
present_operation,inverse,9486,0.9788463522856259,9503,0.9806005572180374,passive,previously_discarded,9691,addition,test,clean_parent_train_minocc100
present_operation,inverse,1131,1.0,1131,1.0,passive,previously_discarded,1131,deletion,test,clean_parent_train_minocc100
populated_slot,itemRequiresStatement,14751,1.0,14751,1.0,passive,previously_discarded,14751,add_subject,test,clean_parent_train_minocc100
populated_slot,itemRequiresStatement,14746,0.9996610399294963,14751,1.0,passive,previously_discarded,14751,add_predicate,test,clean_parent_train_minocc100
populated_slot,itemRequiresStatement,7915,0.5365737916073486,8221,0.5573181479221748,passive,previously_discarded,14751,add_object,test,clean_parent_train_minocc100
populated_slot,itemRequiresStatement,331,1.0,331,1.0,passive,previously_discarded,331,del_subject,test,clean_parent_train_minocc100
populated_slot,itemRequiresStatement,331,1.0,331,1.0,passive,previously_discarded,331,del_predicate,test,clean_parent_train_minocc100
populated_slot,itemRequiresStatement,331,1.0,331,1.0,passive,previously_discarded,331,del_object,test,clean_parent_train_minocc100
present_operation,itemRequiresStatement,7914,0.536505999593248,8221,0.5573181479221748,passive,previously_discarded,14751,addition,test,clean_parent_train_minocc100
present_operation,itemRequiresStatement,331,1.0,331,1.0,passive,previously_discarded,331,deletion,test,clean_parent_train_minocc100
populated_slot,oneOf,752,1.0,752,1.0,passive,previously_discarded,752,add_subject,test,clean_parent_train_minocc100
populated_slot,oneOf,751,0.9986702127659575,751,0.9986702127659575,passive,previously_discarded,752,add_predicate,test,clean_parent_train_minocc100
populated_slot,oneOf,726,0.9654255319148937,740,0.9840425531914894,passive,previously_discarded,752,add_object,test,clean_parent_train_minocc100
populated_slot,oneOf,1028,1.0,1028,1.0,passive,previously_discarded,1028,del_subject,test,clean_parent_train_minocc100
populated_slot,oneOf,1028,1.0,1028,1.0,passive,previously_discarded,1028,del_predicate,test,clean_parent_train_minocc100
populated_slot,oneOf,1028,1.0,1028,1.0,passive,previously_discarded,1028,del_object,test,clean_parent_train_minocc100
present_operation,oneOf,725,0.964095744680851,739,0.9827127659574468,passive,previously_discarded,752,addition,test,clean_parent_train_minocc100
present_operation,oneOf,1028,1.0,1028,1.0,passive,previously_discarded,1028,deletion,test,clean_parent_train_minocc100
populated_slot,single,2585,1.0,2585,1.0,passive,previously_discarded,2585,add_subject,test,clean_parent_train_minocc100
populated_slot,single,2578,0.9972920696324952,2578,0.9972920696324952,passive,previously_discarded,2585,add_predicate,test,clean_parent_train_minocc100
populated_slot,single,493,0.19071566731141198,516,0.19961315280464217,passive,previously_discarded,2585,add_object,test,clean_parent_train_minocc100
populated_slot,single,17959,1.0,17959,1.0,passive,previously_discarded,17959,del_subject,test,clean_parent_train_minocc100
populated_slot,single,17959,1.0,17959,1.0,passive,previously_discarded,17959,del_predicate,test,clean_parent_train_minocc100
populated_slot,single,17721,0.9867475917367337,17825,0.9925385600534551,passive,previously_discarded,17959,del_object,test,clean_parent_train_minocc100
present_operation,single,486,0.18800773694390716,509,0.19690522243713732,passive,previously_discarded,2585,addition,test,clean_parent_train_minocc100
present_operation,single,17721,0.9867475917367337,17825,0.9925385600534551,passive,previously_discarded,17959,deletion,test,clean_parent_train_minocc100
populated_slot,symmetric,4341,1.0,4341,1.0,passive,previously_discarded,4341,add_subject,test,clean_parent_train_minocc100
populated_slot,symmetric,4341,1.0,4341,1.0,passive,previously_discarded,4341,add_predicate,test,clean_parent_train_minocc100
populated_slot,symmetric,4281,0.9861782999308915,4289,0.9880211932734393,passive,previously_discarded,4341,add_object,test,clean_parent_train_minocc100
populated_slot,symmetric,209,1.0,209,1.0,passive,previously_discarded,209,del_subject,test,clean_parent_train_minocc100
populated_slot,symmetric,209,1.0,209,1.0,passive,previously_discarded,209,del_predicate,test,clean_parent_train_minocc100
populated_slot,symmetric,209,1.0,209,1.0,passive,previously_discarded,209,del_object,test,clean_parent_train_minocc100
present_operation,symmetric,4281,0.9861782999308915,4289,0.9880211932734393,passive,previously_discarded,4341,addition,test,clean_parent_train_minocc100
present_operation,symmetric,209,1.0,209,1.0,passive,previously_discarded,209,deletion,test,clean_parent_train_minocc100
populated_slot,type,14466,1.0,14466,1.0,passive,previously_discarded,14466,add_subject,test,clean_parent_train_minocc100
populated_slot,type,14464,0.9998617447808654,14464,0.9998617447808654,passive,previously_discarded,14466,add_predicate,test,clean_parent_train_minocc100
populated_slot,type,13765,0.9515415456933499,13824,0.9556200746578183,passive,previously_discarded,14466,add_object,test,clean_parent_train_minocc100
populated_slot,type,859,1.0,859,1.0,passive,previously_discarded,859,del_subject,test,clean_parent_train_minocc100
populated_slot,type,859,1.0,859,1.0,passive,previously_discarded,859,del_predicate,test,clean_parent_train_minocc100
populated_slot,type,859,1.0,859,1.0,passive,previously_discarded,859,del_object,test,clean_parent_train_minocc100
present_operation,type,13763,0.9514032904742153,13822,0.9554818194386838,passive,previously_discarded,14466,addition,test,clean_parent_train_minocc100
present_operation,type,859,1.0,859,1.0,passive,previously_discarded,859,deletion,test,clean_parent_train_minocc100
populated_slot,valueRequiresStatement,14650,1.0,14650,1.0,passive,previously_discarded,14650,add_subject,test,clean_parent_train_minocc100
populated_slot,valueRequiresStatement,14650,1.0,14650,1.0,passive,previously_discarded,14650,add_predicate,test,clean_parent_train_minocc100
populated_slot,valueRequiresStatement,12189,0.832013651877133,12292,0.8390443686006825,passive,previously_discarded,14650,add_object,test,clean_parent_train_minocc100
populated_slot,valueRequiresStatement,668,1.0,668,1.0,passive,previously_discarded,668,del_subject,test,clean_parent_train_minocc100
populated_slot,valueRequiresStatement,668,1.0,668,1.0,passive,previously_discarded,668,del_predicate,test,clean_parent_train_minocc100
populated_slot,valueRequiresStatement,668,1.0,668,1.0,passive,previously_discarded,668,del_object,test,clean_parent_train_minocc100
present_operation,valueRequiresStatement,12189,0.832013651877133,12292,0.8390443686006825,passive,previously_discarded,14650,addition,test,clean_parent_train_minocc100
present_operation,valueRequiresStatement,668,1.0,668,1.0,passive,previously_discarded,668,deletion,test,clean_parent_train_minocc100
populated_slot,valueType,14850,1.0,14850,1.0,passive,previously_discarded,14850,add_subject,test,clean_parent_train_minocc100
populated_slot,valueType,14849,0.9999326599326599,14849,0.9999326599326599,passive,previously_discarded,14850,add_predicate,test,clean_parent_train_minocc100
populated_slot,valueType,14252,0.9597306397306398,14318,0.9641750841750841,passive,previously_discarded,14850,add_object,test,clean_parent_train_minocc100
populated_slot,valueType,410,1.0,410,1.0,passive,previously_discarded,410,del_subject,test,clean_parent_train_minocc100
populated_slot,valueType,410,1.0,410,1.0,passive,previously_discarded,410,del_predicate,test,clean_parent_train_minocc100
populated_slot,valueType,410,1.0,410,1.0,passive,previously_discarded,410,del_object,test,clean_parent_train_minocc100
present_operation,valueType,14251,0.9596632996632997,14317,0.9641077441077441,passive,previously_discarded,14850,addition,test,clean_parent_train_minocc100
present_operation,valueType,410,1.0,410,1.0,passive,previously_discarded,410,deletion,test,clean_parent_train_minocc100
populated_slot,conflictWith,12488,1.0,12488,1.0,passive,previously_discarded,12488,add_subject,train,clean_parent_train_minocc100
populated_slot,conflictWith,12488,1.0,12488,1.0,passive,previously_discarded,12488,add_predicate,train,clean_parent_train_minocc100
populated_slot,conflictWith,10855,0.869234465086483,10999,0.880765534913517,passive,previously_discarded,12488,add_object,train,clean_parent_train_minocc100
populated_slot,conflictWith,70430,1.0,70430,1.0,passive,previously_discarded,70430,del_subject,train,clean_parent_train_minocc100
populated_slot,conflictWith,70430,1.0,70430,1.0,passive,previously_discarded,70430,del_predicate,train,clean_parent_train_minocc100
populated_slot,conflictWith,67886,0.9638790288229447,67892,0.963964219792702,passive,previously_discarded,70430,del_object,train,clean_parent_train_minocc100
present_operation,conflictWith,10855,0.869234465086483,10999,0.880765534913517,passive,previously_discarded,12488,addition,train,clean_parent_train_minocc100
present_operation,conflictWith,67886,0.9638790288229447,67892,0.963964219792702,passive,previously_discarded,70430,deletion,train,clean_parent_train_minocc100
populated_slot,distinct,9054,1.0,9054,1.0,passive,previously_discarded,9054,add_subject,train,clean_parent_train_minocc100
populated_slot,distinct,9054,1.0,9054,1.0,passive,previously_discarded,9054,add_predicate,train,clean_parent_train_minocc100
populated_slot,distinct,4463,0.4929313010823945,4471,0.4938148884470952,passive,previously_discarded,9054,add_object,train,clean_parent_train_minocc100
populated_slot,distinct,159743,1.0,159743,1.0,passive,previously_discarded,159743,del_subject,train,clean_parent_train_minocc100
populated_slot,distinct,159743,1.0,159743,1.0,passive,previously_discarded,159743,del_predicate,train,clean_parent_train_minocc100
populated_slot,distinct,159743,1.0,159743,1.0,passive,previously_discarded,159743,del_object,train,clean_parent_train_minocc100
present_operation,distinct,4463,0.4929313010823945,4471,0.4938148884470952,passive,previously_discarded,9054,addition,train,clean_parent_train_minocc100
present_operation,distinct,159743,1.0,159743,1.0,passive,previously_discarded,159743,deletion,train,clean_parent_train_minocc100
populated_slot,inverse,45056,1.0,45056,1.0,passive,previously_discarded,45056,add_subject,train,clean_parent_train_minocc100
populated_slot,inverse,45056,1.0,45056,1.0,passive,previously_discarded,45056,add_predicate,train,clean_parent_train_minocc100
populated_slot,inverse,43984,0.9762073863636364,44070,0.9781161221590909,passive,previously_discarded,45056,add_object,train,clean_parent_train_minocc100
populated_slot,inverse,5453,1.0,5453,1.0,passive,previously_discarded,5453,del_subject,train,clean_parent_train_minocc100
populated_slot,inverse,5453,1.0,5453,1.0,passive,previously_discarded,5453,del_predicate,train,clean_parent_train_minocc100
populated_slot,inverse,5453,1.0,5453,1.0,passive,previously_discarded,5453,del_object,train,clean_parent_train_minocc100
present_operation,inverse,43984,0.9762073863636364,44070,0.9781161221590909,passive,previously_discarded,45056,addition,train,clean_parent_train_minocc100
present_operation,inverse,5453,1.0,5453,1.0,passive,previously_discarded,5453,deletion,train,clean_parent_train_minocc100
populated_slot,itemRequiresStatement,68808,1.0,68808,1.0,passive,previously_discarded,68808,add_subject,train,clean_parent_train_minocc100
populated_slot,itemRequiresStatement,68808,1.0,68808,1.0,passive,previously_discarded,68808,add_predicate,train,clean_parent_train_minocc100
populated_slot,itemRequiresStatement,37393,0.5434397163120568,38795,0.5638152540402279,passive,previously_discarded,68808,add_object,train,clean_parent_train_minocc100
populated_slot,itemRequiresStatement,1581,1.0,1581,1.0,passive,previously_discarded,1581,del_subject,train,clean_parent_train_minocc100
populated_slot,itemRequiresStatement,1581,1.0,1581,1.0,passive,previously_discarded,1581,del_predicate,train,clean_parent_train_minocc100
populated_slot,itemRequiresStatement,1581,1.0,1581,1.0,passive,previously_discarded,1581,del_object,train,clean_parent_train_minocc100
present_operation,itemRequiresStatement,37393,0.5434397163120568,38795,0.5638152540402279,passive,previously_discarded,68808,addition,train,clean_parent_train_minocc100
present_operation,itemRequiresStatement,1581,1.0,1581,1.0,passive,previously_discarded,1581,deletion,train,clean_parent_train_minocc100
populated_slot,oneOf,3561,1.0,3561,1.0,passive,previously_discarded,3561,add_subject,train,clean_parent_train_minocc100
populated_slot,oneOf,3561,1.0,3561,1.0,passive,previously_discarded,3561,add_predicate,train,clean_parent_train_minocc100
populated_slot,oneOf,3530,0.9912945801741084,3531,0.991575400168492,passive,previously_discarded,3561,add_object,train,clean_parent_train_minocc100
populated_slot,oneOf,4798,1.0,4798,1.0,passive,previously_discarded,4798,del_subject,train,clean_parent_train_minocc100
populated_slot,oneOf,4798,1.0,4798,1.0,passive,previously_discarded,4798,del_predicate,train,clean_parent_train_minocc100
populated_slot,oneOf,4798,1.0,4798,1.0,passive,previously_discarded,4798,del_object,train,clean_parent_train_minocc100
present_operation,oneOf,3530,0.9912945801741084,3531,0.991575400168492,passive,previously_discarded,3561,addition,train,clean_parent_train_minocc100
present_operation,oneOf,4798,1.0,4798,1.0,passive,previously_discarded,4798,deletion,train,clean_parent_train_minocc100
populated_slot,single,12283,1.0,12283,1.0,passive,previously_discarded,12283,add_subject,train,clean_parent_train_minocc100
populated_slot,single,12282,0.9999185866644956,12282,0.9999185866644956,passive,previously_discarded,12283,add_predicate,train,clean_parent_train_minocc100
populated_slot,single,2504,0.20385899210290645,2674,0.2176992591386469,passive,previously_discarded,12283,add_object,train,clean_parent_train_minocc100
populated_slot,single,83805,1.0,83805,1.0,passive,previously_discarded,83805,del_subject,train,clean_parent_train_minocc100
populated_slot,single,83805,1.0,83805,1.0,passive,previously_discarded,83805,del_predicate,train,clean_parent_train_minocc100
populated_slot,single,82752,0.9874351172364417,83220,0.993019509575801,passive,previously_discarded,83805,del_object,train,clean_parent_train_minocc100
present_operation,single,2503,0.2037775787674021,2673,0.21761784580314256,passive,previously_discarded,12283,addition,train,clean_parent_train_minocc100
present_operation,single,82752,0.9874351172364417,83220,0.993019509575801,passive,previously_discarded,83805,deletion,train,clean_parent_train_minocc100
populated_slot,symmetric,20462,1.0,20462,1.0,passive,previously_discarded,20462,add_subject,train,clean_parent_train_minocc100
populated_slot,symmetric,20462,1.0,20462,1.0,passive,previously_discarded,20462,add_predicate,train,clean_parent_train_minocc100
populated_slot,symmetric,20131,0.9838236731502297,20164,0.9854364187273972,passive,previously_discarded,20462,add_object,train,clean_parent_train_minocc100
populated_slot,symmetric,978,1.0,978,1.0,passive,previously_discarded,978,del_subject,train,clean_parent_train_minocc100
populated_slot,symmetric,978,1.0,978,1.0,passive,previously_discarded,978,del_predicate,train,clean_parent_train_minocc100
populated_slot,symmetric,978,1.0,978,1.0,passive,previously_discarded,978,del_object,train,clean_parent_train_minocc100
present_operation,symmetric,20131,0.9838236731502297,20164,0.9854364187273972,passive,previously_discarded,20462,addition,train,clean_parent_train_minocc100
present_operation,symmetric,978,1.0,978,1.0,passive,previously_discarded,978,deletion,train,clean_parent_train_minocc100
populated_slot,type,67518,1.0,67518,1.0,passive,previously_discarded,67518,add_subject,train,clean_parent_train_minocc100
populated_slot,type,67518,1.0,67518,1.0,passive,previously_discarded,67518,add_predicate,train,clean_parent_train_minocc100
populated_slot,type,64215,0.9510797120767795,64462,0.9547379957937143,passive,previously_discarded,67518,add_object,train,clean_parent_train_minocc100
populated_slot,type,3964,1.0,3964,1.0,passive,previously_discarded,3964,del_subject,train,clean_parent_train_minocc100
populated_slot,type,3964,1.0,3964,1.0,passive,previously_discarded,3964,del_predicate,train,clean_parent_train_minocc100
populated_slot,type,3964,1.0,3964,1.0,passive,previously_discarded,3964,del_object,train,clean_parent_train_minocc100
present_operation,type,64215,0.9510797120767795,64462,0.9547379957937143,passive,previously_discarded,67518,addition,train,clean_parent_train_minocc100
present_operation,type,3964,1.0,3964,1.0,passive,previously_discarded,3964,deletion,train,clean_parent_train_minocc100
populated_slot,valueRequiresStatement,68466,1.0,68466,1.0,passive,previously_discarded,68466,add_subject,train,clean_parent_train_minocc100
populated_slot,valueRequiresStatement,68466,1.0,68466,1.0,passive,previously_discarded,68466,add_predicate,train,clean_parent_train_minocc100
populated_slot,valueRequiresStatement,56806,0.8296964916893056,57345,0.8375690123564982,passive,previously_discarded,68466,add_object,train,clean_parent_train_minocc100
populated_slot,valueRequiresStatement,3116,1.0,3116,1.0,passive,previously_discarded,3116,del_subject,train,clean_parent_train_minocc100
populated_slot,valueRequiresStatement,3116,1.0,3116,1.0,passive,previously_discarded,3116,del_predicate,train,clean_parent_train_minocc100
populated_slot,valueRequiresStatement,3116,1.0,3116,1.0,passive,previously_discarded,3116,del_object,train,clean_parent_train_minocc100
present_operation,valueRequiresStatement,56806,0.8296964916893056,57345,0.8375690123564982,passive,previously_discarded,68466,addition,train,clean_parent_train_minocc100
present_operation,valueRequiresStatement,3116,1.0,3116,1.0,passive,previously_discarded,3116,deletion,train,clean_parent_train_minocc100
populated_slot,valueType,69352,1.0,69352,1.0,passive,previously_discarded,69352,add_subject,train,clean_parent_train_minocc100
populated_slot,valueType,69352,1.0,69352,1.0,passive,previously_discarded,69352,add_predicate,train,clean_parent_train_minocc100
populated_slot,valueType,66588,0.9601453454839082,66838,0.9637501441919484,passive,previously_discarded,69352,add_object,train,clean_parent_train_minocc100
populated_slot,valueType,1868,1.0,1868,1.0,passive,previously_discarded,1868,del_subject,train,clean_parent_train_minocc100
populated_slot,valueType,1868,1.0,1868,1.0,passive,previously_discarded,1868,del_predicate,train,clean_parent_train_minocc100
populated_slot,valueType,1868,1.0,1868,1.0,passive,previously_discarded,1868,del_object,train,clean_parent_train_minocc100
present_operation,valueType,66588,0.9601453454839082,66838,0.9637501441919484,passive,previously_discarded,69352,addition,train,clean_parent_train_minocc100
present_operation,valueType,1868,1.0,1868,1.0,passive,previously_discarded,1868,deletion,train,clean_parent_train_minocc100
populated_slot,conflictWith,2620,1.0,2620,1.0,passive,previously_discarded,2620,add_subject,val,clean_parent_train_minocc100
populated_slot,conflictWith,2617,0.998854961832061,2617,0.998854961832061,passive,previously_discarded,2620,add_predicate,val,clean_parent_train_minocc100
populated_slot,conflictWith,2257,0.8614503816793894,2297,0.8767175572519084,passive,previously_discarded,2620,add_object,val,clean_parent_train_minocc100
populated_slot,conflictWith,15092,1.0,15092,1.0,passive,previously_discarded,15092,del_subject,val,clean_parent_train_minocc100
populated_slot,conflictWith,15092,1.0,15092,1.0,passive,previously_discarded,15092,del_predicate,val,clean_parent_train_minocc100
populated_slot,conflictWith,14536,0.9631592896899019,14537,0.9632255499602438,passive,previously_discarded,15092,del_object,val,clean_parent_train_minocc100
present_operation,conflictWith,2254,0.8603053435114504,2294,0.8755725190839695,passive,previously_discarded,2620,addition,val,clean_parent_train_minocc100
present_operation,conflictWith,14536,0.9631592896899019,14537,0.9632255499602438,passive,previously_discarded,15092,deletion,val,clean_parent_train_minocc100
populated_slot,distinct,2018,1.0,2018,1.0,passive,previously_discarded,2018,add_subject,val,clean_parent_train_minocc100
populated_slot,distinct,2018,1.0,2018,1.0,passive,previously_discarded,2018,add_predicate,val,clean_parent_train_minocc100
populated_slot,distinct,990,0.4905847373637265,991,0.4910802775024777,passive,previously_discarded,2018,add_object,val,clean_parent_train_minocc100
populated_slot,distinct,34228,1.0,34228,1.0,passive,previously_discarded,34228,del_subject,val,clean_parent_train_minocc100
populated_slot,distinct,34228,1.0,34228,1.0,passive,previously_discarded,34228,del_predicate,val,clean_parent_train_minocc100
populated_slot,distinct,34228,1.0,34228,1.0,passive,previously_discarded,34228,del_object,val,clean_parent_train_minocc100
present_operation,distinct,990,0.4905847373637265,991,0.4910802775024777,passive,previously_discarded,2018,addition,val,clean_parent_train_minocc100
present_operation,distinct,34228,1.0,34228,1.0,passive,previously_discarded,34228,deletion,val,clean_parent_train_minocc100
populated_slot,inverse,9696,1.0,9696,1.0,passive,previously_discarded,9696,add_subject,val,clean_parent_train_minocc100
populated_slot,inverse,9696,1.0,9696,1.0,passive,previously_discarded,9696,add_predicate,val,clean_parent_train_minocc100
populated_slot,inverse,9480,0.9777227722772277,9507,0.9805074257425742,passive,previously_discarded,9696,add_object,val,clean_parent_train_minocc100
populated_slot,inverse,1120,1.0,1120,1.0,passive,previously_discarded,1120,del_subject,val,clean_parent_train_minocc100
populated_slot,inverse,1120,1.0,1120,1.0,passive,previously_discarded,1120,del_predicate,val,clean_parent_train_minocc100
populated_slot,inverse,1120,1.0,1120,1.0,passive,previously_discarded,1120,del_object,val,clean_parent_train_minocc100
present_operation,inverse,9480,0.9777227722772277,9507,0.9805074257425742,passive,previously_discarded,9696,addition,val,clean_parent_train_minocc100
present_operation,inverse,1120,1.0,1120,1.0,passive,previously_discarded,1120,deletion,val,clean_parent_train_minocc100
populated_slot,itemRequiresStatement,14750,1.0,14750,1.0,passive,previously_discarded,14750,add_subject,val,clean_parent_train_minocc100
populated_slot,itemRequiresStatement,14749,0.9999322033898305,14750,1.0,passive,previously_discarded,14750,add_predicate,val,clean_parent_train_minocc100
populated_slot,itemRequiresStatement,7901,0.5356610169491526,8216,0.5570169491525424,passive,previously_discarded,14750,add_object,val,clean_parent_train_minocc100
populated_slot,itemRequiresStatement,345,1.0,345,1.0,passive,previously_discarded,345,del_subject,val,clean_parent_train_minocc100
populated_slot,itemRequiresStatement,345,1.0,345,1.0,passive,previously_discarded,345,del_predicate,val,clean_parent_train_minocc100
populated_slot,itemRequiresStatement,345,1.0,345,1.0,passive,previously_discarded,345,del_object,val,clean_parent_train_minocc100
present_operation,itemRequiresStatement,7901,0.5356610169491526,8216,0.5570169491525424,passive,previously_discarded,14750,addition,val,clean_parent_train_minocc100
present_operation,itemRequiresStatement,345,1.0,345,1.0,passive,previously_discarded,345,deletion,val,clean_parent_train_minocc100
populated_slot,oneOf,756,1.0,756,1.0,passive,previously_discarded,756,add_subject,val,clean_parent_train_minocc100
populated_slot,oneOf,755,0.9986772486772487,756,1.0,passive,previously_discarded,756,add_predicate,val,clean_parent_train_minocc100
populated_slot,oneOf,743,0.9828042328042328,751,0.9933862433862434,passive,previously_discarded,756,add_object,val,clean_parent_train_minocc100
populated_slot,oneOf,1028,1.0,1028,1.0,passive,previously_discarded,1028,del_subject,val,clean_parent_train_minocc100
populated_slot,oneOf,1028,1.0,1028,1.0,passive,previously_discarded,1028,del_predicate,val,clean_parent_train_minocc100
populated_slot,oneOf,1028,1.0,1028,1.0,passive,previously_discarded,1028,del_object,val,clean_parent_train_minocc100
present_operation,oneOf,742,0.9814814814814815,751,0.9933862433862434,passive,previously_discarded,756,addition,val,clean_parent_train_minocc100
present_operation,oneOf,1028,1.0,1028,1.0,passive,previously_discarded,1028,deletion,val,clean_parent_train_minocc100
populated_slot,single,2662,1.0,2662,1.0,passive,previously_discarded,2662,add_subject,val,clean_parent_train_minocc100
populated_slot,single,2656,0.9977460555972952,2656,0.9977460555972952,passive,previously_discarded,2662,add_predicate,val,clean_parent_train_minocc100
populated_slot,single,479,0.17993989481592787,503,0.1889556724267468,passive,previously_discarded,2662,add_object,val,clean_parent_train_minocc100
populated_slot,single,17959,1.0,17959,1.0,passive,previously_discarded,17959,del_subject,val,clean_parent_train_minocc100
populated_slot,single,17959,1.0,17959,1.0,passive,previously_discarded,17959,del_predicate,val,clean_parent_train_minocc100
populated_slot,single,17739,0.9877498747146277,17849,0.9938749373573139,passive,previously_discarded,17959,del_object,val,clean_parent_train_minocc100
present_operation,single,473,0.17768595041322313,497,0.18670172802404209,passive,previously_discarded,2662,addition,val,clean_parent_train_minocc100
present_operation,single,17739,0.9877498747146277,17849,0.9938749373573139,passive,previously_discarded,17959,deletion,val,clean_parent_train_minocc100
populated_slot,symmetric,4389,1.0,4389,1.0,passive,previously_discarded,4389,add_subject,val,clean_parent_train_minocc100
populated_slot,symmetric,4389,1.0,4389,1.0,passive,previously_discarded,4389,add_predicate,val,clean_parent_train_minocc100
populated_slot,symmetric,4319,0.9840510366826156,4329,0.9863294600136705,passive,previously_discarded,4389,add_object,val,clean_parent_train_minocc100
populated_slot,symmetric,209,1.0,209,1.0,passive,previously_discarded,209,del_subject,val,clean_parent_train_minocc100
populated_slot,symmetric,209,1.0,209,1.0,passive,previously_discarded,209,del_predicate,val,clean_parent_train_minocc100
populated_slot,symmetric,209,1.0,209,1.0,passive,previously_discarded,209,del_object,val,clean_parent_train_minocc100
present_operation,symmetric,4319,0.9840510366826156,4329,0.9863294600136705,passive,previously_discarded,4389,addition,val,clean_parent_train_minocc100
present_operation,symmetric,209,1.0,209,1.0,passive,previously_discarded,209,deletion,val,clean_parent_train_minocc100
populated_slot,type,14493,1.0,14493,1.0,passive,previously_discarded,14493,add_subject,val,clean_parent_train_minocc100
populated_slot,type,14492,0.9999310011729801,14492,0.9999310011729801,passive,previously_discarded,14493,add_predicate,val,clean_parent_train_minocc100
populated_slot,type,13814,0.9531497964534603,13852,0.955771751880218,passive,previously_discarded,14493,add_object,val,clean_parent_train_minocc100
populated_slot,type,822,1.0,822,1.0,passive,previously_discarded,822,del_subject,val,clean_parent_train_minocc100
populated_slot,type,822,1.0,822,1.0,passive,previously_discarded,822,del_predicate,val,clean_parent_train_minocc100
populated_slot,type,822,1.0,822,1.0,passive,previously_discarded,822,del_object,val,clean_parent_train_minocc100
present_operation,type,13813,0.9530807976264404,13851,0.9557027530531981,passive,previously_discarded,14493,addition,val,clean_parent_train_minocc100
present_operation,type,822,1.0,822,1.0,passive,previously_discarded,822,deletion,val,clean_parent_train_minocc100
populated_slot,valueRequiresStatement,14645,1.0,14645,1.0,passive,previously_discarded,14645,add_subject,val,clean_parent_train_minocc100
populated_slot,valueRequiresStatement,14645,1.0,14645,1.0,passive,previously_discarded,14645,add_predicate,val,clean_parent_train_minocc100
populated_slot,valueRequiresStatement,12163,0.8305223625810857,12288,0.8390576988733356,passive,previously_discarded,14645,add_object,val,clean_parent_train_minocc100
populated_slot,valueRequiresStatement,718,1.0,718,1.0,passive,previously_discarded,718,del_subject,val,clean_parent_train_minocc100
populated_slot,valueRequiresStatement,718,1.0,718,1.0,passive,previously_discarded,718,del_predicate,val,clean_parent_train_minocc100
populated_slot,valueRequiresStatement,718,1.0,718,1.0,passive,previously_discarded,718,del_object,val,clean_parent_train_minocc100
present_operation,valueRequiresStatement,12163,0.8305223625810857,12288,0.8390576988733356,passive,previously_discarded,14645,addition,val,clean_parent_train_minocc100
present_operation,valueRequiresStatement,718,1.0,718,1.0,passive,previously_discarded,718,deletion,val,clean_parent_train_minocc100
populated_slot,valueType,14887,1.0,14887,1.0,passive,previously_discarded,14887,add_subject,val,clean_parent_train_minocc100
populated_slot,valueType,14886,0.9999328272989857,14886,0.9999328272989857,passive,previously_discarded,14887,add_predicate,val,clean_parent_train_minocc100
populated_slot,valueType,14287,0.9596963793914153,14352,0.9640626049573453,passive,previously_discarded,14887,add_object,val,clean_parent_train_minocc100
populated_slot,valueType,382,1.0,382,1.0,passive,previously_discarded,382,del_subject,val,clean_parent_train_minocc100
populated_slot,valueType,382,1.0,382,1.0,passive,previously_discarded,382,del_predicate,val,clean_parent_train_minocc100
populated_slot,valueType,382,1.0,382,1.0,passive,previously_discarded,382,del_object,val,clean_parent_train_minocc100
present_operation,valueType,14287,0.9596963793914153,14351,0.963995432256331,passive,previously_discarded,14887,addition,val,clean_parent_train_minocc100
present_operation,valueType,382,1.0,382,1.0,passive,previously_discarded,382,deletion,val,clean_parent_train_minocc100
populated_slot,overall,538656,1.0,538656,1.0,factorized,previously_discarded,538656,add_subject,overall,clean_parent_train_minocc100
populated_slot,overall,538624,0.9999405928830274,538631,0.9999535881898651,factorized,previously_discarded,538656,add_predicate,overall,clean_parent_train_minocc100
populated_slot,overall,443273,0.8229240925562883,447488,0.8307491237450246,factorized,previously_discarded,538656,add_object,overall,clean_parent_train_minocc100
populated_slot,overall,479555,1.0,479555,1.0,factorized,previously_discarded,479555,del_subject,overall,clean_parent_train_minocc100
populated_slot,overall,479555,1.0,479555,1.0,factorized,previously_discarded,479555,del_predicate,overall,clean_parent_train_minocc100
populated_slot,overall,474451,0.9893567995329003,475142,0.9907977187183952,factorized,previously_discarded,479555,del_object,overall,clean_parent_train_minocc100
present_operation,overall,443247,0.822875824273748,447463,0.8307027119348898,factorized,previously_discarded,538656,addition,overall,clean_parent_train_minocc100
present_operation,overall,474451,0.9893567995329003,475142,0.9907977187183952,factorized,previously_discarded,479555,deletion,overall,clean_parent_train_minocc100
populated_slot,overall,80692,1.0,80692,1.0,factorized,previously_discarded,80692,add_subject,test,clean_parent_train_minocc100
populated_slot,overall,80674,0.999776929559312,80679,0.9998388935706142,factorized,previously_discarded,80692,add_predicate,test,clean_parent_train_minocc100
populated_slot,overall,66371,0.8225226788281366,67032,0.8307143211222922,factorized,previously_discarded,80692,add_object,test,clean_parent_train_minocc100
populated_slot,overall,71916,1.0,71916,1.0,factorized,previously_discarded,71916,del_subject,test,clean_parent_train_minocc100
populated_slot,overall,71916,1.0,71916,1.0,factorized,previously_discarded,71916,del_predicate,test,clean_parent_train_minocc100
populated_slot,overall,71185,0.9898353634796151,71291,0.9913093053006286,factorized,previously_discarded,71916,del_object,test,clean_parent_train_minocc100
present_operation,overall,66357,0.8223491795964903,67019,0.8305532146929063,factorized,previously_discarded,80692,addition,test,clean_parent_train_minocc100
present_operation,overall,71185,0.9898353634796151,71291,0.9913093053006286,factorized,previously_discarded,71916,deletion,test,clean_parent_train_minocc100
populated_slot,overall,377048,1.0,377048,1.0,factorized,previously_discarded,377048,add_subject,train,clean_parent_train_minocc100
populated_slot,overall,377047,0.9999973478177845,377047,0.9999973478177845,factorized,previously_discarded,377048,add_predicate,train,clean_parent_train_minocc100
populated_slot,overall,310469,0.8234203602724322,313349,0.8310586450531497,factorized,previously_discarded,377048,add_object,train,clean_parent_train_minocc100
populated_slot,overall,335736,1.0,335736,1.0,factorized,previously_discarded,335736,del_subject,train,clean_parent_train_minocc100
populated_slot,overall,335736,1.0,335736,1.0,factorized,previously_discarded,335736,del_predicate,train,clean_parent_train_minocc100
populated_slot,overall,332139,0.9892862248909857,332613,0.9906980484666523,factorized,previously_discarded,335736,del_object,train,clean_parent_train_minocc100
present_operation,overall,310468,0.8234177080902166,313348,0.8310559928709342,factorized,previously_discarded,377048,addition,train,clean_parent_train_minocc100
present_operation,overall,332139,0.9892862248909857,332613,0.9906980484666523,factorized,previously_discarded,335736,deletion,train,clean_parent_train_minocc100
populated_slot,overall,80916,1.0,80916,1.0,factorized,previously_discarded,80916,add_subject,val,clean_parent_train_minocc100
populated_slot,overall,80903,0.999839339562015,80905,0.9998640565524741,factorized,previously_discarded,80916,add_predicate,val,clean_parent_train_minocc100
populated_slot,overall,66433,0.8210119135894014,67107,0.8293415393741658,factorized,previously_discarded,80916,add_object,val,clean_parent_train_minocc100
populated_slot,overall,71903,1.0,71903,1.0,factorized,previously_discarded,71903,del_subject,val,clean_parent_train_minocc100
populated_slot,overall,71903,1.0,71903,1.0,factorized,previously_discarded,71903,del_predicate,val,clean_parent_train_minocc100
populated_slot,overall,71127,0.9892076825723545,71238,0.9907514290085254,factorized,previously_discarded,71903,del_object,val,clean_parent_train_minocc100
present_operation,overall,66422,0.8208759701418755,67096,0.82920559592664,factorized,previously_discarded,80916,addition,val,clean_parent_train_minocc100
present_operation,overall,71127,0.9892076825723545,71238,0.9907514290085254,factorized,previously_discarded,71903,deletion,val,clean_parent_train_minocc100
populated_slot,conflictWith,17745,1.0,17745,1.0,factorized,previously_discarded,17745,add_subject,overall,clean_parent_train_minocc100
populated_slot,conflictWith,17741,0.999774584389969,17741,0.999774584389969,factorized,previously_discarded,17745,add_predicate,overall,clean_parent_train_minocc100
populated_slot,conflictWith,15396,0.8676246830092984,15620,0.8802479571710341,factorized,previously_discarded,17745,add_object,overall,clean_parent_train_minocc100
populated_slot,conflictWith,100613,1.0,100613,1.0,factorized,previously_discarded,100613,del_subject,overall,clean_parent_train_minocc100
populated_slot,conflictWith,100613,1.0,100613,1.0,factorized,previously_discarded,100613,del_predicate,overall,clean_parent_train_minocc100
populated_slot,conflictWith,97020,0.9642889089879042,97029,0.9643783606492203,factorized,previously_discarded,100613,del_object,overall,clean_parent_train_minocc100
present_operation,conflictWith,15392,0.8673992673992674,15616,0.8800225415610031,factorized,previously_discarded,17745,addition,overall,clean_parent_train_minocc100
present_operation,conflictWith,97020,0.9642889089879042,97029,0.9643783606492203,factorized,previously_discarded,100613,deletion,overall,clean_parent_train_minocc100
populated_slot,distinct,13041,1.0,13041,1.0,factorized,previously_discarded,13041,add_subject,overall,clean_parent_train_minocc100
populated_slot,distinct,13041,1.0,13041,1.0,factorized,previously_discarded,13041,add_predicate,overall,clean_parent_train_minocc100
populated_slot,distinct,6432,0.49321371060501495,6443,0.49405720420213173,factorized,previously_discarded,13041,add_object,overall,clean_parent_train_minocc100
populated_slot,distinct,228201,1.0,228201,1.0,factorized,previously_discarded,228201,del_subject,overall,clean_parent_train_minocc100
populated_slot,distinct,228201,1.0,228201,1.0,factorized,previously_discarded,228201,del_predicate,overall,clean_parent_train_minocc100
populated_slot,distinct,228201,1.0,228201,1.0,factorized,previously_discarded,228201,del_object,overall,clean_parent_train_minocc100
present_operation,distinct,6432,0.49321371060501495,6443,0.49405720420213173,factorized,previously_discarded,13041,addition,overall,clean_parent_train_minocc100
present_operation,distinct,228201,1.0,228201,1.0,factorized,previously_discarded,228201,deletion,overall,clean_parent_train_minocc100
populated_slot,inverse,64443,1.0,64443,1.0,factorized,previously_discarded,64443,add_subject,overall,clean_parent_train_minocc100
populated_slot,inverse,64442,0.9999844824108126,64442,0.9999844824108126,factorized,previously_discarded,64443,add_predicate,overall,clean_parent_train_minocc100
populated_slot,inverse,62951,0.9768477569324829,63081,0.9788650435268377,factorized,previously_discarded,64443,add_object,overall,clean_parent_train_minocc100
populated_slot,inverse,7704,1.0,7704,1.0,factorized,previously_discarded,7704,del_subject,overall,clean_parent_train_minocc100
populated_slot,inverse,7704,1.0,7704,1.0,factorized,previously_discarded,7704,del_predicate,overall,clean_parent_train_minocc100
populated_slot,inverse,7704,1.0,7704,1.0,factorized,previously_discarded,7704,del_object,overall,clean_parent_train_minocc100
present_operation,inverse,62950,0.9768322393432957,63080,0.9788495259376503,factorized,previously_discarded,64443,addition,overall,clean_parent_train_minocc100
present_operation,inverse,7704,1.0,7704,1.0,factorized,previously_discarded,7704,deletion,overall,clean_parent_train_minocc100
populated_slot,itemRequiresStatement,98309,1.0,98309,1.0,factorized,previously_discarded,98309,add_subject,overall,clean_parent_train_minocc100
populated_slot,itemRequiresStatement,98303,0.9999389679480007,98309,1.0,factorized,previously_discarded,98309,add_predicate,overall,clean_parent_train_minocc100
populated_slot,itemRequiresStatement,53209,0.5412424091385326,55267,0.5621764029742954,factorized,previously_discarded,98309,add_object,overall,clean_parent_train_minocc100
populated_slot,itemRequiresStatement,2257,1.0,2257,1.0,factorized,previously_discarded,2257,del_subject,overall,clean_parent_train_minocc100
populated_slot,itemRequiresStatement,2257,1.0,2257,1.0,factorized,previously_discarded,2257,del_predicate,overall,clean_parent_train_minocc100
populated_slot,itemRequiresStatement,2257,1.0,2257,1.0,factorized,previously_discarded,2257,del_object,overall,clean_parent_train_minocc100
present_operation,itemRequiresStatement,53208,0.541232237129866,55267,0.5621764029742954,factorized,previously_discarded,98309,addition,overall,clean_parent_train_minocc100
present_operation,itemRequiresStatement,2257,1.0,2257,1.0,factorized,previously_discarded,2257,deletion,overall,clean_parent_train_minocc100
populated_slot,oneOf,5069,1.0,5069,1.0,factorized,previously_discarded,5069,add_subject,overall,clean_parent_train_minocc100
populated_slot,oneOf,5067,0.9996054448609193,5068,0.9998027224304596,factorized,previously_discarded,5069,add_predicate,overall,clean_parent_train_minocc100
populated_slot,oneOf,4999,0.9861905701321759,5022,0.9907279542316039,factorized,previously_discarded,5069,add_object,overall,clean_parent_train_minocc100
populated_slot,oneOf,6854,1.0,6854,1.0,factorized,previously_discarded,6854,del_subject,overall,clean_parent_train_minocc100
populated_slot,oneOf,6854,1.0,6854,1.0,factorized,previously_discarded,6854,del_predicate,overall,clean_parent_train_minocc100
populated_slot,oneOf,6854,1.0,6854,1.0,factorized,previously_discarded,6854,del_object,overall,clean_parent_train_minocc100
present_operation,oneOf,4997,0.9857960149930953,5021,0.9905306766620635,factorized,previously_discarded,5069,addition,overall,clean_parent_train_minocc100
present_operation,oneOf,6854,1.0,6854,1.0,factorized,previously_discarded,6854,deletion,overall,clean_parent_train_minocc100
populated_slot,single,17530,1.0,17530,1.0,factorized,previously_discarded,17530,add_subject,overall,clean_parent_train_minocc100
populated_slot,single,17516,0.9992013690815744,17516,0.9992013690815744,factorized,previously_discarded,17530,add_predicate,overall,clean_parent_train_minocc100
populated_slot,single,3476,0.19828864803194524,3697,0.21089560752994865,factorized,previously_discarded,17530,add_object,overall,clean_parent_train_minocc100
populated_slot,single,119723,1.0,119723,1.0,factorized,previously_discarded,119723,del_subject,overall,clean_parent_train_minocc100
populated_slot,single,119723,1.0,119723,1.0,factorized,previously_discarded,119723,del_predicate,overall,clean_parent_train_minocc100
populated_slot,single,118212,0.9873792003207403,118894,0.9930756830350058,factorized,previously_discarded,119723,del_object,overall,clean_parent_train_minocc100
present_operation,single,3462,0.19749001711351968,3683,0.2100969766115231,factorized,previously_discarded,17530,addition,overall,clean_parent_train_minocc100
present_operation,single,118212,0.9873792003207403,118894,0.9930756830350058,factorized,previously_discarded,119723,deletion,overall,clean_parent_train_minocc100
populated_slot,symmetric,29192,1.0,29192,1.0,factorized,previously_discarded,29192,add_subject,overall,clean_parent_train_minocc100
populated_slot,symmetric,29192,1.0,29192,1.0,factorized,previously_discarded,29192,add_predicate,overall,clean_parent_train_minocc100
populated_slot,symmetric,28731,0.9842080021923815,28782,0.9859550561797753,factorized,previously_discarded,29192,add_object,overall,clean_parent_train_minocc100
populated_slot,symmetric,1396,1.0,1396,1.0,factorized,previously_discarded,1396,del_subject,overall,clean_parent_train_minocc100
populated_slot,symmetric,1396,1.0,1396,1.0,factorized,previously_discarded,1396,del_predicate,overall,clean_parent_train_minocc100
populated_slot,symmetric,1396,1.0,1396,1.0,factorized,previously_discarded,1396,del_object,overall,clean_parent_train_minocc100
present_operation,symmetric,28731,0.9842080021923815,28782,0.9859550561797753,factorized,previously_discarded,29192,addition,overall,clean_parent_train_minocc100
present_operation,symmetric,1396,1.0,1396,1.0,factorized,previously_discarded,1396,deletion,overall,clean_parent_train_minocc100
populated_slot,type,96477,1.0,96477,1.0,factorized,previously_discarded,96477,add_subject,overall,clean_parent_train_minocc100
populated_slot,type,96474,0.9999689045057372,96474,0.9999689045057372,factorized,previously_discarded,96477,add_predicate,overall,clean_parent_train_minocc100
populated_slot,type,91794,0.9514599334556423,92140,0.9550462804606279,factorized,previously_discarded,96477,add_object,overall,clean_parent_train_minocc100
populated_slot,type,5645,1.0,5645,1.0,factorized,previously_discarded,5645,del_subject,overall,clean_parent_train_minocc100
populated_slot,type,5645,1.0,5645,1.0,factorized,previously_discarded,5645,del_predicate,overall,clean_parent_train_minocc100
populated_slot,type,5645,1.0,5645,1.0,factorized,previously_discarded,5645,del_object,overall,clean_parent_train_minocc100
present_operation,type,91791,0.9514288379613794,92137,0.9550151849663651,factorized,previously_discarded,96477,addition,overall,clean_parent_train_minocc100
present_operation,type,5645,1.0,5645,1.0,factorized,previously_discarded,5645,deletion,overall,clean_parent_train_minocc100
populated_slot,valueRequiresStatement,97761,1.0,97761,1.0,factorized,previously_discarded,97761,add_subject,overall,clean_parent_train_minocc100
populated_slot,valueRequiresStatement,97761,1.0,97761,1.0,factorized,previously_discarded,97761,add_predicate,overall,clean_parent_train_minocc100
populated_slot,valueRequiresStatement,81158,0.8301674491873038,81928,0.8380438006976197,factorized,previously_discarded,97761,add_object,overall,clean_parent_train_minocc100
populated_slot,valueRequiresStatement,4502,1.0,4502,1.0,factorized,previously_discarded,4502,del_subject,overall,clean_parent_train_minocc100
populated_slot,valueRequiresStatement,4502,1.0,4502,1.0,factorized,previously_discarded,4502,del_predicate,overall,clean_parent_train_minocc100
populated_slot,valueRequiresStatement,4502,1.0,4502,1.0,factorized,previously_discarded,4502,del_object,overall,clean_parent_train_minocc100
present_operation,valueRequiresStatement,81158,0.8301674491873038,81928,0.8380438006976197,factorized,previously_discarded,97761,addition,overall,clean_parent_train_minocc100
present_operation,valueRequiresStatement,4502,1.0,4502,1.0,factorized,previously_discarded,4502,deletion,overall,clean_parent_train_minocc100
populated_slot,valueType,99089,1.0,99089,1.0,factorized,previously_discarded,99089,add_subject,overall,clean_parent_train_minocc100
populated_slot,valueType,99087,0.9999798161248978,99087,0.9999798161248978,factorized,previously_discarded,99089,add_predicate,overall,clean_parent_train_minocc100
populated_slot,valueType,95127,0.9600157434225797,95508,0.9638607716295452,factorized,previously_discarded,99089,add_object,overall,clean_parent_train_minocc100
populated_slot,valueType,2660,1.0,2660,1.0,factorized,previously_discarded,2660,del_subject,overall,clean_parent_train_minocc100
populated_slot,valueType,2660,1.0,2660,1.0,factorized,previously_discarded,2660,del_predicate,overall,clean_parent_train_minocc100
populated_slot,valueType,2660,1.0,2660,1.0,factorized,previously_discarded,2660,del_object,overall,clean_parent_train_minocc100
present_operation,valueType,95126,0.9600056514850286,95506,0.9638405877544429,factorized,previously_discarded,99089,addition,overall,clean_parent_train_minocc100
present_operation,valueType,2660,1.0,2660,1.0,factorized,previously_discarded,2660,deletion,overall,clean_parent_train_minocc100
populated_slot,conflictWith,2637,1.0,2637,1.0,factorized,previously_discarded,2637,add_subject,test,clean_parent_train_minocc100
populated_slot,conflictWith,2636,0.999620781190747,2636,0.999620781190747,factorized,previously_discarded,2637,add_predicate,test,clean_parent_train_minocc100
populated_slot,conflictWith,2284,0.8661357603337125,2324,0.8813045127038301,factorized,previously_discarded,2637,add_object,test,clean_parent_train_minocc100
populated_slot,conflictWith,15091,1.0,15091,1.0,factorized,previously_discarded,15091,del_subject,test,clean_parent_train_minocc100
populated_slot,conflictWith,15091,1.0,15091,1.0,factorized,previously_discarded,15091,del_predicate,test,clean_parent_train_minocc100
populated_slot,conflictWith,14598,0.9673315220992644,14600,0.9674640514213769,factorized,previously_discarded,15091,del_object,test,clean_parent_train_minocc100
present_operation,conflictWith,2283,0.8657565415244596,2323,0.8809252938945772,factorized,previously_discarded,2637,addition,test,clean_parent_train_minocc100
present_operation,conflictWith,14598,0.9673315220992644,14600,0.9674640514213769,factorized,previously_discarded,15091,deletion,test,clean_parent_train_minocc100
populated_slot,distinct,1969,1.0,1969,1.0,factorized,previously_discarded,1969,add_subject,test,clean_parent_train_minocc100
populated_slot,distinct,1969,1.0,1969,1.0,factorized,previously_discarded,1969,add_predicate,test,clean_parent_train_minocc100
populated_slot,distinct,979,0.4972067039106145,981,0.4982224479431183,factorized,previously_discarded,1969,add_object,test,clean_parent_train_minocc100
populated_slot,distinct,34230,1.0,34230,1.0,factorized,previously_discarded,34230,del_subject,test,clean_parent_train_minocc100
populated_slot,distinct,34230,1.0,34230,1.0,factorized,previously_discarded,34230,del_predicate,test,clean_parent_train_minocc100
populated_slot,distinct,34230,1.0,34230,1.0,factorized,previously_discarded,34230,del_object,test,clean_parent_train_minocc100
present_operation,distinct,979,0.4972067039106145,981,0.4982224479431183,factorized,previously_discarded,1969,addition,test,clean_parent_train_minocc100
present_operation,distinct,34230,1.0,34230,1.0,factorized,previously_discarded,34230,deletion,test,clean_parent_train_minocc100
populated_slot,inverse,9691,1.0,9691,1.0,factorized,previously_discarded,9691,add_subject,test,clean_parent_train_minocc100
populated_slot,inverse,9690,0.999896811474564,9690,0.999896811474564,factorized,previously_discarded,9691,add_predicate,test,clean_parent_train_minocc100
populated_slot,inverse,9487,0.9789495408110618,9504,0.9807037457434733,factorized,previously_discarded,9691,add_object,test,clean_parent_train_minocc100
populated_slot,inverse,1131,1.0,1131,1.0,factorized,previously_discarded,1131,del_subject,test,clean_parent_train_minocc100
populated_slot,inverse,1131,1.0,1131,1.0,factorized,previously_discarded,1131,del_predicate,test,clean_parent_train_minocc100
populated_slot,inverse,1131,1.0,1131,1.0,factorized,previously_discarded,1131,del_object,test,clean_parent_train_minocc100
present_operation,inverse,9486,0.9788463522856259,9503,0.9806005572180374,factorized,previously_discarded,9691,addition,test,clean_parent_train_minocc100
present_operation,inverse,1131,1.0,1131,1.0,factorized,previously_discarded,1131,deletion,test,clean_parent_train_minocc100
populated_slot,itemRequiresStatement,14751,1.0,14751,1.0,factorized,previously_discarded,14751,add_subject,test,clean_parent_train_minocc100
populated_slot,itemRequiresStatement,14746,0.9996610399294963,14751,1.0,factorized,previously_discarded,14751,add_predicate,test,clean_parent_train_minocc100
populated_slot,itemRequiresStatement,7915,0.5365737916073486,8241,0.5586739882041896,factorized,previously_discarded,14751,add_object,test,clean_parent_train_minocc100
populated_slot,itemRequiresStatement,331,1.0,331,1.0,factorized,previously_discarded,331,del_subject,test,clean_parent_train_minocc100
populated_slot,itemRequiresStatement,331,1.0,331,1.0,factorized,previously_discarded,331,del_predicate,test,clean_parent_train_minocc100
populated_slot,itemRequiresStatement,331,1.0,331,1.0,factorized,previously_discarded,331,del_object,test,clean_parent_train_minocc100
present_operation,itemRequiresStatement,7914,0.536505999593248,8241,0.5586739882041896,factorized,previously_discarded,14751,addition,test,clean_parent_train_minocc100
present_operation,itemRequiresStatement,331,1.0,331,1.0,factorized,previously_discarded,331,deletion,test,clean_parent_train_minocc100
populated_slot,oneOf,752,1.0,752,1.0,factorized,previously_discarded,752,add_subject,test,clean_parent_train_minocc100
populated_slot,oneOf,751,0.9986702127659575,751,0.9986702127659575,factorized,previously_discarded,752,add_predicate,test,clean_parent_train_minocc100
populated_slot,oneOf,726,0.9654255319148937,740,0.9840425531914894,factorized,previously_discarded,752,add_object,test,clean_parent_train_minocc100
populated_slot,oneOf,1028,1.0,1028,1.0,factorized,previously_discarded,1028,del_subject,test,clean_parent_train_minocc100
populated_slot,oneOf,1028,1.0,1028,1.0,factorized,previously_discarded,1028,del_predicate,test,clean_parent_train_minocc100
populated_slot,oneOf,1028,1.0,1028,1.0,factorized,previously_discarded,1028,del_object,test,clean_parent_train_minocc100
present_operation,oneOf,725,0.964095744680851,739,0.9827127659574468,factorized,previously_discarded,752,addition,test,clean_parent_train_minocc100
present_operation,oneOf,1028,1.0,1028,1.0,factorized,previously_discarded,1028,deletion,test,clean_parent_train_minocc100
populated_slot,single,2585,1.0,2585,1.0,factorized,previously_discarded,2585,add_subject,test,clean_parent_train_minocc100
populated_slot,single,2578,0.9972920696324952,2578,0.9972920696324952,factorized,previously_discarded,2585,add_predicate,test,clean_parent_train_minocc100
populated_slot,single,493,0.19071566731141198,517,0.2,factorized,previously_discarded,2585,add_object,test,clean_parent_train_minocc100
populated_slot,single,17959,1.0,17959,1.0,factorized,previously_discarded,17959,del_subject,test,clean_parent_train_minocc100
populated_slot,single,17959,1.0,17959,1.0,factorized,previously_discarded,17959,del_predicate,test,clean_parent_train_minocc100
populated_slot,single,17721,0.9867475917367337,17825,0.9925385600534551,factorized,previously_discarded,17959,del_object,test,clean_parent_train_minocc100
present_operation,single,486,0.18800773694390716,510,0.19729206963249515,factorized,previously_discarded,2585,addition,test,clean_parent_train_minocc100
present_operation,single,17721,0.9867475917367337,17825,0.9925385600534551,factorized,previously_discarded,17959,deletion,test,clean_parent_train_minocc100
populated_slot,symmetric,4341,1.0,4341,1.0,factorized,previously_discarded,4341,add_subject,test,clean_parent_train_minocc100
populated_slot,symmetric,4341,1.0,4341,1.0,factorized,previously_discarded,4341,add_predicate,test,clean_parent_train_minocc100
populated_slot,symmetric,4281,0.9861782999308915,4289,0.9880211932734393,factorized,previously_discarded,4341,add_object,test,clean_parent_train_minocc100
populated_slot,symmetric,209,1.0,209,1.0,factorized,previously_discarded,209,del_subject,test,clean_parent_train_minocc100
populated_slot,symmetric,209,1.0,209,1.0,factorized,previously_discarded,209,del_predicate,test,clean_parent_train_minocc100
populated_slot,symmetric,209,1.0,209,1.0,factorized,previously_discarded,209,del_object,test,clean_parent_train_minocc100
present_operation,symmetric,4281,0.9861782999308915,4289,0.9880211932734393,factorized,previously_discarded,4341,addition,test,clean_parent_train_minocc100
present_operation,symmetric,209,1.0,209,1.0,factorized,previously_discarded,209,deletion,test,clean_parent_train_minocc100
populated_slot,type,14466,1.0,14466,1.0,factorized,previously_discarded,14466,add_subject,test,clean_parent_train_minocc100
populated_slot,type,14464,0.9998617447808654,14464,0.9998617447808654,factorized,previously_discarded,14466,add_predicate,test,clean_parent_train_minocc100
populated_slot,type,13765,0.9515415456933499,13825,0.9556892022673856,factorized,previously_discarded,14466,add_object,test,clean_parent_train_minocc100
populated_slot,type,859,1.0,859,1.0,factorized,previously_discarded,859,del_subject,test,clean_parent_train_minocc100
populated_slot,type,859,1.0,859,1.0,factorized,previously_discarded,859,del_predicate,test,clean_parent_train_minocc100
populated_slot,type,859,1.0,859,1.0,factorized,previously_discarded,859,del_object,test,clean_parent_train_minocc100
present_operation,type,13763,0.9514032904742153,13823,0.955550947048251,factorized,previously_discarded,14466,addition,test,clean_parent_train_minocc100
present_operation,type,859,1.0,859,1.0,factorized,previously_discarded,859,deletion,test,clean_parent_train_minocc100
populated_slot,valueRequiresStatement,14650,1.0,14650,1.0,factorized,previously_discarded,14650,add_subject,test,clean_parent_train_minocc100
populated_slot,valueRequiresStatement,14650,1.0,14650,1.0,factorized,previously_discarded,14650,add_predicate,test,clean_parent_train_minocc100
populated_slot,valueRequiresStatement,12189,0.832013651877133,12293,0.8391126279863481,factorized,previously_discarded,14650,add_object,test,clean_parent_train_minocc100
populated_slot,valueRequiresStatement,668,1.0,668,1.0,factorized,previously_discarded,668,del_subject,test,clean_parent_train_minocc100
populated_slot,valueRequiresStatement,668,1.0,668,1.0,factorized,previously_discarded,668,del_predicate,test,clean_parent_train_minocc100
populated_slot,valueRequiresStatement,668,1.0,668,1.0,factorized,previously_discarded,668,del_object,test,clean_parent_train_minocc100
present_operation,valueRequiresStatement,12189,0.832013651877133,12293,0.8391126279863481,factorized,previously_discarded,14650,addition,test,clean_parent_train_minocc100
present_operation,valueRequiresStatement,668,1.0,668,1.0,factorized,previously_discarded,668,deletion,test,clean_parent_train_minocc100
populated_slot,valueType,14850,1.0,14850,1.0,factorized,previously_discarded,14850,add_subject,test,clean_parent_train_minocc100
populated_slot,valueType,14849,0.9999326599326599,14849,0.9999326599326599,factorized,previously_discarded,14850,add_predicate,test,clean_parent_train_minocc100
populated_slot,valueType,14252,0.9597306397306398,14318,0.9641750841750841,factorized,previously_discarded,14850,add_object,test,clean_parent_train_minocc100
populated_slot,valueType,410,1.0,410,1.0,factorized,previously_discarded,410,del_subject,test,clean_parent_train_minocc100
populated_slot,valueType,410,1.0,410,1.0,factorized,previously_discarded,410,del_predicate,test,clean_parent_train_minocc100
populated_slot,valueType,410,1.0,410,1.0,factorized,previously_discarded,410,del_object,test,clean_parent_train_minocc100
present_operation,valueType,14251,0.9596632996632997,14317,0.9641077441077441,factorized,previously_discarded,14850,addition,test,clean_parent_train_minocc100
present_operation,valueType,410,1.0,410,1.0,factorized,previously_discarded,410,deletion,test,clean_parent_train_minocc100
populated_slot,conflictWith,12488,1.0,12488,1.0,factorized,previously_discarded,12488,add_subject,train,clean_parent_train_minocc100
populated_slot,conflictWith,12488,1.0,12488,1.0,factorized,previously_discarded,12488,add_predicate,train,clean_parent_train_minocc100
populated_slot,conflictWith,10855,0.869234465086483,10999,0.880765534913517,factorized,previously_discarded,12488,add_object,train,clean_parent_train_minocc100
populated_slot,conflictWith,70430,1.0,70430,1.0,factorized,previously_discarded,70430,del_subject,train,clean_parent_train_minocc100
populated_slot,conflictWith,70430,1.0,70430,1.0,factorized,previously_discarded,70430,del_predicate,train,clean_parent_train_minocc100
populated_slot,conflictWith,67886,0.9638790288229447,67892,0.963964219792702,factorized,previously_discarded,70430,del_object,train,clean_parent_train_minocc100
present_operation,conflictWith,10855,0.869234465086483,10999,0.880765534913517,factorized,previously_discarded,12488,addition,train,clean_parent_train_minocc100
present_operation,conflictWith,67886,0.9638790288229447,67892,0.963964219792702,factorized,previously_discarded,70430,deletion,train,clean_parent_train_minocc100
populated_slot,distinct,9054,1.0,9054,1.0,factorized,previously_discarded,9054,add_subject,train,clean_parent_train_minocc100
populated_slot,distinct,9054,1.0,9054,1.0,factorized,previously_discarded,9054,add_predicate,train,clean_parent_train_minocc100
populated_slot,distinct,4463,0.4929313010823945,4471,0.4938148884470952,factorized,previously_discarded,9054,add_object,train,clean_parent_train_minocc100
populated_slot,distinct,159743,1.0,159743,1.0,factorized,previously_discarded,159743,del_subject,train,clean_parent_train_minocc100
populated_slot,distinct,159743,1.0,159743,1.0,factorized,previously_discarded,159743,del_predicate,train,clean_parent_train_minocc100
populated_slot,distinct,159743,1.0,159743,1.0,factorized,previously_discarded,159743,del_object,train,clean_parent_train_minocc100
present_operation,distinct,4463,0.4929313010823945,4471,0.4938148884470952,factorized,previously_discarded,9054,addition,train,clean_parent_train_minocc100
present_operation,distinct,159743,1.0,159743,1.0,factorized,previously_discarded,159743,deletion,train,clean_parent_train_minocc100
populated_slot,inverse,45056,1.0,45056,1.0,factorized,previously_discarded,45056,add_subject,train,clean_parent_train_minocc100
populated_slot,inverse,45056,1.0,45056,1.0,factorized,previously_discarded,45056,add_predicate,train,clean_parent_train_minocc100
populated_slot,inverse,43984,0.9762073863636364,44070,0.9781161221590909,factorized,previously_discarded,45056,add_object,train,clean_parent_train_minocc100
populated_slot,inverse,5453,1.0,5453,1.0,factorized,previously_discarded,5453,del_subject,train,clean_parent_train_minocc100
populated_slot,inverse,5453,1.0,5453,1.0,factorized,previously_discarded,5453,del_predicate,train,clean_parent_train_minocc100
populated_slot,inverse,5453,1.0,5453,1.0,factorized,previously_discarded,5453,del_object,train,clean_parent_train_minocc100
present_operation,inverse,43984,0.9762073863636364,44070,0.9781161221590909,factorized,previously_discarded,45056,addition,train,clean_parent_train_minocc100
present_operation,inverse,5453,1.0,5453,1.0,factorized,previously_discarded,5453,deletion,train,clean_parent_train_minocc100
populated_slot,itemRequiresStatement,68808,1.0,68808,1.0,factorized,previously_discarded,68808,add_subject,train,clean_parent_train_minocc100
populated_slot,itemRequiresStatement,68808,1.0,68808,1.0,factorized,previously_discarded,68808,add_predicate,train,clean_parent_train_minocc100
populated_slot,itemRequiresStatement,37393,0.5434397163120568,38795,0.5638152540402279,factorized,previously_discarded,68808,add_object,train,clean_parent_train_minocc100
populated_slot,itemRequiresStatement,1581,1.0,1581,1.0,factorized,previously_discarded,1581,del_subject,train,clean_parent_train_minocc100
populated_slot,itemRequiresStatement,1581,1.0,1581,1.0,factorized,previously_discarded,1581,del_predicate,train,clean_parent_train_minocc100
populated_slot,itemRequiresStatement,1581,1.0,1581,1.0,factorized,previously_discarded,1581,del_object,train,clean_parent_train_minocc100
present_operation,itemRequiresStatement,37393,0.5434397163120568,38795,0.5638152540402279,factorized,previously_discarded,68808,addition,train,clean_parent_train_minocc100
present_operation,itemRequiresStatement,1581,1.0,1581,1.0,factorized,previously_discarded,1581,deletion,train,clean_parent_train_minocc100
populated_slot,oneOf,3561,1.0,3561,1.0,factorized,previously_discarded,3561,add_subject,train,clean_parent_train_minocc100
populated_slot,oneOf,3561,1.0,3561,1.0,factorized,previously_discarded,3561,add_predicate,train,clean_parent_train_minocc100
populated_slot,oneOf,3530,0.9912945801741084,3531,0.991575400168492,factorized,previously_discarded,3561,add_object,train,clean_parent_train_minocc100
populated_slot,oneOf,4798,1.0,4798,1.0,factorized,previously_discarded,4798,del_subject,train,clean_parent_train_minocc100
populated_slot,oneOf,4798,1.0,4798,1.0,factorized,previously_discarded,4798,del_predicate,train,clean_parent_train_minocc100
populated_slot,oneOf,4798,1.0,4798,1.0,factorized,previously_discarded,4798,del_object,train,clean_parent_train_minocc100
present_operation,oneOf,3530,0.9912945801741084,3531,0.991575400168492,factorized,previously_discarded,3561,addition,train,clean_parent_train_minocc100
present_operation,oneOf,4798,1.0,4798,1.0,factorized,previously_discarded,4798,deletion,train,clean_parent_train_minocc100
populated_slot,single,12283,1.0,12283,1.0,factorized,previously_discarded,12283,add_subject,train,clean_parent_train_minocc100
populated_slot,single,12282,0.9999185866644956,12282,0.9999185866644956,factorized,previously_discarded,12283,add_predicate,train,clean_parent_train_minocc100
populated_slot,single,2504,0.20385899210290645,2674,0.2176992591386469,factorized,previously_discarded,12283,add_object,train,clean_parent_train_minocc100
populated_slot,single,83805,1.0,83805,1.0,factorized,previously_discarded,83805,del_subject,train,clean_parent_train_minocc100
populated_slot,single,83805,1.0,83805,1.0,factorized,previously_discarded,83805,del_predicate,train,clean_parent_train_minocc100
populated_slot,single,82752,0.9874351172364417,83220,0.993019509575801,factorized,previously_discarded,83805,del_object,train,clean_parent_train_minocc100
present_operation,single,2503,0.2037775787674021,2673,0.21761784580314256,factorized,previously_discarded,12283,addition,train,clean_parent_train_minocc100
present_operation,single,82752,0.9874351172364417,83220,0.993019509575801,factorized,previously_discarded,83805,deletion,train,clean_parent_train_minocc100
populated_slot,symmetric,20462,1.0,20462,1.0,factorized,previously_discarded,20462,add_subject,train,clean_parent_train_minocc100
populated_slot,symmetric,20462,1.0,20462,1.0,factorized,previously_discarded,20462,add_predicate,train,clean_parent_train_minocc100
populated_slot,symmetric,20131,0.9838236731502297,20164,0.9854364187273972,factorized,previously_discarded,20462,add_object,train,clean_parent_train_minocc100
populated_slot,symmetric,978,1.0,978,1.0,factorized,previously_discarded,978,del_subject,train,clean_parent_train_minocc100
populated_slot,symmetric,978,1.0,978,1.0,factorized,previously_discarded,978,del_predicate,train,clean_parent_train_minocc100
populated_slot,symmetric,978,1.0,978,1.0,factorized,previously_discarded,978,del_object,train,clean_parent_train_minocc100
present_operation,symmetric,20131,0.9838236731502297,20164,0.9854364187273972,factorized,previously_discarded,20462,addition,train,clean_parent_train_minocc100
present_operation,symmetric,978,1.0,978,1.0,factorized,previously_discarded,978,deletion,train,clean_parent_train_minocc100
populated_slot,type,67518,1.0,67518,1.0,factorized,previously_discarded,67518,add_subject,train,clean_parent_train_minocc100
populated_slot,type,67518,1.0,67518,1.0,factorized,previously_discarded,67518,add_predicate,train,clean_parent_train_minocc100
populated_slot,type,64215,0.9510797120767795,64462,0.9547379957937143,factorized,previously_discarded,67518,add_object,train,clean_parent_train_minocc100
populated_slot,type,3964,1.0,3964,1.0,factorized,previously_discarded,3964,del_subject,train,clean_parent_train_minocc100
populated_slot,type,3964,1.0,3964,1.0,factorized,previously_discarded,3964,del_predicate,train,clean_parent_train_minocc100
populated_slot,type,3964,1.0,3964,1.0,factorized,previously_discarded,3964,del_object,train,clean_parent_train_minocc100
present_operation,type,64215,0.9510797120767795,64462,0.9547379957937143,factorized,previously_discarded,67518,addition,train,clean_parent_train_minocc100
present_operation,type,3964,1.0,3964,1.0,factorized,previously_discarded,3964,deletion,train,clean_parent_train_minocc100
populated_slot,valueRequiresStatement,68466,1.0,68466,1.0,factorized,previously_discarded,68466,add_subject,train,clean_parent_train_minocc100
populated_slot,valueRequiresStatement,68466,1.0,68466,1.0,factorized,previously_discarded,68466,add_predicate,train,clean_parent_train_minocc100
populated_slot,valueRequiresStatement,56806,0.8296964916893056,57345,0.8375690123564982,factorized,previously_discarded,68466,add_object,train,clean_parent_train_minocc100
populated_slot,valueRequiresStatement,3116,1.0,3116,1.0,factorized,previously_discarded,3116,del_subject,train,clean_parent_train_minocc100
populated_slot,valueRequiresStatement,3116,1.0,3116,1.0,factorized,previously_discarded,3116,del_predicate,train,clean_parent_train_minocc100
populated_slot,valueRequiresStatement,3116,1.0,3116,1.0,factorized,previously_discarded,3116,del_object,train,clean_parent_train_minocc100
present_operation,valueRequiresStatement,56806,0.8296964916893056,57345,0.8375690123564982,factorized,previously_discarded,68466,addition,train,clean_parent_train_minocc100
present_operation,valueRequiresStatement,3116,1.0,3116,1.0,factorized,previously_discarded,3116,deletion,train,clean_parent_train_minocc100
populated_slot,valueType,69352,1.0,69352,1.0,factorized,previously_discarded,69352,add_subject,train,clean_parent_train_minocc100
populated_slot,valueType,69352,1.0,69352,1.0,factorized,previously_discarded,69352,add_predicate,train,clean_parent_train_minocc100
populated_slot,valueType,66588,0.9601453454839082,66838,0.9637501441919484,factorized,previously_discarded,69352,add_object,train,clean_parent_train_minocc100
populated_slot,valueType,1868,1.0,1868,1.0,factorized,previously_discarded,1868,del_subject,train,clean_parent_train_minocc100
populated_slot,valueType,1868,1.0,1868,1.0,factorized,previously_discarded,1868,del_predicate,train,clean_parent_train_minocc100
populated_slot,valueType,1868,1.0,1868,1.0,factorized,previously_discarded,1868,del_object,train,clean_parent_train_minocc100
present_operation,valueType,66588,0.9601453454839082,66838,0.9637501441919484,factorized,previously_discarded,69352,addition,train,clean_parent_train_minocc100
present_operation,valueType,1868,1.0,1868,1.0,factorized,previously_discarded,1868,deletion,train,clean_parent_train_minocc100
populated_slot,conflictWith,2620,1.0,2620,1.0,factorized,previously_discarded,2620,add_subject,val,clean_parent_train_minocc100
populated_slot,conflictWith,2617,0.998854961832061,2617,0.998854961832061,factorized,previously_discarded,2620,add_predicate,val,clean_parent_train_minocc100
populated_slot,conflictWith,2257,0.8614503816793894,2297,0.8767175572519084,factorized,previously_discarded,2620,add_object,val,clean_parent_train_minocc100
populated_slot,conflictWith,15092,1.0,15092,1.0,factorized,previously_discarded,15092,del_subject,val,clean_parent_train_minocc100
populated_slot,conflictWith,15092,1.0,15092,1.0,factorized,previously_discarded,15092,del_predicate,val,clean_parent_train_minocc100
populated_slot,conflictWith,14536,0.9631592896899019,14537,0.9632255499602438,factorized,previously_discarded,15092,del_object,val,clean_parent_train_minocc100
present_operation,conflictWith,2254,0.8603053435114504,2294,0.8755725190839695,factorized,previously_discarded,2620,addition,val,clean_parent_train_minocc100
present_operation,conflictWith,14536,0.9631592896899019,14537,0.9632255499602438,factorized,previously_discarded,15092,deletion,val,clean_parent_train_minocc100
populated_slot,distinct,2018,1.0,2018,1.0,factorized,previously_discarded,2018,add_subject,val,clean_parent_train_minocc100
populated_slot,distinct,2018,1.0,2018,1.0,factorized,previously_discarded,2018,add_predicate,val,clean_parent_train_minocc100
populated_slot,distinct,990,0.4905847373637265,991,0.4910802775024777,factorized,previously_discarded,2018,add_object,val,clean_parent_train_minocc100
populated_slot,distinct,34228,1.0,34228,1.0,factorized,previously_discarded,34228,del_subject,val,clean_parent_train_minocc100
populated_slot,distinct,34228,1.0,34228,1.0,factorized,previously_discarded,34228,del_predicate,val,clean_parent_train_minocc100
populated_slot,distinct,34228,1.0,34228,1.0,factorized,previously_discarded,34228,del_object,val,clean_parent_train_minocc100
present_operation,distinct,990,0.4905847373637265,991,0.4910802775024777,factorized,previously_discarded,2018,addition,val,clean_parent_train_minocc100
present_operation,distinct,34228,1.0,34228,1.0,factorized,previously_discarded,34228,deletion,val,clean_parent_train_minocc100
populated_slot,inverse,9696,1.0,9696,1.0,factorized,previously_discarded,9696,add_subject,val,clean_parent_train_minocc100
populated_slot,inverse,9696,1.0,9696,1.0,factorized,previously_discarded,9696,add_predicate,val,clean_parent_train_minocc100
populated_slot,inverse,9480,0.9777227722772277,9507,0.9805074257425742,factorized,previously_discarded,9696,add_object,val,clean_parent_train_minocc100
populated_slot,inverse,1120,1.0,1120,1.0,factorized,previously_discarded,1120,del_subject,val,clean_parent_train_minocc100
populated_slot,inverse,1120,1.0,1120,1.0,factorized,previously_discarded,1120,del_predicate,val,clean_parent_train_minocc100
populated_slot,inverse,1120,1.0,1120,1.0,factorized,previously_discarded,1120,del_object,val,clean_parent_train_minocc100
present_operation,inverse,9480,0.9777227722772277,9507,0.9805074257425742,factorized,previously_discarded,9696,addition,val,clean_parent_train_minocc100
present_operation,inverse,1120,1.0,1120,1.0,factorized,previously_discarded,1120,deletion,val,clean_parent_train_minocc100
populated_slot,itemRequiresStatement,14750,1.0,14750,1.0,factorized,previously_discarded,14750,add_subject,val,clean_parent_train_minocc100
populated_slot,itemRequiresStatement,14749,0.9999322033898305,14750,1.0,factorized,previously_discarded,14750,add_predicate,val,clean_parent_train_minocc100
populated_slot,itemRequiresStatement,7901,0.5356610169491526,8231,0.5580338983050848,factorized,previously_discarded,14750,add_object,val,clean_parent_train_minocc100
populated_slot,itemRequiresStatement,345,1.0,345,1.0,factorized,previously_discarded,345,del_subject,val,clean_parent_train_minocc100
populated_slot,itemRequiresStatement,345,1.0,345,1.0,factorized,previously_discarded,345,del_predicate,val,clean_parent_train_minocc100
populated_slot,itemRequiresStatement,345,1.0,345,1.0,factorized,previously_discarded,345,del_object,val,clean_parent_train_minocc100
present_operation,itemRequiresStatement,7901,0.5356610169491526,8231,0.5580338983050848,factorized,previously_discarded,14750,addition,val,clean_parent_train_minocc100
present_operation,itemRequiresStatement,345,1.0,345,1.0,factorized,previously_discarded,345,deletion,val,clean_parent_train_minocc100
populated_slot,oneOf,756,1.0,756,1.0,factorized,previously_discarded,756,add_subject,val,clean_parent_train_minocc100
populated_slot,oneOf,755,0.9986772486772487,756,1.0,factorized,previously_discarded,756,add_predicate,val,clean_parent_train_minocc100
populated_slot,oneOf,743,0.9828042328042328,751,0.9933862433862434,factorized,previously_discarded,756,add_object,val,clean_parent_train_minocc100
populated_slot,oneOf,1028,1.0,1028,1.0,factorized,previously_discarded,1028,del_subject,val,clean_parent_train_minocc100
populated_slot,oneOf,1028,1.0,1028,1.0,factorized,previously_discarded,1028,del_predicate,val,clean_parent_train_minocc100
populated_slot,oneOf,1028,1.0,1028,1.0,factorized,previously_discarded,1028,del_object,val,clean_parent_train_minocc100
present_operation,oneOf,742,0.9814814814814815,751,0.9933862433862434,factorized,previously_discarded,756,addition,val,clean_parent_train_minocc100
present_operation,oneOf,1028,1.0,1028,1.0,factorized,previously_discarded,1028,deletion,val,clean_parent_train_minocc100
populated_slot,single,2662,1.0,2662,1.0,factorized,previously_discarded,2662,add_subject,val,clean_parent_train_minocc100
populated_slot,single,2656,0.9977460555972952,2656,0.9977460555972952,factorized,previously_discarded,2662,add_predicate,val,clean_parent_train_minocc100
populated_slot,single,479,0.17993989481592787,506,0.19008264462809918,factorized,previously_discarded,2662,add_object,val,clean_parent_train_minocc100
populated_slot,single,17959,1.0,17959,1.0,factorized,previously_discarded,17959,del_subject,val,clean_parent_train_minocc100
populated_slot,single,17959,1.0,17959,1.0,factorized,previously_discarded,17959,del_predicate,val,clean_parent_train_minocc100
populated_slot,single,17739,0.9877498747146277,17849,0.9938749373573139,factorized,previously_discarded,17959,del_object,val,clean_parent_train_minocc100
present_operation,single,473,0.17768595041322313,500,0.18782870022539444,factorized,previously_discarded,2662,addition,val,clean_parent_train_minocc100
present_operation,single,17739,0.9877498747146277,17849,0.9938749373573139,factorized,previously_discarded,17959,deletion,val,clean_parent_train_minocc100
populated_slot,symmetric,4389,1.0,4389,1.0,factorized,previously_discarded,4389,add_subject,val,clean_parent_train_minocc100
populated_slot,symmetric,4389,1.0,4389,1.0,factorized,previously_discarded,4389,add_predicate,val,clean_parent_train_minocc100
populated_slot,symmetric,4319,0.9840510366826156,4329,0.9863294600136705,factorized,previously_discarded,4389,add_object,val,clean_parent_train_minocc100
populated_slot,symmetric,209,1.0,209,1.0,factorized,previously_discarded,209,del_subject,val,clean_parent_train_minocc100
populated_slot,symmetric,209,1.0,209,1.0,factorized,previously_discarded,209,del_predicate,val,clean_parent_train_minocc100
populated_slot,symmetric,209,1.0,209,1.0,factorized,previously_discarded,209,del_object,val,clean_parent_train_minocc100
present_operation,symmetric,4319,0.9840510366826156,4329,0.9863294600136705,factorized,previously_discarded,4389,addition,val,clean_parent_train_minocc100
present_operation,symmetric,209,1.0,209,1.0,factorized,previously_discarded,209,deletion,val,clean_parent_train_minocc100
populated_slot,type,14493,1.0,14493,1.0,factorized,previously_discarded,14493,add_subject,val,clean_parent_train_minocc100
populated_slot,type,14492,0.9999310011729801,14492,0.9999310011729801,factorized,previously_discarded,14493,add_predicate,val,clean_parent_train_minocc100
populated_slot,type,13814,0.9531497964534603,13853,0.955840750707238,factorized,previously_discarded,14493,add_object,val,clean_parent_train_minocc100
populated_slot,type,822,1.0,822,1.0,factorized,previously_discarded,822,del_subject,val,clean_parent_train_minocc100
populated_slot,type,822,1.0,822,1.0,factorized,previously_discarded,822,del_predicate,val,clean_parent_train_minocc100
populated_slot,type,822,1.0,822,1.0,factorized,previously_discarded,822,del_object,val,clean_parent_train_minocc100
present_operation,type,13813,0.9530807976264404,13852,0.955771751880218,factorized,previously_discarded,14493,addition,val,clean_parent_train_minocc100
present_operation,type,822,1.0,822,1.0,factorized,previously_discarded,822,deletion,val,clean_parent_train_minocc100
populated_slot,valueRequiresStatement,14645,1.0,14645,1.0,factorized,previously_discarded,14645,add_subject,val,clean_parent_train_minocc100
populated_slot,valueRequiresStatement,14645,1.0,14645,1.0,factorized,previously_discarded,14645,add_predicate,val,clean_parent_train_minocc100
populated_slot,valueRequiresStatement,12163,0.8305223625810857,12290,0.8391942642540116,factorized,previously_discarded,14645,add_object,val,clean_parent_train_minocc100
populated_slot,valueRequiresStatement,718,1.0,718,1.0,factorized,previously_discarded,718,del_subject,val,clean_parent_train_minocc100
populated_slot,valueRequiresStatement,718,1.0,718,1.0,factorized,previously_discarded,718,del_predicate,val,clean_parent_train_minocc100
populated_slot,valueRequiresStatement,718,1.0,718,1.0,factorized,previously_discarded,718,del_object,val,clean_parent_train_minocc100
present_operation,valueRequiresStatement,12163,0.8305223625810857,12290,0.8391942642540116,factorized,previously_discarded,14645,addition,val,clean_parent_train_minocc100
present_operation,valueRequiresStatement,718,1.0,718,1.0,factorized,previously_discarded,718,deletion,val,clean_parent_train_minocc100
populated_slot,valueType,14887,1.0,14887,1.0,factorized,previously_discarded,14887,add_subject,val,clean_parent_train_minocc100
populated_slot,valueType,14886,0.9999328272989857,14886,0.9999328272989857,factorized,previously_discarded,14887,add_predicate,val,clean_parent_train_minocc100
populated_slot,valueType,14287,0.9596963793914153,14352,0.9640626049573453,factorized,previously_discarded,14887,add_object,val,clean_parent_train_minocc100
populated_slot,valueType,382,1.0,382,1.0,factorized,previously_discarded,382,del_subject,val,clean_parent_train_minocc100
populated_slot,valueType,382,1.0,382,1.0,factorized,previously_discarded,382,del_predicate,val,clean_parent_train_minocc100
populated_slot,valueType,382,1.0,382,1.0,factorized,previously_discarded,382,del_object,val,clean_parent_train_minocc100
present_operation,valueType,14287,0.9596963793914153,14351,0.963995432256331,factorized,previously_discarded,14887,addition,val,clean_parent_train_minocc100
present_operation,valueType,382,1.0,382,1.0,factorized,previously_discarded,382,deletion,val,clean_parent_train_minocc100
