A,A_over_R,B,B_over_R,E,F,F_and_A,F_and_A_over_F,F_and_B,F_and_B_minus_A,F_and_B_over_F,F_fully_applied,F_fully_applied_and_A,F_fully_applied_and_B,F_not_B,R,copy_only_gain,copy_only_percentage_points_on_R,copy_relative_gain_over_A,family,input_profile,population,pre_post_both_checkable,source_records,split,still_unexpressible,validator_profile,vocabulary_profile
1709055,0.8944213766633138,1718668,0.8994522695800803,1189131,643000,625482,0.9727558320373251,628185,2703,0.976959564541213,625732,608323,611022,14815,1910794,9613,0.5030892916766538,0.00562474583907481,overall,passive,parent_pool,1378201,1910794,overall,192126,checked_out_bounded,existing_train_val_minocc100
256205,0.8938838880748029,257681,0.8990335636033773,178221,96373,93800,0.9733016508773205,94193,393,0.9773795565147915,93704,91166,91559,2180,286620,1476,0.5149675528574419,0.005761011689857731,overall,passive,parent_pool,206699,286620,test,28939,checked_out_bounded,existing_train_val_minocc100
1196280,0.8943781751030798,1202991,0.8993955388750369,832506,450157,437819,0.9725917846440242,439713,1894,0.976799205610487,438157,425883,427774,10444,1337555,6711,0.5017363771957041,0.005609890661049253,overall,passive,parent_pool,964874,1337555,train,134564,checked_out_bounded,existing_train_val_minocc100
256570,0.8951604743579455,257996,0.9001357202418542,178404,96470,93863,0.9729760547320411,94279,416,0.9772882761480253,93871,91274,91689,2191,286619,1426,0.49752458839086033,0.005557937404996687,overall,passive,parent_pool,206628,286619,val,28623,checked_out_bounded,existing_train_val_minocc100
189196,0.940221145483911,189645,0.9424524785687663,197201,110847,110823,0.9997834853446642,110826,3,0.9998105496765812,97934,97933,97934,21,201225,449,0.22313330848552615,0.0023732002790756677,conflictWith,passive,parent_pool,199195,201225,overall,11580,checked_out_bounded,existing_train_val_minocc100
443199,0.9710566618975525,443220,0.971102673260168,456316,264436,260916,0.9866886505619508,260922,6,0.9867113403621293,263182,259662,259668,3514,456409,21,0.004601136261554877,4.738277839074547e-05,distinct,passive,parent_pool,456363,456409,overall,13189,checked_out_bounded,existing_train_val_minocc100
137328,0.97847508710429,137616,0.9805271145501571,139924,15194,12324,0.8111096485454785,12607,283,0.8297354218770567,14322,11458,11741,2587,140349,288,0.20520274458670884,0.0020971688220901784,inverse,passive,parent_pool,140349,140349,overall,2733,checked_out_bounded,existing_train_val_minocc100
109263,0.546315,113430,0.56715,17244,16994,13842,0.8145227727433212,14192,350,0.8351182770389549,16988,13836,14186,2802,200000,4167,2.0835,0.03813733834875484,itemRequiresStatement,passive,parent_pool,52510,200000,overall,86570,checked_out_bounded,existing_train_val_minocc100
13523,0.9864322707710264,13605,0.9924137427967029,13709,13709,13523,0.9864322707710264,13605,82,0.9924137427967029,13130,12947,13029,104,13709,82,0.5981472025676563,0.00606374325223693,oneOf,passive,parent_pool,13709,13709,overall,104,checked_out_bounded,existing_train_val_minocc100
208748,0.8717957284732257,210164,0.8777093791502051,219473,132246,131508,0.9944194909486865,132177,669,0.9994782450886983,130880,130213,130880,69,239446,1416,0.5913650676979361,0.006783298522620576,single,passive,parent_pool,239446,239446,overall,29282,checked_out_bounded,existing_train_val_minocc100
58739,0.9846945617917253,58843,0.9864380071078924,59611,59611,58707,0.9848350136719733,58808,101,0.9865293318347285,59545,58644,58745,803,59652,104,0.17434453161671026,0.001770544272119035,symmetric,passive,parent_pool,59652,59652,overall,809,checked_out_bounded,existing_train_val_minocc100
190604,0.953010469895301,191343,0.9567054329456706,4456,1806,1803,0.9983388704318937,1804,1,0.9988925802879292,1718,1717,1718,2,200002,739,0.36949630503694963,0.0038771484334011877,type,passive,parent_pool,29269,200002,overall,8659,checked_out_bounded,existing_train_val_minocc100
166414,0.8320658396708016,167966,0.8398258008709957,24271,24271,18152,0.7478884265172429,19359,1207,0.797618557125788,24188,18069,19276,4912,200001,1552,0.7759961200193999,0.009326138425853595,valueRequiresStatement,passive,parent_pool,116871,200001,overall,32035,checked_out_bounded,existing_train_val_minocc100
192041,0.960200198999005,192836,0.9641751791241043,56926,3886,3884,0.9994853319608852,3885,1,0.9997426659804426,3845,3844,3845,1,200001,795,0.39749801250993744,0.004139740992808828,valueType,passive,parent_pool,70837,200001,overall,7165,checked_out_bounded,existing_train_val_minocc100
28423,0.9416578319639544,28497,0.9441094619666048,29600,16797,16790,0.9995832589152824,16790,0,0.9995832589152824,14804,14804,14804,7,30184,74,0.2451630002650411,0.0026035253140062626,conflictWith,passive,parent_pool,29885,30184,test,1687,checked_out_bounded,existing_train_val_minocc100
66466,0.9708451403698402,66468,0.9708743536560428,68446,39604,39090,0.9870215129784871,39090,0,0.9870215129784871,39393,38879,38879,514,68462,2,0.002921328620256493,3.0090572623597026e-05,distinct,passive,parent_pool,68455,68462,test,1994,checked_out_bounded,existing_train_val_minocc100
20699,0.980577005068928,20738,0.9824245582452982,21043,2242,1849,0.8247100802854594,1888,39,0.8421052631578947,2120,1730,1769,354,21109,39,0.18475531763702685,0.0018841489927049616,inverse,passive,parent_pool,21109,21109,test,371,checked_out_bounded,existing_train_val_minocc100
16222,0.5407513583786127,16856,0.5618853961798727,2570,2533,2051,0.8097118041847612,2095,44,0.8270825108566917,2531,2049,2093,438,29999,634,2.113403780126004,0.039082727160646036,itemRequiresStatement,passive,parent_pool,7815,29999,test,13143,checked_out_bounded,existing_train_val_minocc100
2008,0.9766536964980544,2033,0.9888132295719845,2056,2056,2008,0.9766536964980544,2033,25,0.9888132295719845,1963,1917,1942,23,2056,25,1.215953307392996,0.01245019920318725,oneOf,passive,parent_pool,2056,2056,test,23,checked_out_bounded,existing_train_val_minocc100
31256,0.8702285825653591,31461,0.8759361862070886,32868,19818,19694,0.9937430618629529,19799,105,0.9990412756080331,19611,19506,19611,19,35917,205,0.5707603641729543,0.006558740721781418,single,passive,parent_pool,35917,35917,test,4456,checked_out_bounded,existing_train_val_minocc100
8767,0.9860533123383196,8780,0.9875154650770442,8884,8884,8762,0.9862674470959027,8774,12,0.9876181900045025,8874,8755,8767,110,8891,13,0.14621527387245528,0.0014828333523440173,symmetric,passive,parent_pool,8891,8891,test,111,checked_out_bounded,existing_train_val_minocc100
28564,0.9521015966134462,28693,0.9564014532848905,694,281,281,1.0,281,0,1.0,266,266,266,0,30001,129,0.42998566714442854,0.0045161742052933765,type,passive,parent_pool,4406,30001,test,1308,checked_out_bounded,existing_train_val_minocc100
25008,0.8335722142595247,25234,0.841105296490117,3619,3619,2737,0.7562862669245648,2905,168,0.8027079303675049,3609,2727,2895,714,30001,226,0.7533082230592314,0.009037108125399871,valueRequiresStatement,passive,parent_pool,17641,30001,test,4767,checked_out_bounded,existing_train_val_minocc100
28792,0.9597333333333333,28921,0.9640333333333333,8441,539,538,0.9981447124304267,538,0,0.9981447124304267,533,533,533,1,30000,129,0.43,0.004480411225340372,valueType,passive,parent_pool,10524,30000,test,1079,checked_out_bounded,existing_train_val_minocc100
132390,0.9398893913685511,132694,0.9420476085675543,138008,77322,77308,0.9998189389824371,77311,3,0.9998577377719149,68354,68353,68354,11,140857,304,0.21582171990032445,0.0022962459400256816,conflictWith,passive,parent_pool,139416,140857,train,8163,checked_out_bounded,existing_train_val_minocc100
310259,0.9711192352716551,310276,0.9711724457409714,319419,185308,182850,0.9867355969521013,182855,5,0.986762579057569,184433,181975,181980,2453,319486,17,0.005321046931633937,5.47929310672696e-05,distinct,passive,parent_pool,319454,319486,train,9210,checked_out_bounded,existing_train_val_minocc100
96056,0.9779180453041486,96255,0.9799440061084246,97918,10729,8683,0.8093018920682263,8877,194,0.8273837263491471,10096,8053,8247,1852,98225,199,0.20259608042758973,0.0020717081702340302,inverse,passive,parent_pool,98225,98225,train,1970,checked_out_bounded,existing_train_val_minocc100
76559,0.5468460939564718,79465,0.5676030885493675,12143,11969,9770,0.8162753780599883,10021,251,0.837246219400117,11966,9767,10018,1948,140001,2906,2.0756994592895763,0.03795765357436748,itemRequiresStatement,passive,parent_pool,36906,140001,train,60536,checked_out_bounded,existing_train_val_minocc100
9487,0.9886411004585244,9530,0.9931221342225928,9596,9596,9487,0.9886411004585244,9530,43,0.9931221342225928,9197,9089,9132,66,9596,43,0.4481033764068362,0.004532518182776431,oneOf,passive,parent_pool,9596,9596,train,66,checked_out_bounded,existing_train_val_minocc100
146175,0.872103429348734,147177,0.8780815216094313,153633,92445,91951,0.9946562821136892,92401,450,0.999524041321867,91506,91057,91506,44,167612,1002,0.5978092260697325,0.00685479733196511,single,passive,parent_pool,167612,167612,train,20435,checked_out_bounded,existing_train_val_minocc100
41119,0.9842732669475297,41187,0.9859009957870548,41745,41745,41094,0.9844053180021559,41160,66,0.9859863456701401,41704,41053,41119,585,41776,68,0.1627728839525086,0.0016537367153870474,symmetric,passive,parent_pool,41776,41776,train,589,checked_out_bounded,existing_train_val_minocc100
133378,0.9526931950486068,133908,0.9564788822936979,3116,1261,1258,0.9976209357652657,1259,1,0.9984139571768438,1206,1205,1206,2,140001,530,0.37856872450911067,0.0039736688209449835,type,passive,parent_pool,20394,140001,train,6093,checked_out_bounded,existing_train_val_minocc100
116415,0.8315357142857143,117524,0.8394571428571429,17025,17025,12661,0.7436710719530103,13542,881,0.7954185022026432,16964,12600,13481,3483,140000,1109,0.7921428571428571,0.00952626379762058,valueRequiresStatement,passive,parent_pool,81873,140000,train,22476,checked_out_bounded,existing_train_val_minocc100
134442,0.9602931407632803,134975,0.9641002564267398,39903,2757,2757,1.0,2757,0,1.0,2731,2731,2731,0,140001,533,0.38071156634595466,0.003964534892369944,valueType,passive,parent_pool,49622,140001,train,5026,checked_out_bounded,existing_train_val_minocc100
28383,0.9403326265571164,28454,0.942684866154254,29593,16728,16725,0.9998206599713056,16725,0,0.9998206599713056,14776,14776,14776,3,30184,71,0.23522395971375562,0.002501497375189374,conflictWith,passive,parent_pool,29894,30184,val,1730,checked_out_bounded,existing_train_val_minocc100
66474,0.9709761762171163,66476,0.9710053899300332,68451,39524,38976,0.9861350065782816,38977,1,0.9861603076611679,39356,38808,38809,547,68461,2,0.0029213712916843168,3.0086951289225862e-05,distinct,passive,parent_pool,68454,68461,val,1985,checked_out_bounded,existing_train_val_minocc100
20573,0.9789674042350702,20623,0.981346657149655,20963,2223,1792,0.8061178587494376,1842,50,0.8286099865047234,2106,1675,1725,381,21015,50,0.23792529145848204,0.00243036990229913,inverse,passive,parent_pool,21015,21015,val,392,checked_out_bounded,existing_train_val_minocc100
16482,0.5494,17109,0.5703,2531,2492,2021,0.8109951845906902,2076,55,0.8330658105939005,2491,2020,2075,416,30000,627,2.09,0.03804149981798326,itemRequiresStatement,passive,parent_pool,7789,30000,val,12891,checked_out_bounded,existing_train_val_minocc100
2028,0.9859017987360233,2042,0.9927078269324259,2057,2057,2028,0.9859017987360233,2042,14,0.9927078269324259,1970,1941,1955,15,2057,14,0.6806028196402528,0.006903353057199211,oneOf,passive,parent_pool,2057,2057,val,15,checked_out_bounded,existing_train_val_minocc100
31317,0.8719269426733859,31526,0.8777459141910516,32972,19983,19863,0.9939948956613122,19977,114,0.9996997447830656,19763,19650,19763,6,35917,209,0.581897151766573,0.0066736916051984545,single,passive,parent_pool,35917,35917,val,4391,checked_out_bounded,existing_train_val_minocc100
8853,0.9853088480801335,8876,0.9878686700055648,8982,8982,8851,0.9854152749944333,8874,23,0.9879759519038076,8967,8836,8859,108,8985,23,0.25598219254312743,0.0025979893821303514,symmetric,passive,parent_pool,8985,8985,val,109,checked_out_bounded,existing_train_val_minocc100
28662,0.9554,28742,0.9580666666666666,646,264,264,1.0,264,0,1.0,246,246,246,0,30000,80,0.26666666666666666,0.002791152048007815,type,passive,parent_pool,4469,30000,val,1258,checked_out_bounded,existing_train_val_minocc100
24991,0.8330333333333333,25208,0.8402666666666667,3627,3627,2754,0.7593052109181141,2912,158,0.8028673835125448,3615,2742,2900,715,30000,217,0.7233333333333334,0.00868312592533312,valueRequiresStatement,passive,parent_pool,17357,30000,val,4792,checked_out_bounded,existing_train_val_minocc100
28807,0.9602333333333334,28940,0.9646666666666667,8582,590,589,0.9983050847457627,590,1,1.0,581,580,581,0,30000,133,0.44333333333333336,0.0046169333842468845,valueType,passive,parent_pool,10691,30000,val,1060,checked_out_bounded,existing_train_val_minocc100
1709055,0.8944213766633138,1718831,0.8995375744324088,1189131,643000,625482,0.9727558320373251,628191,2709,0.9769688958009332,625732,608323,611026,14809,1910794,9776,0.5116197769094941,0.005720120183376193,overall,factorized,parent_pool,1378201,1910794,overall,191963,checked_out_bounded,existing_train_val_minocc100
256205,0.8938838880748029,257725,0.8991870769660177,178221,96373,93800,0.9733016508773205,94196,396,0.9774106855654592,93704,91166,91561,2177,286620,1520,0.5303188891214848,0.005932749165707149,overall,factorized,parent_pool,206699,286620,test,28895,checked_out_bounded,existing_train_val_minocc100
1196280,0.8943781751030798,1203084,0.8994650687261458,832506,450157,437819,0.9725917846440242,439715,1896,0.976803648504855,438157,425883,427775,10442,1337555,6804,0.5086893623065968,0.0056876316581402344,overall,factorized,parent_pool,964874,1337555,train,134471,checked_out_bounded,existing_train_val_minocc100
256570,0.8951604743579455,258022,0.9002264329999058,178404,96470,93863,0.9729760547320411,94280,417,0.9772986420648906,93871,91274,91690,2190,286619,1452,0.5065958641960233,0.005659274272128464,overall,factorized,parent_pool,206628,286619,val,28597,checked_out_bounded,existing_train_val_minocc100
189196,0.940221145483911,189646,0.9424574481302025,197201,110847,110823,0.9997834853446642,110827,4,0.9998195711205535,97934,97933,97934,20,201225,450,0.22363026462914648,0.0023784858030825176,conflictWith,factorized,parent_pool,199195,201225,overall,11579,checked_out_bounded,existing_train_val_minocc100
443199,0.9710566618975525,443220,0.971102673260168,456316,264436,260916,0.9866886505619508,260922,6,0.9867113403621293,263182,259662,259668,3514,456409,21,0.004601136261554877,4.738277839074547e-05,distinct,factorized,parent_pool,456363,456409,overall,13189,checked_out_bounded,existing_train_val_minocc100
137328,0.97847508710429,137616,0.9805271145501571,139924,15194,12324,0.8111096485454785,12607,283,0.8297354218770567,14322,11458,11741,2587,140349,288,0.20520274458670884,0.0020971688220901784,inverse,factorized,parent_pool,140349,140349,overall,2733,checked_out_bounded,existing_train_val_minocc100
109263,0.546315,113555,0.567775,17244,16994,13842,0.8145227727433212,14192,350,0.8351182770389549,16988,13836,14186,2802,200000,4292,2.146,0.03928136697692723,itemRequiresStatement,factorized,parent_pool,52510,200000,overall,86445,checked_out_bounded,existing_train_val_minocc100
13523,0.9864322707710264,13605,0.9924137427967029,13709,13709,13523,0.9864322707710264,13605,82,0.9924137427967029,13130,12947,13029,104,13709,82,0.5981472025676563,0.00606374325223693,oneOf,factorized,parent_pool,13709,13709,overall,104,checked_out_bounded,existing_train_val_minocc100
208748,0.8717957284732257,210171,0.8777386132990319,219473,132246,131508,0.9944194909486865,132178,670,0.9994858067540795,130880,130213,130880,68,239446,1423,0.5942884825806236,0.006816831778029011,single,factorized,parent_pool,239446,239446,overall,29275,checked_out_bounded,existing_train_val_minocc100
58739,0.9846945617917253,58843,0.9864380071078924,59611,59611,58707,0.9848350136719733,58808,101,0.9865293318347285,59545,58644,58745,803,59652,104,0.17434453161671026,0.001770544272119035,symmetric,factorized,parent_pool,59652,59652,overall,809,checked_out_bounded,existing_train_val_minocc100
190604,0.953010469895301,191357,0.9567754322456775,4456,1806,1803,0.9983388704318937,1804,1,0.9988925802879292,1718,1717,1718,2,200002,753,0.3764962350376496,0.003950599147971711,type,factorized,parent_pool,29269,200002,overall,8645,checked_out_bounded,existing_train_val_minocc100
166414,0.8320658396708016,167977,0.839880800595997,24271,24271,18152,0.7478884265172429,19363,1211,0.7977833628610276,24188,18069,19280,4908,200001,1563,0.7814960925195374,0.009392238633768793,valueRequiresStatement,factorized,parent_pool,116871,200001,overall,32024,checked_out_bounded,existing_train_val_minocc100
192041,0.960200198999005,192841,0.964200178999105,56926,3886,3884,0.9994853319608852,3885,1,0.9997426659804426,3845,3844,3845,1,200001,800,0.39999800000999997,0.004165777099681839,valueType,factorized,parent_pool,70837,200001,overall,7160,checked_out_bounded,existing_train_val_minocc100
28423,0.9416578319639544,28498,0.9441425921017758,29600,16797,16790,0.9995832589152824,16791,1,0.9996427933559564,14804,14804,14804,6,30184,75,0.24847601378213624,0.0026387080885198607,conflictWith,factorized,parent_pool,29885,30184,test,1686,checked_out_bounded,existing_train_val_minocc100
66466,0.9708451403698402,66468,0.9708743536560428,68446,39604,39090,0.9870215129784871,39090,0,0.9870215129784871,39393,38879,38879,514,68462,2,0.002921328620256493,3.0090572623597026e-05,distinct,factorized,parent_pool,68455,68462,test,1994,checked_out_bounded,existing_train_val_minocc100
20699,0.980577005068928,20738,0.9824245582452982,21043,2242,1849,0.8247100802854594,1888,39,0.8421052631578947,2120,1730,1769,354,21109,39,0.18475531763702685,0.0018841489927049616,inverse,factorized,parent_pool,21109,21109,test,371,checked_out_bounded,existing_train_val_minocc100
16222,0.5407513583786127,16886,0.5628854295143172,2570,2533,2051,0.8097118041847612,2095,44,0.8270825108566917,2531,2049,2093,438,29999,664,2.2134071135704523,0.04093206756256935,itemRequiresStatement,factorized,parent_pool,7815,29999,test,13113,checked_out_bounded,existing_train_val_minocc100
2008,0.9766536964980544,2033,0.9888132295719845,2056,2056,2008,0.9766536964980544,2033,25,0.9888132295719845,1963,1917,1942,23,2056,25,1.215953307392996,0.01245019920318725,oneOf,factorized,parent_pool,2056,2056,test,23,checked_out_bounded,existing_train_val_minocc100
31256,0.8702285825653591,31462,0.8759640281760727,32868,19818,19694,0.9937430618629529,19799,105,0.9990412756080331,19611,19506,19611,19,35917,206,0.573544561071359,0.006590734578960839,single,factorized,parent_pool,35917,35917,test,4455,checked_out_bounded,existing_train_val_minocc100
8767,0.9860533123383196,8780,0.9875154650770442,8884,8884,8762,0.9862674470959027,8774,12,0.9876181900045025,8874,8755,8767,110,8891,13,0.14621527387245528,0.0014828333523440173,symmetric,factorized,parent_pool,8891,8891,test,111,checked_out_bounded,existing_train_val_minocc100
28564,0.9521015966134462,28699,0.956601446618446,694,281,281,1.0,281,0,1.0,266,266,266,0,30001,135,0.44998500049998336,0.004726228819493068,type,factorized,parent_pool,4406,30001,test,1302,checked_out_bounded,existing_train_val_minocc100
25008,0.8335722142595247,25238,0.8412386253791541,3619,3619,2737,0.7562862669245648,2907,170,0.803260569218016,3609,2727,2897,712,30001,230,0.7666411119629346,0.009197056941778631,valueRequiresStatement,factorized,parent_pool,17641,30001,test,4763,checked_out_bounded,existing_train_val_minocc100
28792,0.9597333333333333,28923,0.9641,8441,539,538,0.9981447124304267,538,0,0.9981447124304267,533,533,533,1,30000,131,0.43666666666666665,0.00454987496526813,valueType,factorized,parent_pool,10524,30000,test,1077,checked_out_bounded,existing_train_val_minocc100
132390,0.9398893913685511,132694,0.9420476085675543,138008,77322,77308,0.9998189389824371,77311,3,0.9998577377719149,68354,68353,68354,11,140857,304,0.21582171990032445,0.0022962459400256816,conflictWith,factorized,parent_pool,139416,140857,train,8163,checked_out_bounded,existing_train_val_minocc100
310259,0.9711192352716551,310276,0.9711724457409714,319419,185308,182850,0.9867355969521013,182855,5,0.986762579057569,184433,181975,181980,2453,319486,17,0.005321046931633937,5.47929310672696e-05,distinct,factorized,parent_pool,319454,319486,train,9210,checked_out_bounded,existing_train_val_minocc100
96056,0.9779180453041486,96255,0.9799440061084246,97918,10729,8683,0.8093018920682263,8877,194,0.8273837263491471,10096,8053,8247,1852,98225,199,0.20259608042758973,0.0020717081702340302,inverse,factorized,parent_pool,98225,98225,train,1970,checked_out_bounded,existing_train_val_minocc100
76559,0.5468460939564718,79542,0.5681530846208241,12143,11969,9770,0.8162753780599883,10021,251,0.837246219400117,11966,9767,10018,1948,140001,2983,2.13069906643524,0.038963413837693806,itemRequiresStatement,factorized,parent_pool,36906,140001,train,60459,checked_out_bounded,existing_train_val_minocc100
9487,0.9886411004585244,9530,0.9931221342225928,9596,9596,9487,0.9886411004585244,9530,43,0.9931221342225928,9197,9089,9132,66,9596,43,0.4481033764068362,0.004532518182776431,oneOf,factorized,parent_pool,9596,9596,train,66,checked_out_bounded,existing_train_val_minocc100
146175,0.872103429348734,147180,0.8780994200892538,153633,92445,91951,0.9946562821136892,92402,451,0.9995348585645519,91506,91057,91506,43,167612,1005,0.5995990740519772,0.006875320677270395,single,factorized,parent_pool,167612,167612,train,20432,checked_out_bounded,existing_train_val_minocc100
41119,0.9842732669475297,41187,0.9859009957870548,41745,41745,41094,0.9844053180021559,41160,66,0.9859863456701401,41704,41053,41119,585,41776,68,0.1627728839525086,0.0016537367153870474,symmetric,factorized,parent_pool,41776,41776,train,589,checked_out_bounded,existing_train_val_minocc100
133378,0.9526931950486068,133915,0.9565288819365576,3116,1261,1258,0.9976209357652657,1259,1,0.9984139571768438,1206,1205,1206,2,140001,537,0.38356868879508005,0.004026151239334823,type,factorized,parent_pool,20394,140001,train,6086,checked_out_bounded,existing_train_val_minocc100
116415,0.8315357142857143,117528,0.8394857142857143,17025,17025,12661,0.7436710719530103,13543,882,0.7954772393538914,16964,12600,13482,3482,140000,1113,0.795,0.009560623630975389,valueRequiresStatement,factorized,parent_pool,81873,140000,train,22472,checked_out_bounded,existing_train_val_minocc100
134442,0.9602931407632803,134977,0.9641145420389854,39903,2757,2757,1.0,2757,0,1.0,2731,2731,2731,0,140001,535,0.38214012757051735,0.003979411195906041,valueType,factorized,parent_pool,49622,140001,train,5024,checked_out_bounded,existing_train_val_minocc100
28383,0.9403326265571164,28454,0.942684866154254,29593,16728,16725,0.9998206599713056,16725,0,0.9998206599713056,14776,14776,14776,3,30184,71,0.23522395971375562,0.002501497375189374,conflictWith,factorized,parent_pool,29894,30184,val,1730,checked_out_bounded,existing_train_val_minocc100
66474,0.9709761762171163,66476,0.9710053899300332,68451,39524,38976,0.9861350065782816,38977,1,0.9861603076611679,39356,38808,38809,547,68461,2,0.0029213712916843168,3.0086951289225862e-05,distinct,factorized,parent_pool,68454,68461,val,1985,checked_out_bounded,existing_train_val_minocc100
20573,0.9789674042350702,20623,0.981346657149655,20963,2223,1792,0.8061178587494376,1842,50,0.8286099865047234,2106,1675,1725,381,21015,50,0.23792529145848204,0.00243036990229913,inverse,factorized,parent_pool,21015,21015,val,392,checked_out_bounded,existing_train_val_minocc100
16482,0.5494,17127,0.5709,2531,2492,2021,0.8109951845906902,2076,55,0.8330658105939005,2491,2020,2075,416,30000,645,2.15,0.03913360029122679,itemRequiresStatement,factorized,parent_pool,7789,30000,val,12873,checked_out_bounded,existing_train_val_minocc100
2028,0.9859017987360233,2042,0.9927078269324259,2057,2057,2028,0.9859017987360233,2042,14,0.9927078269324259,1970,1941,1955,15,2057,14,0.6806028196402528,0.006903353057199211,oneOf,factorized,parent_pool,2057,2057,val,15,checked_out_bounded,existing_train_val_minocc100
31317,0.8719269426733859,31529,0.8778294400980037,32972,19983,19863,0.9939948956613122,19977,114,0.9996997447830656,19763,19650,19763,6,35917,212,0.5902497424617869,0.006769486221541016,single,factorized,parent_pool,35917,35917,val,4388,checked_out_bounded,existing_train_val_minocc100
8853,0.9853088480801335,8876,0.9878686700055648,8982,8982,8851,0.9854152749944333,8874,23,0.9879759519038076,8967,8836,8859,108,8985,23,0.25598219254312743,0.0025979893821303514,symmetric,factorized,parent_pool,8985,8985,val,109,checked_out_bounded,existing_train_val_minocc100
28662,0.9554,28743,0.9581,646,264,264,1.0,264,0,1.0,246,246,246,0,30000,81,0.27,0.002826041448607913,type,factorized,parent_pool,4469,30000,val,1257,checked_out_bounded,existing_train_val_minocc100
24991,0.8330333333333333,25211,0.8403666666666667,3627,3627,2754,0.7593052109181141,2913,159,0.8031430934656741,3615,2742,2901,714,30000,220,0.7333333333333333,0.00880316914089072,valueRequiresStatement,factorized,parent_pool,17357,30000,val,4789,checked_out_bounded,existing_train_val_minocc100
28807,0.9602333333333334,28941,0.9647,8582,590,589,0.9983050847457627,590,1,1.0,581,580,581,0,30000,134,0.44666666666666666,0.0046516471690908456,valueType,factorized,parent_pool,10691,30000,val,1059,checked_out_bounded,existing_train_val_minocc100
1710505,0.8951802235091799,1719857,0.9000745239936906,1189131,643000,625695,0.9730870917573873,628320,2625,0.9771695178849145,625732,608477,611100,14680,1910794,9352,0.48943004845106275,0.0054673912090289125,overall,passive,parent_pool,1378201,1910794,overall,190937,checked_out_bounded,clean_parent_train_minocc100
256417,0.8946235433675249,257852,0.899630172353639,178221,96373,93830,0.9736129413839976,94214,384,0.9775974598694656,93704,91188,91572,2159,286620,1435,0.5006628986114019,0.005596352815920942,overall,passive,parent_pool,206699,286620,test,28768,checked_out_bounded,clean_parent_train_minocc100
1197671,0.8954181323384833,1204142,0.9002560642366109,832506,450157,438027,0.9730538456582926,439847,1820,0.9770968795331406,438157,426032,427851,10310,1337555,6471,0.4837931898127554,0.005402986295902631,overall,passive,parent_pool,964874,1337555,train,133413,checked_out_bounded,clean_parent_train_minocc100
256417,0.894626664666334,257863,0.8996716895948977,178404,96470,93838,0.9727169068104073,94259,421,0.9770809578107184,93871,91257,91677,2211,286619,1446,0.5045024928563703,0.005639251687680614,overall,passive,parent_pool,206628,286619,val,28756,checked_out_bounded,clean_parent_train_minocc100
189271,0.9405938625916263,189698,0.942715865324885,197201,110847,110841,0.9999458713361661,110841,0,0.9999458713361661,97934,97934,97934,6,201225,427,0.21220027332587899,0.002256024430578377,conflictWith,passive,parent_pool,199195,201225,overall,11527,checked_out_bounded,clean_parent_train_minocc100
443201,0.9710610439320873,443222,0.9711070552947028,456316,264436,260915,0.9866848689285876,260921,6,0.9867075587287661,263182,259661,259667,3515,456409,21,0.004601136261554877,4.738256457002579e-05,distinct,passive,parent_pool,456363,456409,overall,13187,checked_out_bounded,clean_parent_train_minocc100
137350,0.9786318392008493,137632,0.9806411160749275,139924,15194,12341,0.8122285112544425,12622,281,0.8307226536790838,14322,11474,11755,2572,140349,282,0.20092768740781908,0.002053148889697852,inverse,passive,parent_pool,140349,140349,overall,2717,checked_out_bounded,clean_parent_train_minocc100
109973,0.549865,114054,0.57027,17244,16994,13859,0.8155231258091091,14200,341,0.8355890314228551,16988,13854,14195,2794,200000,4081,2.0405,0.03710910859938348,itemRequiresStatement,passive,parent_pool,52510,200000,overall,85946,checked_out_bounded,clean_parent_train_minocc100
13572,0.9900065650302721,13609,0.9927055219199067,13709,13709,13572,0.9900065650302721,13609,37,0.9927055219199067,13130,12995,13032,100,13709,37,0.26989568896345467,0.002726201002063071,oneOf,passive,parent_pool,13709,13709,overall,100,checked_out_bounded,clean_parent_train_minocc100
208936,0.8725808741845761,210325,0.8783817645732231,219473,132246,131552,0.9947522042254586,132218,666,0.9997882733693269,130880,130216,130880,28,239446,1389,0.5800890388647127,0.006647968755982693,single,passive,parent_pool,239446,239446,overall,29121,checked_out_bounded,clean_parent_train_minocc100
58753,0.984929256353517,58851,0.9865721182860592,59611,59611,58719,0.9850363188002215,58815,96,0.9866467598262065,59545,58656,58752,796,59652,98,0.16428619325420774,0.00166799993191837,symmetric,passive,parent_pool,59652,59652,overall,801,checked_out_bounded,clean_parent_train_minocc100
190735,0.9536654633453665,191447,0.9572254277457225,4456,1806,1805,0.9994462901439646,1805,0,0.9994462901439646,1718,1718,1718,1,200002,712,0.35599644003559966,0.003732927884237293,type,passive,parent_pool,29269,200002,overall,8555,checked_out_bounded,clean_parent_train_minocc100
166601,0.833000834995825,168132,0.8406557967210164,24271,24271,18208,0.750195706810597,19404,1196,0.7994726216472333,24188,18126,19322,4867,200001,1531,0.7654961725191374,0.00918962071055996,valueRequiresStatement,passive,parent_pool,116871,200001,overall,31869,checked_out_bounded,clean_parent_train_minocc100
192113,0.960560197199014,192887,0.9644301778491108,56926,3886,3883,0.9992279979413279,3885,2,0.9997426659804426,3845,3843,3845,1,200001,774,0.38699806500967493,0.004028878836934513,valueType,passive,parent_pool,70837,200001,overall,7114,checked_out_bounded,clean_parent_train_minocc100
28431,0.9419228730453221,28503,0.9443082427776305,29600,16797,16794,0.9998213966779782,16794,0,0.9998213966779782,14804,14804,14804,3,30184,72,0.23853697323085077,0.0025324469768914213,conflictWith,passive,parent_pool,29885,30184,test,1681,checked_out_bounded,clean_parent_train_minocc100
66466,0.9708451403698402,66468,0.9708743536560428,68446,39604,39090,0.9870215129784871,39090,0,0.9870215129784871,39393,38879,38879,514,68462,2,0.002921328620256493,3.0090572623597026e-05,distinct,passive,parent_pool,68455,68462,test,1994,checked_out_bounded,clean_parent_train_minocc100
20700,0.9806243782272964,20739,0.9824719314036667,21043,2242,1850,0.8251561106155219,1889,39,0.8425512934879572,2120,1731,1770,353,21109,39,0.18475531763702685,0.0018840579710144927,inverse,passive,parent_pool,21109,21109,test,370,checked_out_bounded,clean_parent_train_minocc100
16327,0.5442514750491683,16946,0.5648854961832062,2570,2533,2053,0.810501381760758,2097,44,0.8278720884326886,2531,2052,2096,436,29999,619,2.06340211340378,0.03791266001102468,itemRequiresStatement,passive,parent_pool,7815,29999,test,13053,checked_out_bounded,clean_parent_train_minocc100
2015,0.9800583657587548,2033,0.9888132295719845,2056,2056,2015,0.9800583657587548,2033,18,0.9888132295719845,1963,1924,1942,23,2056,18,0.8754863813229572,0.008933002481389578,oneOf,passive,parent_pool,2056,2056,test,23,checked_out_bounded,clean_parent_train_minocc100
31275,0.870757579976056,31477,0.8763816577108333,32868,19818,19700,0.9940458169341003,19805,105,0.9993440306791805,19611,19506,19611,13,35917,202,0.5624077734777403,0.006458832933653078,single,passive,parent_pool,35917,35917,test,4440,checked_out_bounded,clean_parent_train_minocc100
8769,0.9862782589135081,8781,0.9876279383646384,8884,8884,8764,0.9864925709140027,8775,11,0.9877307519135524,8874,8757,8768,109,8891,12,0.13496794511303564,0.0013684570646595963,symmetric,passive,parent_pool,8891,8891,test,110,checked_out_bounded,clean_parent_train_minocc100
28589,0.9529349021699277,28714,0.9571014299523349,694,281,280,0.99644128113879,280,0,0.99644128113879,266,266,266,1,30001,125,0.41665277824072533,0.004372311028717339,type,passive,parent_pool,4406,30001,test,1287,checked_out_bounded,clean_parent_train_minocc100
25036,0.8345055164827839,25259,0.8419386020465984,3619,3619,2747,0.7590494611771208,2913,166,0.8049184857695496,3609,2737,2903,706,30001,223,0.743308556381454,0.008907173669915322,valueRequiresStatement,passive,parent_pool,17641,30001,test,4742,checked_out_bounded,clean_parent_train_minocc100
28809,0.9603,28932,0.9644,8441,539,537,0.9962894248608535,538,1,0.9981447124304267,533,532,533,1,30000,123,0.41,0.00426949911485994,valueType,passive,parent_pool,10524,30000,test,1068,checked_out_bounded,clean_parent_train_minocc100
132465,0.940421846269621,132745,0.9424096779002819,138008,77322,77322,1.0,77322,0,1.0,68354,68354,68354,0,140857,280,0.19878316306608831,0.0021137659004265277,conflictWith,passive,parent_pool,139416,140857,train,8112,checked_out_bounded,clean_parent_train_minocc100
310262,0.9711286253544756,310279,0.9711818358237919,319419,185308,182850,0.9867355969521013,182855,5,0.986762579057569,184433,181975,181980,2453,319486,17,0.005321046931633937,5.479240126086985e-05,distinct,passive,parent_pool,319454,319486,train,9207,checked_out_bounded,clean_parent_train_minocc100
96083,0.9781929244082463,96274,0.9801374395520489,97918,10729,8705,0.8113524093578153,8895,190,0.8290614223133563,10096,8072,8262,1834,98225,191,0.19445151438024944,0.0019878646586805157,inverse,passive,parent_pool,98225,98225,train,1951,checked_out_bounded,clean_parent_train_minocc100
77228,0.551624631252634,80065,0.5718887722230556,12143,11969,9784,0.8174450664215891,10028,244,0.8378310635809174,11966,9781,10025,1941,140001,2837,2.026414097042164,0.03673538094991454,itemRequiresStatement,passive,parent_pool,36906,140001,train,59936,checked_out_bounded,clean_parent_train_minocc100
9532,0.9933305543976657,9533,0.9934347644852022,9596,9596,9532,0.9933305543976657,9533,1,0.9934347644852022,9197,9133,9134,63,9596,1,0.010421008753647354,0.0001049097775912715,oneOf,passive,parent_pool,9596,9596,train,63,checked_out_bounded,clean_parent_train_minocc100
146370,0.873266830537193,147347,0.87909576879937,153633,92445,91994,0.9951214235491374,92441,447,0.9999567310292606,91506,91060,91506,4,167612,977,0.5828938262176933,0.0066748650679784105,single,passive,parent_pool,167612,167612,train,20265,checked_out_bounded,clean_parent_train_minocc100
41131,0.9845605132133283,41195,0.9860924932975871,41745,41745,41104,0.9846448676488202,41167,63,0.9861540304228051,41704,41063,41126,578,41776,64,0.15319800842589046,0.0015560039872602174,symmetric,passive,parent_pool,41776,41776,train,581,checked_out_bounded,clean_parent_train_minocc100
133493,0.9535146177527304,133998,0.9571217348447512,3116,1261,1261,1.0,1261,0,1.0,1206,1206,1206,0,140001,505,0.3607117092020771,0.003782969893552471,type,passive,parent_pool,20394,140001,train,6003,checked_out_bounded,clean_parent_train_minocc100
116604,0.8328857142857143,117685,0.8406071428571429,17025,17025,12718,0.7470190895741556,13588,870,0.7981204111600587,16964,12657,13527,3437,140000,1081,0.7721428571428571,0.009270693972762513,valueRequiresStatement,passive,parent_pool,81873,140000,train,22315,checked_out_bounded,clean_parent_train_minocc100
134503,0.9607288519367719,135021,0.9644288255083893,39903,2757,2757,1.0,2757,0,1.0,2731,2731,2731,0,140001,518,0.36999735716173454,0.0038512152145305308,valueType,passive,parent_pool,49622,140001,train,4980,checked_out_bounded,clean_parent_train_minocc100
28375,0.9400675854757488,28450,0.9425523456135702,29593,16728,16725,0.9998206599713056,16725,0,0.9998206599713056,14776,14776,14776,3,30184,75,0.24847601378213624,0.0026431718061674008,conflictWith,passive,parent_pool,29894,30184,val,1734,checked_out_bounded,clean_parent_train_minocc100
66473,0.9709615693606579,66475,0.9709907830735748,68451,39524,38975,0.9861097054953952,38976,1,0.9861350065782816,39356,38807,38808,548,68461,2,0.0029213712916843168,3.0087403908353766e-05,distinct,passive,parent_pool,68454,68461,val,1986,checked_out_bounded,clean_parent_train_minocc100
20567,0.97868189388532,20619,0.9811563169164882,20963,2223,1786,0.8034188034188035,1838,52,0.8268106162843005,2106,1671,1723,385,21015,52,0.2474423031168213,0.0025283220693343707,inverse,passive,parent_pool,21015,21015,val,396,checked_out_bounded,clean_parent_train_minocc100
16418,0.5472666666666667,17043,0.5681,2531,2492,2022,0.8113964686998395,2075,53,0.8326645264847512,2491,2021,2074,417,30000,625,2.0833333333333335,0.03806797417468632,itemRequiresStatement,passive,parent_pool,7789,30000,val,12957,checked_out_bounded,clean_parent_train_minocc100
2025,0.9844433641225085,2043,0.9931939718035975,2057,2057,2025,0.9844433641225085,2043,18,0.9931939718035975,1970,1938,1956,14,2057,18,0.8750607681088964,0.008888888888888889,oneOf,passive,parent_pool,2057,2057,val,14,checked_out_bounded,clean_parent_train_minocc100
31291,0.8712030514798007,31501,0.8770498649664504,32972,19983,19858,0.9937446829805334,19972,114,0.9994495321022869,19763,19650,19763,11,35917,210,0.5846813486649776,0.006711194912275095,single,passive,parent_pool,35917,35917,val,4416,checked_out_bounded,clean_parent_train_minocc100
8853,0.9853088480801335,8875,0.9877573734001113,8982,8982,8851,0.9854152749944333,8873,22,0.9878646181251391,8967,8836,8858,109,8985,22,0.24485253199777407,0.0024850333220377274,symmetric,passive,parent_pool,8985,8985,val,110,checked_out_bounded,clean_parent_train_minocc100
28653,0.9551,28735,0.9578333333333333,646,264,264,1.0,264,0,1.0,246,246,246,0,30000,82,0.2733333333333333,0.0028618294768436117,type,passive,parent_pool,4469,30000,val,1265,checked_out_bounded,clean_parent_train_minocc100
24961,0.8320333333333333,25188,0.8396,3627,3627,2743,0.7562724014336918,2903,160,0.800385993934381,3615,2732,2892,724,30000,227,0.7566666666666667,0.009094186931613317,valueRequiresStatement,passive,parent_pool,17357,30000,val,4812,checked_out_bounded,clean_parent_train_minocc100
28801,0.9600333333333333,28934,0.9644666666666667,8582,590,589,0.9983050847457627,590,1,1.0,581,580,581,0,30000,133,0.44333333333333336,0.004617895211971807,valueType,passive,parent_pool,10691,30000,val,1066,checked_out_bounded,clean_parent_train_minocc100
1710505,0.8951802235091799,1719936,0.900115868063224,1189131,643000,625695,0.9730870917573873,628327,2632,0.9771804043545879,625732,608477,611107,14673,1910794,9431,0.4935644554044026,0.005513576399952061,overall,factorized,parent_pool,1378201,1910794,overall,190858,checked_out_bounded,clean_parent_train_minocc100
256417,0.8946235433675249,257892,0.8997697299560393,178221,96373,93830,0.9736129413839976,94216,386,0.9776182125699107,93704,91188,91574,2157,286620,1475,0.514618658851441,0.005752348713228842,overall,factorized,parent_pool,206699,286620,test,28728,checked_out_bounded,clean_parent_train_minocc100
1197671,0.8954181323384833,1204142,0.9002560642366109,832506,450157,438027,0.9730538456582926,439847,1820,0.9770968795331406,438157,426032,427851,10310,1337555,6471,0.4837931898127554,0.005402986295902631,overall,factorized,parent_pool,964874,1337555,train,133413,checked_out_bounded,clean_parent_train_minocc100
256417,0.894626664666334,257902,0.8998077587319752,178404,96470,93838,0.9727169068104073,94264,426,0.977132787395045,93871,91257,91682,2206,286619,1485,0.5181094065641147,0.0057913476875558175,overall,factorized,parent_pool,206628,286619,val,28717,checked_out_bounded,clean_parent_train_minocc100
189271,0.9405938625916263,189699,0.9427208348863213,197201,110847,110841,0.9999458713361661,110841,0,0.9999458713361661,97934,97934,97934,6,201225,428,0.21269722946949932,0.0022613078601581857,conflictWith,factorized,parent_pool,199195,201225,overall,11526,checked_out_bounded,clean_parent_train_minocc100
443201,0.9710610439320873,443222,0.9711070552947028,456316,264436,260915,0.9866848689285876,260921,6,0.9867075587287661,263182,259661,259667,3515,456409,21,0.004601136261554877,4.738256457002579e-05,distinct,factorized,parent_pool,456363,456409,overall,13187,checked_out_bounded,clean_parent_train_minocc100
137350,0.9786318392008493,137634,0.9806553662655239,139924,15194,12341,0.8122285112544425,12624,283,0.8308542845860208,14322,11474,11757,2570,140349,284,0.202352706467449,0.0020677102293410994,inverse,factorized,parent_pool,140349,140349,overall,2715,checked_out_bounded,clean_parent_train_minocc100
109973,0.549865,114112,0.57056,17244,16994,13859,0.8155231258091091,14200,341,0.8355890314228551,16988,13854,14195,2794,200000,4139,2.0695,0.037636510779918704,itemRequiresStatement,factorized,parent_pool,52510,200000,overall,85888,checked_out_bounded,clean_parent_train_minocc100
13572,0.9900065650302721,13609,0.9927055219199067,13709,13709,13572,0.9900065650302721,13609,37,0.9927055219199067,13130,12995,13032,100,13709,37,0.26989568896345467,0.002726201002063071,oneOf,factorized,parent_pool,13709,13709,overall,100,checked_out_bounded,clean_parent_train_minocc100
208936,0.8725808741845761,210331,0.8784068224150748,219473,132246,131552,0.9947522042254586,132218,666,0.9997882733693269,130880,130216,130880,28,239446,1395,0.5825948230498734,0.006676685683654325,single,factorized,parent_pool,239446,239446,overall,29115,checked_out_bounded,clean_parent_train_minocc100
58753,0.984929256353517,58851,0.9865721182860592,59611,59611,58719,0.9850363188002215,58815,96,0.9866467598262065,59545,58656,58752,796,59652,98,0.16428619325420774,0.00166799993191837,symmetric,factorized,parent_pool,59652,59652,overall,801,checked_out_bounded,clean_parent_train_minocc100
190735,0.9536654633453665,191450,0.957240427595724,4456,1806,1805,0.9994462901439646,1805,0,0.9994462901439646,1718,1718,1718,1,200002,715,0.35749642503574963,0.0037486565129630114,type,factorized,parent_pool,29269,200002,overall,8552,checked_out_bounded,clean_parent_train_minocc100
166601,0.833000834995825,168140,0.8406957965210174,24271,24271,18208,0.750195706810597,19409,1201,0.7996786288162828,24188,18126,19327,4862,200001,1539,0.7694961525192374,0.009237639630014225,valueRequiresStatement,factorized,parent_pool,116871,200001,overall,31861,checked_out_bounded,clean_parent_train_minocc100
192113,0.960560197199014,192888,0.9644351778241109,56926,3886,3883,0.9992279979413279,3885,2,0.9997426659804426,3845,3843,3845,1,200001,775,0.38749806250968744,0.004034084106749674,valueType,factorized,parent_pool,70837,200001,overall,7113,checked_out_bounded,clean_parent_train_minocc100
28431,0.9419228730453221,28504,0.9443413729128015,29600,16797,16794,0.9998213966779782,16794,0,0.9998213966779782,14804,14804,14804,3,30184,73,0.24184998674794594,0.002567619851570469,conflictWith,factorized,parent_pool,29885,30184,test,1680,checked_out_bounded,clean_parent_train_minocc100
66466,0.9708451403698402,66468,0.9708743536560428,68446,39604,39090,0.9870215129784871,39090,0,0.9870215129784871,39393,38879,38879,514,68462,2,0.002921328620256493,3.0090572623597026e-05,distinct,factorized,parent_pool,68455,68462,test,1994,checked_out_bounded,clean_parent_train_minocc100
20700,0.9806243782272964,20739,0.9824719314036667,21043,2242,1850,0.8251561106155219,1889,39,0.8425512934879572,2120,1731,1770,353,21109,39,0.18475531763702685,0.0018840579710144927,inverse,factorized,parent_pool,21109,21109,test,370,checked_out_bounded,clean_parent_train_minocc100
16327,0.5442514750491683,16977,0.5659188639621321,2570,2533,2053,0.810501381760758,2097,44,0.8278720884326886,2531,2052,2096,436,29999,650,2.1667388912963768,0.03981135542353157,itemRequiresStatement,factorized,parent_pool,7815,29999,test,13022,checked_out_bounded,clean_parent_train_minocc100
2015,0.9800583657587548,2033,0.9888132295719845,2056,2056,2015,0.9800583657587548,2033,18,0.9888132295719845,1963,1924,1942,23,2056,18,0.8754863813229572,0.008933002481389578,oneOf,factorized,parent_pool,2056,2056,test,23,checked_out_bounded,clean_parent_train_minocc100
31275,0.870757579976056,31479,0.8764373416488014,32868,19818,19700,0.9940458169341003,19805,105,0.9993440306791805,19611,19506,19611,13,35917,204,0.5679761672745497,0.006522781774580336,single,factorized,parent_pool,35917,35917,test,4438,checked_out_bounded,clean_parent_train_minocc100
8769,0.9862782589135081,8781,0.9876279383646384,8884,8884,8764,0.9864925709140027,8775,11,0.9877307519135524,8874,8757,8768,109,8891,12,0.13496794511303564,0.0013684570646595963,symmetric,factorized,parent_pool,8891,8891,test,110,checked_out_bounded,clean_parent_train_minocc100
28589,0.9529349021699277,28716,0.9571680943968535,694,281,280,0.99644128113879,280,0,0.99644128113879,266,266,266,1,30001,127,0.42331922269257694,0.0044422680051768165,type,factorized,parent_pool,4406,30001,test,1285,checked_out_bounded,clean_parent_train_minocc100
25036,0.8345055164827839,25262,0.8420385987133763,3619,3619,2747,0.7590494611771208,2915,168,0.8054711246200608,3609,2737,2905,704,30001,226,0.7533082230592314,0.009027001118389518,valueRequiresStatement,factorized,parent_pool,17641,30001,test,4739,checked_out_bounded,clean_parent_train_minocc100
28809,0.9603,28933,0.9644333333333334,8441,539,537,0.9962894248608535,538,1,0.9981447124304267,533,532,533,1,30000,124,0.41333333333333333,0.0043042104897775,valueType,factorized,parent_pool,10524,30000,test,1067,checked_out_bounded,clean_parent_train_minocc100
132465,0.940421846269621,132745,0.9424096779002819,138008,77322,77322,1.0,77322,0,1.0,68354,68354,68354,0,140857,280,0.19878316306608831,0.0021137659004265277,conflictWith,factorized,parent_pool,139416,140857,train,8112,checked_out_bounded,clean_parent_train_minocc100
310262,0.9711286253544756,310279,0.9711818358237919,319419,185308,182850,0.9867355969521013,182855,5,0.986762579057569,184433,181975,181980,2453,319486,17,0.005321046931633937,5.479240126086985e-05,distinct,factorized,parent_pool,319454,319486,train,9207,checked_out_bounded,clean_parent_train_minocc100
96083,0.9781929244082463,96274,0.9801374395520489,97918,10729,8705,0.8113524093578153,8895,190,0.8290614223133563,10096,8072,8262,1834,98225,191,0.19445151438024944,0.0019878646586805157,inverse,factorized,parent_pool,98225,98225,train,1951,checked_out_bounded,clean_parent_train_minocc100
77228,0.551624631252634,80065,0.5718887722230556,12143,11969,9784,0.8174450664215891,10028,244,0.8378310635809174,11966,9781,10025,1941,140001,2837,2.026414097042164,0.03673538094991454,itemRequiresStatement,factorized,parent_pool,36906,140001,train,59936,checked_out_bounded,clean_parent_train_minocc100
9532,0.9933305543976657,9533,0.9934347644852022,9596,9596,9532,0.9933305543976657,9533,1,0.9934347644852022,9197,9133,9134,63,9596,1,0.010421008753647354,0.0001049097775912715,oneOf,factorized,parent_pool,9596,9596,train,63,checked_out_bounded,clean_parent_train_minocc100
146370,0.873266830537193,147347,0.87909576879937,153633,92445,91994,0.9951214235491374,92441,447,0.9999567310292606,91506,91060,91506,4,167612,977,0.5828938262176933,0.0066748650679784105,single,factorized,parent_pool,167612,167612,train,20265,checked_out_bounded,clean_parent_train_minocc100
41131,0.9845605132133283,41195,0.9860924932975871,41745,41745,41104,0.9846448676488202,41167,63,0.9861540304228051,41704,41063,41126,578,41776,64,0.15319800842589046,0.0015560039872602174,symmetric,factorized,parent_pool,41776,41776,train,581,checked_out_bounded,clean_parent_train_minocc100
133493,0.9535146177527304,133998,0.9571217348447512,3116,1261,1261,1.0,1261,0,1.0,1206,1206,1206,0,140001,505,0.3607117092020771,0.003782969893552471,type,factorized,parent_pool,20394,140001,train,6003,checked_out_bounded,clean_parent_train_minocc100
116604,0.8328857142857143,117685,0.8406071428571429,17025,17025,12718,0.7470190895741556,13588,870,0.7981204111600587,16964,12657,13527,3437,140000,1081,0.7721428571428571,0.009270693972762513,valueRequiresStatement,factorized,parent_pool,81873,140000,train,22315,checked_out_bounded,clean_parent_train_minocc100
134503,0.9607288519367719,135021,0.9644288255083893,39903,2757,2757,1.0,2757,0,1.0,2731,2731,2731,0,140001,518,0.36999735716173454,0.0038512152145305308,valueType,factorized,parent_pool,49622,140001,train,4980,checked_out_bounded,clean_parent_train_minocc100
28375,0.9400675854757488,28450,0.9425523456135702,29593,16728,16725,0.9998206599713056,16725,0,0.9998206599713056,14776,14776,14776,3,30184,75,0.24847601378213624,0.0026431718061674008,conflictWith,factorized,parent_pool,29894,30184,val,1734,checked_out_bounded,clean_parent_train_minocc100
66473,0.9709615693606579,66475,0.9709907830735748,68451,39524,38975,0.9861097054953952,38976,1,0.9861350065782816,39356,38807,38808,548,68461,2,0.0029213712916843168,3.0087403908353766e-05,distinct,factorized,parent_pool,68454,68461,val,1986,checked_out_bounded,clean_parent_train_minocc100
20567,0.97868189388532,20621,0.9812514870330716,20963,2223,1786,0.8034188034188035,1840,54,0.827710301394512,2106,1671,1725,383,21015,54,0.2569593147751606,0.002625565225847231,inverse,factorized,parent_pool,21015,21015,val,394,checked_out_bounded,clean_parent_train_minocc100
16418,0.5472666666666667,17070,0.569,2531,2492,2022,0.8113964686998395,2075,53,0.8326645264847512,2491,2021,2074,417,30000,652,2.1733333333333333,0.03971251065903277,itemRequiresStatement,factorized,parent_pool,7789,30000,val,12930,checked_out_bounded,clean_parent_train_minocc100
2025,0.9844433641225085,2043,0.9931939718035975,2057,2057,2025,0.9844433641225085,2043,18,0.9931939718035975,1970,1938,1956,14,2057,18,0.8750607681088964,0.008888888888888889,oneOf,factorized,parent_pool,2057,2057,val,14,checked_out_bounded,clean_parent_train_minocc100
31291,0.8712030514798007,31505,0.8771612328423866,32972,19983,19858,0.9937446829805334,19972,114,0.9994495321022869,19763,19650,19763,11,35917,214,0.5958181362585963,0.00683902719631843,single,factorized,parent_pool,35917,35917,val,4412,checked_out_bounded,clean_parent_train_minocc100
8853,0.9853088480801335,8875,0.9877573734001113,8982,8982,8851,0.9854152749944333,8873,22,0.9878646181251391,8967,8836,8858,109,8985,22,0.24485253199777407,0.0024850333220377274,symmetric,factorized,parent_pool,8985,8985,val,110,checked_out_bounded,clean_parent_train_minocc100
28653,0.9551,28736,0.9578666666666666,646,264,264,1.0,264,0,1.0,246,246,246,0,30000,83,0.27666666666666667,0.0028967298363173142,type,factorized,parent_pool,4469,30000,val,1264,checked_out_bounded,clean_parent_train_minocc100
24961,0.8320333333333333,25193,0.8397666666666667,3627,3627,2743,0.7562724014336918,2906,163,0.801213123793769,3615,2732,2895,721,30000,232,0.7733333333333333,0.009294499419093787,valueRequiresStatement,factorized,parent_pool,17357,30000,val,4807,checked_out_bounded,clean_parent_train_minocc100
28801,0.9600333333333333,28934,0.9644666666666667,8582,590,589,0.9983050847457627,590,1,1.0,581,580,581,0,30000,133,0.44333333333333336,0.004617895211971807,valueType,factorized,parent_pool,10691,30000,val,1066,checked_out_bounded,clean_parent_train_minocc100
1709055,0.8944213766633138,1718668,0.8994522695800803,1531774,1323129,1220207,0.9222131780045634,1225450,5243,0.9261757545938454,1323129,1220207,1225450,97679,1910794,9613,0.5030892916766538,0.00562474583907481,overall,passive,parent_pool,1695940,1910794,overall,192126,audited_v3_bounded,existing_train_val_minocc100
256205,0.8938838880748029,257681,0.8990335636033773,229856,198725,183177,0.9217612278273997,183985,808,0.9258271480689395,198725,183177,183985,14740,286620,1476,0.5149675528574419,0.005761011689857731,overall,passive,parent_pool,254584,286620,test,28939,audited_v3_bounded,existing_train_val_minocc100
1196280,0.8943781751030798,1202991,0.8993955388750369,1071946,925727,853751,0.9222492160215701,857424,3673,0.9262169084406093,925727,853751,857424,68303,1337555,6711,0.5017363771957041,0.005609890661049253,overall,passive,parent_pool,1186946,1337555,train,134564,audited_v3_bounded,existing_train_val_minocc100
256570,0.8951604743579455,257996,0.9001357202418542,229972,198677,183279,0.9224973197702804,184041,762,0.9263326907493067,198677,183279,184041,14636,286619,1426,0.49752458839086033,0.005557937404996687,overall,passive,parent_pool,254410,286619,val,28623,audited_v3_bounded,existing_train_val_minocc100
189196,0.940221145483911,189645,0.9424524785687663,198652,153675,152943,0.995236700829673,153112,169,0.9963364242720026,153675,152943,153112,563,201225,449,0.22313330848552615,0.0023732002790756677,conflictWith,passive,parent_pool,201205,201225,overall,11580,audited_v3_bounded,existing_train_val_minocc100
443199,0.9710566618975525,443220,0.971102673260168,456316,454400,441213,0.9709793133802817,441229,16,0.9710145246478873,454400,441213,441229,13171,456409,21,0.004601136261554877,4.738277839074547e-05,distinct,passive,parent_pool,456362,456409,overall,13189,audited_v3_bounded,existing_train_val_minocc100
137328,0.97847508710429,137616,0.9805271145501571,139956,124787,124778,0.9999278771025828,124781,3,0.9999519180683886,124787,124778,124781,6,140349,288,0.20520274458670884,0.0020971688220901784,inverse,passive,parent_pool,125156,140349,overall,2733,audited_v3_bounded,existing_train_val_minocc100
109263,0.546315,113430,0.56715,168149,166379,98120,0.5897378875939873,101903,3783,0.6124751320779666,166379,98120,101903,64476,200000,4167,2.0835,0.03813733834875484,itemRequiresStatement,passive,parent_pool,199979,200000,overall,86570,audited_v3_bounded,existing_train_val_minocc100
13523,0.9864322707710264,13605,0.9924137427967029,3172,3016,2946,0.976790450928382,3013,67,0.9990053050397878,3016,2946,3013,3,13709,82,0.5981472025676563,0.00606374325223693,oneOf,passive,parent_pool,3172,13709,overall,104,audited_v3_bounded,existing_train_val_minocc100
208748,0.8717957284732257,210164,0.8777093791502051,167114,105434,105373,0.9994214390044956,105378,5,0.9994688620369141,105434,105373,105378,56,239446,1416,0.5913650676979361,0.006783298522620576,single,passive,parent_pool,181813,239446,overall,29282,audited_v3_bounded,existing_train_val_minocc100
58739,0.9846945617917253,58843,0.9864380071078924,59611,20527,20524,0.9998538510254786,20525,1,0.9999025673503191,20527,20524,20525,2,59652,104,0.17434453161671026,0.001770544272119035,symmetric,passive,parent_pool,20546,59652,overall,809,audited_v3_bounded,existing_train_val_minocc100
190604,0.953010469895301,191343,0.9567054329456706,136439,128443,128153,0.9977421891422654,128192,39,0.9980458257748573,128443,128153,128192,251,200002,739,0.36949630503694963,0.0038771484334011877,type,passive,parent_pool,191315,200002,overall,8659,audited_v3_bounded,existing_train_val_minocc100
166414,0.8320658396708016,167966,0.8398258008709957,107449,91155,70937,0.7782019636882234,72085,1148,0.790795897098349,91155,70937,72085,19070,200001,1552,0.7759961200193999,0.009326138425853595,valueRequiresStatement,passive,parent_pool,151471,200001,overall,32035,audited_v3_bounded,existing_train_val_minocc100
192041,0.960200198999005,192836,0.9641751791241043,94916,75313,75220,0.9987651534263673,75232,12,0.9989244884681263,75313,75220,75232,81,200001,795,0.39749801250993744,0.004139740992808828,valueType,passive,parent_pool,164921,200001,overall,7165,audited_v3_bounded,existing_train_val_minocc100
28423,0.9416578319639544,28497,0.9441094619666048,29808,23229,23119,0.9952645400146368,23141,22,0.9962116320117095,23229,23119,23141,88,30184,74,0.2451630002650411,0.0026035253140062626,conflictWith,passive,parent_pool,30180,30184,test,1687,audited_v3_bounded,existing_train_val_minocc100
66466,0.9708451403698402,66468,0.9708743536560428,68446,68161,66166,0.9707310632179692,66168,2,0.9707604055104825,68161,66166,66168,1993,68462,2,0.002921328620256493,3.0090572623597026e-05,distinct,passive,parent_pool,68453,68462,test,1994,audited_v3_bounded,existing_train_val_minocc100
20699,0.980577005068928,20738,0.9824245582452982,21057,18777,18774,0.999840230068701,18774,0,0.999840230068701,18777,18774,18774,3,21109,39,0.18475531763702685,0.0018841489927049616,inverse,passive,parent_pool,18829,21109,test,371,audited_v3_bounded,existing_train_val_minocc100
16222,0.5407513583786127,16856,0.5618853961798727,25246,24994,14630,0.5853404817156117,15223,593,0.6090661758822117,24994,14630,15223,9771,29999,634,2.113403780126004,0.039082727160646036,itemRequiresStatement,passive,parent_pool,29999,29999,test,13143,audited_v3_bounded,existing_train_val_minocc100
2008,0.9766536964980544,2033,0.9888132295719845,473,445,423,0.950561797752809,443,20,0.9955056179775281,445,423,443,2,2056,25,1.215953307392996,0.01245019920318725,oneOf,passive,parent_pool,473,2056,test,23,audited_v3_bounded,existing_train_val_minocc100
31256,0.8702285825653591,31461,0.8759361862070886,25127,15807,15793,0.9991143164420826,15794,1,0.9991775795533624,15807,15793,15794,13,35917,205,0.5707603641729543,0.006558740721781418,single,passive,parent_pool,27338,35917,test,4456,audited_v3_bounded,existing_train_val_minocc100
8767,0.9860533123383196,8780,0.9875154650770442,8884,3021,3018,0.9990069513406157,3019,1,0.9993379675604105,3021,3018,3019,2,8891,13,0.14621527387245528,0.0014828333523440173,symmetric,passive,parent_pool,3025,8891,test,111,audited_v3_bounded,existing_train_val_minocc100
28564,0.9521015966134462,28693,0.9564014532848905,20525,19270,19220,0.9974052932018682,19224,4,0.9976128697457187,19270,19220,19224,46,30001,129,0.42998566714442854,0.0045161742052933765,type,passive,parent_pool,28707,30001,test,1308,audited_v3_bounded,existing_train_val_minocc100
25008,0.8335722142595247,25234,0.841105296490117,15986,13584,10616,0.78150765606596,10775,159,0.7932126030624264,13584,10616,10775,2809,30001,226,0.7533082230592314,0.009037108125399871,valueRequiresStatement,passive,parent_pool,22806,30001,test,4767,audited_v3_bounded,existing_train_val_minocc100
28792,0.9597333333333333,28921,0.9640333333333333,14304,11437,11418,0.9983387251901722,11424,6,0.9988633382880125,11437,11418,11424,13,30000,129,0.43,0.004480411225340372,valueType,passive,parent_pool,24774,30000,test,1079,audited_v3_bounded,existing_train_val_minocc100
132390,0.9398893913685511,132694,0.9420476085675543,139033,107433,106922,0.9952435471410088,107041,119,0.9963512142451575,107433,106922,107041,392,140857,304,0.21582171990032445,0.0022962459400256816,conflictWith,passive,parent_pool,140847,140857,train,8163,audited_v3_bounded,existing_train_val_minocc100
310259,0.9711192352716551,310276,0.9711724457409714,319422,318086,308877,0.9710487100972693,308891,14,0.9710927233515464,318086,308877,308891,9195,319486,17,0.005321046931633937,5.47929310672696e-05,distinct,passive,parent_pool,319454,319486,train,9210,audited_v3_bounded,existing_train_val_minocc100
96056,0.9779180453041486,96255,0.9799440061084246,97941,87319,87313,0.9999312864325061,87316,3,0.999965643216253,87319,87313,87316,3,98225,199,0.20259608042758973,0.0020717081702340302,inverse,passive,parent_pool,87583,98225,train,1970,audited_v3_bounded,existing_train_val_minocc100
76559,0.5468460939564718,79465,0.5676030885493675,117644,116381,68711,0.5903970579390106,71336,2625,0.6129522860260695,116381,68711,71336,45045,140001,2906,2.0756994592895763,0.03795765357436748,itemRequiresStatement,passive,parent_pool,139981,140001,train,60536,audited_v3_bounded,existing_train_val_minocc100
9487,0.9886411004585244,9530,0.9931221342225928,2232,2123,2088,0.9835138954309939,2122,34,0.9995289684408856,2123,2088,2122,1,9596,43,0.4481033764068362,0.004532518182776431,oneOf,passive,parent_pool,2232,9596,train,66,audited_v3_bounded,existing_train_val_minocc100
146175,0.872103429348734,147177,0.8780815216094313,116879,73703,73663,0.999457281250424,73666,3,0.9994979851566422,73703,73663,73666,37,167612,1002,0.5978092260697325,0.00685479733196511,single,passive,parent_pool,127167,167612,train,20435,audited_v3_bounded,existing_train_val_minocc100
41119,0.9842732669475297,41187,0.9859009957870548,41745,14428,14428,1.0,14428,0,1.0,14428,14428,14428,0,41776,68,0.1627728839525086,0.0016537367153870474,symmetric,passive,parent_pool,14441,41776,train,589,audited_v3_bounded,existing_train_val_minocc100
133378,0.9526931950486068,133908,0.9564788822936979,95529,89913,89713,0.9977756275510772,89743,30,0.9981092834184155,89913,89713,89743,170,140001,530,0.37856872450911067,0.0039736688209449835,type,passive,parent_pool,133897,140001,train,6093,audited_v3_bounded,existing_train_val_minocc100
116415,0.8315357142857143,117524,0.8394571428571429,75188,63808,49565,0.7767834754262788,50404,839,0.789932296890672,63808,49565,50404,13404,140000,1109,0.7921428571428571,0.00952626379762058,valueRequiresStatement,passive,parent_pool,105992,140000,train,22476,audited_v3_bounded,existing_train_val_minocc100
134442,0.9602931407632803,134975,0.9641002564267398,66333,52533,52471,0.9988197894656692,52477,6,0.9989340033883464,52533,52471,52477,56,140001,533,0.38071156634595466,0.003964534892369944,valueType,passive,parent_pool,115352,140001,train,5026,audited_v3_bounded,existing_train_val_minocc100
28383,0.9403326265571164,28454,0.942684866154254,29811,23013,22902,0.9951766392908357,22930,28,0.9963933428931474,23013,22902,22930,83,30184,71,0.23522395971375562,0.002501497375189374,conflictWith,passive,parent_pool,30178,30184,val,1730,audited_v3_bounded,existing_train_val_minocc100
66474,0.9709761762171163,66476,0.9710053899300332,68448,68153,66170,0.9709037019646971,66170,0,0.9709037019646971,68153,66170,66170,1983,68461,2,0.0029213712916843168,3.0086951289225862e-05,distinct,passive,parent_pool,68455,68461,val,1985,audited_v3_bounded,existing_train_val_minocc100
20573,0.9789674042350702,20623,0.981346657149655,20958,18691,18691,1.0,18691,0,1.0,18691,18691,18691,0,21015,50,0.23792529145848204,0.00243036990229913,inverse,passive,parent_pool,18744,21015,val,392,audited_v3_bounded,existing_train_val_minocc100
16482,0.5494,17109,0.5703,25259,25004,14779,0.5910654295312749,15344,565,0.6136618141097424,25004,14779,15344,9660,30000,627,2.09,0.03804149981798326,itemRequiresStatement,passive,parent_pool,29999,30000,val,12891,audited_v3_bounded,existing_train_val_minocc100
2028,0.9859017987360233,2042,0.9927078269324259,467,448,435,0.9709821428571429,448,13,1.0,448,435,448,0,2057,14,0.6806028196402528,0.006903353057199211,oneOf,passive,parent_pool,467,2057,val,15,audited_v3_bounded,existing_train_val_minocc100
31317,0.8719269426733859,31526,0.8777459141910516,25108,15924,15917,0.9995604119567948,15918,1,0.9996232102486813,15924,15917,15918,6,35917,209,0.581897151766573,0.0066736916051984545,single,passive,parent_pool,27308,35917,val,4391,audited_v3_bounded,existing_train_val_minocc100
8853,0.9853088480801335,8876,0.9878686700055648,8982,3078,3078,1.0,3078,0,1.0,3078,3078,3078,0,8985,23,0.25598219254312743,0.0025979893821303514,symmetric,passive,parent_pool,3080,8985,val,109,audited_v3_bounded,existing_train_val_minocc100
28662,0.9554,28742,0.9580666666666666,20385,19260,19220,0.9979231568016614,19225,5,0.9981827622014537,19260,19220,19225,35,30000,80,0.26666666666666666,0.002791152048007815,type,passive,parent_pool,28711,30000,val,1258,audited_v3_bounded,existing_train_val_minocc100
24991,0.8330333333333333,25208,0.8402666666666667,16275,13763,10756,0.7815156579234178,10906,150,0.7924144445251762,13763,10756,10906,2857,30000,217,0.7233333333333334,0.00868312592533312,valueRequiresStatement,passive,parent_pool,22673,30000,val,4792,audited_v3_bounded,existing_train_val_minocc100
28807,0.9602333333333334,28940,0.9646666666666667,14279,11343,11331,0.9989420788151283,11331,0,0.9989420788151283,11343,11331,11331,12,30000,133,0.44333333333333336,0.0046169333842468845,valueType,passive,parent_pool,24795,30000,val,1060,audited_v3_bounded,existing_train_val_minocc100
1709055,0.8944213766633138,1718831,0.8995375744324088,1531774,1323129,1220207,0.9222131780045634,1225567,5360,0.9262641813458854,1323129,1220207,1225567,97562,1910794,9776,0.5116197769094941,0.005720120183376193,overall,factorized,parent_pool,1695940,1910794,overall,191963,audited_v3_bounded,existing_train_val_minocc100
256205,0.8938838880748029,257725,0.8991870769660177,229856,198725,183177,0.9217612278273997,184018,841,0.9259932066926657,198725,183177,184018,14707,286620,1520,0.5303188891214848,0.005932749165707149,overall,factorized,parent_pool,254584,286620,test,28895,audited_v3_bounded,existing_train_val_minocc100
1196280,0.8943781751030798,1203084,0.8994650687261458,1071946,925727,853751,0.9222492160215701,857494,3743,0.9262925246860035,925727,853751,857494,68233,1337555,6804,0.5086893623065968,0.0056876316581402344,overall,factorized,parent_pool,1186946,1337555,train,134471,audited_v3_bounded,existing_train_val_minocc100
256570,0.8951604743579455,258022,0.9002264329999058,229972,198677,183279,0.9224973197702804,184055,776,0.9264031568827796,198677,183279,184055,14622,286619,1452,0.5065958641960233,0.005659274272128464,overall,factorized,parent_pool,254410,286619,val,28597,audited_v3_bounded,existing_train_val_minocc100
189196,0.940221145483911,189646,0.9424574481302025,198652,153675,152943,0.995236700829673,153113,170,0.9963429315113064,153675,152943,153113,562,201225,450,0.22363026462914648,0.0023784858030825176,conflictWith,factorized,parent_pool,201205,201225,overall,11579,audited_v3_bounded,existing_train_val_minocc100
443199,0.9710566618975525,443220,0.971102673260168,456316,454400,441213,0.9709793133802817,441229,16,0.9710145246478873,454400,441213,441229,13171,456409,21,0.004601136261554877,4.738277839074547e-05,distinct,factorized,parent_pool,456362,456409,overall,13189,audited_v3_bounded,existing_train_val_minocc100
137328,0.97847508710429,137616,0.9805271145501571,139956,124787,124778,0.9999278771025828,124781,3,0.9999519180683886,124787,124778,124781,6,140349,288,0.20520274458670884,0.0020971688220901784,inverse,factorized,parent_pool,125156,140349,overall,2733,audited_v3_bounded,existing_train_val_minocc100
109263,0.546315,113555,0.567775,168149,166379,98120,0.5897378875939873,102012,3892,0.6131302628336509,166379,98120,102012,64367,200000,4292,2.146,0.03928136697692723,itemRequiresStatement,factorized,parent_pool,199979,200000,overall,86445,audited_v3_bounded,existing_train_val_minocc100
13523,0.9864322707710264,13605,0.9924137427967029,3172,3016,2946,0.976790450928382,3013,67,0.9990053050397878,3016,2946,3013,3,13709,82,0.5981472025676563,0.00606374325223693,oneOf,factorized,parent_pool,3172,13709,overall,104,audited_v3_bounded,existing_train_val_minocc100
208748,0.8717957284732257,210171,0.8777386132990319,167114,105434,105373,0.9994214390044956,105379,6,0.9994783466433977,105434,105373,105379,55,239446,1423,0.5942884825806236,0.006816831778029011,single,factorized,parent_pool,181813,239446,overall,29275,audited_v3_bounded,existing_train_val_minocc100
58739,0.9846945617917253,58843,0.9864380071078924,59611,20527,20524,0.9998538510254786,20525,1,0.9999025673503191,20527,20524,20525,2,59652,104,0.17434453161671026,0.001770544272119035,symmetric,factorized,parent_pool,20546,59652,overall,809,audited_v3_bounded,existing_train_val_minocc100
190604,0.953010469895301,191357,0.9567754322456775,136439,128443,128153,0.9977421891422654,128195,42,0.9980691824389029,128443,128153,128195,248,200002,753,0.3764962350376496,0.003950599147971711,type,factorized,parent_pool,191315,200002,overall,8645,audited_v3_bounded,existing_train_val_minocc100
166414,0.8320658396708016,167977,0.839880800595997,107449,91155,70937,0.7782019636882234,72087,1150,0.7908178377488893,91155,70937,72087,19068,200001,1563,0.7814960925195374,0.009392238633768793,valueRequiresStatement,factorized,parent_pool,151471,200001,overall,32024,audited_v3_bounded,existing_train_val_minocc100
192041,0.960200198999005,192841,0.964200178999105,94916,75313,75220,0.9987651534263673,75233,13,0.9989377663882729,75313,75220,75233,80,200001,800,0.39999800000999997,0.004165777099681839,valueType,factorized,parent_pool,164921,200001,overall,7160,audited_v3_bounded,existing_train_val_minocc100
28423,0.9416578319639544,28498,0.9441425921017758,29808,23229,23119,0.9952645400146368,23142,23,0.9962546816479401,23229,23119,23142,87,30184,75,0.24847601378213624,0.0026387080885198607,conflictWith,factorized,parent_pool,30180,30184,test,1686,audited_v3_bounded,existing_train_val_minocc100
66466,0.9708451403698402,66468,0.9708743536560428,68446,68161,66166,0.9707310632179692,66168,2,0.9707604055104825,68161,66166,66168,1993,68462,2,0.002921328620256493,3.0090572623597026e-05,distinct,factorized,parent_pool,68453,68462,test,1994,audited_v3_bounded,existing_train_val_minocc100
20699,0.980577005068928,20738,0.9824245582452982,21057,18777,18774,0.999840230068701,18774,0,0.999840230068701,18777,18774,18774,3,21109,39,0.18475531763702685,0.0018841489927049616,inverse,factorized,parent_pool,18829,21109,test,371,audited_v3_bounded,existing_train_val_minocc100
16222,0.5407513583786127,16886,0.5628854295143172,25246,24994,14630,0.5853404817156117,15251,621,0.6101864447467392,24994,14630,15251,9743,29999,664,2.2134071135704523,0.04093206756256935,itemRequiresStatement,factorized,parent_pool,29999,29999,test,13113,audited_v3_bounded,existing_train_val_minocc100
2008,0.9766536964980544,2033,0.9888132295719845,473,445,423,0.950561797752809,443,20,0.9955056179775281,445,423,443,2,2056,25,1.215953307392996,0.01245019920318725,oneOf,factorized,parent_pool,473,2056,test,23,audited_v3_bounded,existing_train_val_minocc100
31256,0.8702285825653591,31462,0.8759640281760727,25127,15807,15793,0.9991143164420826,15794,1,0.9991775795533624,15807,15793,15794,13,35917,206,0.573544561071359,0.006590734578960839,single,factorized,parent_pool,27338,35917,test,4455,audited_v3_bounded,existing_train_val_minocc100
8767,0.9860533123383196,8780,0.9875154650770442,8884,3021,3018,0.9990069513406157,3019,1,0.9993379675604105,3021,3018,3019,2,8891,13,0.14621527387245528,0.0014828333523440173,symmetric,factorized,parent_pool,3025,8891,test,111,audited_v3_bounded,existing_train_val_minocc100
28564,0.9521015966134462,28699,0.956601446618446,20525,19270,19220,0.9974052932018682,19226,6,0.997716658017644,19270,19220,19226,44,30001,135,0.44998500049998336,0.004726228819493068,type,factorized,parent_pool,28707,30001,test,1302,audited_v3_bounded,existing_train_val_minocc100
25008,0.8335722142595247,25238,0.8412386253791541,15986,13584,10616,0.78150765606596,10777,161,0.7933598351001178,13584,10616,10777,2807,30001,230,0.7666411119629346,0.009197056941778631,valueRequiresStatement,factorized,parent_pool,22806,30001,test,4763,audited_v3_bounded,existing_train_val_minocc100
28792,0.9597333333333333,28923,0.9641,14304,11437,11418,0.9983387251901722,11424,6,0.9988633382880125,11437,11418,11424,13,30000,131,0.43666666666666665,0.00454987496526813,valueType,factorized,parent_pool,24774,30000,test,1077,audited_v3_bounded,existing_train_val_minocc100
132390,0.9398893913685511,132694,0.9420476085675543,139033,107433,106922,0.9952435471410088,107041,119,0.9963512142451575,107433,106922,107041,392,140857,304,0.21582171990032445,0.0022962459400256816,conflictWith,factorized,parent_pool,140847,140857,train,8163,audited_v3_bounded,existing_train_val_minocc100
310259,0.9711192352716551,310276,0.9711724457409714,319422,318086,308877,0.9710487100972693,308891,14,0.9710927233515464,318086,308877,308891,9195,319486,17,0.005321046931633937,5.47929310672696e-05,distinct,factorized,parent_pool,319454,319486,train,9210,audited_v3_bounded,existing_train_val_minocc100
96056,0.9779180453041486,96255,0.9799440061084246,97941,87319,87313,0.9999312864325061,87316,3,0.999965643216253,87319,87313,87316,3,98225,199,0.20259608042758973,0.0020717081702340302,inverse,factorized,parent_pool,87583,98225,train,1970,audited_v3_bounded,existing_train_val_minocc100
76559,0.5468460939564718,79542,0.5681530846208241,117644,116381,68711,0.5903970579390106,71403,2692,0.6135279813715298,116381,68711,71403,44978,140001,2983,2.13069906643524,0.038963413837693806,itemRequiresStatement,factorized,parent_pool,139981,140001,train,60459,audited_v3_bounded,existing_train_val_minocc100
9487,0.9886411004585244,9530,0.9931221342225928,2232,2123,2088,0.9835138954309939,2122,34,0.9995289684408856,2123,2088,2122,1,9596,43,0.4481033764068362,0.004532518182776431,oneOf,factorized,parent_pool,2232,9596,train,66,audited_v3_bounded,existing_train_val_minocc100
146175,0.872103429348734,147180,0.8780994200892538,116879,73703,73663,0.999457281250424,73667,4,0.9995115531253816,73703,73663,73667,36,167612,1005,0.5995990740519772,0.006875320677270395,single,factorized,parent_pool,127167,167612,train,20432,audited_v3_bounded,existing_train_val_minocc100
41119,0.9842732669475297,41187,0.9859009957870548,41745,14428,14428,1.0,14428,0,1.0,14428,14428,14428,0,41776,68,0.1627728839525086,0.0016537367153870474,symmetric,factorized,parent_pool,14441,41776,train,589,audited_v3_bounded,existing_train_val_minocc100
133378,0.9526931950486068,133915,0.9565288819365576,95529,89913,89713,0.9977756275510772,89744,31,0.9981204052806602,89913,89713,89744,169,140001,537,0.38356868879508005,0.004026151239334823,type,factorized,parent_pool,133897,140001,train,6086,audited_v3_bounded,existing_train_val_minocc100
116415,0.8315357142857143,117528,0.8394857142857143,75188,63808,49565,0.7767834754262788,50404,839,0.789932296890672,63808,49565,50404,13404,140000,1113,0.795,0.009560623630975389,valueRequiresStatement,factorized,parent_pool,105992,140000,train,22472,audited_v3_bounded,existing_train_val_minocc100
134442,0.9602931407632803,134977,0.9641145420389854,66333,52533,52471,0.9988197894656692,52478,7,0.998953039042126,52533,52471,52478,55,140001,535,0.38214012757051735,0.003979411195906041,valueType,factorized,parent_pool,115352,140001,train,5024,audited_v3_bounded,existing_train_val_minocc100
28383,0.9403326265571164,28454,0.942684866154254,29811,23013,22902,0.9951766392908357,22930,28,0.9963933428931474,23013,22902,22930,83,30184,71,0.23522395971375562,0.002501497375189374,conflictWith,factorized,parent_pool,30178,30184,val,1730,audited_v3_bounded,existing_train_val_minocc100
66474,0.9709761762171163,66476,0.9710053899300332,68448,68153,66170,0.9709037019646971,66170,0,0.9709037019646971,68153,66170,66170,1983,68461,2,0.0029213712916843168,3.0086951289225862e-05,distinct,factorized,parent_pool,68455,68461,val,1985,audited_v3_bounded,existing_train_val_minocc100
20573,0.9789674042350702,20623,0.981346657149655,20958,18691,18691,1.0,18691,0,1.0,18691,18691,18691,0,21015,50,0.23792529145848204,0.00243036990229913,inverse,factorized,parent_pool,18744,21015,val,392,audited_v3_bounded,existing_train_val_minocc100
16482,0.5494,17127,0.5709,25259,25004,14779,0.5910654295312749,15358,579,0.6142217245240762,25004,14779,15358,9646,30000,645,2.15,0.03913360029122679,itemRequiresStatement,factorized,parent_pool,29999,30000,val,12873,audited_v3_bounded,existing_train_val_minocc100
2028,0.9859017987360233,2042,0.9927078269324259,467,448,435,0.9709821428571429,448,13,1.0,448,435,448,0,2057,14,0.6806028196402528,0.006903353057199211,oneOf,factorized,parent_pool,467,2057,val,15,audited_v3_bounded,existing_train_val_minocc100
31317,0.8719269426733859,31529,0.8778294400980037,25108,15924,15917,0.9995604119567948,15918,1,0.9996232102486813,15924,15917,15918,6,35917,212,0.5902497424617869,0.006769486221541016,single,factorized,parent_pool,27308,35917,val,4388,audited_v3_bounded,existing_train_val_minocc100
8853,0.9853088480801335,8876,0.9878686700055648,8982,3078,3078,1.0,3078,0,1.0,3078,3078,3078,0,8985,23,0.25598219254312743,0.0025979893821303514,symmetric,factorized,parent_pool,3080,8985,val,109,audited_v3_bounded,existing_train_val_minocc100
28662,0.9554,28743,0.9581,20385,19260,19220,0.9979231568016614,19225,5,0.9981827622014537,19260,19220,19225,35,30000,81,0.27,0.002826041448607913,type,factorized,parent_pool,28711,30000,val,1257,audited_v3_bounded,existing_train_val_minocc100
24991,0.8330333333333333,25211,0.8403666666666667,16275,13763,10756,0.7815156579234178,10906,150,0.7924144445251762,13763,10756,10906,2857,30000,220,0.7333333333333333,0.00880316914089072,valueRequiresStatement,factorized,parent_pool,22673,30000,val,4789,audited_v3_bounded,existing_train_val_minocc100
28807,0.9602333333333334,28941,0.9647,14279,11343,11331,0.9989420788151283,11331,0,0.9989420788151283,11343,11331,11331,12,30000,134,0.44666666666666666,0.0046516471690908456,valueType,factorized,parent_pool,24795,30000,val,1059,audited_v3_bounded,existing_train_val_minocc100
1710505,0.8951802235091799,1719857,0.9000745239936906,1531774,1323129,1220925,0.9227558310640912,1226018,5093,0.9266050400225526,1323129,1220925,1226018,97111,1910794,9352,0.48943004845106275,0.0054673912090289125,overall,passive,parent_pool,1695940,1910794,overall,190937,audited_v3_bounded,clean_parent_train_minocc100
256417,0.8946235433675249,257852,0.899630172353639,229856,198725,183293,0.922344949050195,184074,781,0.9262750031450497,198725,183293,184074,14651,286620,1435,0.5006628986114019,0.005596352815920942,overall,passive,parent_pool,254584,286620,test,28768,audited_v3_bounded,clean_parent_train_minocc100
1197671,0.8954181323384833,1204142,0.9002560642366109,1071946,925727,854411,0.9229621691924293,857957,3546,0.926792672137682,925727,854411,857957,67770,1337555,6471,0.4837931898127554,0.005402986295902631,overall,passive,parent_pool,1186946,1337555,train,133413,audited_v3_bounded,clean_parent_train_minocc100
256417,0.894626664666334,257863,0.8996716895948977,229972,198677,183221,0.9222053886458926,183987,766,0.9260608928059111,198677,183221,183987,14690,286619,1446,0.5045024928563703,0.005639251687680614,overall,passive,parent_pool,254410,286619,val,28756,audited_v3_bounded,clean_parent_train_minocc100
189271,0.9405938625916263,189698,0.942715865324885,198652,153675,152990,0.9955425410769481,153151,161,0.9965902066048479,153675,152990,153151,524,201225,427,0.21220027332587899,0.002256024430578377,conflictWith,passive,parent_pool,201205,201225,overall,11527,audited_v3_bounded,clean_parent_train_minocc100
443201,0.9710610439320873,443222,0.9711070552947028,456316,454400,441215,0.9709837147887324,441231,16,0.971018926056338,454400,441215,441231,13169,456409,21,0.004601136261554877,4.738256457002579e-05,distinct,passive,parent_pool,456362,456409,overall,13187,audited_v3_bounded,clean_parent_train_minocc100
137350,0.9786318392008493,137632,0.9806411160749275,139956,124787,124782,0.9999599317236572,124782,0,0.9999599317236572,124787,124782,124782,5,140349,282,0.20092768740781908,0.002053148889697852,inverse,passive,parent_pool,125156,140349,overall,2717,audited_v3_bounded,clean_parent_train_minocc100
109973,0.549865,114054,0.57027,168149,166379,98630,0.5928031782857212,102344,3714,0.6151257069702306,166379,98630,102344,64035,200000,4081,2.0405,0.03710910859938348,itemRequiresStatement,passive,parent_pool,199979,200000,overall,85946,audited_v3_bounded,clean_parent_train_minocc100
13572,0.9900065650302721,13609,0.9927055219199067,3172,3016,2983,0.9890583554376657,3014,31,0.9993368700265252,3016,2983,3014,2,13709,37,0.26989568896345467,0.002726201002063071,oneOf,passive,parent_pool,3172,13709,overall,100,audited_v3_bounded,clean_parent_train_minocc100
208936,0.8725808741845761,210325,0.8783817645732231,167114,105434,105412,0.9997913386573591,105413,1,0.9998008232638428,105434,105412,105413,21,239446,1389,0.5800890388647127,0.006647968755982693,single,passive,parent_pool,181813,239446,overall,29121,audited_v3_bounded,clean_parent_train_minocc100
58753,0.984929256353517,58851,0.9865721182860592,59611,20527,20525,0.9999025673503191,20525,0,0.9999025673503191,20527,20525,20525,2,59652,98,0.16428619325420774,0.00166799993191837,symmetric,passive,parent_pool,20546,59652,overall,801,audited_v3_bounded,clean_parent_train_minocc100
190735,0.9536654633453665,191447,0.9572254277457225,136439,128443,128185,0.9979913268920845,128215,30,0.9982248935325397,128443,128185,128215,228,200002,712,0.35599644003559966,0.003732927884237293,type,passive,parent_pool,191315,200002,overall,8555,audited_v3_bounded,clean_parent_train_minocc100
166601,0.833000834995825,168132,0.8406557967210164,107449,91155,70969,0.778553014096868,72107,1138,0.7910372442542921,91155,70969,72107,19048,200001,1531,0.7654961725191374,0.00918962071055996,valueRequiresStatement,passive,parent_pool,151471,200001,overall,31869,audited_v3_bounded,clean_parent_train_minocc100
192113,0.960560197199014,192887,0.9644301778491108,94916,75313,75234,0.9989510443084195,75236,2,0.9989776001487127,75313,75234,75236,77,200001,774,0.38699806500967493,0.004028878836934513,valueType,passive,parent_pool,164921,200001,overall,7114,audited_v3_bounded,clean_parent_train_minocc100
28431,0.9419228730453221,28503,0.9443082427776305,29808,23229,23125,0.9955228378320203,23147,22,0.996469929829093,23229,23125,23147,82,30184,72,0.23853697323085077,0.0025324469768914213,conflictWith,passive,parent_pool,30180,30184,test,1681,audited_v3_bounded,clean_parent_train_minocc100
66466,0.9708451403698402,66468,0.9708743536560428,68446,68161,66166,0.9707310632179692,66168,2,0.9707604055104825,68161,66166,66168,1993,68462,2,0.002921328620256493,3.0090572623597026e-05,distinct,passive,parent_pool,68453,68462,test,1994,audited_v3_bounded,clean_parent_train_minocc100
20700,0.9806243782272964,20739,0.9824719314036667,21057,18777,18774,0.999840230068701,18774,0,0.999840230068701,18777,18774,18774,3,21109,39,0.18475531763702685,0.0018840579710144927,inverse,passive,parent_pool,18829,21109,test,370,audited_v3_bounded,clean_parent_train_minocc100
16327,0.5442514750491683,16946,0.5648854961832062,25246,24994,14710,0.588541249899976,15289,579,0.6117068096343122,24994,14710,15289,9705,29999,619,2.06340211340378,0.03791266001102468,itemRequiresStatement,passive,parent_pool,29999,29999,test,13053,audited_v3_bounded,clean_parent_train_minocc100
2015,0.9800583657587548,2033,0.9888132295719845,473,445,428,0.9617977528089887,443,15,0.9955056179775281,445,428,443,2,2056,18,0.8754863813229572,0.008933002481389578,oneOf,passive,parent_pool,473,2056,test,23,audited_v3_bounded,clean_parent_train_minocc100
31275,0.870757579976056,31477,0.8763816577108333,25127,15807,15797,0.9993673688872019,15798,1,0.9994306319984817,15807,15797,15798,9,35917,202,0.5624077734777403,0.006458832933653078,single,passive,parent_pool,27338,35917,test,4440,audited_v3_bounded,clean_parent_train_minocc100
8769,0.9862782589135081,8781,0.9876279383646384,8884,3021,3019,0.9993379675604105,3019,0,0.9993379675604105,3021,3019,3019,2,8891,12,0.13496794511303564,0.0013684570646595963,symmetric,passive,parent_pool,3025,8891,test,110,audited_v3_bounded,clean_parent_train_minocc100
28589,0.9529349021699277,28714,0.9571014299523349,20525,19270,19227,0.9977685521536066,19231,4,0.9979761286974572,19270,19227,19231,39,30001,125,0.41665277824072533,0.004372311028717339,type,passive,parent_pool,28707,30001,test,1287,audited_v3_bounded,clean_parent_train_minocc100
25036,0.8345055164827839,25259,0.8419386020465984,15986,13584,10623,0.7820229681978799,10780,157,0.7935806831566549,13584,10623,10780,2804,30001,223,0.743308556381454,0.008907173669915322,valueRequiresStatement,passive,parent_pool,22806,30001,test,4742,audited_v3_bounded,clean_parent_train_minocc100
28809,0.9603,28932,0.9644,14304,11437,11424,0.9988633382880125,11425,1,0.9989507738043193,11437,11424,11425,12,30000,123,0.41,0.00426949911485994,valueType,passive,parent_pool,24774,30000,test,1068,audited_v3_bounded,clean_parent_train_minocc100
132465,0.940421846269621,132745,0.9424096779002819,139033,107433,106965,0.9956437965988104,107076,111,0.9966769986875541,107433,106965,107076,357,140857,280,0.19878316306608831,0.0021137659004265277,conflictWith,passive,parent_pool,140847,140857,train,8112,audited_v3_bounded,clean_parent_train_minocc100
310262,0.9711286253544756,310279,0.9711818358237919,319422,318086,308880,0.9710581415089001,308894,14,0.9711021547631773,318086,308880,308894,9192,319486,17,0.005321046931633937,5.479240126086985e-05,distinct,passive,parent_pool,319454,319486,train,9207,audited_v3_bounded,clean_parent_train_minocc100
96083,0.9781929244082463,96274,0.9801374395520489,97941,87319,87319,1.0,87319,0,1.0,87319,87319,87319,0,98225,191,0.19445151438024944,0.0019878646586805157,inverse,passive,parent_pool,87583,98225,train,1951,audited_v3_bounded,clean_parent_train_minocc100
77228,0.551624631252634,80065,0.5718887722230556,117644,116381,69177,0.5944011479537038,71750,2573,0.6165095677129429,116381,69177,71750,44631,140001,2837,2.026414097042164,0.03673538094991454,itemRequiresStatement,passive,parent_pool,139981,140001,train,59936,audited_v3_bounded,clean_parent_train_minocc100
9532,0.9933305543976657,9533,0.9934347644852022,2232,2123,2123,1.0,2123,0,1.0,2123,2123,2123,0,9596,1,0.010421008753647354,0.0001049097775912715,oneOf,passive,parent_pool,2232,9596,train,63,audited_v3_bounded,clean_parent_train_minocc100
146370,0.873266830537193,147347,0.87909576879937,116879,73703,73699,0.9999457281250425,73699,0,0.9999457281250425,73703,73699,73699,4,167612,977,0.5828938262176933,0.0066748650679784105,single,passive,parent_pool,127167,167612,train,20265,audited_v3_bounded,clean_parent_train_minocc100
41131,0.9845605132133283,41195,0.9860924932975871,41745,14428,14428,1.0,14428,0,1.0,14428,14428,14428,0,41776,64,0.15319800842589046,0.0015560039872602174,symmetric,passive,parent_pool,14441,41776,train,581,audited_v3_bounded,clean_parent_train_minocc100
133493,0.9535146177527304,133998,0.9571217348447512,95529,89913,89740,0.9980759178316817,89760,20,0.998298355076574,89913,89740,89760,153,140001,505,0.3607117092020771,0.003782969893552471,type,passive,parent_pool,133897,140001,train,6003,audited_v3_bounded,clean_parent_train_minocc100
116604,0.8328857142857143,117685,0.8406071428571429,75188,63808,49599,0.7773163239719157,50427,828,0.7902927532597793,63808,49599,50427,13381,140000,1081,0.7721428571428571,0.009270693972762513,valueRequiresStatement,passive,parent_pool,105992,140000,train,22315,audited_v3_bounded,clean_parent_train_minocc100
134503,0.9607288519367719,135021,0.9644288255083893,66333,52533,52481,0.9990101460034645,52481,0,0.9990101460034645,52533,52481,52481,52,140001,518,0.36999735716173454,0.0038512152145305308,valueType,passive,parent_pool,115352,140001,train,4980,audited_v3_bounded,clean_parent_train_minocc100
28375,0.9400675854757488,28450,0.9425523456135702,29811,23013,22900,0.9950897318906705,22928,28,0.9963064354929823,23013,22900,22928,85,30184,75,0.24847601378213624,0.0026431718061674008,conflictWith,passive,parent_pool,30178,30184,val,1734,audited_v3_bounded,clean_parent_train_minocc100
66473,0.9709615693606579,66475,0.9709907830735748,68448,68153,66169,0.970889029096298,66169,0,0.970889029096298,68153,66169,66169,1984,68461,2,0.0029213712916843168,3.0087403908353766e-05,distinct,passive,parent_pool,68455,68461,val,1986,audited_v3_bounded,clean_parent_train_minocc100
20567,0.97868189388532,20619,0.9811563169164882,20958,18691,18689,0.9998929966293938,18689,0,0.9998929966293938,18691,18689,18689,2,21015,52,0.2474423031168213,0.0025283220693343707,inverse,passive,parent_pool,18744,21015,val,396,audited_v3_bounded,clean_parent_train_minocc100
16418,0.5472666666666667,17043,0.5681,25259,25004,14743,0.5896256598944168,15305,562,0.6121020636698128,25004,14743,15305,9699,30000,625,2.0833333333333335,0.03806797417468632,itemRequiresStatement,passive,parent_pool,29999,30000,val,12957,audited_v3_bounded,clean_parent_train_minocc100
2025,0.9844433641225085,2043,0.9931939718035975,467,448,432,0.9642857142857143,448,16,1.0,448,432,448,0,2057,18,0.8750607681088964,0.008888888888888889,oneOf,passive,parent_pool,467,2057,val,14,audited_v3_bounded,clean_parent_train_minocc100
31291,0.8712030514798007,31501,0.8770498649664504,25108,15924,15916,0.9994976136649083,15916,0,0.9994976136649083,15924,15916,15916,8,35917,210,0.5846813486649776,0.006711194912275095,single,passive,parent_pool,27308,35917,val,4416,audited_v3_bounded,clean_parent_train_minocc100
8853,0.9853088480801335,8875,0.9877573734001113,8982,3078,3078,1.0,3078,0,1.0,3078,3078,3078,0,8985,22,0.24485253199777407,0.0024850333220377274,symmetric,passive,parent_pool,3080,8985,val,110,audited_v3_bounded,clean_parent_train_minocc100
28653,0.9551,28735,0.9578333333333333,20385,19260,19218,0.9978193146417446,19224,6,0.9981308411214953,19260,19218,19224,36,30000,82,0.2733333333333333,0.0028618294768436117,type,passive,parent_pool,28711,30000,val,1265,audited_v3_bounded,clean_parent_train_minocc100
24961,0.8320333333333333,25188,0.8396,16275,13763,10747,0.7808617307273124,10900,153,0.7919784930611059,13763,10747,10900,2863,30000,227,0.7566666666666667,0.009094186931613317,valueRequiresStatement,passive,parent_pool,22673,30000,val,4812,audited_v3_bounded,clean_parent_train_minocc100
28801,0.9600333333333333,28934,0.9644666666666667,14279,11343,11329,0.9987657586176496,11330,1,0.998853918716389,11343,11329,11330,13,30000,133,0.44333333333333336,0.004617895211971807,valueType,passive,parent_pool,24795,30000,val,1066,audited_v3_bounded,clean_parent_train_minocc100
1710505,0.8951802235091799,1719936,0.900115868063224,1531774,1323129,1220925,0.9227558310640912,1226075,5150,0.9266481197222645,1323129,1220925,1226075,97054,1910794,9431,0.4935644554044026,0.005513576399952061,overall,factorized,parent_pool,1695940,1910794,overall,190858,audited_v3_bounded,clean_parent_train_minocc100
256417,0.8946235433675249,257892,0.8997697299560393,229856,198725,183293,0.922344949050195,184106,813,0.9264360296892691,198725,183293,184106,14619,286620,1475,0.514618658851441,0.005752348713228842,overall,factorized,parent_pool,254584,286620,test,28728,audited_v3_bounded,clean_parent_train_minocc100
1197671,0.8954181323384833,1204142,0.9002560642366109,1071946,925727,854411,0.9229621691924293,857957,3546,0.926792672137682,925727,854411,857957,67770,1337555,6471,0.4837931898127554,0.005402986295902631,overall,factorized,parent_pool,1186946,1337555,train,133413,audited_v3_bounded,clean_parent_train_minocc100
256417,0.894626664666334,257902,0.8998077587319752,229972,198677,183221,0.9222053886458926,184012,791,0.9261867251871128,198677,183221,184012,14665,286619,1485,0.5181094065641147,0.0057913476875558175,overall,factorized,parent_pool,254410,286619,val,28717,audited_v3_bounded,clean_parent_train_minocc100
189271,0.9405938625916263,189699,0.9427208348863213,198652,153675,152990,0.9955425410769481,153151,161,0.9965902066048479,153675,152990,153151,524,201225,428,0.21269722946949932,0.0022613078601581857,conflictWith,factorized,parent_pool,201205,201225,overall,11526,audited_v3_bounded,clean_parent_train_minocc100
443201,0.9710610439320873,443222,0.9711070552947028,456316,454400,441215,0.9709837147887324,441231,16,0.971018926056338,454400,441215,441231,13169,456409,21,0.004601136261554877,4.738256457002579e-05,distinct,factorized,parent_pool,456362,456409,overall,13187,audited_v3_bounded,clean_parent_train_minocc100
137350,0.9786318392008493,137634,0.9806553662655239,139956,124787,124782,0.9999599317236572,124782,0,0.9999599317236572,124787,124782,124782,5,140349,284,0.202352706467449,0.0020677102293410994,inverse,factorized,parent_pool,125156,140349,overall,2715,audited_v3_bounded,clean_parent_train_minocc100
109973,0.549865,114112,0.57056,168149,166379,98630,0.5928031782857212,102396,3766,0.6154382464133094,166379,98630,102396,63983,200000,4139,2.0695,0.037636510779918704,itemRequiresStatement,factorized,parent_pool,199979,200000,overall,85888,audited_v3_bounded,clean_parent_train_minocc100
13572,0.9900065650302721,13609,0.9927055219199067,3172,3016,2983,0.9890583554376657,3014,31,0.9993368700265252,3016,2983,3014,2,13709,37,0.26989568896345467,0.002726201002063071,oneOf,factorized,parent_pool,3172,13709,overall,100,audited_v3_bounded,clean_parent_train_minocc100
208936,0.8725808741845761,210331,0.8784068224150748,167114,105434,105412,0.9997913386573591,105413,1,0.9998008232638428,105434,105412,105413,21,239446,1395,0.5825948230498734,0.006676685683654325,single,factorized,parent_pool,181813,239446,overall,29115,audited_v3_bounded,clean_parent_train_minocc100
58753,0.984929256353517,58851,0.9865721182860592,59611,20527,20525,0.9999025673503191,20525,0,0.9999025673503191,20527,20525,20525,2,59652,98,0.16428619325420774,0.00166799993191837,symmetric,factorized,parent_pool,20546,59652,overall,801,audited_v3_bounded,clean_parent_train_minocc100
190735,0.9536654633453665,191450,0.957240427595724,136439,128443,128185,0.9979913268920845,128216,31,0.9982326790872216,128443,128185,128216,227,200002,715,0.35749642503574963,0.0037486565129630114,type,factorized,parent_pool,191315,200002,overall,8552,audited_v3_bounded,clean_parent_train_minocc100
166601,0.833000834995825,168140,0.8406957965210174,107449,91155,70969,0.778553014096868,72111,1142,0.7910811255553727,91155,70969,72111,19044,200001,1539,0.7694961525192374,0.009237639630014225,valueRequiresStatement,factorized,parent_pool,151471,200001,overall,31861,audited_v3_bounded,clean_parent_train_minocc100
192113,0.960560197199014,192888,0.9644351778241109,94916,75313,75234,0.9989510443084195,75236,2,0.9989776001487127,75313,75234,75236,77,200001,775,0.38749806250968744,0.004034084106749674,valueType,factorized,parent_pool,164921,200001,overall,7113,audited_v3_bounded,clean_parent_train_minocc100
28431,0.9419228730453221,28504,0.9443413729128015,29808,23229,23125,0.9955228378320203,23147,22,0.996469929829093,23229,23125,23147,82,30184,73,0.24184998674794594,0.002567619851570469,conflictWith,factorized,parent_pool,30180,30184,test,1680,audited_v3_bounded,clean_parent_train_minocc100
66466,0.9708451403698402,66468,0.9708743536560428,68446,68161,66166,0.9707310632179692,66168,2,0.9707604055104825,68161,66166,66168,1993,68462,2,0.002921328620256493,3.0090572623597026e-05,distinct,factorized,parent_pool,68453,68462,test,1994,audited_v3_bounded,clean_parent_train_minocc100
20700,0.9806243782272964,20739,0.9824719314036667,21057,18777,18774,0.999840230068701,18774,0,0.999840230068701,18777,18774,18774,3,21109,39,0.18475531763702685,0.0018840579710144927,inverse,factorized,parent_pool,18829,21109,test,370,audited_v3_bounded,clean_parent_train_minocc100
16327,0.5442514750491683,16977,0.5659188639621321,25246,24994,14710,0.588541249899976,15318,608,0.6128670881011443,24994,14710,15318,9676,29999,650,2.1667388912963768,0.03981135542353157,itemRequiresStatement,factorized,parent_pool,29999,29999,test,13022,audited_v3_bounded,clean_parent_train_minocc100
2015,0.9800583657587548,2033,0.9888132295719845,473,445,428,0.9617977528089887,443,15,0.9955056179775281,445,428,443,2,2056,18,0.8754863813229572,0.008933002481389578,oneOf,factorized,parent_pool,473,2056,test,23,audited_v3_bounded,clean_parent_train_minocc100
31275,0.870757579976056,31479,0.8764373416488014,25127,15807,15797,0.9993673688872019,15798,1,0.9994306319984817,15807,15797,15798,9,35917,204,0.5679761672745497,0.006522781774580336,single,factorized,parent_pool,27338,35917,test,4438,audited_v3_bounded,clean_parent_train_minocc100
8769,0.9862782589135081,8781,0.9876279383646384,8884,3021,3019,0.9993379675604105,3019,0,0.9993379675604105,3021,3019,3019,2,8891,12,0.13496794511303564,0.0013684570646595963,symmetric,factorized,parent_pool,3025,8891,test,110,audited_v3_bounded,clean_parent_train_minocc100
28589,0.9529349021699277,28716,0.9571680943968535,20525,19270,19227,0.9977685521536066,19232,5,0.9980280228334198,19270,19227,19232,38,30001,127,0.42331922269257694,0.0044422680051768165,type,factorized,parent_pool,28707,30001,test,1285,audited_v3_bounded,clean_parent_train_minocc100
25036,0.8345055164827839,25262,0.8420385987133763,15986,13584,10623,0.7820229681978799,10782,159,0.7937279151943463,13584,10623,10782,2802,30001,226,0.7533082230592314,0.009027001118389518,valueRequiresStatement,factorized,parent_pool,22806,30001,test,4739,audited_v3_bounded,clean_parent_train_minocc100
28809,0.9603,28933,0.9644333333333334,14304,11437,11424,0.9988633382880125,11425,1,0.9989507738043193,11437,11424,11425,12,30000,124,0.41333333333333333,0.0043042104897775,valueType,factorized,parent_pool,24774,30000,test,1067,audited_v3_bounded,clean_parent_train_minocc100
132465,0.940421846269621,132745,0.9424096779002819,139033,107433,106965,0.9956437965988104,107076,111,0.9966769986875541,107433,106965,107076,357,140857,280,0.19878316306608831,0.0021137659004265277,conflictWith,factorized,parent_pool,140847,140857,train,8112,audited_v3_bounded,clean_parent_train_minocc100
310262,0.9711286253544756,310279,0.9711818358237919,319422,318086,308880,0.9710581415089001,308894,14,0.9711021547631773,318086,308880,308894,9192,319486,17,0.005321046931633937,5.479240126086985e-05,distinct,factorized,parent_pool,319454,319486,train,9207,audited_v3_bounded,clean_parent_train_minocc100
96083,0.9781929244082463,96274,0.9801374395520489,97941,87319,87319,1.0,87319,0,1.0,87319,87319,87319,0,98225,191,0.19445151438024944,0.0019878646586805157,inverse,factorized,parent_pool,87583,98225,train,1951,audited_v3_bounded,clean_parent_train_minocc100
77228,0.551624631252634,80065,0.5718887722230556,117644,116381,69177,0.5944011479537038,71750,2573,0.6165095677129429,116381,69177,71750,44631,140001,2837,2.026414097042164,0.03673538094991454,itemRequiresStatement,factorized,parent_pool,139981,140001,train,59936,audited_v3_bounded,clean_parent_train_minocc100
9532,0.9933305543976657,9533,0.9934347644852022,2232,2123,2123,1.0,2123,0,1.0,2123,2123,2123,0,9596,1,0.010421008753647354,0.0001049097775912715,oneOf,factorized,parent_pool,2232,9596,train,63,audited_v3_bounded,clean_parent_train_minocc100
146370,0.873266830537193,147347,0.87909576879937,116879,73703,73699,0.9999457281250425,73699,0,0.9999457281250425,73703,73699,73699,4,167612,977,0.5828938262176933,0.0066748650679784105,single,factorized,parent_pool,127167,167612,train,20265,audited_v3_bounded,clean_parent_train_minocc100
41131,0.9845605132133283,41195,0.9860924932975871,41745,14428,14428,1.0,14428,0,1.0,14428,14428,14428,0,41776,64,0.15319800842589046,0.0015560039872602174,symmetric,factorized,parent_pool,14441,41776,train,581,audited_v3_bounded,clean_parent_train_minocc100
133493,0.9535146177527304,133998,0.9571217348447512,95529,89913,89740,0.9980759178316817,89760,20,0.998298355076574,89913,89740,89760,153,140001,505,0.3607117092020771,0.003782969893552471,type,factorized,parent_pool,133897,140001,train,6003,audited_v3_bounded,clean_parent_train_minocc100
116604,0.8328857142857143,117685,0.8406071428571429,75188,63808,49599,0.7773163239719157,50427,828,0.7902927532597793,63808,49599,50427,13381,140000,1081,0.7721428571428571,0.009270693972762513,valueRequiresStatement,factorized,parent_pool,105992,140000,train,22315,audited_v3_bounded,clean_parent_train_minocc100
134503,0.9607288519367719,135021,0.9644288255083893,66333,52533,52481,0.9990101460034645,52481,0,0.9990101460034645,52533,52481,52481,52,140001,518,0.36999735716173454,0.0038512152145305308,valueType,factorized,parent_pool,115352,140001,train,4980,audited_v3_bounded,clean_parent_train_minocc100
28375,0.9400675854757488,28450,0.9425523456135702,29811,23013,22900,0.9950897318906705,22928,28,0.9963064354929823,23013,22900,22928,85,30184,75,0.24847601378213624,0.0026431718061674008,conflictWith,factorized,parent_pool,30178,30184,val,1734,audited_v3_bounded,clean_parent_train_minocc100
66473,0.9709615693606579,66475,0.9709907830735748,68448,68153,66169,0.970889029096298,66169,0,0.970889029096298,68153,66169,66169,1984,68461,2,0.0029213712916843168,3.0087403908353766e-05,distinct,factorized,parent_pool,68455,68461,val,1986,audited_v3_bounded,clean_parent_train_minocc100
20567,0.97868189388532,20621,0.9812514870330716,20958,18691,18689,0.9998929966293938,18689,0,0.9998929966293938,18691,18689,18689,2,21015,54,0.2569593147751606,0.002625565225847231,inverse,factorized,parent_pool,18744,21015,val,394,audited_v3_bounded,clean_parent_train_minocc100
16418,0.5472666666666667,17070,0.569,25259,25004,14743,0.5896256598944168,15328,585,0.613021916493361,25004,14743,15328,9676,30000,652,2.1733333333333333,0.03971251065903277,itemRequiresStatement,factorized,parent_pool,29999,30000,val,12930,audited_v3_bounded,clean_parent_train_minocc100
2025,0.9844433641225085,2043,0.9931939718035975,467,448,432,0.9642857142857143,448,16,1.0,448,432,448,0,2057,18,0.8750607681088964,0.008888888888888889,oneOf,factorized,parent_pool,467,2057,val,14,audited_v3_bounded,clean_parent_train_minocc100
31291,0.8712030514798007,31505,0.8771612328423866,25108,15924,15916,0.9994976136649083,15916,0,0.9994976136649083,15924,15916,15916,8,35917,214,0.5958181362585963,0.00683902719631843,single,factorized,parent_pool,27308,35917,val,4412,audited_v3_bounded,clean_parent_train_minocc100
8853,0.9853088480801335,8875,0.9877573734001113,8982,3078,3078,1.0,3078,0,1.0,3078,3078,3078,0,8985,22,0.24485253199777407,0.0024850333220377274,symmetric,factorized,parent_pool,3080,8985,val,110,audited_v3_bounded,clean_parent_train_minocc100
28653,0.9551,28736,0.9578666666666666,20385,19260,19218,0.9978193146417446,19224,6,0.9981308411214953,19260,19218,19224,36,30000,83,0.27666666666666667,0.0028967298363173142,type,factorized,parent_pool,28711,30000,val,1264,audited_v3_bounded,clean_parent_train_minocc100
24961,0.8320333333333333,25193,0.8397666666666667,16275,13763,10747,0.7808617307273124,10902,155,0.7921238102157959,13763,10747,10902,2861,30000,232,0.7733333333333333,0.009294499419093787,valueRequiresStatement,factorized,parent_pool,22673,30000,val,4807,audited_v3_bounded,clean_parent_train_minocc100
28801,0.9600333333333333,28934,0.9644666666666667,14279,11343,11329,0.9987657586176496,11330,1,0.998853918716389,11343,11329,11330,13,30000,133,0.44333333333333336,0.004617895211971807,valueType,factorized,parent_pool,24795,30000,val,1066,audited_v3_bounded,clean_parent_train_minocc100
855434,0.8953626995881327,860095,0.9002412589425427,594735,321199,312474,0.9728361545334824,313793,1319,0.9769426430343806,312462,303759,305077,7406,955405,4661,0.487855935440991,0.005448696217358674,overall,passive,existing_sample,689433,955405,overall,95310,checked_out_bounded,existing_train_val_minocc100
128026,0.8933126796728906,128759,0.8984272516676435,89158,48117,46829,0.9732319138765925,47018,189,0.9771598395577447,46742,45472,45661,1099,143316,733,0.5114571994752853,0.00572539952822083,overall,passive,existing_sample,103477,143316,test,14557,checked_out_bounded,existing_train_val_minocc100
598857,0.8954482721496937,602110,0.9003123602864325,416325,224774,218664,0.9728171407725092,219606,942,0.9770080169414612,218740,212634,213575,5168,668779,3253,0.48640881367387434,0.005432014654583648,overall,passive,existing_sample,482599,668779,train,66669,checked_out_bounded,existing_train_val_minocc100
128551,0.8970134673086316,129226,0.9017235363896449,89252,48308,46981,0.9725304297424857,47169,188,0.9764221246998427,46980,45653,45841,1139,143310,675,0.47100690810131884,0.005250834299227544,overall,passive,existing_sample,103357,143310,val,14084,checked_out_bounded,existing_train_val_minocc100
94608,0.9403252097165348,94800,0.9422335307915557,98641,55331,55328,0.9999457808461802,55328,0,0.9999457808461802,48770,48770,48770,3,100612,192,0.19083210750208723,0.0020294266869609334,conflictWith,passive,existing_sample,99628,100612,overall,5812,checked_out_bounded,existing_train_val_minocc100
221611,0.9710921615368436,221621,0.9711359812101241,228160,132079,130339,0.9868260662179453,130344,5,0.9868639223495029,131439,129699,129704,1735,228208,10,0.004381967328051602,4.5124113875213773e-05,distinct,passive,existing_sample,228182,228208,overall,6587,checked_out_bounded,existing_train_val_minocc100
68861,0.9786813717826637,69011,0.9808132346043973,70146,7653,6222,0.8130145041160329,6371,149,0.832483993205279,7213,5784,5933,1282,70361,150,0.21318628217336308,0.0021783012154920783,inverse,passive,existing_sample,70361,70361,overall,1350,checked_out_bounded,existing_train_val_minocc100
55114,0.5511455114551146,57171,0.5717157171571716,8741,8616,6963,0.8081476323119777,7148,185,0.8296193129062209,8613,6960,7145,1468,99999,2057,2.057020570205702,0.037322640345465764,itemRequiresStatement,passive,existing_sample,26320,99999,overall,42828,checked_out_bounded,existing_train_val_minocc100
6795,0.9912472647702407,6803,0.9924142961342086,6855,6855,6795,0.9912472647702407,6803,8,0.9924142961342086,6553,6494,6502,52,6855,8,0.11670313639679067,0.001177336276674025,oneOf,passive,existing_sample,6855,6855,overall,52,checked_out_bounded,existing_train_val_minocc100
104515,0.8729734470402513,105193,0.8786365192987146,109733,66142,65808,0.9949502585346678,66131,323,0.9998336911493454,65497,65175,65497,11,119723,678,0.5663072258463286,0.006487107113811415,single,passive,existing_sample,119723,119723,overall,14530,checked_out_bounded,existing_train_val_minocc100
29206,0.9852911409486539,29252,0.9868429930504015,29625,29625,29191,0.9853502109704642,29236,45,0.9868691983122363,29593,29162,29207,389,29642,46,0.15518521017475204,0.0015750188317469012,symmetric,passive,existing_sample,29642,29642,overall,390,checked_out_bounded,existing_train_val_minocc100
95427,0.9542413727588173,95792,0.9578912632621022,2255,901,901,1.0,901,0,1.0,859,859,859,0,100003,365,0.36498905032849016,0.003824913284500194,type,passive,existing_sample,14709,100003,overall,4211,checked_out_bounded,existing_train_val_minocc100
83223,0.8322133557328854,83982,0.8398032039359212,12113,12113,9044,0.7466358457855197,9648,604,0.7964996284983076,12063,8994,9598,2465,100002,759,0.7589848203035939,0.009120074979272558,valueRequiresStatement,passive,existing_sample,58621,100002,overall,16020,checked_out_bounded,existing_train_val_minocc100
96074,0.96074,96470,0.9647,28466,1884,1883,0.9994692144373672,1883,0,0.9994692144373672,1862,1862,1862,1,100000,396,0.396,0.00412182276162125,valueType,passive,existing_sample,35392,100000,overall,3530,checked_out_bounded,existing_train_val_minocc100
14186,0.9399059166501027,14217,0.9419598489365931,14812,8362,8359,0.9996412341545085,8359,0,0.9996412341545085,7324,7324,7324,3,15093,31,0.2053932286490426,0.0021852530664034963,conflictWith,passive,existing_sample,14945,15093,test,876,checked_out_bounded,existing_train_val_minocc100
33226,0.970612292591727,33226,0.970612292591727,34223,19763,19514,0.9874006982745535,19514,0,0.9874006982745535,19646,19397,19397,249,34232,0,0.0,0.0,distinct,passive,existing_sample,34228,34232,test,1006,checked_out_bounded,existing_train_val_minocc100
10380,0.9806329711856401,10402,0.9827113840340104,10547,1135,940,0.8281938325991189,962,22,0.8475770925110132,1075,882,904,173,10585,22,0.20784128483703354,0.002119460500963391,inverse,passive,existing_sample,10585,10585,test,183,checked_out_bounded,existing_train_val_minocc100
8102,0.5401333333333334,8421,0.5614,1282,1267,1027,0.8105761641673244,1047,20,0.8263614838200474,1265,1025,1045,220,15000,319,2.1266666666666665,0.03937299432238953,itemRequiresStatement,passive,existing_sample,3909,15000,test,6579,checked_out_bounded,existing_train_val_minocc100
1010,0.9824902723735408,1018,0.9902723735408561,1028,1028,1010,0.9824902723735408,1018,8,0.9902723735408561,988,971,979,10,1028,8,0.7782101167315175,0.007920792079207921,oneOf,passive,existing_sample,1028,1028,test,10,checked_out_bounded,existing_train_val_minocc100
15608,0.8691391023499276,15707,0.8746519656977392,16399,9908,9855,0.9946507872426322,9900,45,0.9991925716592652,9815,9770,9815,8,17958,99,0.5512863347811561,0.0063429010763710915,single,passive,existing_sample,17958,17958,test,2251,checked_out_bounded,existing_train_val_minocc100
4353,0.985733695652174,4357,0.9866394927536232,4412,4412,4351,0.9861740707162284,4354,3,0.9868540344514959,4406,4348,4351,58,4416,4,0.09057971014492754,0.0009189065012634965,symmetric,passive,existing_sample,4416,4416,test,59,checked_out_bounded,existing_train_val_minocc100
14282,0.9520063991467804,14349,0.9564724703372883,349,143,143,1.0,143,0,1.0,135,135,135,0,15002,67,0.4466071190507932,0.004691219717126453,type,passive,existing_sample,2201,15002,test,653,checked_out_bounded,existing_train_val_minocc100
12483,0.8320335932813437,12605,0.8401653002732786,1828,1828,1360,0.7439824945295405,1451,91,0.7937636761487965,1823,1355,1446,377,15003,122,0.8131706991934946,0.009773291676680285,valueRequiresStatement,passive,existing_sample,8863,15003,test,2398,checked_out_bounded,existing_train_val_minocc100
14396,0.9597973198213214,14457,0.9638642576171744,4278,271,270,0.996309963099631,270,0,0.996309963099631,265,265,265,1,14999,61,0.40669377958530567,0.00423728813559322,valueType,passive,existing_sample,5344,14999,test,542,checked_out_bounded,existing_train_val_minocc100
66210,0.9401223962400784,66341,0.9419824783108751,69023,38610,38610,1.0,38610,0,1.0,34084,34084,34084,0,70427,131,0.18600820707967114,0.0019785530886573025,conflictWith,passive,existing_sample,69730,70427,train,4086,checked_out_bounded,existing_train_val_minocc100
155110,0.9709971641949882,155119,0.9710535046919114,159708,92538,91319,0.9868270332187858,91324,5,0.9868810650759688,92097,90878,90883,1214,159743,9,0.005634049692318286,5.802333827606215e-05,distinct,passive,existing_sample,159724,159743,train,4624,checked_out_bounded,existing_train_val_minocc100
48187,0.978277199179812,48292,0.9804088758958117,49102,5394,4378,0.8116425658138673,4482,104,0.8309232480533927,5072,4056,4160,912,49257,105,0.21316767159997563,0.002179010936559653,inverse,passive,existing_sample,49257,49257,train,965,checked_out_bounded,existing_train_val_minocc100
38643,0.5520349709289867,40078,0.5725346780760275,6177,6080,4928,0.8105263157894737,5064,136,0.8328947368421052,6080,4928,5064,1016,70001,1435,2.0499707147040755,0.03713479802292783,itemRequiresStatement,passive,existing_sample,18482,70001,train,29923,checked_out_bounded,existing_train_val_minocc100
4765,0.9931221342225928,4765,0.9931221342225928,4798,4798,4765,0.9931221342225928,4765,0,0.9931221342225928,4581,4548,4548,33,4798,0,0.0,0.0,oneOf,passive,existing_sample,4798,4798,train,33,checked_out_bounded,existing_train_val_minocc100
73185,0.8732564105623635,73659,0.87891226269882,76834,46161,45932,0.995039102272481,46158,226,0.9999350100734387,45727,45502,45727,3,83807,474,0.5655852136456382,0.006476737036277926,single,passive,existing_sample,83807,83807,train,10148,checked_out_bounded,existing_train_val_minocc100
20431,0.9848638226078573,20462,0.9863581585924319,20733,20733,20419,0.9848550619784884,20450,31,0.9863502628659625,20715,20401,20432,283,20745,31,0.14943359845745963,0.0015173021389065637,symmetric,passive,existing_sample,20745,20745,train,283,checked_out_bounded,existing_train_val_minocc100
66795,0.9542142857142857,67053,0.9579,1579,622,622,1.0,622,0,1.0,595,595,595,0,70000,258,0.36857142857142855,0.0038625645632158097,type,passive,existing_sample,10293,70000,train,2947,checked_out_bounded,existing_train_val_minocc100
58264,0.8323428571428572,58806,0.8400857142857143,8494,8494,6347,0.7472333411820108,6787,440,0.7990346126677654,8456,6309,6749,1707,70000,542,0.7742857142857142,0.009302485239599066,valueRequiresStatement,passive,existing_sample,41037,70000,train,11194,checked_out_bounded,existing_train_val_minocc100
67267,0.9609434150940701,67535,0.9647719318295452,19877,1344,1344,1.0,1344,0,1.0,1333,1333,1333,0,70001,268,0.38285167354752075,0.003984122972631453,valueType,passive,existing_sample,24726,70001,train,2466,checked_out_bounded,existing_train_val_minocc100
14212,0.9416909620991254,14242,0.9436787702093824,14806,8359,8359,1.0,8359,0,1.0,7362,7362,7362,0,15092,30,0.198780811025709,0.0021108922037714607,conflictWith,passive,existing_sample,14953,15092,val,850,checked_out_bounded,existing_train_val_minocc100
33275,0.9720153068676424,33276,0.9720445184471125,34229,19778,19506,0.9862473455354435,19506,0,0.9862473455354435,19696,19424,19424,272,34233,1,0.002921157947010195,3.005259203606311e-05,distinct,passive,existing_sample,34230,34233,val,957,checked_out_bounded,existing_train_val_minocc100
10294,0.97861013404316,10317,0.9807966536743037,10497,1124,904,0.8042704626334519,927,23,0.8247330960854092,1066,846,869,197,10519,23,0.2186519631143645,0.0022343112492714205,inverse,passive,existing_sample,10519,10519,val,202,checked_out_bounded,existing_train_val_minocc100
8369,0.558007734364582,8672,0.5782104280570742,1282,1269,1008,0.7943262411347518,1037,29,0.8171788810086682,1268,1007,1036,232,14998,303,2.0202693692492333,0.03620504241844904,itemRequiresStatement,passive,existing_sample,3929,14998,val,6326,checked_out_bounded,existing_train_val_minocc100
1020,0.9912536443148688,1020,0.9912536443148688,1029,1029,1020,0.9912536443148688,1020,0,0.9912536443148688,984,975,975,9,1029,0,0.0,0.0,oneOf,passive,existing_sample,1029,1029,val,9,checked_out_bounded,existing_train_val_minocc100
15722,0.8754872480231651,15827,0.8813342243011472,16500,10073,10021,0.9948376849002283,10073,52,1.0,9955,9903,9955,0,17958,105,0.5846976277981958,0.006678539626001781,single,passive,existing_sample,17958,17958,val,2131,checked_out_bounded,existing_train_val_minocc100
4422,0.9868332961392546,4433,0.9892881053336309,4480,4480,4421,0.9868303571428572,4432,11,0.9892857142857143,4472,4413,4424,48,4481,11,0.24548091943762554,0.0024875621890547263,symmetric,passive,existing_sample,4481,4481,val,48,checked_out_bounded,existing_train_val_minocc100
14350,0.9566028931404573,14390,0.9592693820411973,327,136,136,1.0,136,0,1.0,129,129,129,0,15001,40,0.26664889007399506,0.0027874564459930314,type,passive,existing_sample,2215,15001,val,611,checked_out_bounded,existing_train_val_minocc100
12476,0.8317887859190612,12571,0.8381225415027669,1791,1791,1337,0.7465103294249023,1410,73,0.7872696817420436,1784,1330,1403,381,14999,95,0.633375558370558,0.007614620070535428,valueRequiresStatement,passive,existing_sample,8721,14999,val,2428,checked_out_bounded,existing_train_val_minocc100
14411,0.9607333333333333,14478,0.9652,4311,269,269,1.0,269,0,1.0,264,264,264,0,15000,67,0.44666666666666666,0.004649226285476372,valueType,passive,existing_sample,5322,15000,val,522,checked_out_bounded,existing_train_val_minocc100
855434,0.8953626995881327,860114,0.9002611457968087,594735,321199,312474,0.9728361545334824,313795,1321,0.9769488697038284,312462,303759,305079,7404,955405,4680,0.4898446208675902,0.00547090716525179,overall,factorized,existing_sample,689433,955405,overall,95291,checked_out_bounded,existing_train_val_minocc100
128026,0.8933126796728906,128778,0.8985598258394039,89158,48117,46829,0.9732319138765925,47020,191,0.977201404908868,46742,45472,45663,1097,143316,752,0.524714616651316,0.005873806882976895,overall,factorized,existing_sample,103477,143316,test,14538,checked_out_bounded,existing_train_val_minocc100
598857,0.8954482721496937,602110,0.9003123602864325,416325,224774,218664,0.9728171407725092,219606,942,0.9770080169414612,218740,212634,213575,5168,668779,3253,0.48640881367387434,0.005432014654583648,overall,factorized,existing_sample,482599,668779,train,66669,checked_out_bounded,existing_train_val_minocc100
128551,0.8970134673086316,129226,0.9017235363896449,89252,48308,46981,0.9725304297424857,47169,188,0.9764221246998427,46980,45653,45841,1139,143310,675,0.47100690810131884,0.005250834299227544,overall,factorized,existing_sample,103357,143310,val,14084,checked_out_bounded,existing_train_val_minocc100
94608,0.9403252097165348,94800,0.9422335307915557,98641,55331,55328,0.9999457808461802,55328,0,0.9999457808461802,48770,48770,48770,3,100612,192,0.19083210750208723,0.0020294266869609334,conflictWith,factorized,existing_sample,99628,100612,overall,5812,checked_out_bounded,existing_train_val_minocc100
221611,0.9710921615368436,221621,0.9711359812101241,228160,132079,130339,0.9868260662179453,130344,5,0.9868639223495029,131439,129699,129704,1735,228208,10,0.004381967328051602,4.5124113875213773e-05,distinct,factorized,existing_sample,228182,228208,overall,6587,checked_out_bounded,existing_train_val_minocc100
68861,0.9786813717826637,69011,0.9808132346043973,70146,7653,6222,0.8130145041160329,6371,149,0.832483993205279,7213,5784,5933,1282,70361,150,0.21318628217336308,0.0021783012154920783,inverse,factorized,existing_sample,70361,70361,overall,1350,checked_out_bounded,existing_train_val_minocc100
55114,0.5511455114551146,57183,0.5718357183571836,8741,8616,6963,0.8081476323119777,7148,185,0.8296193129062209,8613,6960,7145,1468,99999,2069,2.069020690206902,0.03754037086765613,itemRequiresStatement,factorized,existing_sample,26320,99999,overall,42816,checked_out_bounded,existing_train_val_minocc100
6795,0.9912472647702407,6803,0.9924142961342086,6855,6855,6795,0.9912472647702407,6803,8,0.9924142961342086,6553,6494,6502,52,6855,8,0.11670313639679067,0.001177336276674025,oneOf,factorized,existing_sample,6855,6855,overall,52,checked_out_bounded,existing_train_val_minocc100
104515,0.8729734470402513,105193,0.8786365192987146,109733,66142,65808,0.9949502585346678,66131,323,0.9998336911493454,65497,65175,65497,11,119723,678,0.5663072258463286,0.006487107113811415,single,factorized,existing_sample,119723,119723,overall,14530,checked_out_bounded,existing_train_val_minocc100
29206,0.9852911409486539,29252,0.9868429930504015,29625,29625,29191,0.9853502109704642,29236,45,0.9868691983122363,29593,29162,29207,389,29642,46,0.15518521017475204,0.0015750188317469012,symmetric,factorized,existing_sample,29642,29642,overall,390,checked_out_bounded,existing_train_val_minocc100
95427,0.9542413727588173,95795,0.9579212623621292,2255,901,901,1.0,901,0,1.0,859,859,859,0,100003,368,0.36798896033119005,0.003856350927934442,type,factorized,existing_sample,14709,100003,overall,4208,checked_out_bounded,existing_train_val_minocc100
83223,0.8322133557328854,83984,0.8398232035359293,12113,12113,9044,0.7466358457855197,9650,606,0.796664740361595,12063,8994,9600,2463,100002,761,0.7609847803043939,0.009144106797399758,valueRequiresStatement,factorized,existing_sample,58621,100002,overall,16018,checked_out_bounded,existing_train_val_minocc100
96074,0.96074,96472,0.96472,28466,1884,1883,0.9994692144373672,1883,0,0.9994692144373672,1862,1862,1862,1,100000,398,0.398,0.004142640048296105,valueType,factorized,existing_sample,35392,100000,overall,3528,checked_out_bounded,existing_train_val_minocc100
14186,0.9399059166501027,14217,0.9419598489365931,14812,8362,8359,0.9996412341545085,8359,0,0.9996412341545085,7324,7324,7324,3,15093,31,0.2053932286490426,0.0021852530664034963,conflictWith,factorized,existing_sample,14945,15093,test,876,checked_out_bounded,existing_train_val_minocc100
33226,0.970612292591727,33226,0.970612292591727,34223,19763,19514,0.9874006982745535,19514,0,0.9874006982745535,19646,19397,19397,249,34232,0,0.0,0.0,distinct,factorized,existing_sample,34228,34232,test,1006,checked_out_bounded,existing_train_val_minocc100
10380,0.9806329711856401,10402,0.9827113840340104,10547,1135,940,0.8281938325991189,962,22,0.8475770925110132,1075,882,904,173,10585,22,0.20784128483703354,0.002119460500963391,inverse,factorized,existing_sample,10585,10585,test,183,checked_out_bounded,existing_train_val_minocc100
8102,0.5401333333333334,8433,0.5622,1282,1267,1027,0.8105761641673244,1047,20,0.8263614838200474,1265,1025,1045,220,15000,331,2.2066666666666666,0.040854110096272524,itemRequiresStatement,factorized,existing_sample,3909,15000,test,6567,checked_out_bounded,existing_train_val_minocc100
1010,0.9824902723735408,1018,0.9902723735408561,1028,1028,1010,0.9824902723735408,1018,8,0.9902723735408561,988,971,979,10,1028,8,0.7782101167315175,0.007920792079207921,oneOf,factorized,existing_sample,1028,1028,test,10,checked_out_bounded,existing_train_val_minocc100
15608,0.8691391023499276,15707,0.8746519656977392,16399,9908,9855,0.9946507872426322,9900,45,0.9991925716592652,9815,9770,9815,8,17958,99,0.5512863347811561,0.0063429010763710915,single,factorized,existing_sample,17958,17958,test,2251,checked_out_bounded,existing_train_val_minocc100
4353,0.985733695652174,4357,0.9866394927536232,4412,4412,4351,0.9861740707162284,4354,3,0.9868540344514959,4406,4348,4351,58,4416,4,0.09057971014492754,0.0009189065012634965,symmetric,factorized,existing_sample,4416,4416,test,59,checked_out_bounded,existing_train_val_minocc100
14282,0.9520063991467804,14352,0.9566724436741768,349,143,143,1.0,143,0,1.0,135,135,135,0,15002,70,0.4666044527396347,0.004901274331326145,type,factorized,existing_sample,2201,15002,test,650,checked_out_bounded,existing_train_val_minocc100
12483,0.8320335932813437,12607,0.8402986069452776,1828,1828,1360,0.7439824945295405,1453,93,0.7948577680525164,1823,1355,1448,375,15003,124,0.826501366393388,0.009933509573019306,valueRequiresStatement,factorized,existing_sample,8863,15003,test,2396,checked_out_bounded,existing_train_val_minocc100
14396,0.9597973198213214,14459,0.9639975998399893,4278,271,270,0.996309963099631,270,0,0.996309963099631,265,265,265,1,14999,63,0.4200280018667911,0.0043762156154487355,valueType,factorized,existing_sample,5344,14999,test,540,checked_out_bounded,existing_train_val_minocc100
66210,0.9401223962400784,66341,0.9419824783108751,69023,38610,38610,1.0,38610,0,1.0,34084,34084,34084,0,70427,131,0.18600820707967114,0.0019785530886573025,conflictWith,factorized,existing_sample,69730,70427,train,4086,checked_out_bounded,existing_train_val_minocc100
155110,0.9709971641949882,155119,0.9710535046919114,159708,92538,91319,0.9868270332187858,91324,5,0.9868810650759688,92097,90878,90883,1214,159743,9,0.005634049692318286,5.802333827606215e-05,distinct,factorized,existing_sample,159724,159743,train,4624,checked_out_bounded,existing_train_val_minocc100
48187,0.978277199179812,48292,0.9804088758958117,49102,5394,4378,0.8116425658138673,4482,104,0.8309232480533927,5072,4056,4160,912,49257,105,0.21316767159997563,0.002179010936559653,inverse,factorized,existing_sample,49257,49257,train,965,checked_out_bounded,existing_train_val_minocc100
38643,0.5520349709289867,40078,0.5725346780760275,6177,6080,4928,0.8105263157894737,5064,136,0.8328947368421052,6080,4928,5064,1016,70001,1435,2.0499707147040755,0.03713479802292783,itemRequiresStatement,factorized,existing_sample,18482,70001,train,29923,checked_out_bounded,existing_train_val_minocc100
4765,0.9931221342225928,4765,0.9931221342225928,4798,4798,4765,0.9931221342225928,4765,0,0.9931221342225928,4581,4548,4548,33,4798,0,0.0,0.0,oneOf,factorized,existing_sample,4798,4798,train,33,checked_out_bounded,existing_train_val_minocc100
73185,0.8732564105623635,73659,0.87891226269882,76834,46161,45932,0.995039102272481,46158,226,0.9999350100734387,45727,45502,45727,3,83807,474,0.5655852136456382,0.006476737036277926,single,factorized,existing_sample,83807,83807,train,10148,checked_out_bounded,existing_train_val_minocc100
20431,0.9848638226078573,20462,0.9863581585924319,20733,20733,20419,0.9848550619784884,20450,31,0.9863502628659625,20715,20401,20432,283,20745,31,0.14943359845745963,0.0015173021389065637,symmetric,factorized,existing_sample,20745,20745,train,283,checked_out_bounded,existing_train_val_minocc100
66795,0.9542142857142857,67053,0.9579,1579,622,622,1.0,622,0,1.0,595,595,595,0,70000,258,0.36857142857142855,0.0038625645632158097,type,factorized,existing_sample,10293,70000,train,2947,checked_out_bounded,existing_train_val_minocc100
58264,0.8323428571428572,58806,0.8400857142857143,8494,8494,6347,0.7472333411820108,6787,440,0.7990346126677654,8456,6309,6749,1707,70000,542,0.7742857142857142,0.009302485239599066,valueRequiresStatement,factorized,existing_sample,41037,70000,train,11194,checked_out_bounded,existing_train_val_minocc100
67267,0.9609434150940701,67535,0.9647719318295452,19877,1344,1344,1.0,1344,0,1.0,1333,1333,1333,0,70001,268,0.38285167354752075,0.003984122972631453,valueType,factorized,existing_sample,24726,70001,train,2466,checked_out_bounded,existing_train_val_minocc100
14212,0.9416909620991254,14242,0.9436787702093824,14806,8359,8359,1.0,8359,0,1.0,7362,7362,7362,0,15092,30,0.198780811025709,0.0021108922037714607,conflictWith,factorized,existing_sample,14953,15092,val,850,checked_out_bounded,existing_train_val_minocc100
33275,0.9720153068676424,33276,0.9720445184471125,34229,19778,19506,0.9862473455354435,19506,0,0.9862473455354435,19696,19424,19424,272,34233,1,0.002921157947010195,3.005259203606311e-05,distinct,factorized,existing_sample,34230,34233,val,957,checked_out_bounded,existing_train_val_minocc100
10294,0.97861013404316,10317,0.9807966536743037,10497,1124,904,0.8042704626334519,927,23,0.8247330960854092,1066,846,869,197,10519,23,0.2186519631143645,0.0022343112492714205,inverse,factorized,existing_sample,10519,10519,val,202,checked_out_bounded,existing_train_val_minocc100
8369,0.558007734364582,8672,0.5782104280570742,1282,1269,1008,0.7943262411347518,1037,29,0.8171788810086682,1268,1007,1036,232,14998,303,2.0202693692492333,0.03620504241844904,itemRequiresStatement,factorized,existing_sample,3929,14998,val,6326,checked_out_bounded,existing_train_val_minocc100
1020,0.9912536443148688,1020,0.9912536443148688,1029,1029,1020,0.9912536443148688,1020,0,0.9912536443148688,984,975,975,9,1029,0,0.0,0.0,oneOf,factorized,existing_sample,1029,1029,val,9,checked_out_bounded,existing_train_val_minocc100
15722,0.8754872480231651,15827,0.8813342243011472,16500,10073,10021,0.9948376849002283,10073,52,1.0,9955,9903,9955,0,17958,105,0.5846976277981958,0.006678539626001781,single,factorized,existing_sample,17958,17958,val,2131,checked_out_bounded,existing_train_val_minocc100
4422,0.9868332961392546,4433,0.9892881053336309,4480,4480,4421,0.9868303571428572,4432,11,0.9892857142857143,4472,4413,4424,48,4481,11,0.24548091943762554,0.0024875621890547263,symmetric,factorized,existing_sample,4481,4481,val,48,checked_out_bounded,existing_train_val_minocc100
14350,0.9566028931404573,14390,0.9592693820411973,327,136,136,1.0,136,0,1.0,129,129,129,0,15001,40,0.26664889007399506,0.0027874564459930314,type,factorized,existing_sample,2215,15001,val,611,checked_out_bounded,existing_train_val_minocc100
12476,0.8317887859190612,12571,0.8381225415027669,1791,1791,1337,0.7465103294249023,1410,73,0.7872696817420436,1784,1330,1403,381,14999,95,0.633375558370558,0.007614620070535428,valueRequiresStatement,factorized,existing_sample,8721,14999,val,2428,checked_out_bounded,existing_train_val_minocc100
14411,0.9607333333333333,14478,0.9652,4311,269,269,1.0,269,0,1.0,264,264,264,0,15000,67,0.44666666666666666,0.004649226285476372,valueType,factorized,existing_sample,5322,15000,val,522,checked_out_bounded,existing_train_val_minocc100
855320,0.8952433784625369,860002,0.9001439180242934,594735,321199,312447,0.9727520944959356,313776,1329,0.9768897163440733,312462,303739,305067,7423,955405,4682,0.4900539561756533,0.00547397465276154,overall,passive,existing_sample,689433,955405,overall,95403,checked_out_bounded,clean_parent_train_minocc100
128141,0.8941151022914399,128855,0.8990971001144324,89158,48117,46842,0.973502088658894,47026,184,0.9773261009622379,46742,45484,45668,1091,143316,714,0.49819978229925477,0.005571987107951397,overall,passive,existing_sample,103477,143316,test,14461,checked_out_bounded,clean_parent_train_minocc100
598857,0.8954482721496937,602110,0.9003123602864325,416325,224774,218664,0.9728171407725092,219606,942,0.9770080169414612,218740,212634,213575,5168,668779,3253,0.48640881367387434,0.005432014654583648,overall,passive,existing_sample,482599,668779,train,66669,checked_out_bounded,clean_parent_train_minocc100
128322,0.8954155327611472,129037,0.9004047170469611,89252,48308,46941,0.9717024095387927,47144,203,0.9759046120725345,46980,45621,45824,1164,143310,715,0.49891842858139696,0.005571920637147176,overall,passive,existing_sample,103357,143310,val,14273,checked_out_bounded,clean_parent_train_minocc100
94599,0.9402357571661432,94796,0.9421937741024927,98641,55331,55328,0.9999457808461802,55328,0,0.9999457808461802,48770,48770,48770,3,100612,197,0.1958016936349541,0.0020824744447615726,conflictWith,passive,existing_sample,99628,100612,overall,5816,checked_out_bounded,clean_parent_train_minocc100
221609,0.9710833976021874,221619,0.971127217275468,228160,132079,130338,0.9868184949916338,130343,5,0.9868563511231915,131439,129698,129703,1736,228208,10,0.004381967328051602,4.512452111601966e-05,distinct,passive,existing_sample,228182,228208,overall,6589,checked_out_bounded,clean_parent_train_minocc100
68855,0.9785960972697944,69007,0.9807563849291511,70146,7653,6216,0.8122304978439827,6367,151,0.8319613223572455,7213,5780,5931,1286,70361,152,0.2160287659356746,0.0022075375789703,inverse,passive,existing_sample,70361,70361,overall,1354,checked_out_bounded,clean_parent_train_minocc100
55073,0.5507355073550736,57130,0.5713057130571306,8741,8616,6961,0.8079155060352832,7146,185,0.8293871866295265,8613,6959,7144,1470,99999,2057,2.057020570205702,0.037350425798485645,itemRequiresStatement,passive,existing_sample,26320,99999,overall,42869,checked_out_bounded,clean_parent_train_minocc100
6790,0.9905178701677607,6803,0.9924142961342086,6855,6855,6790,0.9905178701677607,6803,13,0.9924142961342086,6553,6489,6502,52,6855,13,0.18964259664478483,0.001914580265095729,oneOf,passive,existing_sample,6855,6855,overall,52,checked_out_bounded,clean_parent_train_minocc100
104488,0.8727479264635868,105168,0.8784277039499512,109733,66142,65804,0.9948897825889752,66128,324,0.9997883341900758,65497,65174,65497,14,119723,680,0.5679777486364358,0.006507924354949851,single,passive,existing_sample,119723,119723,overall,14555,checked_out_bounded,clean_parent_train_minocc100
29204,0.9852236691181432,29251,0.9868092571351461,29625,29625,29189,0.9852827004219409,29235,46,0.9868354430379747,29593,29160,29206,390,29642,47,0.15855880170029013,0.0016093685796466238,symmetric,passive,existing_sample,29642,29642,overall,391,checked_out_bounded,clean_parent_train_minocc100
95422,0.9541913742587722,95790,0.9578712638620841,2255,901,901,1.0,901,0,1.0,859,859,859,0,100003,368,0.36798896033119005,0.0038565529961644067,type,passive,existing_sample,14709,100003,overall,4213,checked_out_bounded,clean_parent_train_minocc100
83205,0.8320333593328133,83969,0.8396732065358693,12113,12113,9038,0.7461405101956575,9642,604,0.7960042929084454,12063,8989,9593,2471,100002,764,0.7639847203055938,0.009182140496364401,valueRequiresStatement,passive,existing_sample,58621,100002,overall,16033,checked_out_bounded,clean_parent_train_minocc100
96075,0.96075,96469,0.96469,28466,1884,1882,0.9989384288747346,1883,1,0.9994692144373672,1862,1861,1862,1,100000,394,0.394,0.00410096278948738,valueType,passive,existing_sample,35392,100000,overall,3531,checked_out_bounded,clean_parent_train_minocc100
14187,0.9399721725303121,14218,0.9420261048168025,14812,8362,8359,0.9996412341545085,8359,0,0.9996412341545085,7324,7324,7324,3,15093,31,0.2053932286490426,0.002185099034327201,conflictWith,passive,existing_sample,14945,15093,test,875,checked_out_bounded,clean_parent_train_minocc100
33226,0.970612292591727,33226,0.970612292591727,34223,19763,19514,0.9874006982745535,19514,0,0.9874006982745535,19646,19397,19397,249,34232,0,0.0,0.0,distinct,passive,existing_sample,34228,34232,test,1006,checked_out_bounded,clean_parent_train_minocc100
10381,0.9807274444969296,10403,0.9828058573452999,10547,1135,941,0.8290748898678414,963,22,0.8484581497797357,1075,883,905,172,10585,22,0.20784128483703354,0.0021192563336865427,inverse,passive,existing_sample,10585,10585,test,182,checked_out_bounded,clean_parent_train_minocc100
8165,0.5443333333333333,8477,0.5651333333333334,1282,1267,1026,0.8097868981846882,1046,20,0.8255722178374112,1265,1025,1045,221,15000,312,2.08,0.03821187997550521,itemRequiresStatement,passive,existing_sample,3909,15000,test,6523,checked_out_bounded,clean_parent_train_minocc100
1014,0.9863813229571985,1018,0.9902723735408561,1028,1028,1014,0.9863813229571985,1018,4,0.9902723735408561,988,975,979,10,1028,4,0.38910505836575876,0.0039447731755424065,oneOf,passive,existing_sample,1028,1028,test,10,checked_out_bounded,clean_parent_train_minocc100
15615,0.8695289007684598,15713,0.8749860786279096,16399,9908,9857,0.994852644327816,9902,45,0.999394428744449,9815,9770,9815,6,17958,98,0.5457177859449828,0.00627601665065642,single,passive,existing_sample,17958,17958,test,2245,checked_out_bounded,clean_parent_train_minocc100
4354,0.9859601449275363,4358,0.9868659420289855,4412,4412,4352,0.986400725294651,4355,3,0.9870806890299184,4406,4349,4352,57,4416,4,0.09057971014492754,0.0009186954524575103,symmetric,passive,existing_sample,4416,4416,test,58,checked_out_bounded,clean_parent_train_minocc100
14293,0.9527396347153713,14359,0.9571390481269164,349,143,143,1.0,143,0,1.0,135,135,135,0,15002,66,0.4399413411545127,0.004617645001049464,type,passive,existing_sample,2201,15002,test,643,checked_out_bounded,clean_parent_train_minocc100
12499,0.8331000466573352,12619,0.8410984469772712,1828,1828,1366,0.7472647702407003,1456,90,0.7964989059080962,1823,1361,1451,372,15003,120,0.7998400319936013,0.009600768061444916,valueRequiresStatement,passive,existing_sample,8863,15003,test,2384,checked_out_bounded,clean_parent_train_minocc100
14407,0.9605307020468031,14464,0.9643309553970265,4278,271,270,0.996309963099631,270,0,0.996309963099631,265,265,265,1,14999,57,0.3800253350223348,0.003956410078434095,valueType,passive,existing_sample,5344,14999,test,535,checked_out_bounded,clean_parent_train_minocc100
66210,0.9401223962400784,66341,0.9419824783108751,69023,38610,38610,1.0,38610,0,1.0,34084,34084,34084,0,70427,131,0.18600820707967114,0.0019785530886573025,conflictWith,passive,existing_sample,69730,70427,train,4086,checked_out_bounded,clean_parent_train_minocc100
155110,0.9709971641949882,155119,0.9710535046919114,159708,92538,91319,0.9868270332187858,91324,5,0.9868810650759688,92097,90878,90883,1214,159743,9,0.005634049692318286,5.802333827606215e-05,distinct,passive,existing_sample,159724,159743,train,4624,checked_out_bounded,clean_parent_train_minocc100
48187,0.978277199179812,48292,0.9804088758958117,49102,5394,4378,0.8116425658138673,4482,104,0.8309232480533927,5072,4056,4160,912,49257,105,0.21316767159997563,0.002179010936559653,inverse,passive,existing_sample,49257,49257,train,965,checked_out_bounded,clean_parent_train_minocc100
38643,0.5520349709289867,40078,0.5725346780760275,6177,6080,4928,0.8105263157894737,5064,136,0.8328947368421052,6080,4928,5064,1016,70001,1435,2.0499707147040755,0.03713479802292783,itemRequiresStatement,passive,existing_sample,18482,70001,train,29923,checked_out_bounded,clean_parent_train_minocc100
4765,0.9931221342225928,4765,0.9931221342225928,4798,4798,4765,0.9931221342225928,4765,0,0.9931221342225928,4581,4548,4548,33,4798,0,0.0,0.0,oneOf,passive,existing_sample,4798,4798,train,33,checked_out_bounded,clean_parent_train_minocc100
73185,0.8732564105623635,73659,0.87891226269882,76834,46161,45932,0.995039102272481,46158,226,0.9999350100734387,45727,45502,45727,3,83807,474,0.5655852136456382,0.006476737036277926,single,passive,existing_sample,83807,83807,train,10148,checked_out_bounded,clean_parent_train_minocc100
20431,0.9848638226078573,20462,0.9863581585924319,20733,20733,20419,0.9848550619784884,20450,31,0.9863502628659625,20715,20401,20432,283,20745,31,0.14943359845745963,0.0015173021389065637,symmetric,passive,existing_sample,20745,20745,train,283,checked_out_bounded,clean_parent_train_minocc100
66795,0.9542142857142857,67053,0.9579,1579,622,622,1.0,622,0,1.0,595,595,595,0,70000,258,0.36857142857142855,0.0038625645632158097,type,passive,existing_sample,10293,70000,train,2947,checked_out_bounded,clean_parent_train_minocc100
58264,0.8323428571428572,58806,0.8400857142857143,8494,8494,6347,0.7472333411820108,6787,440,0.7990346126677654,8456,6309,6749,1707,70000,542,0.7742857142857142,0.009302485239599066,valueRequiresStatement,passive,existing_sample,41037,70000,train,11194,checked_out_bounded,clean_parent_train_minocc100
67267,0.9609434150940701,67535,0.9647719318295452,19877,1344,1344,1.0,1344,0,1.0,1333,1333,1333,0,70001,268,0.38285167354752075,0.003984122972631453,valueType,passive,existing_sample,24726,70001,train,2466,checked_out_bounded,clean_parent_train_minocc100
14202,0.9410283593957063,14237,0.943347468857673,14806,8359,8359,1.0,8359,0,1.0,7362,7362,7362,0,15092,35,0.23191094619666047,0.0024644416279397266,conflictWith,passive,existing_sample,14953,15092,val,855,checked_out_bounded,clean_parent_train_minocc100
33273,0.9719568837087021,33274,0.9719860952881723,34229,19778,19505,0.9861967843057943,19505,0,0.9861967843057943,19696,19423,19423,273,34233,1,0.002921157947010195,3.00543984612148e-05,distinct,passive,existing_sample,34230,34233,val,959,checked_out_bounded,clean_parent_train_minocc100
10287,0.9779446715467249,10312,0.9803213233197072,10497,1124,897,0.7980427046263345,922,25,0.8202846975088968,1066,841,866,202,10519,25,0.23766517729822226,0.002430251774083795,inverse,passive,existing_sample,10519,10519,val,207,checked_out_bounded,clean_parent_train_minocc100
8265,0.5510734764635284,8575,0.5717428990532071,1282,1269,1007,0.793538219070134,1036,29,0.8163908589440504,1268,1006,1035,233,14998,310,2.0669422589678623,0.03750756200846945,itemRequiresStatement,passive,existing_sample,3929,14998,val,6423,checked_out_bounded,clean_parent_train_minocc100
1011,0.9825072886297376,1020,0.9912536443148688,1029,1029,1011,0.9825072886297376,1020,9,0.9912536443148688,984,966,975,9,1029,9,0.8746355685131195,0.008902077151335312,oneOf,passive,existing_sample,1029,1029,val,9,checked_out_bounded,clean_parent_train_minocc100
15688,0.8735939414188663,15796,0.8796079741619334,16500,10073,10015,0.994242033157947,10068,53,0.9995036235480989,9955,9902,9955,5,17958,108,0.6014032743067157,0.006884242733299337,single,passive,existing_sample,17958,17958,val,2162,checked_out_bounded,clean_parent_train_minocc100
4419,0.9861638027226065,4431,0.9888417763891988,4480,4480,4418,0.9861607142857143,4430,12,0.9888392857142857,4472,4410,4422,50,4481,12,0.2677973666592279,0.0027155465037338763,symmetric,passive,existing_sample,4481,4481,val,50,checked_out_bounded,clean_parent_train_minocc100
14334,0.9555362975801613,14378,0.9584694353709753,327,136,136,1.0,136,0,1.0,129,129,129,0,15001,44,0.29331377908139455,0.0030696246686200642,type,passive,existing_sample,2215,15001,val,623,checked_out_bounded,clean_parent_train_minocc100
12442,0.8295219681312087,12544,0.8363224214947663,1791,1791,1325,0.7398101619207147,1399,74,0.7811278615298716,1784,1319,1393,392,14999,102,0.680045336355757,0.008198038900498313,valueRequiresStatement,passive,existing_sample,8721,14999,val,2455,checked_out_bounded,clean_parent_train_minocc100
14401,0.9600666666666666,14470,0.9646666666666667,4311,269,268,0.9962825278810409,269,1,1.0,264,263,264,0,15000,69,0.46,0.0047913339351433925,valueType,passive,existing_sample,5322,15000,val,530,checked_out_bounded,clean_parent_train_minocc100
855320,0.8952433784625369,860036,0.9001795050266641,594735,321199,312447,0.9727520944959356,313783,1336,0.976911509687141,312462,303739,305074,7416,955405,4716,0.4936126564127255,0.005513725856989197,overall,factorized,existing_sample,689433,955405,overall,95369,checked_out_bounded,clean_parent_train_minocc100
128141,0.8941151022914399,128871,0.8992087415222306,89158,48117,46842,0.973502088658894,47028,186,0.9773676663133611,46742,45484,45670,1089,143316,730,0.5093639230790701,0.0056968495641519885,overall,factorized,existing_sample,103477,143316,test,14445,checked_out_bounded,clean_parent_train_minocc100
598857,0.8954482721496937,602110,0.9003123602864325,416325,224774,218664,0.9728171407725092,219606,942,0.9770080169414612,218740,212634,213575,5168,668779,3253,0.48640881367387434,0.005432014654583648,overall,factorized,existing_sample,482599,668779,train,66669,checked_out_bounded,clean_parent_train_minocc100
128322,0.8954155327611472,129055,0.9005303188891215,89252,48308,46941,0.9717024095387927,47149,208,0.9760081145979962,46980,45621,45829,1159,143310,733,0.5114786127974321,0.005712192765075358,overall,factorized,existing_sample,103357,143310,val,14255,checked_out_bounded,clean_parent_train_minocc100
94599,0.9402357571661432,94796,0.9421937741024927,98641,55331,55328,0.9999457808461802,55328,0,0.9999457808461802,48770,48770,48770,3,100612,197,0.1958016936349541,0.0020824744447615726,conflictWith,factorized,existing_sample,99628,100612,overall,5816,checked_out_bounded,clean_parent_train_minocc100
221609,0.9710833976021874,221619,0.971127217275468,228160,132079,130338,0.9868184949916338,130343,5,0.9868563511231915,131439,129698,129703,1736,228208,10,0.004381967328051602,4.512452111601966e-05,distinct,factorized,existing_sample,228182,228208,overall,6589,checked_out_bounded,clean_parent_train_minocc100
68855,0.9785960972697944,69009,0.9807848097667742,70146,7653,6216,0.8122304978439827,6369,153,0.8322226577812623,7213,5780,5933,1284,70361,154,0.2188712496979861,0.0022365841260620144,inverse,factorized,existing_sample,70361,70361,overall,1352,checked_out_bounded,clean_parent_train_minocc100
55073,0.5507355073550736,57153,0.5715357153571535,8741,8616,6961,0.8079155060352832,7146,185,0.8293871866295265,8613,6959,7144,1470,99999,2080,2.0800208002080023,0.03776805331105987,itemRequiresStatement,factorized,existing_sample,26320,99999,overall,42846,checked_out_bounded,clean_parent_train_minocc100
6790,0.9905178701677607,6803,0.9924142961342086,6855,6855,6790,0.9905178701677607,6803,13,0.9924142961342086,6553,6489,6502,52,6855,13,0.18964259664478483,0.001914580265095729,oneOf,factorized,existing_sample,6855,6855,overall,52,checked_out_bounded,clean_parent_train_minocc100
104488,0.8727479264635868,105170,0.8784444091778522,109733,66142,65804,0.9948897825889752,66128,324,0.9997883341900758,65497,65174,65497,14,119723,682,0.569648271426543,0.006527065308934998,single,factorized,existing_sample,119723,119723,overall,14553,checked_out_bounded,clean_parent_train_minocc100
29204,0.9852236691181432,29251,0.9868092571351461,29625,29625,29189,0.9852827004219409,29235,46,0.9868354430379747,29593,29160,29206,390,29642,47,0.15855880170029013,0.0016093685796466238,symmetric,factorized,existing_sample,29642,29642,overall,391,checked_out_bounded,clean_parent_train_minocc100
95422,0.9541913742587722,95791,0.9578812635620931,2255,901,901,1.0,901,0,1.0,859,859,859,0,100003,369,0.36898893033209,0.00386703275974094,type,factorized,existing_sample,14709,100003,overall,4212,checked_out_bounded,clean_parent_train_minocc100
83205,0.8320333593328133,83974,0.8397232055358893,12113,12113,9038,0.7461405101956575,9647,609,0.7964170725666639,12063,8989,9598,2466,100002,769,0.7689846203075938,0.009242233038879876,valueRequiresStatement,factorized,existing_sample,58621,100002,overall,16028,checked_out_bounded,clean_parent_train_minocc100
96075,0.96075,96470,0.9647,28466,1884,1882,0.9989384288747346,1883,1,0.9994692144373672,1862,1861,1862,1,100000,395,0.395,0.004111371324486079,valueType,factorized,existing_sample,35392,100000,overall,3530,checked_out_bounded,clean_parent_train_minocc100
14187,0.9399721725303121,14218,0.9420261048168025,14812,8362,8359,0.9996412341545085,8359,0,0.9996412341545085,7324,7324,7324,3,15093,31,0.2053932286490426,0.002185099034327201,conflictWith,factorized,existing_sample,14945,15093,test,875,checked_out_bounded,clean_parent_train_minocc100
33226,0.970612292591727,33226,0.970612292591727,34223,19763,19514,0.9874006982745535,19514,0,0.9874006982745535,19646,19397,19397,249,34232,0,0.0,0.0,distinct,factorized,existing_sample,34228,34232,test,1006,checked_out_bounded,clean_parent_train_minocc100
10381,0.9807274444969296,10403,0.9828058573452999,10547,1135,941,0.8290748898678414,963,22,0.8484581497797357,1075,883,905,172,10585,22,0.20784128483703354,0.0021192563336865427,inverse,factorized,existing_sample,10585,10585,test,182,checked_out_bounded,clean_parent_train_minocc100
8165,0.5443333333333333,8488,0.5658666666666666,1282,1267,1026,0.8097868981846882,1046,20,0.8255722178374112,1265,1025,1045,221,15000,323,2.1533333333333333,0.03955909369259032,itemRequiresStatement,factorized,existing_sample,3909,15000,test,6512,checked_out_bounded,clean_parent_train_minocc100
1014,0.9863813229571985,1018,0.9902723735408561,1028,1028,1014,0.9863813229571985,1018,4,0.9902723735408561,988,975,979,10,1028,4,0.38910505836575876,0.0039447731755424065,oneOf,factorized,existing_sample,1028,1028,test,10,checked_out_bounded,clean_parent_train_minocc100
15615,0.8695289007684598,15714,0.8750417641162713,16399,9908,9857,0.994852644327816,9902,45,0.999394428744449,9815,9770,9815,6,17958,99,0.5512863347811561,0.006340057636887608,single,factorized,existing_sample,17958,17958,test,2244,checked_out_bounded,clean_parent_train_minocc100
4354,0.9859601449275363,4358,0.9868659420289855,4412,4412,4352,0.986400725294651,4355,3,0.9870806890299184,4406,4349,4352,57,4416,4,0.09057971014492754,0.0009186954524575103,symmetric,factorized,existing_sample,4416,4416,test,58,checked_out_bounded,clean_parent_train_minocc100
14293,0.9527396347153713,14360,0.9572057059058792,349,143,143,1.0,143,0,1.0,135,135,135,0,15002,67,0.4466071190507932,0.004687609319247184,type,factorized,existing_sample,2201,15002,test,642,checked_out_bounded,clean_parent_train_minocc100
12499,0.8331000466573352,12621,0.8412317536492702,1828,1828,1366,0.7472647702407003,1458,92,0.7975929978118161,1823,1361,1453,370,15003,122,0.8131706991934946,0.009760780862468997,valueRequiresStatement,factorized,existing_sample,8863,15003,test,2382,checked_out_bounded,clean_parent_train_minocc100
14407,0.9605307020468031,14465,0.9643976265084339,4278,271,270,0.996309963099631,270,0,0.996309963099631,265,265,265,1,14999,58,0.3866924461630775,0.004025820781564517,valueType,factorized,existing_sample,5344,14999,test,534,checked_out_bounded,clean_parent_train_minocc100
66210,0.9401223962400784,66341,0.9419824783108751,69023,38610,38610,1.0,38610,0,1.0,34084,34084,34084,0,70427,131,0.18600820707967114,0.0019785530886573025,conflictWith,factorized,existing_sample,69730,70427,train,4086,checked_out_bounded,clean_parent_train_minocc100
155110,0.9709971641949882,155119,0.9710535046919114,159708,92538,91319,0.9868270332187858,91324,5,0.9868810650759688,92097,90878,90883,1214,159743,9,0.005634049692318286,5.802333827606215e-05,distinct,factorized,existing_sample,159724,159743,train,4624,checked_out_bounded,clean_parent_train_minocc100
48187,0.978277199179812,48292,0.9804088758958117,49102,5394,4378,0.8116425658138673,4482,104,0.8309232480533927,5072,4056,4160,912,49257,105,0.21316767159997563,0.002179010936559653,inverse,factorized,existing_sample,49257,49257,train,965,checked_out_bounded,clean_parent_train_minocc100
38643,0.5520349709289867,40078,0.5725346780760275,6177,6080,4928,0.8105263157894737,5064,136,0.8328947368421052,6080,4928,5064,1016,70001,1435,2.0499707147040755,0.03713479802292783,itemRequiresStatement,factorized,existing_sample,18482,70001,train,29923,checked_out_bounded,clean_parent_train_minocc100
4765,0.9931221342225928,4765,0.9931221342225928,4798,4798,4765,0.9931221342225928,4765,0,0.9931221342225928,4581,4548,4548,33,4798,0,0.0,0.0,oneOf,factorized,existing_sample,4798,4798,train,33,checked_out_bounded,clean_parent_train_minocc100
73185,0.8732564105623635,73659,0.87891226269882,76834,46161,45932,0.995039102272481,46158,226,0.9999350100734387,45727,45502,45727,3,83807,474,0.5655852136456382,0.006476737036277926,single,factorized,existing_sample,83807,83807,train,10148,checked_out_bounded,clean_parent_train_minocc100
20431,0.9848638226078573,20462,0.9863581585924319,20733,20733,20419,0.9848550619784884,20450,31,0.9863502628659625,20715,20401,20432,283,20745,31,0.14943359845745963,0.0015173021389065637,symmetric,factorized,existing_sample,20745,20745,train,283,checked_out_bounded,clean_parent_train_minocc100
66795,0.9542142857142857,67053,0.9579,1579,622,622,1.0,622,0,1.0,595,595,595,0,70000,258,0.36857142857142855,0.0038625645632158097,type,factorized,existing_sample,10293,70000,train,2947,checked_out_bounded,clean_parent_train_minocc100
58264,0.8323428571428572,58806,0.8400857142857143,8494,8494,6347,0.7472333411820108,6787,440,0.7990346126677654,8456,6309,6749,1707,70000,542,0.7742857142857142,0.009302485239599066,valueRequiresStatement,factorized,existing_sample,41037,70000,train,11194,checked_out_bounded,clean_parent_train_minocc100
67267,0.9609434150940701,67535,0.9647719318295452,19877,1344,1344,1.0,1344,0,1.0,1333,1333,1333,0,70001,268,0.38285167354752075,0.003984122972631453,valueType,factorized,existing_sample,24726,70001,train,2466,checked_out_bounded,clean_parent_train_minocc100
14202,0.9410283593957063,14237,0.943347468857673,14806,8359,8359,1.0,8359,0,1.0,7362,7362,7362,0,15092,35,0.23191094619666047,0.0024644416279397266,conflictWith,factorized,existing_sample,14953,15092,val,855,checked_out_bounded,clean_parent_train_minocc100
33273,0.9719568837087021,33274,0.9719860952881723,34229,19778,19505,0.9861967843057943,19505,0,0.9861967843057943,19696,19423,19423,273,34233,1,0.002921157947010195,3.00543984612148e-05,distinct,factorized,existing_sample,34230,34233,val,959,checked_out_bounded,clean_parent_train_minocc100
10287,0.9779446715467249,10314,0.9805114554615457,10497,1124,897,0.7980427046263345,924,27,0.8220640569395018,1066,841,868,200,10519,27,0.25667839148208005,0.0026246719160104987,inverse,factorized,existing_sample,10519,10519,val,205,checked_out_bounded,clean_parent_train_minocc100
8265,0.5510734764635284,8587,0.5725430057340979,1282,1269,1007,0.793538219070134,1036,29,0.8163908589440504,1268,1006,1035,233,14998,322,2.1469529270569407,0.03895946763460375,itemRequiresStatement,factorized,existing_sample,3929,14998,val,6411,checked_out_bounded,clean_parent_train_minocc100
1011,0.9825072886297376,1020,0.9912536443148688,1029,1029,1011,0.9825072886297376,1020,9,0.9912536443148688,984,966,975,9,1029,9,0.8746355685131195,0.008902077151335312,oneOf,factorized,existing_sample,1029,1029,val,9,checked_out_bounded,clean_parent_train_minocc100
15688,0.8735939414188663,15797,0.8796636596502951,16500,10073,10015,0.994242033157947,10068,53,0.9995036235480989,9955,9902,9955,5,17958,109,0.606971823142889,0.006947985721570627,single,factorized,existing_sample,17958,17958,val,2161,checked_out_bounded,clean_parent_train_minocc100
4419,0.9861638027226065,4431,0.9888417763891988,4480,4480,4418,0.9861607142857143,4430,12,0.9888392857142857,4472,4410,4422,50,4481,12,0.2677973666592279,0.0027155465037338763,symmetric,factorized,existing_sample,4481,4481,val,50,checked_out_bounded,clean_parent_train_minocc100
14334,0.9555362975801613,14378,0.9584694353709753,327,136,136,1.0,136,0,1.0,129,129,129,0,15001,44,0.29331377908139455,0.0030696246686200642,type,factorized,existing_sample,2215,15001,val,623,checked_out_bounded,clean_parent_train_minocc100
12442,0.8295219681312087,12547,0.8365224348289886,1791,1791,1325,0.7398101619207147,1402,77,0.7828029034059185,1784,1319,1396,389,14999,105,0.7000466697779852,0.00843915769168944,valueRequiresStatement,factorized,existing_sample,8721,14999,val,2452,checked_out_bounded,clean_parent_train_minocc100
14401,0.9600666666666666,14470,0.9646666666666667,4311,269,268,0.9962825278810409,269,1,1.0,264,263,264,0,15000,69,0.46,0.0047913339351433925,valueType,factorized,existing_sample,5322,15000,val,530,checked_out_bounded,clean_parent_train_minocc100
855434,0.8953626995881327,860095,0.9002412589425427,765772,661595,610596,0.9229150764440481,613153,2557,0.926779978687868,661595,610596,613153,48442,955405,4661,0.487855935440991,0.005448696217358674,overall,passive,existing_sample,847993,955405,overall,95310,audited_v3_bounded,existing_train_val_minocc100
128026,0.8933126796728906,128759,0.8984272516676435,114796,99272,91491,0.9216193891530341,91900,409,0.9257393827061005,99272,91491,91900,7372,143316,733,0.5114571994752853,0.00572539952822083,overall,passive,existing_sample,127265,143316,test,14557,audited_v3_bounded,existing_train_val_minocc100
598857,0.8954482721496937,602110,0.9003123602864325,535950,462849,427174,0.9229230267322605,428964,1790,0.9267903787196257,462849,427174,428964,33885,668779,3253,0.48640881367387434,0.005432014654583648,overall,passive,existing_sample,593479,668779,train,66669,audited_v3_bounded,existing_train_val_minocc100
128551,0.8970134673086316,129226,0.9017235363896449,115026,99474,91931,0.9241711401974385,92289,358,0.9277700705712045,99474,91931,92289,7185,143310,675,0.47100690810131884,0.005250834299227544,overall,passive,existing_sample,127249,143310,val,14084,audited_v3_bounded,existing_train_val_minocc100
94608,0.9403252097165348,94800,0.9422335307915557,99344,76783,76438,0.995506817915424,76517,79,0.996535691494211,76783,76438,76517,266,100612,192,0.19083210750208723,0.0020294266869609334,conflictWith,passive,existing_sample,100600,100612,overall,5812,audited_v3_bounded,existing_train_val_minocc100
221611,0.9710921615368436,221621,0.9711359812101241,228164,227209,220622,0.9710090709434925,220629,7,0.9710398795822348,227209,220622,220629,6580,228208,10,0.004381967328051602,4.5124113875213773e-05,distinct,passive,existing_sample,228189,228208,overall,6587,audited_v3_bounded,existing_train_val_minocc100
68861,0.9786813717826637,69011,0.9808132346043973,70178,62558,62556,0.9999680296684677,62556,0,0.9999680296684677,62558,62556,62556,2,70361,150,0.21318628217336308,0.0021783012154920783,inverse,passive,existing_sample,62729,70361,overall,1350,audited_v3_bounded,existing_train_val_minocc100
55114,0.5511455114551146,57171,0.5717157171571716,84097,83238,49451,0.5940916408371176,51325,1874,0.6166053965736803,83238,49451,51325,31913,99999,2057,2.057020570205702,0.037322640345465764,itemRequiresStatement,passive,existing_sample,99984,99999,overall,42828,audited_v3_bounded,existing_train_val_minocc100
6795,0.9912472647702407,6803,0.9924142961342086,1636,1564,1558,0.9961636828644501,1563,5,0.9993606138107417,1564,1558,1563,1,6855,8,0.11670313639679067,0.001177336276674025,oneOf,passive,existing_sample,1636,6855,overall,52,audited_v3_bounded,existing_train_val_minocc100
104515,0.8729734470402513,105193,0.8786365192987146,83437,52766,52756,0.9998104840238032,52757,1,0.9998294356214229,52766,52756,52757,9,119723,678,0.5663072258463286,0.006487107113811415,single,passive,existing_sample,90781,119723,overall,14530,audited_v3_bounded,existing_train_val_minocc100
29206,0.9852911409486539,29252,0.9868429930504015,29625,10134,10132,0.9998026445628577,10132,0,0.9998026445628577,10134,10132,10132,2,29642,46,0.15518521017475204,0.0015750188317469012,symmetric,passive,existing_sample,10143,29642,overall,390,audited_v3_bounded,existing_train_val_minocc100
95427,0.9542413727588173,95792,0.9578912632621022,68181,64196,64082,0.9982241884229547,64097,15,0.998457847840987,64196,64082,64097,99,100003,365,0.36498905032849016,0.003824913284500194,type,passive,existing_sample,95726,100003,overall,4211,audited_v3_bounded,existing_train_val_minocc100
83223,0.8322133557328854,83982,0.8398032039359212,53518,45381,35280,0.7774178621008793,35853,573,0.7900442916639122,45381,35280,35853,9528,100002,759,0.7589848203035939,0.009120074979272558,valueRequiresStatement,passive,existing_sample,75749,100002,overall,16020,audited_v3_bounded,existing_train_val_minocc100
96074,0.96074,96470,0.9647,47592,37766,37721,0.9988084520468146,37724,3,0.9988878885770269,37766,37721,37724,42,100000,396,0.396,0.00412182276162125,valueType,passive,existing_sample,82456,100000,overall,3530,audited_v3_bounded,existing_train_val_minocc100
14186,0.9399059166501027,14217,0.9419598489365931,14898,11585,11527,0.9949935261113508,11538,11,0.9959430297798878,11585,11527,11538,47,15093,31,0.2053932286490426,0.0021852530664034963,conflictWith,passive,existing_sample,15090,15093,test,876,audited_v3_bounded,existing_train_val_minocc100
33226,0.970612292591727,33226,0.970612292591727,34226,34075,33069,0.970476889214967,33069,0,0.970476889214967,34075,33069,33069,1006,34232,0,0.0,0.0,distinct,passive,existing_sample,34230,34232,test,1006,audited_v3_bounded,existing_train_val_minocc100
10380,0.9806329711856401,10402,0.9827113840340104,10558,9389,9387,0.999786984769411,9387,0,0.999786984769411,9389,9387,9387,2,10585,22,0.20784128483703354,0.002119460500963391,inverse,passive,existing_sample,9415,10585,test,183,audited_v3_bounded,existing_train_val_minocc100
8102,0.5401333333333334,8421,0.5614,12618,12504,7325,0.5858125399872041,7626,301,0.6098848368522073,12504,7325,7626,4878,15000,319,2.1266666666666665,0.03937299432238953,itemRequiresStatement,passive,existing_sample,15000,15000,test,6579,audited_v3_bounded,existing_train_val_minocc100
1010,0.9824902723735408,1018,0.9902723735408561,229,218,212,0.9724770642201835,217,5,0.9954128440366973,218,212,217,1,1028,8,0.7782101167315175,0.007920792079207921,oneOf,passive,existing_sample,229,1028,test,10,audited_v3_bounded,existing_train_val_minocc100
15608,0.8691391023499276,15707,0.8746519656977392,12491,7897,7890,0.9991135874382677,7891,1,0.9992402178042294,7897,7890,7891,6,17958,99,0.5512863347811561,0.0063429010763710915,single,passive,existing_sample,13625,17958,test,2251,audited_v3_bounded,existing_train_val_minocc100
4353,0.985733695652174,4357,0.9866394927536232,4412,1495,1493,0.9986622073578595,1493,0,0.9986622073578595,1495,1493,1493,2,4416,4,0.09057971014492754,0.0009189065012634965,symmetric,passive,existing_sample,1497,4416,test,59,audited_v3_bounded,existing_train_val_minocc100
14282,0.9520063991467804,14349,0.9564724703372883,10241,9616,9595,0.9978161397670549,9598,3,0.9981281198003328,9616,9595,9598,18,15002,67,0.4466071190507932,0.004691219717126453,type,passive,existing_sample,14347,15002,test,653,audited_v3_bounded,existing_train_val_minocc100
12483,0.8320335932813437,12605,0.8401653002732786,7970,6791,5301,0.7805919599469887,5386,85,0.7931085259902813,6791,5301,5386,1405,15003,122,0.8131706991934946,0.009773291676680285,valueRequiresStatement,passive,existing_sample,11438,15003,test,2398,audited_v3_bounded,existing_train_val_minocc100
14396,0.9597973198213214,14457,0.9638642576171744,7153,5702,5692,0.9982462293931954,5695,3,0.9987723605752368,5702,5692,5695,7,14999,61,0.40669377958530567,0.00423728813559322,valueType,passive,existing_sample,12394,14999,test,542,audited_v3_bounded,existing_train_val_minocc100
66210,0.9401223962400784,66341,0.9419824783108751,69533,53662,53419,0.9954716559203906,53475,56,0.9965152249263911,53662,53419,53475,187,70427,131,0.18600820707967114,0.0019785530886573025,conflictWith,passive,existing_sample,70423,70427,train,4086,audited_v3_bounded,existing_train_val_minocc100
155110,0.9709971641949882,155119,0.9710535046919114,159709,159043,154418,0.9709198141383147,154425,7,0.9709638273925919,159043,154418,154425,4618,159743,9,0.005634049692318286,5.802333827606215e-05,distinct,passive,existing_sample,159728,159743,train,4624,audited_v3_bounded,existing_train_val_minocc100
48187,0.978277199179812,48292,0.9804088758958117,49124,43798,43798,1.0,43798,0,1.0,43798,43798,43798,0,49257,105,0.21316767159997563,0.002179010936559653,inverse,passive,existing_sample,43920,49257,train,965,audited_v3_bounded,existing_train_val_minocc100
38643,0.5520349709289867,40078,0.5725346780760275,58863,58233,34640,0.5948517163807463,35940,1300,0.6171758281386842,58233,34640,35940,22293,70001,1435,2.0499707147040755,0.03713479802292783,itemRequiresStatement,passive,existing_sample,69986,70001,train,29923,audited_v3_bounded,existing_train_val_minocc100
4765,0.9931221342225928,4765,0.9931221342225928,1163,1112,1112,1.0,1112,0,1.0,1112,1112,1112,0,4798,0,0.0,0.0,oneOf,passive,existing_sample,1163,4798,train,33,audited_v3_bounded,existing_train_val_minocc100
73185,0.8732564105623635,73659,0.87891226269882,58376,36850,36847,0.9999185888738128,36847,0,0.9999185888738128,36850,36847,36847,3,83807,474,0.5655852136456382,0.006476737036277926,single,passive,existing_sample,63501,83807,train,10148,audited_v3_bounded,existing_train_val_minocc100
20431,0.9848638226078573,20462,0.9863581585924319,20733,7098,7098,1.0,7098,0,1.0,7098,7098,7098,0,20745,31,0.14943359845745963,0.0015173021389065637,symmetric,passive,existing_sample,7104,20745,train,283,audited_v3_bounded,existing_train_val_minocc100
66795,0.9542142857142857,67053,0.9579,47739,44965,44890,0.9983320360280218,44900,10,0.9985544312242856,44965,44890,44900,65,70000,258,0.36857142857142855,0.0038625645632158097,type,passive,existing_sample,67029,70000,train,2947,audited_v3_bounded,existing_train_val_minocc100
58264,0.8323428571428572,58806,0.8400857142857143,37475,31762,24655,0.776242050248725,25072,417,0.7893709464139538,31762,24655,25072,6690,70000,542,0.7742857142857142,0.009302485239599066,valueRequiresStatement,passive,existing_sample,52951,70000,train,11194,audited_v3_bounded,existing_train_val_minocc100
67267,0.9609434150940701,67535,0.9647719318295452,33235,26326,26297,0.9988984274101649,26297,0,0.9988984274101649,26326,26297,26297,29,70001,268,0.38285167354752075,0.003984122972631453,valueType,passive,existing_sample,57674,70001,train,2466,audited_v3_bounded,existing_train_val_minocc100
14212,0.9416909620991254,14242,0.9436787702093824,14913,11536,11492,0.9961858529819695,11504,12,0.9972260748959778,11536,11492,11504,32,15092,30,0.198780811025709,0.0021108922037714607,conflictWith,passive,existing_sample,15087,15092,val,850,audited_v3_bounded,existing_train_val_minocc100
33275,0.9720153068676424,33276,0.9720445184471125,34229,34091,33135,0.9719574081135783,33135,0,0.9719574081135783,34091,33135,33135,956,34233,1,0.002921157947010195,3.005259203606311e-05,distinct,passive,existing_sample,34231,34233,val,957,audited_v3_bounded,existing_train_val_minocc100
10294,0.97861013404316,10317,0.9807966536743037,10496,9371,9371,1.0,9371,0,1.0,9371,9371,9371,0,10519,23,0.2186519631143645,0.0022343112492714205,inverse,passive,existing_sample,9394,10519,val,202,audited_v3_bounded,existing_train_val_minocc100
8369,0.558007734364582,8672,0.5782104280570742,12616,12501,7486,0.5988320934325254,7759,273,0.6206703463722902,12501,7486,7759,4742,14998,303,2.0202693692492333,0.03620504241844904,itemRequiresStatement,passive,existing_sample,14998,14998,val,6326,audited_v3_bounded,existing_train_val_minocc100
1020,0.9912536443148688,1020,0.9912536443148688,244,234,234,1.0,234,0,1.0,234,234,234,0,1029,0,0.0,0.0,oneOf,passive,existing_sample,244,1029,val,9,audited_v3_bounded,existing_train_val_minocc100
15722,0.8754872480231651,15827,0.8813342243011472,12570,8019,8019,1.0,8019,0,1.0,8019,8019,8019,0,17958,105,0.5846976277981958,0.006678539626001781,single,passive,existing_sample,13655,17958,val,2131,audited_v3_bounded,existing_train_val_minocc100
4422,0.9868332961392546,4433,0.9892881053336309,4480,1541,1541,1.0,1541,0,1.0,1541,1541,1541,0,4481,11,0.24548091943762554,0.0024875621890547263,symmetric,passive,existing_sample,1542,4481,val,48,audited_v3_bounded,existing_train_val_minocc100
14350,0.9566028931404573,14390,0.9592693820411973,10201,9615,9597,0.9981279251170047,9599,2,0.9983359334373375,9615,9597,9599,16,15001,40,0.26664889007399506,0.0027874564459930314,type,passive,existing_sample,14350,15001,val,611,audited_v3_bounded,existing_train_val_minocc100
12476,0.8317887859190612,12571,0.8381225415027669,8073,6828,5324,0.7797305213825425,5395,71,0.7901288810779145,6828,5324,5395,1433,14999,95,0.633375558370558,0.007614620070535428,valueRequiresStatement,passive,existing_sample,11360,14999,val,2428,audited_v3_bounded,existing_train_val_minocc100
14411,0.9607333333333333,14478,0.9652,7204,5738,5732,0.9989543394911119,5732,0,0.9989543394911119,5738,5732,5732,6,15000,67,0.44666666666666666,0.004649226285476372,valueType,passive,existing_sample,12388,15000,val,522,audited_v3_bounded,existing_train_val_minocc100
855434,0.8953626995881327,860114,0.9002611457968087,765772,661595,610596,0.9229150764440481,613167,2571,0.9268011396700399,661595,610596,613167,48428,955405,4680,0.4898446208675902,0.00547090716525179,overall,factorized,existing_sample,847993,955405,overall,95291,audited_v3_bounded,existing_train_val_minocc100
128026,0.8933126796728906,128778,0.8985598258394039,114796,99272,91491,0.9216193891530341,91914,423,0.9258804093802885,99272,91491,91914,7358,143316,752,0.524714616651316,0.005873806882976895,overall,factorized,existing_sample,127265,143316,test,14538,audited_v3_bounded,existing_train_val_minocc100
598857,0.8954482721496937,602110,0.9003123602864325,535950,462849,427174,0.9229230267322605,428964,1790,0.9267903787196257,462849,427174,428964,33885,668779,3253,0.48640881367387434,0.005432014654583648,overall,factorized,existing_sample,593479,668779,train,66669,audited_v3_bounded,existing_train_val_minocc100
128551,0.8970134673086316,129226,0.9017235363896449,115026,99474,91931,0.9241711401974385,92289,358,0.9277700705712045,99474,91931,92289,7185,143310,675,0.47100690810131884,0.005250834299227544,overall,factorized,existing_sample,127249,143310,val,14084,audited_v3_bounded,existing_train_val_minocc100
94608,0.9403252097165348,94800,0.9422335307915557,99344,76783,76438,0.995506817915424,76517,79,0.996535691494211,76783,76438,76517,266,100612,192,0.19083210750208723,0.0020294266869609334,conflictWith,factorized,existing_sample,100600,100612,overall,5812,audited_v3_bounded,existing_train_val_minocc100
221611,0.9710921615368436,221621,0.9711359812101241,228164,227209,220622,0.9710090709434925,220629,7,0.9710398795822348,227209,220622,220629,6580,228208,10,0.004381967328051602,4.5124113875213773e-05,distinct,factorized,existing_sample,228189,228208,overall,6587,audited_v3_bounded,existing_train_val_minocc100
68861,0.9786813717826637,69011,0.9808132346043973,70178,62558,62556,0.9999680296684677,62556,0,0.9999680296684677,62558,62556,62556,2,70361,150,0.21318628217336308,0.0021783012154920783,inverse,factorized,existing_sample,62729,70361,overall,1350,audited_v3_bounded,existing_train_val_minocc100
55114,0.5511455114551146,57183,0.5718357183571836,84097,83238,49451,0.5940916408371176,51336,1885,0.6167375477546313,83238,49451,51336,31902,99999,2069,2.069020690206902,0.03754037086765613,itemRequiresStatement,factorized,existing_sample,99984,99999,overall,42816,audited_v3_bounded,existing_train_val_minocc100
6795,0.9912472647702407,6803,0.9924142961342086,1636,1564,1558,0.9961636828644501,1563,5,0.9993606138107417,1564,1558,1563,1,6855,8,0.11670313639679067,0.001177336276674025,oneOf,factorized,existing_sample,1636,6855,overall,52,audited_v3_bounded,existing_train_val_minocc100
104515,0.8729734470402513,105193,0.8786365192987146,83437,52766,52756,0.9998104840238032,52757,1,0.9998294356214229,52766,52756,52757,9,119723,678,0.5663072258463286,0.006487107113811415,single,factorized,existing_sample,90781,119723,overall,14530,audited_v3_bounded,existing_train_val_minocc100
29206,0.9852911409486539,29252,0.9868429930504015,29625,10134,10132,0.9998026445628577,10132,0,0.9998026445628577,10134,10132,10132,2,29642,46,0.15518521017475204,0.0015750188317469012,symmetric,factorized,existing_sample,10143,29642,overall,390,audited_v3_bounded,existing_train_val_minocc100
95427,0.9542413727588173,95795,0.9579212623621292,68181,64196,64082,0.9982241884229547,64098,16,0.9984734251355225,64196,64082,64098,98,100003,368,0.36798896033119005,0.003856350927934442,type,factorized,existing_sample,95726,100003,overall,4208,audited_v3_bounded,existing_train_val_minocc100
83223,0.8322133557328854,83984,0.8398232035359293,53518,45381,35280,0.7774178621008793,35855,575,0.7900883629712876,45381,35280,35855,9526,100002,761,0.7609847803043939,0.009144106797399758,valueRequiresStatement,factorized,existing_sample,75749,100002,overall,16018,audited_v3_bounded,existing_train_val_minocc100
96074,0.96074,96472,0.96472,47592,37766,37721,0.9988084520468146,37724,3,0.9988878885770269,37766,37721,37724,42,100000,398,0.398,0.004142640048296105,valueType,factorized,existing_sample,82456,100000,overall,3528,audited_v3_bounded,existing_train_val_minocc100
14186,0.9399059166501027,14217,0.9419598489365931,14898,11585,11527,0.9949935261113508,11538,11,0.9959430297798878,11585,11527,11538,47,15093,31,0.2053932286490426,0.0021852530664034963,conflictWith,factorized,existing_sample,15090,15093,test,876,audited_v3_bounded,existing_train_val_minocc100
33226,0.970612292591727,33226,0.970612292591727,34226,34075,33069,0.970476889214967,33069,0,0.970476889214967,34075,33069,33069,1006,34232,0,0.0,0.0,distinct,factorized,existing_sample,34230,34232,test,1006,audited_v3_bounded,existing_train_val_minocc100
10380,0.9806329711856401,10402,0.9827113840340104,10558,9389,9387,0.999786984769411,9387,0,0.999786984769411,9389,9387,9387,2,10585,22,0.20784128483703354,0.002119460500963391,inverse,factorized,existing_sample,9415,10585,test,183,audited_v3_bounded,existing_train_val_minocc100
8102,0.5401333333333334,8433,0.5622,12618,12504,7325,0.5858125399872041,7637,312,0.6107645553422905,12504,7325,7637,4867,15000,331,2.2066666666666666,0.040854110096272524,itemRequiresStatement,factorized,existing_sample,15000,15000,test,6567,audited_v3_bounded,existing_train_val_minocc100
1010,0.9824902723735408,1018,0.9902723735408561,229,218,212,0.9724770642201835,217,5,0.9954128440366973,218,212,217,1,1028,8,0.7782101167315175,0.007920792079207921,oneOf,factorized,existing_sample,229,1028,test,10,audited_v3_bounded,existing_train_val_minocc100
15608,0.8691391023499276,15707,0.8746519656977392,12491,7897,7890,0.9991135874382677,7891,1,0.9992402178042294,7897,7890,7891,6,17958,99,0.5512863347811561,0.0063429010763710915,single,factorized,existing_sample,13625,17958,test,2251,audited_v3_bounded,existing_train_val_minocc100
4353,0.985733695652174,4357,0.9866394927536232,4412,1495,1493,0.9986622073578595,1493,0,0.9986622073578595,1495,1493,1493,2,4416,4,0.09057971014492754,0.0009189065012634965,symmetric,factorized,existing_sample,1497,4416,test,59,audited_v3_bounded,existing_train_val_minocc100
14282,0.9520063991467804,14352,0.9566724436741768,10241,9616,9595,0.9978161397670549,9599,4,0.9982321131447587,9616,9595,9599,17,15002,70,0.4666044527396347,0.004901274331326145,type,factorized,existing_sample,14347,15002,test,650,audited_v3_bounded,existing_train_val_minocc100
12483,0.8320335932813437,12607,0.8402986069452776,7970,6791,5301,0.7805919599469887,5388,87,0.793403033426594,6791,5301,5388,1403,15003,124,0.826501366393388,0.009933509573019306,valueRequiresStatement,factorized,existing_sample,11438,15003,test,2396,audited_v3_bounded,existing_train_val_minocc100
14396,0.9597973198213214,14459,0.9639975998399893,7153,5702,5692,0.9982462293931954,5695,3,0.9987723605752368,5702,5692,5695,7,14999,63,0.4200280018667911,0.0043762156154487355,valueType,factorized,existing_sample,12394,14999,test,540,audited_v3_bounded,existing_train_val_minocc100
66210,0.9401223962400784,66341,0.9419824783108751,69533,53662,53419,0.9954716559203906,53475,56,0.9965152249263911,53662,53419,53475,187,70427,131,0.18600820707967114,0.0019785530886573025,conflictWith,factorized,existing_sample,70423,70427,train,4086,audited_v3_bounded,existing_train_val_minocc100
155110,0.9709971641949882,155119,0.9710535046919114,159709,159043,154418,0.9709198141383147,154425,7,0.9709638273925919,159043,154418,154425,4618,159743,9,0.005634049692318286,5.802333827606215e-05,distinct,factorized,existing_sample,159728,159743,train,4624,audited_v3_bounded,existing_train_val_minocc100
48187,0.978277199179812,48292,0.9804088758958117,49124,43798,43798,1.0,43798,0,1.0,43798,43798,43798,0,49257,105,0.21316767159997563,0.002179010936559653,inverse,factorized,existing_sample,43920,49257,train,965,audited_v3_bounded,existing_train_val_minocc100
38643,0.5520349709289867,40078,0.5725346780760275,58863,58233,34640,0.5948517163807463,35940,1300,0.6171758281386842,58233,34640,35940,22293,70001,1435,2.0499707147040755,0.03713479802292783,itemRequiresStatement,factorized,existing_sample,69986,70001,train,29923,audited_v3_bounded,existing_train_val_minocc100
4765,0.9931221342225928,4765,0.9931221342225928,1163,1112,1112,1.0,1112,0,1.0,1112,1112,1112,0,4798,0,0.0,0.0,oneOf,factorized,existing_sample,1163,4798,train,33,audited_v3_bounded,existing_train_val_minocc100
73185,0.8732564105623635,73659,0.87891226269882,58376,36850,36847,0.9999185888738128,36847,0,0.9999185888738128,36850,36847,36847,3,83807,474,0.5655852136456382,0.006476737036277926,single,factorized,existing_sample,63501,83807,train,10148,audited_v3_bounded,existing_train_val_minocc100
20431,0.9848638226078573,20462,0.9863581585924319,20733,7098,7098,1.0,7098,0,1.0,7098,7098,7098,0,20745,31,0.14943359845745963,0.0015173021389065637,symmetric,factorized,existing_sample,7104,20745,train,283,audited_v3_bounded,existing_train_val_minocc100
66795,0.9542142857142857,67053,0.9579,47739,44965,44890,0.9983320360280218,44900,10,0.9985544312242856,44965,44890,44900,65,70000,258,0.36857142857142855,0.0038625645632158097,type,factorized,existing_sample,67029,70000,train,2947,audited_v3_bounded,existing_train_val_minocc100
58264,0.8323428571428572,58806,0.8400857142857143,37475,31762,24655,0.776242050248725,25072,417,0.7893709464139538,31762,24655,25072,6690,70000,542,0.7742857142857142,0.009302485239599066,valueRequiresStatement,factorized,existing_sample,52951,70000,train,11194,audited_v3_bounded,existing_train_val_minocc100
67267,0.9609434150940701,67535,0.9647719318295452,33235,26326,26297,0.9988984274101649,26297,0,0.9988984274101649,26326,26297,26297,29,70001,268,0.38285167354752075,0.003984122972631453,valueType,factorized,existing_sample,57674,70001,train,2466,audited_v3_bounded,existing_train_val_minocc100
14212,0.9416909620991254,14242,0.9436787702093824,14913,11536,11492,0.9961858529819695,11504,12,0.9972260748959778,11536,11492,11504,32,15092,30,0.198780811025709,0.0021108922037714607,conflictWith,factorized,existing_sample,15087,15092,val,850,audited_v3_bounded,existing_train_val_minocc100
33275,0.9720153068676424,33276,0.9720445184471125,34229,34091,33135,0.9719574081135783,33135,0,0.9719574081135783,34091,33135,33135,956,34233,1,0.002921157947010195,3.005259203606311e-05,distinct,factorized,existing_sample,34231,34233,val,957,audited_v3_bounded,existing_train_val_minocc100
10294,0.97861013404316,10317,0.9807966536743037,10496,9371,9371,1.0,9371,0,1.0,9371,9371,9371,0,10519,23,0.2186519631143645,0.0022343112492714205,inverse,factorized,existing_sample,9394,10519,val,202,audited_v3_bounded,existing_train_val_minocc100
8369,0.558007734364582,8672,0.5782104280570742,12616,12501,7486,0.5988320934325254,7759,273,0.6206703463722902,12501,7486,7759,4742,14998,303,2.0202693692492333,0.03620504241844904,itemRequiresStatement,factorized,existing_sample,14998,14998,val,6326,audited_v3_bounded,existing_train_val_minocc100
1020,0.9912536443148688,1020,0.9912536443148688,244,234,234,1.0,234,0,1.0,234,234,234,0,1029,0,0.0,0.0,oneOf,factorized,existing_sample,244,1029,val,9,audited_v3_bounded,existing_train_val_minocc100
15722,0.8754872480231651,15827,0.8813342243011472,12570,8019,8019,1.0,8019,0,1.0,8019,8019,8019,0,17958,105,0.5846976277981958,0.006678539626001781,single,factorized,existing_sample,13655,17958,val,2131,audited_v3_bounded,existing_train_val_minocc100
4422,0.9868332961392546,4433,0.9892881053336309,4480,1541,1541,1.0,1541,0,1.0,1541,1541,1541,0,4481,11,0.24548091943762554,0.0024875621890547263,symmetric,factorized,existing_sample,1542,4481,val,48,audited_v3_bounded,existing_train_val_minocc100
14350,0.9566028931404573,14390,0.9592693820411973,10201,9615,9597,0.9981279251170047,9599,2,0.9983359334373375,9615,9597,9599,16,15001,40,0.26664889007399506,0.0027874564459930314,type,factorized,existing_sample,14350,15001,val,611,audited_v3_bounded,existing_train_val_minocc100
12476,0.8317887859190612,12571,0.8381225415027669,8073,6828,5324,0.7797305213825425,5395,71,0.7901288810779145,6828,5324,5395,1433,14999,95,0.633375558370558,0.007614620070535428,valueRequiresStatement,factorized,existing_sample,11360,14999,val,2428,audited_v3_bounded,existing_train_val_minocc100
14411,0.9607333333333333,14478,0.9652,7204,5738,5732,0.9989543394911119,5732,0,0.9989543394911119,5738,5732,5732,6,15000,67,0.44666666666666666,0.004649226285476372,valueType,factorized,existing_sample,12388,15000,val,522,audited_v3_bounded,existing_train_val_minocc100
855320,0.8952433784625369,860002,0.9001439180242934,765772,661595,610564,0.9228667084847981,613126,2562,0.9267391682222508,661595,610564,613126,48469,955405,4682,0.4900539561756533,0.00547397465276154,overall,passive,existing_sample,847993,955405,overall,95403,audited_v3_bounded,clean_parent_train_minocc100
128141,0.8941151022914399,128855,0.8990971001144324,114796,99272,91557,0.9222842291884922,91955,398,0.9262934160689822,99272,91557,91955,7317,143316,714,0.49819978229925477,0.005571987107951397,overall,passive,existing_sample,127265,143316,test,14461,audited_v3_bounded,clean_parent_train_minocc100
598857,0.8954482721496937,602110,0.9003123602864325,535950,462849,427174,0.9229230267322605,428964,1790,0.9267903787196257,462849,427174,428964,33885,668779,3253,0.48640881367387434,0.005432014654583648,overall,passive,existing_sample,593479,668779,train,66669,audited_v3_bounded,clean_parent_train_minocc100
128322,0.8954155327611472,129037,0.9004047170469611,115026,99474,91833,0.9231859581398154,92207,374,0.9269457345638056,99474,91833,92207,7267,143310,715,0.49891842858139696,0.005571920637147176,overall,passive,existing_sample,127249,143310,val,14273,audited_v3_bounded,clean_parent_train_minocc100
94599,0.9402357571661432,94796,0.9421937741024927,99344,76783,76436,0.9954807704830496,76515,79,0.9965096440618366,76783,76436,76515,268,100612,197,0.1958016936349541,0.0020824744447615726,conflictWith,passive,existing_sample,100600,100612,overall,5816,audited_v3_bounded,clean_parent_train_minocc100
221609,0.9710833976021874,221619,0.971127217275468,228164,227209,220620,0.9710002684752804,220627,7,0.9710310771140228,227209,220620,220627,6582,228208,10,0.004381967328051602,4.512452111601966e-05,distinct,passive,existing_sample,228189,228208,overall,6589,audited_v3_bounded,clean_parent_train_minocc100
68855,0.9785960972697944,69007,0.9807563849291511,70178,62558,62554,0.9999360593369353,62554,0,0.9999360593369353,62558,62554,62554,4,70361,152,0.2160287659356746,0.0022075375789703,inverse,passive,existing_sample,62729,70361,overall,1354,audited_v3_bounded,clean_parent_train_minocc100
55073,0.5507355073550736,57130,0.5713057130571306,84097,83238,49433,0.5938753934501069,51306,1873,0.6163771354429467,83238,49433,51306,31932,99999,2057,2.057020570205702,0.037350425798485645,itemRequiresStatement,passive,existing_sample,99984,99999,overall,42869,audited_v3_bounded,clean_parent_train_minocc100
6790,0.9905178701677607,6803,0.9924142961342086,1636,1564,1552,0.9923273657289002,1563,11,0.9993606138107417,1564,1552,1563,1,6855,13,0.18964259664478483,0.001914580265095729,oneOf,passive,existing_sample,1636,6855,overall,52,audited_v3_bounded,clean_parent_train_minocc100
104488,0.8727479264635868,105168,0.8784277039499512,83437,52766,52755,0.9997915324261836,52756,1,0.9998104840238032,52766,52755,52756,10,119723,680,0.5679777486364358,0.006507924354949851,single,passive,existing_sample,90781,119723,overall,14555,audited_v3_bounded,clean_parent_train_minocc100
29204,0.9852236691181432,29251,0.9868092571351461,29625,10134,10132,0.9998026445628577,10132,0,0.9998026445628577,10134,10132,10132,2,29642,47,0.15855880170029013,0.0016093685796466238,symmetric,passive,existing_sample,10143,29642,overall,391,audited_v3_bounded,clean_parent_train_minocc100
95422,0.9541913742587722,95790,0.9578712638620841,68181,64196,64081,0.9982086111284192,64098,17,0.9984734251355225,64196,64081,64098,98,100003,368,0.36798896033119005,0.0038565529961644067,type,passive,existing_sample,95726,100003,overall,4213,audited_v3_bounded,clean_parent_train_minocc100
83205,0.8320333593328133,83969,0.8396732065358693,53518,45381,35278,0.7773737907935039,35851,573,0.7900002203565368,45381,35278,35851,9530,100002,764,0.7639847203055938,0.009182140496364401,valueRequiresStatement,passive,existing_sample,75749,100002,overall,16033,audited_v3_bounded,clean_parent_train_minocc100
96075,0.96075,96469,0.96469,47592,37766,37723,0.9988614097336228,37724,1,0.9988878885770269,37766,37723,37724,42,100000,394,0.394,0.00410096278948738,valueType,passive,existing_sample,82456,100000,overall,3531,audited_v3_bounded,clean_parent_train_minocc100
14187,0.9399721725303121,14218,0.9420261048168025,14898,11585,11528,0.9950798446266724,11539,11,0.9960293482952093,11585,11528,11539,46,15093,31,0.2053932286490426,0.002185099034327201,conflictWith,passive,existing_sample,15090,15093,test,875,audited_v3_bounded,clean_parent_train_minocc100
33226,0.970612292591727,33226,0.970612292591727,34226,34075,33069,0.970476889214967,33069,0,0.970476889214967,34075,33069,33069,1006,34232,0,0.0,0.0,distinct,passive,existing_sample,34230,34232,test,1006,audited_v3_bounded,clean_parent_train_minocc100
10381,0.9807274444969296,10403,0.9828058573452999,10558,9389,9387,0.999786984769411,9387,0,0.999786984769411,9389,9387,9387,2,10585,22,0.20784128483703354,0.0021192563336865427,inverse,passive,existing_sample,9415,10585,test,182,audited_v3_bounded,clean_parent_train_minocc100
8165,0.5443333333333333,8477,0.5651333333333334,12618,12504,7374,0.5897312859884837,7669,295,0.6133237364043506,12504,7374,7669,4835,15000,312,2.08,0.03821187997550521,itemRequiresStatement,passive,existing_sample,15000,15000,test,6523,audited_v3_bounded,clean_parent_train_minocc100
1014,0.9863813229571985,1018,0.9902723735408561,229,218,214,0.981651376146789,217,3,0.9954128440366973,218,214,217,1,1028,4,0.38910505836575876,0.0039447731755424065,oneOf,passive,existing_sample,229,1028,test,10,audited_v3_bounded,clean_parent_train_minocc100
15615,0.8695289007684598,15713,0.8749860786279096,12491,7897,7892,0.9993668481701912,7893,1,0.999493478536153,7897,7892,7893,4,17958,98,0.5457177859449828,0.00627601665065642,single,passive,existing_sample,13625,17958,test,2245,audited_v3_bounded,clean_parent_train_minocc100
4354,0.9859601449275363,4358,0.9868659420289855,4412,1495,1493,0.9986622073578595,1493,0,0.9986622073578595,1495,1493,1493,2,4416,4,0.09057971014492754,0.0009186954524575103,symmetric,passive,existing_sample,1497,4416,test,58,audited_v3_bounded,clean_parent_train_minocc100
14293,0.9527396347153713,14359,0.9571390481269164,10241,9616,9598,0.9981281198003328,9602,4,0.9985440931780366,9616,9598,9602,14,15002,66,0.4399413411545127,0.004617645001049464,type,passive,existing_sample,14347,15002,test,643,audited_v3_bounded,clean_parent_train_minocc100
12499,0.8331000466573352,12619,0.8410984469772712,7970,6791,5306,0.7813282285377706,5390,84,0.7936975408629068,6791,5306,5390,1401,15003,120,0.7998400319936013,0.009600768061444916,valueRequiresStatement,passive,existing_sample,11438,15003,test,2384,audited_v3_bounded,clean_parent_train_minocc100
14407,0.9605307020468031,14464,0.9643309553970265,7153,5702,5696,0.9989477376359173,5696,0,0.9989477376359173,5702,5696,5696,6,14999,57,0.3800253350223348,0.003956410078434095,valueType,passive,existing_sample,12394,14999,test,535,audited_v3_bounded,clean_parent_train_minocc100
66210,0.9401223962400784,66341,0.9419824783108751,69533,53662,53419,0.9954716559203906,53475,56,0.9965152249263911,53662,53419,53475,187,70427,131,0.18600820707967114,0.0019785530886573025,conflictWith,passive,existing_sample,70423,70427,train,4086,audited_v3_bounded,clean_parent_train_minocc100
155110,0.9709971641949882,155119,0.9710535046919114,159709,159043,154418,0.9709198141383147,154425,7,0.9709638273925919,159043,154418,154425,4618,159743,9,0.005634049692318286,5.802333827606215e-05,distinct,passive,existing_sample,159728,159743,train,4624,audited_v3_bounded,clean_parent_train_minocc100
48187,0.978277199179812,48292,0.9804088758958117,49124,43798,43798,1.0,43798,0,1.0,43798,43798,43798,0,49257,105,0.21316767159997563,0.002179010936559653,inverse,passive,existing_sample,43920,49257,train,965,audited_v3_bounded,clean_parent_train_minocc100
38643,0.5520349709289867,40078,0.5725346780760275,58863,58233,34640,0.5948517163807463,35940,1300,0.6171758281386842,58233,34640,35940,22293,70001,1435,2.0499707147040755,0.03713479802292783,itemRequiresStatement,passive,existing_sample,69986,70001,train,29923,audited_v3_bounded,clean_parent_train_minocc100
4765,0.9931221342225928,4765,0.9931221342225928,1163,1112,1112,1.0,1112,0,1.0,1112,1112,1112,0,4798,0,0.0,0.0,oneOf,passive,existing_sample,1163,4798,train,33,audited_v3_bounded,clean_parent_train_minocc100
73185,0.8732564105623635,73659,0.87891226269882,58376,36850,36847,0.9999185888738128,36847,0,0.9999185888738128,36850,36847,36847,3,83807,474,0.5655852136456382,0.006476737036277926,single,passive,existing_sample,63501,83807,train,10148,audited_v3_bounded,clean_parent_train_minocc100
20431,0.9848638226078573,20462,0.9863581585924319,20733,7098,7098,1.0,7098,0,1.0,7098,7098,7098,0,20745,31,0.14943359845745963,0.0015173021389065637,symmetric,passive,existing_sample,7104,20745,train,283,audited_v3_bounded,clean_parent_train_minocc100
66795,0.9542142857142857,67053,0.9579,47739,44965,44890,0.9983320360280218,44900,10,0.9985544312242856,44965,44890,44900,65,70000,258,0.36857142857142855,0.0038625645632158097,type,passive,existing_sample,67029,70000,train,2947,audited_v3_bounded,clean_parent_train_minocc100
58264,0.8323428571428572,58806,0.8400857142857143,37475,31762,24655,0.776242050248725,25072,417,0.7893709464139538,31762,24655,25072,6690,70000,542,0.7742857142857142,0.009302485239599066,valueRequiresStatement,passive,existing_sample,52951,70000,train,11194,audited_v3_bounded,clean_parent_train_minocc100
67267,0.9609434150940701,67535,0.9647719318295452,33235,26326,26297,0.9988984274101649,26297,0,0.9988984274101649,26326,26297,26297,29,70001,268,0.38285167354752075,0.003984122972631453,valueType,passive,existing_sample,57674,70001,train,2466,audited_v3_bounded,clean_parent_train_minocc100
14202,0.9410283593957063,14237,0.943347468857673,14913,11536,11489,0.9959257975034674,11501,12,0.9969660194174758,11536,11489,11501,35,15092,35,0.23191094619666047,0.0024644416279397266,conflictWith,passive,existing_sample,15087,15092,val,855,audited_v3_bounded,clean_parent_train_minocc100
33273,0.9719568837087021,33274,0.9719860952881723,34229,34091,33133,0.9718987416033558,33133,0,0.9718987416033558,34091,33133,33133,958,34233,1,0.002921157947010195,3.00543984612148e-05,distinct,passive,existing_sample,34231,34233,val,959,audited_v3_bounded,clean_parent_train_minocc100
10287,0.9779446715467249,10312,0.9803213233197072,10496,9371,9369,0.9997865756055917,9369,0,0.9997865756055917,9371,9369,9369,2,10519,25,0.23766517729822226,0.002430251774083795,inverse,passive,existing_sample,9394,10519,val,207,audited_v3_bounded,clean_parent_train_minocc100
8265,0.5510734764635284,8575,0.5717428990532071,12616,12501,7419,0.5934725221982241,7697,278,0.6157107431405487,12501,7419,7697,4804,14998,310,2.0669422589678623,0.03750756200846945,itemRequiresStatement,passive,existing_sample,14998,14998,val,6423,audited_v3_bounded,clean_parent_train_minocc100
1011,0.9825072886297376,1020,0.9912536443148688,244,234,226,0.9658119658119658,234,8,1.0,234,226,234,0,1029,9,0.8746355685131195,0.008902077151335312,oneOf,passive,existing_sample,244,1029,val,9,audited_v3_bounded,clean_parent_train_minocc100
15688,0.8735939414188663,15796,0.8796079741619334,12570,8019,8016,0.9996258885147774,8016,0,0.9996258885147774,8019,8016,8016,3,17958,108,0.6014032743067157,0.006884242733299337,single,passive,existing_sample,13655,17958,val,2162,audited_v3_bounded,clean_parent_train_minocc100
4419,0.9861638027226065,4431,0.9888417763891988,4480,1541,1541,1.0,1541,0,1.0,1541,1541,1541,0,4481,12,0.2677973666592279,0.0027155465037338763,symmetric,passive,existing_sample,1542,4481,val,50,audited_v3_bounded,clean_parent_train_minocc100
14334,0.9555362975801613,14378,0.9584694353709753,10201,9615,9593,0.9977119084763391,9596,3,0.9980239209568382,9615,9593,9596,19,15001,44,0.29331377908139455,0.0030696246686200642,type,passive,existing_sample,14350,15001,val,623,audited_v3_bounded,clean_parent_train_minocc100
12442,0.8295219681312087,12544,0.8363224214947663,8073,6828,5317,0.778705330990041,5389,72,0.7892501464557704,6828,5317,5389,1439,14999,102,0.680045336355757,0.008198038900498313,valueRequiresStatement,passive,existing_sample,11360,14999,val,2455,audited_v3_bounded,clean_parent_train_minocc100
14401,0.9600666666666666,14470,0.9646666666666667,7204,5738,5730,0.9986057859881492,5731,1,0.9987800627396305,5738,5730,5731,7,15000,69,0.46,0.0047913339351433925,valueType,passive,existing_sample,12388,15000,val,530,audited_v3_bounded,clean_parent_train_minocc100
855320,0.8952433784625369,860036,0.9001795050266641,765772,661595,610564,0.9228667084847981,613152,2588,0.9267784671891414,661595,610564,613152,48443,955405,4716,0.4936126564127255,0.005513725856989197,overall,factorized,existing_sample,847993,955405,overall,95369,audited_v3_bounded,clean_parent_train_minocc100
128141,0.8941151022914399,128871,0.8992087415222306,114796,99272,91557,0.9222842291884922,91968,411,0.9264243694092997,99272,91557,91968,7304,143316,730,0.5093639230790701,0.0056968495641519885,overall,factorized,existing_sample,127265,143316,test,14445,audited_v3_bounded,clean_parent_train_minocc100
598857,0.8954482721496937,602110,0.9003123602864325,535950,462849,427174,0.9229230267322605,428964,1790,0.9267903787196257,462849,427174,428964,33885,668779,3253,0.48640881367387434,0.005432014654583648,overall,factorized,existing_sample,593479,668779,train,66669,audited_v3_bounded,clean_parent_train_minocc100
128322,0.8954155327611472,129055,0.9005303188891215,115026,99474,91833,0.9231859581398154,92220,387,0.9270764219796127,99474,91833,92220,7254,143310,733,0.5114786127974321,0.005712192765075358,overall,factorized,existing_sample,127249,143310,val,14255,audited_v3_bounded,clean_parent_train_minocc100
94599,0.9402357571661432,94796,0.9421937741024927,99344,76783,76436,0.9954807704830496,76515,79,0.9965096440618366,76783,76436,76515,268,100612,197,0.1958016936349541,0.0020824744447615726,conflictWith,factorized,existing_sample,100600,100612,overall,5816,audited_v3_bounded,clean_parent_train_minocc100
221609,0.9710833976021874,221619,0.971127217275468,228164,227209,220620,0.9710002684752804,220627,7,0.9710310771140228,227209,220620,220627,6582,228208,10,0.004381967328051602,4.512452111601966e-05,distinct,factorized,existing_sample,228189,228208,overall,6589,audited_v3_bounded,clean_parent_train_minocc100
68855,0.9785960972697944,69009,0.9807848097667742,70178,62558,62554,0.9999360593369353,62554,0,0.9999360593369353,62558,62554,62554,4,70361,154,0.2188712496979861,0.0022365841260620144,inverse,factorized,existing_sample,62729,70361,overall,1352,audited_v3_bounded,clean_parent_train_minocc100
55073,0.5507355073550736,57153,0.5715357153571535,84097,83238,49433,0.5938753934501069,51327,1894,0.616629424061126,83238,49433,51327,31911,99999,2080,2.0800208002080023,0.03776805331105987,itemRequiresStatement,factorized,existing_sample,99984,99999,overall,42846,audited_v3_bounded,clean_parent_train_minocc100
6790,0.9905178701677607,6803,0.9924142961342086,1636,1564,1552,0.9923273657289002,1563,11,0.9993606138107417,1564,1552,1563,1,6855,13,0.18964259664478483,0.001914580265095729,oneOf,factorized,existing_sample,1636,6855,overall,52,audited_v3_bounded,clean_parent_train_minocc100
104488,0.8727479264635868,105170,0.8784444091778522,83437,52766,52755,0.9997915324261836,52756,1,0.9998104840238032,52766,52755,52756,10,119723,682,0.569648271426543,0.006527065308934998,single,factorized,existing_sample,90781,119723,overall,14553,audited_v3_bounded,clean_parent_train_minocc100
29204,0.9852236691181432,29251,0.9868092571351461,29625,10134,10132,0.9998026445628577,10132,0,0.9998026445628577,10134,10132,10132,2,29642,47,0.15855880170029013,0.0016093685796466238,symmetric,factorized,existing_sample,10143,29642,overall,391,audited_v3_bounded,clean_parent_train_minocc100
95422,0.9541913742587722,95791,0.9578812635620931,68181,64196,64081,0.9982086111284192,64099,18,0.9984890024300579,64196,64081,64099,97,100003,369,0.36898893033209,0.00386703275974094,type,factorized,existing_sample,95726,100003,overall,4212,audited_v3_bounded,clean_parent_train_minocc100
83205,0.8320333593328133,83974,0.8397232055358893,53518,45381,35278,0.7773737907935039,35855,577,0.7900883629712876,45381,35278,35855,9526,100002,769,0.7689846203075938,0.009242233038879876,valueRequiresStatement,factorized,existing_sample,75749,100002,overall,16028,audited_v3_bounded,clean_parent_train_minocc100
96075,0.96075,96470,0.9647,47592,37766,37723,0.9988614097336228,37724,1,0.9988878885770269,37766,37723,37724,42,100000,395,0.395,0.004111371324486079,valueType,factorized,existing_sample,82456,100000,overall,3530,audited_v3_bounded,clean_parent_train_minocc100
14187,0.9399721725303121,14218,0.9420261048168025,14898,11585,11528,0.9950798446266724,11539,11,0.9960293482952093,11585,11528,11539,46,15093,31,0.2053932286490426,0.002185099034327201,conflictWith,factorized,existing_sample,15090,15093,test,875,audited_v3_bounded,clean_parent_train_minocc100
33226,0.970612292591727,33226,0.970612292591727,34226,34075,33069,0.970476889214967,33069,0,0.970476889214967,34075,33069,33069,1006,34232,0,0.0,0.0,distinct,factorized,existing_sample,34230,34232,test,1006,audited_v3_bounded,clean_parent_train_minocc100
10381,0.9807274444969296,10403,0.9828058573452999,10558,9389,9387,0.999786984769411,9387,0,0.999786984769411,9389,9387,9387,2,10585,22,0.20784128483703354,0.0021192563336865427,inverse,factorized,existing_sample,9415,10585,test,182,audited_v3_bounded,clean_parent_train_minocc100
8165,0.5443333333333333,8488,0.5658666666666666,12618,12504,7374,0.5897312859884837,7679,305,0.6141234804862444,12504,7374,7679,4825,15000,323,2.1533333333333333,0.03955909369259032,itemRequiresStatement,factorized,existing_sample,15000,15000,test,6512,audited_v3_bounded,clean_parent_train_minocc100
1014,0.9863813229571985,1018,0.9902723735408561,229,218,214,0.981651376146789,217,3,0.9954128440366973,218,214,217,1,1028,4,0.38910505836575876,0.0039447731755424065,oneOf,factorized,existing_sample,229,1028,test,10,audited_v3_bounded,clean_parent_train_minocc100
15615,0.8695289007684598,15714,0.8750417641162713,12491,7897,7892,0.9993668481701912,7893,1,0.999493478536153,7897,7892,7893,4,17958,99,0.5512863347811561,0.006340057636887608,single,factorized,existing_sample,13625,17958,test,2244,audited_v3_bounded,clean_parent_train_minocc100
4354,0.9859601449275363,4358,0.9868659420289855,4412,1495,1493,0.9986622073578595,1493,0,0.9986622073578595,1495,1493,1493,2,4416,4,0.09057971014492754,0.0009186954524575103,symmetric,factorized,existing_sample,1497,4416,test,58,audited_v3_bounded,clean_parent_train_minocc100
14293,0.9527396347153713,14360,0.9572057059058792,10241,9616,9598,0.9981281198003328,9603,5,0.9986480865224625,9616,9598,9603,13,15002,67,0.4466071190507932,0.004687609319247184,type,factorized,existing_sample,14347,15002,test,642,audited_v3_bounded,clean_parent_train_minocc100
12499,0.8331000466573352,12621,0.8412317536492702,7970,6791,5306,0.7813282285377706,5392,86,0.7939920482992195,6791,5306,5392,1399,15003,122,0.8131706991934946,0.009760780862468997,valueRequiresStatement,factorized,existing_sample,11438,15003,test,2382,audited_v3_bounded,clean_parent_train_minocc100
14407,0.9605307020468031,14465,0.9643976265084339,7153,5702,5696,0.9989477376359173,5696,0,0.9989477376359173,5702,5696,5696,6,14999,58,0.3866924461630775,0.004025820781564517,valueType,factorized,existing_sample,12394,14999,test,534,audited_v3_bounded,clean_parent_train_minocc100
66210,0.9401223962400784,66341,0.9419824783108751,69533,53662,53419,0.9954716559203906,53475,56,0.9965152249263911,53662,53419,53475,187,70427,131,0.18600820707967114,0.0019785530886573025,conflictWith,factorized,existing_sample,70423,70427,train,4086,audited_v3_bounded,clean_parent_train_minocc100
155110,0.9709971641949882,155119,0.9710535046919114,159709,159043,154418,0.9709198141383147,154425,7,0.9709638273925919,159043,154418,154425,4618,159743,9,0.005634049692318286,5.802333827606215e-05,distinct,factorized,existing_sample,159728,159743,train,4624,audited_v3_bounded,clean_parent_train_minocc100
48187,0.978277199179812,48292,0.9804088758958117,49124,43798,43798,1.0,43798,0,1.0,43798,43798,43798,0,49257,105,0.21316767159997563,0.002179010936559653,inverse,factorized,existing_sample,43920,49257,train,965,audited_v3_bounded,clean_parent_train_minocc100
38643,0.5520349709289867,40078,0.5725346780760275,58863,58233,34640,0.5948517163807463,35940,1300,0.6171758281386842,58233,34640,35940,22293,70001,1435,2.0499707147040755,0.03713479802292783,itemRequiresStatement,factorized,existing_sample,69986,70001,train,29923,audited_v3_bounded,clean_parent_train_minocc100
4765,0.9931221342225928,4765,0.9931221342225928,1163,1112,1112,1.0,1112,0,1.0,1112,1112,1112,0,4798,0,0.0,0.0,oneOf,factorized,existing_sample,1163,4798,train,33,audited_v3_bounded,clean_parent_train_minocc100
73185,0.8732564105623635,73659,0.87891226269882,58376,36850,36847,0.9999185888738128,36847,0,0.9999185888738128,36850,36847,36847,3,83807,474,0.5655852136456382,0.006476737036277926,single,factorized,existing_sample,63501,83807,train,10148,audited_v3_bounded,clean_parent_train_minocc100
20431,0.9848638226078573,20462,0.9863581585924319,20733,7098,7098,1.0,7098,0,1.0,7098,7098,7098,0,20745,31,0.14943359845745963,0.0015173021389065637,symmetric,factorized,existing_sample,7104,20745,train,283,audited_v3_bounded,clean_parent_train_minocc100
66795,0.9542142857142857,67053,0.9579,47739,44965,44890,0.9983320360280218,44900,10,0.9985544312242856,44965,44890,44900,65,70000,258,0.36857142857142855,0.0038625645632158097,type,factorized,existing_sample,67029,70000,train,2947,audited_v3_bounded,clean_parent_train_minocc100
58264,0.8323428571428572,58806,0.8400857142857143,37475,31762,24655,0.776242050248725,25072,417,0.7893709464139538,31762,24655,25072,6690,70000,542,0.7742857142857142,0.009302485239599066,valueRequiresStatement,factorized,existing_sample,52951,70000,train,11194,audited_v3_bounded,clean_parent_train_minocc100
67267,0.9609434150940701,67535,0.9647719318295452,33235,26326,26297,0.9988984274101649,26297,0,0.9988984274101649,26326,26297,26297,29,70001,268,0.38285167354752075,0.003984122972631453,valueType,factorized,existing_sample,57674,70001,train,2466,audited_v3_bounded,clean_parent_train_minocc100
14202,0.9410283593957063,14237,0.943347468857673,14913,11536,11489,0.9959257975034674,11501,12,0.9969660194174758,11536,11489,11501,35,15092,35,0.23191094619666047,0.0024644416279397266,conflictWith,factorized,existing_sample,15087,15092,val,855,audited_v3_bounded,clean_parent_train_minocc100
33273,0.9719568837087021,33274,0.9719860952881723,34229,34091,33133,0.9718987416033558,33133,0,0.9718987416033558,34091,33133,33133,958,34233,1,0.002921157947010195,3.00543984612148e-05,distinct,factorized,existing_sample,34231,34233,val,959,audited_v3_bounded,clean_parent_train_minocc100
10287,0.9779446715467249,10314,0.9805114554615457,10496,9371,9369,0.9997865756055917,9369,0,0.9997865756055917,9371,9369,9369,2,10519,27,0.25667839148208005,0.0026246719160104987,inverse,factorized,existing_sample,9394,10519,val,205,audited_v3_bounded,clean_parent_train_minocc100
8265,0.5510734764635284,8587,0.5725430057340979,12616,12501,7419,0.5934725221982241,7708,289,0.6165906727461803,12501,7419,7708,4793,14998,322,2.1469529270569407,0.03895946763460375,itemRequiresStatement,factorized,existing_sample,14998,14998,val,6411,audited_v3_bounded,clean_parent_train_minocc100
1011,0.9825072886297376,1020,0.9912536443148688,244,234,226,0.9658119658119658,234,8,1.0,234,226,234,0,1029,9,0.8746355685131195,0.008902077151335312,oneOf,factorized,existing_sample,244,1029,val,9,audited_v3_bounded,clean_parent_train_minocc100
15688,0.8735939414188663,15797,0.8796636596502951,12570,8019,8016,0.9996258885147774,8016,0,0.9996258885147774,8019,8016,8016,3,17958,109,0.606971823142889,0.006947985721570627,single,factorized,existing_sample,13655,17958,val,2161,audited_v3_bounded,clean_parent_train_minocc100
4419,0.9861638027226065,4431,0.9888417763891988,4480,1541,1541,1.0,1541,0,1.0,1541,1541,1541,0,4481,12,0.2677973666592279,0.0027155465037338763,symmetric,factorized,existing_sample,1542,4481,val,50,audited_v3_bounded,clean_parent_train_minocc100
14334,0.9555362975801613,14378,0.9584694353709753,10201,9615,9593,0.9977119084763391,9596,3,0.9980239209568382,9615,9593,9596,19,15001,44,0.29331377908139455,0.0030696246686200642,type,factorized,existing_sample,14350,15001,val,623,audited_v3_bounded,clean_parent_train_minocc100
12442,0.8295219681312087,12547,0.8365224348289886,8073,6828,5317,0.778705330990041,5391,74,0.789543057996485,6828,5317,5391,1437,14999,105,0.7000466697779852,0.00843915769168944,valueRequiresStatement,factorized,existing_sample,11360,14999,val,2452,audited_v3_bounded,clean_parent_train_minocc100
14401,0.9600666666666666,14470,0.9646666666666667,7204,5738,5730,0.9986057859881492,5731,1,0.9987800627396305,5738,5730,5731,7,15000,69,0.46,0.0047913339351433925,valueType,factorized,existing_sample,12388,15000,val,530,audited_v3_bounded,clean_parent_train_minocc100
853621,0.8934800379740608,858573,0.8986632670043302,594396,321801,313008,0.9726756598021759,314392,1384,0.9769764543926215,313270,304564,305945,7409,955389,4952,0.5183229030269346,0.005801169371418932,overall,passive,previously_discarded,688768,955389,overall,96816,checked_out_bounded,existing_train_val_minocc100
128179,0.8944551443086027,128922,0.8996399263105007,89063,48256,46971,0.9733711870026526,47175,204,0.9775986405835544,46962,45694,45898,1081,143304,743,0.5184782001898063,0.00579658134327776,overall,passive,previously_discarded,103222,143304,test,14382,checked_out_bounded,existing_train_val_minocc100
597423,0.8933080732562173,600881,0.8984787133509575,416181,225383,219155,0.9723670374429305,220107,952,0.9765909585017504,219417,213249,214199,5276,668776,3458,0.5170640094740242,0.005788193624952504,overall,passive,previously_discarded,482275,668776,train,67895,checked_out_bounded,existing_train_val_minocc100
128019,0.8933074684772065,128770,0.8985478930143954,89152,48162,46882,0.9734230306050413,47110,228,0.9781570532785183,46891,45621,45848,1052,143309,751,0.5240424537188871,0.005866316718612081,overall,passive,previously_discarded,103271,143309,val,14539,checked_out_bounded,existing_train_val_minocc100
94588,0.9401170822855893,94845,0.9426714241698388,98560,55516,55495,0.9996217306722386,55498,3,0.9996757691476331,49164,49163,49164,18,100613,257,0.255434188424955,0.002717046559817313,conflictWith,passive,previously_discarded,99567,100613,overall,5768,checked_out_bounded,existing_train_val_minocc100
221588,0.97102116116932,221599,0.9710693642885001,228156,132357,130577,0.9865515235310561,130578,1,0.9865590788549151,131743,129963,129964,1779,228201,11,0.0048203119180021126,4.964167734714876e-05,distinct,passive,previously_discarded,228181,228201,overall,6602,checked_out_bounded,existing_train_val_minocc100
68467,0.9782677030348059,68605,0.9802394696233641,69778,7541,6102,0.8091765017902135,6236,134,0.8269460283781992,7109,5674,5808,1305,69988,138,0.19717665885580385,0.002015569544452072,inverse,passive,previously_discarded,69988,69988,overall,1383,checked_out_bounded,existing_train_val_minocc100
54149,0.5414845851541484,56259,0.5625843741562584,8503,8378,6879,0.8210790164717117,7044,165,0.8407734542850323,8375,6876,7041,1334,100001,2110,2.109978900210998,0.03896655524571091,itemRequiresStatement,passive,previously_discarded,26190,100001,overall,43742,checked_out_bounded,existing_train_val_minocc100
6728,0.9816165742632039,6802,0.9924131893784651,6854,6854,6728,0.9816165742632039,6802,74,0.9924131893784651,6577,6453,6527,52,6854,74,1.0796615115261161,0.010998810939357907,oneOf,passive,previously_discarded,6854,6854,overall,52,checked_out_bounded,existing_train_val_minocc100
104233,0.8706180099062002,104971,0.8767822390016956,109740,66104,65700,0.9938884182500303,66046,346,0.9991225946992618,65383,65038,65383,58,119723,738,0.6164229095495435,0.0070802912705189335,single,passive,previously_discarded,119723,119723,overall,14752,checked_out_bounded,existing_train_val_minocc100
29533,0.984105298233922,29591,0.9860379873375541,29986,29986,29516,0.9843260188087775,29572,56,0.9861935569932635,29952,29482,29538,414,30010,58,0.19326891036321225,0.00196390478447838,symmetric,passive,previously_discarded,30010,30010,overall,419,checked_out_bounded,existing_train_val_minocc100
95177,0.951779517795178,95551,0.955519555195552,2201,905,902,0.9966850828729282,903,1,0.9977900552486187,859,858,859,2,99999,374,0.3740037400374004,0.003929520787585236,type,passive,previously_discarded,14560,99999,overall,4448,checked_out_bounded,existing_train_val_minocc100
83191,0.8319183191831918,83984,0.8398483984839848,12158,12158,9108,0.74913637111367,9711,603,0.7987333443000494,12125,9075,9678,2447,99999,793,0.7930079300793008,0.009532281136180596,valueRequiresStatement,passive,previously_discarded,58250,99999,overall,16015,checked_out_bounded,existing_train_val_minocc100
95967,0.959660403395966,96366,0.963650363496365,28460,2002,2001,0.9995004995004995,2002,1,1.0,1983,1982,1983,0,100001,399,0.3989960100398996,0.004157679202225765,valueType,passive,previously_discarded,35445,100001,overall,3635,checked_out_bounded,existing_train_val_minocc100
14237,0.9434099794579551,14280,0.9462593598833742,14788,8435,8431,0.9995257854179016,8431,0,0.9995257854179016,7480,7480,7480,4,15091,43,0.2849380425419124,0.0030202992203413642,conflictWith,passive,previously_discarded,14940,15091,test,811,checked_out_bounded,existing_train_val_minocc100
33240,0.9710780017528484,33242,0.9711364300321356,34223,19841,19576,0.9866438183559296,19576,0,0.9866438183559296,19747,19482,19482,265,34230,2,0.0058428279287175,6.016847172081829e-05,distinct,passive,previously_discarded,34227,34230,test,988,checked_out_bounded,existing_train_val_minocc100
10319,0.9805207145572026,10336,0.9821360699353858,10496,1107,909,0.8211382113821138,926,17,0.8364950316169828,1045,848,865,181,10524,17,0.16153553781832003,0.0016474464579901153,inverse,passive,previously_discarded,10524,10524,test,188,checked_out_bounded,existing_train_val_minocc100
8120,0.5413694246283085,8435,0.5623708247216481,1288,1266,1024,0.8088467614533965,1048,24,0.8278041074249605,1266,1024,1048,218,14999,315,2.1001400093339555,0.03879310344827586,itemRequiresStatement,passive,previously_discarded,3906,14999,test,6564,checked_out_bounded,existing_train_val_minocc100
998,0.9708171206225681,1015,0.9873540856031129,1028,1028,998,0.9708171206225681,1015,17,0.9873540856031129,975,946,963,13,1028,17,1.6536964980544746,0.017034068136272545,oneOf,passive,previously_discarded,1028,1028,test,13,checked_out_bounded,existing_train_val_minocc100
15648,0.8713180021159307,15754,0.8772203352079737,16469,9910,9839,0.9928355196770938,9899,60,0.9988900100908173,9796,9736,9796,11,17959,106,0.5902333092042987,0.00677402862985685,single,passive,previously_discarded,17959,17959,test,2205,checked_out_bounded,existing_train_val_minocc100
4414,0.9863687150837989,4423,0.9883798882681564,4472,4472,4411,0.9863595706618963,4420,9,0.9883720930232558,4468,4407,4416,52,4475,9,0.2011173184357542,0.0020389669234254643,symmetric,passive,previously_discarded,4475,4475,test,52,checked_out_bounded,existing_train_val_minocc100
14282,0.9521968131208747,14344,0.9563304220281352,345,138,138,1.0,138,0,1.0,131,131,131,0,14999,62,0.4133608907260484,0.004341128693460299,type,passive,previously_discarded,2205,14999,test,655,checked_out_bounded,existing_train_val_minocc100
12525,0.8351113481797573,12629,0.8420456060808108,1791,1791,1377,0.7688442211055276,1454,77,0.8118369625907315,1786,1372,1449,337,14998,104,0.6934257901053473,0.008303393213572855,valueRequiresStatement,passive,previously_discarded,8778,14998,test,2369,checked_out_bounded,existing_train_val_minocc100
14396,0.9596693553763083,14464,0.9642023865075662,4163,268,268,1.0,268,0,1.0,268,268,268,0,15001,68,0.45330311312579163,0.004723534315087524,valueType,passive,previously_discarded,5180,15001,test,537,checked_out_bounded,existing_train_val_minocc100
66180,0.9396563964219793,66353,0.9421127360499787,68985,38712,38698,0.9996383550320314,38701,3,0.9997158503823104,34270,34269,34270,11,70430,173,0.2456339627999432,0.00261408280447265,conflictWith,passive,previously_discarded,69686,70430,train,4077,checked_out_bounded,existing_train_val_minocc100
155149,0.971241306348322,155157,0.9712913867900315,159711,92770,91531,0.9866443893500054,91531,0,0.9866443893500054,92336,91097,91097,1239,159743,8,0.0050080441709495875,5.156333589001541e-05,distinct,passive,previously_discarded,159730,159743,train,4586,checked_out_bounded,existing_train_val_minocc100
47869,0.9775567717693188,47963,0.9794763927462833,48816,5335,4305,0.8069353327085286,4395,90,0.823805060918463,5024,3997,4087,940,48968,94,0.19196209769645484,0.0019636925776598635,inverse,passive,previously_discarded,48968,48968,train,1005,checked_out_bounded,existing_train_val_minocc100
37916,0.5416571428571428,39387,0.5626714285714286,5966,5889,4842,0.8222109016811003,4957,115,0.8417388351163185,5886,4839,4954,932,70000,1471,2.1014285714285714,0.03879628652811478,itemRequiresStatement,passive,previously_discarded,18424,70000,train,30613,checked_out_bounded,existing_train_val_minocc100
4722,0.984160066694456,4765,0.9931221342225928,4798,4798,4722,0.984160066694456,4765,43,0.9931221342225928,4616,4541,4584,33,4798,43,0.8962067528136723,0.009106310885218127,oneOf,passive,previously_discarded,4798,4798,train,33,checked_out_bounded,existing_train_val_minocc100
72990,0.8709504206192948,73518,0.8772507606944693,76799,46284,46019,0.9942744793017025,46243,224,0.9991141647221502,45779,45555,45779,41,83805,528,0.6300340075174512,0.007233867653103165,single,passive,previously_discarded,83805,83805,train,10287,checked_out_bounded,existing_train_val_minocc100
20688,0.9836907422376492,20725,0.9854500499262993,21012,21012,20675,0.9839615457833619,20710,35,0.985627260612983,20989,20652,20687,302,21031,37,0.1759307688650088,0.001788476411446249,symmetric,passive,previously_discarded,21031,21031,train,306,checked_out_bounded,existing_train_val_minocc100
66583,0.9511721261124841,66855,0.9550577848887873,1537,639,636,0.9953051643192489,637,1,0.9968701095461658,611,610,611,2,70001,272,0.3885658776303196,0.004085126834176892,type,passive,previously_discarded,10101,70001,train,3146,checked_out_bounded,existing_train_val_minocc100
58151,0.8307285714285715,58718,0.8388285714285715,8531,8531,6314,0.7401242527253545,6755,441,0.7918180752549525,8508,6291,6732,1776,70000,567,0.81,0.009750477205894998,valueRequiresStatement,passive,previously_discarded,40836,70000,train,11282,checked_out_bounded,existing_train_val_minocc100
67175,0.9596428571428571,67440,0.9634285714285714,20026,1413,1413,1.0,1413,0,1.0,1398,1398,1398,0,70000,265,0.37857142857142856,0.00394491998511351,valueType,passive,previously_discarded,24896,70000,train,2560,checked_out_bounded,existing_train_val_minocc100
14171,0.9389742910151073,14212,0.9416909620991254,14787,8369,8366,0.9996415342334807,8366,0,0.9996415342334807,7414,7414,7414,3,15092,41,0.2716671084018023,0.002893232658245713,conflictWith,passive,previously_discarded,14941,15092,val,880,checked_out_bounded,existing_train_val_minocc100
33199,0.9699368937711815,33200,0.9699661096178567,34222,19746,19470,0.986022485566697,19471,1,0.9860731287349337,19660,19384,19385,275,34228,1,0.002921584667523665,3.0121389198469834e-05,distinct,passive,previously_discarded,34224,34228,val,1028,checked_out_bounded,existing_train_val_minocc100
10279,0.9793254573170732,10306,0.9818978658536586,10466,1099,888,0.8080072793448589,915,27,0.8325750682438581,1040,829,856,184,10496,27,0.2572408536585366,0.0026267146609592375,inverse,passive,previously_discarded,10496,10496,val,190,checked_out_bounded,existing_train_val_minocc100
8113,0.5407945607252367,8437,0.5623916811091855,1249,1223,1013,0.8282910874897792,1039,26,0.8495502861815208,1223,1013,1039,184,15002,324,2.1597120383948805,0.039935905337113276,itemRequiresStatement,passive,previously_discarded,3860,15002,val,6565,checked_out_bounded,existing_train_val_minocc100
1008,0.980544747081712,1022,0.9941634241245136,1028,1028,1008,0.980544747081712,1022,14,0.9941634241245136,986,966,980,6,1028,14,1.3618677042801557,0.013888888888888888,oneOf,passive,previously_discarded,1028,1028,val,6,checked_out_bounded,existing_train_val_minocc100
15595,0.8683668355699092,15699,0.8741578038866307,16472,9910,9842,0.9931382441977801,9904,62,0.9993945509586276,9808,9747,9808,6,17959,104,0.5790968316721421,0.006668804103879449,single,passive,previously_discarded,17959,17959,val,2260,checked_out_bounded,existing_train_val_minocc100
4431,0.9837921847246892,4443,0.9864564831261101,4502,4502,4430,0.9840071079520213,4442,12,0.9866725899600177,4495,4423,4435,60,4504,12,0.2664298401420959,0.002708192281651997,symmetric,passive,previously_discarded,4504,4504,val,61,checked_out_bounded,existing_train_val_minocc100
14312,0.9541969464630975,14352,0.9568637909193947,319,128,128,1.0,128,0,1.0,117,117,117,0,14999,40,0.26668444562970867,0.002794857462269424,type,passive,previously_discarded,2254,14999,val,647,checked_out_bounded,existing_train_val_minocc100
12515,0.834277714819012,12637,0.8424105059662689,1836,1836,1417,0.7717864923747276,1502,85,0.818082788671024,1831,1412,1497,334,15001,122,0.8132791147256849,0.009748302037554933,valueRequiresStatement,passive,previously_discarded,8636,15001,val,2364,checked_out_bounded,existing_train_val_minocc100
14396,0.9597333333333333,14462,0.9641333333333333,4271,321,320,0.9968847352024922,321,1,1.0,317,316,317,0,15000,66,0.44,0.004584606835232009,valueType,passive,previously_discarded,5369,15000,val,538,checked_out_bounded,existing_train_val_minocc100
853621,0.8934800379740608,858717,0.898813990950283,594396,321801,313008,0.9726756598021759,314396,1388,0.9769888844347905,313270,304564,305947,7405,955389,5096,0.533395297622225,0.005969862503382648,overall,factorized,previously_discarded,688768,955389,overall,96672,checked_out_bounded,existing_train_val_minocc100
128179,0.8944551443086027,128947,0.8998143806174287,89063,48256,46971,0.9733711870026526,47176,205,0.9776193633952255,46962,45694,45898,1080,143304,768,0.5359236308825992,0.005991621092378626,overall,factorized,previously_discarded,103222,143304,test,14357,checked_out_bounded,existing_train_val_minocc100
597423,0.8933080732562173,600974,0.8986177733650729,416181,225383,219155,0.9723670374429305,220109,954,0.9765998322854874,219417,213249,214200,5274,668776,3551,0.5309700108855581,0.005943862221574998,overall,factorized,previously_discarded,482275,668776,train,67802,checked_out_bounded,existing_train_val_minocc100
128019,0.8933074684772065,128796,0.8987293191634859,89152,48162,46882,0.9734230306050413,47111,229,0.9781778165358581,46891,45621,45849,1051,143309,777,0.5421850686279298,0.006069411571719823,overall,factorized,previously_discarded,103271,143309,val,14513,checked_out_bounded,existing_train_val_minocc100
94588,0.9401170822855893,94846,0.9426813632433184,98560,55516,55495,0.9996217306722386,55499,4,0.9996937819727646,49164,49163,49164,17,100613,258,0.25642809577291203,0.002727618725419715,conflictWith,factorized,previously_discarded,99567,100613,overall,5767,checked_out_bounded,existing_train_val_minocc100
221588,0.97102116116932,221599,0.9710693642885001,228156,132357,130577,0.9865515235310561,130578,1,0.9865590788549151,131743,129963,129964,1779,228201,11,0.0048203119180021126,4.964167734714876e-05,distinct,factorized,previously_discarded,228181,228201,overall,6602,checked_out_bounded,existing_train_val_minocc100
68467,0.9782677030348059,68605,0.9802394696233641,69778,7541,6102,0.8091765017902135,6236,134,0.8269460283781992,7109,5674,5808,1305,69988,138,0.19717665885580385,0.002015569544452072,inverse,factorized,previously_discarded,69988,69988,overall,1383,checked_out_bounded,existing_train_val_minocc100
54149,0.5414845851541484,56372,0.5637143628563714,8503,8378,6879,0.8210790164717117,7044,165,0.8407734542850323,8375,6876,7041,1334,100001,2223,2.2229777702222977,0.041053389720955145,itemRequiresStatement,factorized,previously_discarded,26190,100001,overall,43629,checked_out_bounded,existing_train_val_minocc100
6728,0.9816165742632039,6802,0.9924131893784651,6854,6854,6728,0.9816165742632039,6802,74,0.9924131893784651,6577,6453,6527,52,6854,74,1.0796615115261161,0.010998810939357907,oneOf,factorized,previously_discarded,6854,6854,overall,52,checked_out_bounded,existing_train_val_minocc100
104233,0.8706180099062002,104978,0.8768407072993494,109740,66104,65700,0.9938884182500303,66047,347,0.9991377223768607,65383,65038,65383,57,119723,745,0.6222697393149186,0.007147448504792148,single,factorized,previously_discarded,119723,119723,overall,14745,checked_out_bounded,existing_train_val_minocc100
29533,0.984105298233922,29591,0.9860379873375541,29986,29986,29516,0.9843260188087775,29572,56,0.9861935569932635,29952,29482,29538,414,30010,58,0.19326891036321225,0.00196390478447838,symmetric,factorized,previously_discarded,30010,30010,overall,419,checked_out_bounded,existing_train_val_minocc100
95177,0.951779517795178,95562,0.955629556295563,2201,905,902,0.9966850828729282,903,1,0.9977900552486187,859,858,859,2,99999,385,0.3850038500385004,0.004045094928396566,type,factorized,previously_discarded,14560,99999,overall,4437,checked_out_bounded,existing_train_val_minocc100
83191,0.8319183191831918,83993,0.8399383993839938,12158,12158,9108,0.74913637111367,9713,605,0.7988978450403027,12125,9075,9680,2445,99999,802,0.8020080200802008,0.00964046591578416,valueRequiresStatement,factorized,previously_discarded,58250,99999,overall,16006,checked_out_bounded,existing_train_val_minocc100
95967,0.959660403395966,96369,0.9636803631963681,28460,2002,2001,0.9995004995004995,2002,1,1.0,1983,1982,1983,0,100001,402,0.4019959800401996,0.004188939948107162,valueType,factorized,previously_discarded,35445,100001,overall,3632,checked_out_bounded,existing_train_val_minocc100
14237,0.9434099794579551,14281,0.9463256245444305,14788,8435,8431,0.9995257854179016,8432,1,0.9996443390634262,7480,7480,7480,3,15091,44,0.29156450864753825,0.003090538737093489,conflictWith,factorized,previously_discarded,14940,15091,test,810,checked_out_bounded,existing_train_val_minocc100
33240,0.9710780017528484,33242,0.9711364300321356,34223,19841,19576,0.9866438183559296,19576,0,0.9866438183559296,19747,19482,19482,265,34230,2,0.0058428279287175,6.016847172081829e-05,distinct,factorized,previously_discarded,34227,34230,test,988,checked_out_bounded,existing_train_val_minocc100
10319,0.9805207145572026,10336,0.9821360699353858,10496,1107,909,0.8211382113821138,926,17,0.8364950316169828,1045,848,865,181,10524,17,0.16153553781832003,0.0016474464579901153,inverse,factorized,previously_discarded,10524,10524,test,188,checked_out_bounded,existing_train_val_minocc100
8120,0.5413694246283085,8453,0.5635709047269818,1288,1266,1024,0.8088467614533965,1048,24,0.8278041074249605,1266,1024,1048,218,14999,333,2.2201480098673243,0.04100985221674877,itemRequiresStatement,factorized,previously_discarded,3906,14999,test,6546,checked_out_bounded,existing_train_val_minocc100
998,0.9708171206225681,1015,0.9873540856031129,1028,1028,998,0.9708171206225681,1015,17,0.9873540856031129,975,946,963,13,1028,17,1.6536964980544746,0.017034068136272545,oneOf,factorized,previously_discarded,1028,1028,test,13,checked_out_bounded,existing_train_val_minocc100
15648,0.8713180021159307,15755,0.8772760175956344,16469,9910,9839,0.9928355196770938,9899,60,0.9988900100908173,9796,9736,9796,11,17959,107,0.595801547970377,0.006837934560327198,single,factorized,previously_discarded,17959,17959,test,2204,checked_out_bounded,existing_train_val_minocc100
4414,0.9863687150837989,4423,0.9883798882681564,4472,4472,4411,0.9863595706618963,4420,9,0.9883720930232558,4468,4407,4416,52,4475,9,0.2011173184357542,0.0020389669234254643,symmetric,factorized,previously_discarded,4475,4475,test,52,checked_out_bounded,existing_train_val_minocc100
14282,0.9521968131208747,14347,0.9565304353623575,345,138,138,1.0,138,0,1.0,131,131,131,0,14999,65,0.4333622241482766,0.0045511833076599915,type,factorized,previously_discarded,2205,14999,test,652,checked_out_bounded,existing_train_val_minocc100
12525,0.8351113481797573,12631,0.8421789571942926,1791,1791,1377,0.7688442211055276,1454,77,0.8118369625907315,1786,1372,1449,337,14998,106,0.7067609014535271,0.00846307385229541,valueRequiresStatement,factorized,previously_discarded,8778,14998,test,2367,checked_out_bounded,existing_train_val_minocc100
14396,0.9596693553763083,14464,0.9642023865075662,4163,268,268,1.0,268,0,1.0,268,268,268,0,15001,68,0.45330311312579163,0.004723534315087524,valueType,factorized,previously_discarded,5180,15001,test,537,checked_out_bounded,existing_train_val_minocc100
66180,0.9396563964219793,66353,0.9421127360499787,68985,38712,38698,0.9996383550320314,38701,3,0.9997158503823104,34270,34269,34270,11,70430,173,0.2456339627999432,0.00261408280447265,conflictWith,factorized,previously_discarded,69686,70430,train,4077,checked_out_bounded,existing_train_val_minocc100
155149,0.971241306348322,155157,0.9712913867900315,159711,92770,91531,0.9866443893500054,91531,0,0.9866443893500054,92336,91097,91097,1239,159743,8,0.0050080441709495875,5.156333589001541e-05,distinct,factorized,previously_discarded,159730,159743,train,4586,checked_out_bounded,existing_train_val_minocc100
47869,0.9775567717693188,47963,0.9794763927462833,48816,5335,4305,0.8069353327085286,4395,90,0.823805060918463,5024,3997,4087,940,48968,94,0.19196209769645484,0.0019636925776598635,inverse,factorized,previously_discarded,48968,48968,train,1005,checked_out_bounded,existing_train_val_minocc100
37916,0.5416571428571428,39464,0.5637714285714286,5966,5889,4842,0.8222109016811003,4957,115,0.8417388351163185,5886,4839,4954,932,70000,1548,2.2114285714285713,0.040827091465344446,itemRequiresStatement,factorized,previously_discarded,18424,70000,train,30536,checked_out_bounded,existing_train_val_minocc100
4722,0.984160066694456,4765,0.9931221342225928,4798,4798,4722,0.984160066694456,4765,43,0.9931221342225928,4616,4541,4584,33,4798,43,0.8962067528136723,0.009106310885218127,oneOf,factorized,previously_discarded,4798,4798,train,33,checked_out_bounded,existing_train_val_minocc100
72990,0.8709504206192948,73521,0.8772865580812601,76799,46284,46019,0.9942744793017025,46244,225,0.9991357704606344,45779,45555,45779,40,83805,531,0.6336137461965277,0.007274969173859433,single,factorized,previously_discarded,83805,83805,train,10284,checked_out_bounded,existing_train_val_minocc100
20688,0.9836907422376492,20725,0.9854500499262993,21012,21012,20675,0.9839615457833619,20710,35,0.985627260612983,20989,20652,20687,302,21031,37,0.1759307688650088,0.001788476411446249,symmetric,factorized,previously_discarded,21031,21031,train,306,checked_out_bounded,existing_train_val_minocc100
66583,0.9511721261124841,66862,0.9551577834602363,1537,639,636,0.9953051643192489,637,1,0.9968701095461658,611,610,611,2,70001,279,0.3985657347752175,0.004190258774762327,type,factorized,previously_discarded,10101,70001,train,3139,checked_out_bounded,existing_train_val_minocc100
58151,0.8307285714285715,58722,0.8388857142857142,8531,8531,6314,0.7401242527253545,6756,442,0.7919352948071738,8508,6291,6733,1775,70000,571,0.8157142857142857,0.009819263641209953,valueRequiresStatement,factorized,previously_discarded,40836,70000,train,11278,checked_out_bounded,existing_train_val_minocc100
67175,0.9596428571428571,67442,0.9634571428571429,20026,1413,1413,1.0,1413,0,1.0,1398,1398,1398,0,70000,267,0.38142857142857145,0.003974692966133234,valueType,factorized,previously_discarded,24896,70000,train,2558,checked_out_bounded,existing_train_val_minocc100
14171,0.9389742910151073,14212,0.9416909620991254,14787,8369,8366,0.9996415342334807,8366,0,0.9996415342334807,7414,7414,7414,3,15092,41,0.2716671084018023,0.002893232658245713,conflictWith,factorized,previously_discarded,14941,15092,val,880,checked_out_bounded,existing_train_val_minocc100
33199,0.9699368937711815,33200,0.9699661096178567,34222,19746,19470,0.986022485566697,19471,1,0.9860731287349337,19660,19384,19385,275,34228,1,0.002921584667523665,3.0121389198469834e-05,distinct,factorized,previously_discarded,34224,34228,val,1028,checked_out_bounded,existing_train_val_minocc100
10279,0.9793254573170732,10306,0.9818978658536586,10466,1099,888,0.8080072793448589,915,27,0.8325750682438581,1040,829,856,184,10496,27,0.2572408536585366,0.0026267146609592375,inverse,factorized,previously_discarded,10496,10496,val,190,checked_out_bounded,existing_train_val_minocc100
8113,0.5407945607252367,8455,0.5635915211305159,1249,1223,1013,0.8282910874897792,1039,26,0.8495502861815208,1223,1013,1039,184,15002,342,2.2796960405279294,0.04215456674473068,itemRequiresStatement,factorized,previously_discarded,3860,15002,val,6547,checked_out_bounded,existing_train_val_minocc100
1008,0.980544747081712,1022,0.9941634241245136,1028,1028,1008,0.980544747081712,1022,14,0.9941634241245136,986,966,980,6,1028,14,1.3618677042801557,0.013888888888888888,oneOf,factorized,previously_discarded,1028,1028,val,6,checked_out_bounded,existing_train_val_minocc100
15595,0.8683668355699092,15702,0.874324851049613,16472,9910,9842,0.9931382441977801,9904,62,0.9993945509586276,9808,9747,9808,6,17959,107,0.595801547970377,0.006861173453029818,single,factorized,previously_discarded,17959,17959,val,2257,checked_out_bounded,existing_train_val_minocc100
4431,0.9837921847246892,4443,0.9864564831261101,4502,4502,4430,0.9840071079520213,4442,12,0.9866725899600177,4495,4423,4435,60,4504,12,0.2664298401420959,0.002708192281651997,symmetric,factorized,previously_discarded,4504,4504,val,61,checked_out_bounded,existing_train_val_minocc100
14312,0.9541969464630975,14353,0.956930462030802,319,128,128,1.0,128,0,1.0,117,117,117,0,14999,41,0.27335155677045136,0.0028647288988261597,type,factorized,previously_discarded,2254,14999,val,646,checked_out_bounded,existing_train_val_minocc100
12515,0.834277714819012,12640,0.8426104926338244,1836,1836,1417,0.7717864923747276,1503,86,0.8186274509803921,1831,1412,1498,333,15001,125,0.8332777814812345,0.00998801438274071,valueRequiresStatement,factorized,previously_discarded,8636,15001,val,2361,checked_out_bounded,existing_train_val_minocc100
14396,0.9597333333333333,14463,0.9642,4271,321,320,0.9968847352024922,321,1,1.0,317,316,317,0,15000,67,0.44666666666666666,0.004654070575159767,valueType,factorized,previously_discarded,5369,15000,val,537,checked_out_bounded,existing_train_val_minocc100
855185,0.8951170674981604,859855,0.9000051288009386,594396,321801,313248,0.973421462332311,314544,1296,0.9774487959950404,313270,304738,306033,7257,955389,4670,0.488806130277824,0.00546080672603004,overall,passive,previously_discarded,688768,955389,overall,95534,checked_out_bounded,clean_parent_train_minocc100
128276,0.895132027019483,128997,0.9001632892312845,89063,48256,46988,0.973723474801061,47188,200,0.9778680371352785,46962,45704,45904,1068,143304,721,0.5031262211801485,0.005620692880975397,overall,passive,previously_discarded,103222,143304,test,14307,checked_out_bounded,clean_parent_train_minocc100
598814,0.8953879923920715,602032,0.900199767934256,416181,225383,219363,0.9732899109515802,220241,878,0.9771855020121305,219417,213398,214276,5142,668776,3218,0.4811775542184528,0.005373955852735574,overall,passive,previously_discarded,482275,668776,train,66744,checked_out_bounded,clean_parent_train_minocc100
128095,0.8938377910668556,128826,0.898938657027821,89152,48162,46897,0.9737344794651385,47115,218,0.9782608695652174,46891,45636,45853,1047,143309,731,0.5100865960965466,0.0057067020570670205,overall,passive,previously_discarded,103271,143309,val,14483,checked_out_bounded,clean_parent_train_minocc100
94672,0.9409519644578732,94902,0.9432379513581743,98560,55516,55513,0.9999459615246055,55513,0,0.9999459615246055,49164,49164,49164,3,100613,230,0.2285986900301154,0.0024294405948960623,conflictWith,passive,previously_discarded,99567,100613,overall,5711,checked_out_bounded,clean_parent_train_minocc100
221592,0.9710386895762946,221603,0.9710868926954747,228156,132357,130577,0.9865515235310561,130578,1,0.9865590788549151,131743,129963,129964,1779,228201,11,0.0048203119180021126,4.9640781255641e-05,distinct,passive,previously_discarded,228181,228201,overall,6598,checked_out_bounded,clean_parent_train_minocc100
68495,0.9786677716179917,68625,0.980525232897068,69778,7541,6125,0.8122264951597932,6255,130,0.8294655881182867,7109,5694,5824,1286,69988,130,0.1857461279076413,0.0018979487553836046,inverse,passive,previously_discarded,69988,69988,overall,1363,checked_out_bounded,clean_parent_train_minocc100
54900,0.5489945100548994,56924,0.5692343076569234,8503,8378,6898,0.8233468608259727,7054,156,0.8419670565767486,8375,6895,7051,1324,100001,2024,2.023979760202398,0.03686703096539162,itemRequiresStatement,passive,previously_discarded,26190,100001,overall,43077,checked_out_bounded,clean_parent_train_minocc100
6782,0.9894951852932594,6806,0.9929967901955062,6854,6854,6782,0.9894951852932594,6806,24,0.9929967901955062,6577,6506,6530,48,6854,24,0.3501604902246863,0.003538779121203185,oneOf,passive,previously_discarded,6854,6854,overall,48,checked_out_bounded,clean_parent_train_minocc100
104448,0.8724138219055654,105157,0.8783358251964952,109740,66104,65748,0.9946145467747791,66090,342,0.9997882125136149,65383,65042,65383,14,119723,709,0.5922003290929897,0.0067880667892156864,single,passive,previously_discarded,119723,119723,overall,14566,checked_out_bounded,clean_parent_train_minocc100
29549,0.9846384538487171,29600,0.9863378873708764,29986,29986,29530,0.984792903354899,29580,50,0.9864603481624759,29952,29496,29546,406,30010,51,0.16994335221592802,0.0017259467325459407,symmetric,passive,previously_discarded,30010,30010,overall,410,checked_out_bounded,clean_parent_train_minocc100
95313,0.9531395313953139,95657,0.956579565795658,2201,905,904,0.9988950276243094,904,0,0.9988950276243094,859,859,859,1,99999,344,0.34400344003440037,0.003609161394563176,type,passive,previously_discarded,14560,99999,overall,4342,checked_out_bounded,clean_parent_train_minocc100
83396,0.8339683396833968,84163,0.8416384163841638,12158,12158,9170,0.7542358940615232,9762,592,0.8029281131765093,12125,9137,9729,2396,99999,767,0.7670076700767008,0.009197083792987674,valueRequiresStatement,passive,previously_discarded,58250,99999,overall,15836,checked_out_bounded,clean_parent_train_minocc100
96038,0.960370396296037,96418,0.9641703582964171,28460,2002,2001,0.9995004995004995,2002,1,1.0,1983,1982,1983,0,100001,380,0.3799962000379996,0.0039567671130177635,valueType,passive,previously_discarded,35445,100001,overall,3583,checked_out_bounded,clean_parent_train_minocc100
14244,0.9438738320853489,14285,0.9465906831886555,14788,8435,8435,1.0,8435,0,1.0,7480,7480,7480,0,15091,41,0.2716851103306607,0.002878404942431901,conflictWith,passive,previously_discarded,14940,15091,test,806,checked_out_bounded,clean_parent_train_minocc100
33240,0.9710780017528484,33242,0.9711364300321356,34223,19841,19576,0.9866438183559296,19576,0,0.9866438183559296,19747,19482,19482,265,34230,2,0.0058428279287175,6.016847172081829e-05,distinct,passive,previously_discarded,34227,34230,test,988,checked_out_bounded,clean_parent_train_minocc100
10319,0.9805207145572026,10336,0.9821360699353858,10496,1107,909,0.8211382113821138,926,17,0.8364950316169828,1045,848,865,181,10524,17,0.16153553781832003,0.0016474464579901153,inverse,passive,previously_discarded,10524,10524,test,188,checked_out_bounded,clean_parent_train_minocc100
8162,0.5441696113074205,8469,0.5646376425095007,1288,1266,1027,0.811216429699842,1051,24,0.830173775671406,1266,1027,1051,215,14999,307,2.046803120208014,0.03761333006616026,itemRequiresStatement,passive,previously_discarded,3906,14999,test,6530,checked_out_bounded,clean_parent_train_minocc100
1001,0.9737354085603113,1015,0.9873540856031129,1028,1028,1001,0.9737354085603113,1015,14,0.9873540856031129,975,949,963,13,1028,14,1.3618677042801557,0.013986013986013986,oneOf,passive,previously_discarded,1028,1028,test,13,checked_out_bounded,clean_parent_train_minocc100
15660,0.8719861907678601,15764,0.8777771590845815,16469,9910,9843,0.9932391523713421,9903,60,0.9992936427850656,9796,9736,9796,7,17959,104,0.5790968316721421,0.0066411238825031926,single,passive,previously_discarded,17959,17959,test,2195,checked_out_bounded,clean_parent_train_minocc100
4415,0.9865921787709497,4423,0.9883798882681564,4472,4472,4412,0.9865831842576028,4420,8,0.9883720930232558,4468,4408,4416,52,4475,8,0.1787709497206704,0.001812004530011325,symmetric,passive,previously_discarded,4475,4475,test,52,checked_out_bounded,clean_parent_train_minocc100
14296,0.9531302086805787,14355,0.9570638042536169,345,138,137,0.9927536231884058,137,0,0.9927536231884058,131,131,131,1,14999,59,0.3933595573038203,0.004127028539451595,type,passive,previously_discarded,2205,14999,test,644,checked_out_bounded,clean_parent_train_minocc100
12537,0.8359114548606481,12640,0.8427790372049606,1791,1791,1381,0.7710776102735901,1457,76,0.8135120044667783,1786,1376,1452,334,14998,103,0.6867582344312575,0.008215681582515753,valueRequiresStatement,passive,previously_discarded,8778,14998,test,2358,checked_out_bounded,clean_parent_train_minocc100
14402,0.9600693287114193,14468,0.9644690353976402,4163,268,267,0.996268656716418,268,1,1.0,268,267,268,0,15001,66,0.4399706686220919,0.004582696847660047,valueType,passive,previously_discarded,5180,15001,test,533,checked_out_bounded,clean_parent_train_minocc100
66255,0.9407212835439444,66404,0.9428368592929149,68985,38712,38712,1.0,38712,0,1.0,34270,34270,34270,0,70430,149,0.21155757489706092,0.002248886876462154,conflictWith,passive,previously_discarded,69686,70430,train,4026,checked_out_bounded,clean_parent_train_minocc100
155152,0.971260086513963,155160,0.9713101669556725,159711,92770,91531,0.9866443893500054,91531,0,0.9866443893500054,92336,91097,91097,1239,159743,8,0.0050080441709495875,5.156233886769104e-05,distinct,passive,previously_discarded,159730,159743,train,4583,checked_out_bounded,clean_parent_train_minocc100
47896,0.9781081522627022,47982,0.9798644012416272,48816,5335,4327,0.8110590440487347,4413,86,0.8271790065604498,5024,4016,4102,922,48968,86,0.1756248978925012,0.0017955570402538835,inverse,passive,previously_discarded,48968,48968,train,986,checked_out_bounded,clean_parent_train_minocc100
38585,0.5512142857142858,39987,0.5712428571428572,5966,5889,4856,0.8245882153166921,4964,108,0.8429274919341144,5886,4853,4961,925,70000,1402,2.0028571428571427,0.03633536348321887,itemRequiresStatement,passive,previously_discarded,18424,70000,train,30013,checked_out_bounded,clean_parent_train_minocc100
4767,0.9935389745727387,4768,0.9937473947478116,4798,4798,4767,0.9935389745727387,4768,1,0.9937473947478116,4616,4585,4586,30,4798,1,0.020842017507294707,0.00020977554017201594,oneOf,passive,previously_discarded,4798,4798,train,30,checked_out_bounded,clean_parent_train_minocc100
73185,0.8732772507606945,73688,0.8792792792792793,76799,46284,46062,0.9952035260565206,46283,221,0.9999783942615159,45779,45558,45779,1,83805,503,0.600202851858481,0.006872993099678896,single,passive,previously_discarded,83805,83805,train,10117,checked_out_bounded,clean_parent_train_minocc100
20700,0.9842613285150492,20733,0.9858304407778993,21012,21012,20685,0.9844374643061108,20717,32,0.9859604035789072,20989,20662,20694,295,21031,33,0.15691122628500784,0.0015942028985507246,symmetric,passive,previously_discarded,21031,21031,train,298,checked_out_bounded,clean_parent_train_minocc100
66698,0.9528149597862887,66945,0.956343480807417,1537,639,639,1.0,639,0,1.0,611,611,611,0,70001,247,0.35285210211282697,0.0037032594680500167,type,passive,previously_discarded,10101,70001,train,3056,checked_out_bounded,clean_parent_train_minocc100
58340,0.8334285714285714,58879,0.8411285714285714,8531,8531,6371,0.7468057672019693,6801,430,0.7972101746571328,8508,6348,6778,1730,70000,539,0.77,0.009238944120671923,valueRequiresStatement,passive,previously_discarded,40836,70000,train,11121,checked_out_bounded,clean_parent_train_minocc100
67236,0.9605142857142858,67486,0.9640857142857143,20026,1413,1413,1.0,1413,0,1.0,1398,1398,1398,0,70000,250,0.35714285714285715,0.0037182461776429296,valueType,passive,previously_discarded,24896,70000,train,2514,checked_out_bounded,clean_parent_train_minocc100
14173,0.9391068115557911,14213,0.9417572223694672,14787,8369,8366,0.9996415342334807,8366,0,0.9996415342334807,7414,7414,7414,3,15092,40,0.26504108136761195,0.0028222676920905947,conflictWith,passive,previously_discarded,14941,15092,val,879,checked_out_bounded,clean_parent_train_minocc100
33200,0.9699661096178567,33201,0.9699953254645319,34222,19746,19470,0.986022485566697,19471,1,0.9860731287349337,19660,19384,19385,275,34228,1,0.002921584667523665,3.0120481927710842e-05,distinct,passive,previously_discarded,34224,34228,val,1027,checked_out_bounded,clean_parent_train_minocc100
10280,0.979420731707317,10307,0.9819931402439024,10466,1099,889,0.8089171974522293,916,27,0.8334849863512284,1040,830,857,183,10496,27,0.2572408536585366,0.002626459143968872,inverse,passive,previously_discarded,10496,10496,val,189,checked_out_bounded,clean_parent_train_minocc100
8153,0.5434608718837488,8468,0.5644580722570324,1249,1223,1015,0.8299264104660671,1039,24,0.8495502861815208,1223,1015,1039,184,15002,315,2.0997200373283564,0.03863608487673249,itemRequiresStatement,passive,previously_discarded,3860,15002,val,6534,checked_out_bounded,clean_parent_train_minocc100
1014,0.9863813229571985,1023,0.995136186770428,1028,1028,1014,0.9863813229571985,1023,9,0.995136186770428,986,972,981,5,1028,9,0.8754863813229572,0.008875739644970414,oneOf,passive,previously_discarded,1028,1028,val,5,checked_out_bounded,clean_parent_train_minocc100
15603,0.8688122946711955,15705,0.8744918982125953,16472,9910,9843,0.9932391523713421,9904,61,0.9993945509586276,9808,9748,9808,6,17959,102,0.5679603541399855,0.006537204383772351,single,passive,previously_discarded,17959,17959,val,2254,checked_out_bounded,clean_parent_train_minocc100
4434,0.9844582593250444,4444,0.9866785079928952,4502,4502,4433,0.9846734784540204,4443,10,0.9868947134606841,4495,4426,4436,59,4504,10,0.22202486678507993,0.0022552999548940008,symmetric,passive,previously_discarded,4504,4504,val,60,checked_out_bounded,clean_parent_train_minocc100
14319,0.9546636442429496,14357,0.9571971464764317,319,128,128,1.0,128,0,1.0,117,117,117,0,14999,38,0.2533502233482232,0.0026538166073049796,type,passive,previously_discarded,2254,14999,val,642,checked_out_bounded,clean_parent_train_minocc100
12519,0.834544363709086,12644,0.8428771415238984,1836,1836,1418,0.7723311546840959,1504,86,0.8191721132897604,1831,1413,1499,332,15001,125,0.8332777814812345,0.009984823068935219,valueRequiresStatement,passive,previously_discarded,8636,15001,val,2357,checked_out_bounded,clean_parent_train_minocc100
14400,0.96,14464,0.9642666666666667,4271,321,321,1.0,321,0,1.0,317,317,317,0,15000,64,0.4266666666666667,0.0044444444444444444,valueType,passive,previously_discarded,5369,15000,val,536,checked_out_bounded,clean_parent_train_minocc100
855185,0.8951170674981604,859900,0.900052230034049,594396,321801,313248,0.973421462332311,314544,1296,0.9774487959950404,313270,304738,306033,7257,955389,4715,0.4935162535888523,0.00551342691932155,overall,factorized,previously_discarded,688768,955389,overall,95489,checked_out_bounded,clean_parent_train_minocc100
128276,0.895132027019483,129021,0.9003307653659354,89063,48256,46988,0.973723474801061,47188,200,0.9778680371352785,46962,45704,45904,1068,143304,745,0.5198738346452297,0.005807789453989834,overall,factorized,previously_discarded,103222,143304,test,14283,checked_out_bounded,clean_parent_train_minocc100
598814,0.8953879923920715,602032,0.900199767934256,416181,225383,219363,0.9732899109515802,220241,878,0.9771855020121305,219417,213398,214276,5142,668776,3218,0.4811775542184528,0.005373955852735574,overall,factorized,previously_discarded,482275,668776,train,66744,checked_out_bounded,clean_parent_train_minocc100
128095,0.8938377910668556,128847,0.8990851935328555,89152,48162,46897,0.9737344794651385,47115,218,0.9782608695652174,46891,45636,45853,1047,143309,752,0.5247402466000042,0.0058706428822358405,overall,factorized,previously_discarded,103271,143309,val,14462,checked_out_bounded,clean_parent_train_minocc100
94672,0.9409519644578732,94903,0.9432478904316539,98560,55516,55513,0.9999459615246055,55513,0,0.9999459615246055,49164,49164,49164,3,100613,231,0.22959259737807242,0.0024400033800912623,conflictWith,factorized,previously_discarded,99567,100613,overall,5710,checked_out_bounded,clean_parent_train_minocc100
221592,0.9710386895762946,221603,0.9710868926954747,228156,132357,130577,0.9865515235310561,130578,1,0.9865590788549151,131743,129963,129964,1779,228201,11,0.0048203119180021126,4.9640781255641e-05,distinct,factorized,previously_discarded,228181,228201,overall,6598,checked_out_bounded,clean_parent_train_minocc100
68495,0.9786677716179917,68625,0.980525232897068,69778,7541,6125,0.8122264951597932,6255,130,0.8294655881182867,7109,5694,5824,1286,69988,130,0.1857461279076413,0.0018979487553836046,inverse,factorized,previously_discarded,69988,69988,overall,1363,checked_out_bounded,clean_parent_train_minocc100
54900,0.5489945100548994,56959,0.5695843041569584,8503,8378,6898,0.8233468608259727,7054,156,0.8419670565767486,8375,6895,7051,1324,100001,2059,2.058979410205898,0.03750455373406193,itemRequiresStatement,factorized,previously_discarded,26190,100001,overall,43042,checked_out_bounded,clean_parent_train_minocc100
6782,0.9894951852932594,6806,0.9929967901955062,6854,6854,6782,0.9894951852932594,6806,24,0.9929967901955062,6577,6506,6530,48,6854,24,0.3501604902246863,0.003538779121203185,oneOf,factorized,previously_discarded,6854,6854,overall,48,checked_out_bounded,clean_parent_train_minocc100
104448,0.8724138219055654,105161,0.8783692356522974,109740,66104,65748,0.9946145467747791,66090,342,0.9997882125136149,65383,65042,65383,14,119723,713,0.595541374673204,0.006826363357843137,single,factorized,previously_discarded,119723,119723,overall,14562,checked_out_bounded,clean_parent_train_minocc100
29549,0.9846384538487171,29600,0.9863378873708764,29986,29986,29530,0.984792903354899,29580,50,0.9864603481624759,29952,29496,29546,406,30010,51,0.16994335221592802,0.0017259467325459407,symmetric,factorized,previously_discarded,30010,30010,overall,410,checked_out_bounded,clean_parent_train_minocc100
95313,0.9531395313953139,95659,0.95659956599566,2201,905,904,0.9988950276243094,904,0,0.9988950276243094,859,859,859,1,99999,346,0.34600346003460036,0.0036301448910431946,type,factorized,previously_discarded,14560,99999,overall,4340,checked_out_bounded,clean_parent_train_minocc100
83396,0.8339683396833968,84166,0.8416684166841668,12158,12158,9170,0.7542358940615232,9762,592,0.8029281131765093,12125,9137,9729,2396,99999,770,0.7700077000770008,0.00923305674133052,valueRequiresStatement,factorized,previously_discarded,58250,99999,overall,15833,checked_out_bounded,clean_parent_train_minocc100
96038,0.960370396296037,96418,0.9641703582964171,28460,2002,2001,0.9995004995004995,2002,1,1.0,1983,1982,1983,0,100001,380,0.3799962000379996,0.0039567671130177635,valueType,factorized,previously_discarded,35445,100001,overall,3583,checked_out_bounded,clean_parent_train_minocc100
14244,0.9438738320853489,14286,0.9466569478497118,14788,8435,8435,1.0,8435,0,1.0,7480,7480,7480,0,15091,42,0.2783115764362865,0.0029486099410278013,conflictWith,factorized,previously_discarded,14940,15091,test,805,checked_out_bounded,clean_parent_train_minocc100
33240,0.9710780017528484,33242,0.9711364300321356,34223,19841,19576,0.9866438183559296,19576,0,0.9866438183559296,19747,19482,19482,265,34230,2,0.0058428279287175,6.016847172081829e-05,distinct,factorized,previously_discarded,34227,34230,test,988,checked_out_bounded,clean_parent_train_minocc100
10319,0.9805207145572026,10336,0.9821360699353858,10496,1107,909,0.8211382113821138,926,17,0.8364950316169828,1045,848,865,181,10524,17,0.16153553781832003,0.0016474464579901153,inverse,factorized,previously_discarded,10524,10524,test,188,checked_out_bounded,clean_parent_train_minocc100
8162,0.5441696113074205,8489,0.5659710647376491,1288,1266,1027,0.811216429699842,1051,24,0.830173775671406,1266,1027,1051,215,14999,327,2.1801453430228683,0.04006370987503063,itemRequiresStatement,factorized,previously_discarded,3906,14999,test,6510,checked_out_bounded,clean_parent_train_minocc100
1001,0.9737354085603113,1015,0.9873540856031129,1028,1028,1001,0.9737354085603113,1015,14,0.9873540856031129,975,949,963,13,1028,14,1.3618677042801557,0.013986013986013986,oneOf,factorized,previously_discarded,1028,1028,test,13,checked_out_bounded,clean_parent_train_minocc100
15660,0.8719861907678601,15765,0.8778328414722423,16469,9910,9843,0.9932391523713421,9903,60,0.9992936427850656,9796,9736,9796,7,17959,105,0.5846650704382204,0.006704980842911878,single,factorized,previously_discarded,17959,17959,test,2194,checked_out_bounded,clean_parent_train_minocc100
4415,0.9865921787709497,4423,0.9883798882681564,4472,4472,4412,0.9865831842576028,4420,8,0.9883720930232558,4468,4408,4416,52,4475,8,0.1787709497206704,0.001812004530011325,symmetric,factorized,previously_discarded,4475,4475,test,52,checked_out_bounded,clean_parent_train_minocc100
14296,0.9531302086805787,14356,0.9571304753650244,345,138,137,0.9927536231884058,137,0,0.9927536231884058,131,131,131,1,14999,60,0.40002666844456297,0.004196978175713486,type,factorized,previously_discarded,2205,14999,test,643,checked_out_bounded,clean_parent_train_minocc100
12537,0.8359114548606481,12641,0.8428457127617016,1791,1791,1381,0.7710776102735901,1457,76,0.8135120044667783,1786,1376,1452,334,14998,104,0.6934257901053473,0.00829544548137513,valueRequiresStatement,factorized,previously_discarded,8778,14998,test,2357,checked_out_bounded,clean_parent_train_minocc100
14402,0.9600693287114193,14468,0.9644690353976402,4163,268,267,0.996268656716418,268,1,1.0,268,267,268,0,15001,66,0.4399706686220919,0.004582696847660047,valueType,factorized,previously_discarded,5180,15001,test,533,checked_out_bounded,clean_parent_train_minocc100
66255,0.9407212835439444,66404,0.9428368592929149,68985,38712,38712,1.0,38712,0,1.0,34270,34270,34270,0,70430,149,0.21155757489706092,0.002248886876462154,conflictWith,factorized,previously_discarded,69686,70430,train,4026,checked_out_bounded,clean_parent_train_minocc100
155152,0.971260086513963,155160,0.9713101669556725,159711,92770,91531,0.9866443893500054,91531,0,0.9866443893500054,92336,91097,91097,1239,159743,8,0.0050080441709495875,5.156233886769104e-05,distinct,factorized,previously_discarded,159730,159743,train,4583,checked_out_bounded,clean_parent_train_minocc100
47896,0.9781081522627022,47982,0.9798644012416272,48816,5335,4327,0.8110590440487347,4413,86,0.8271790065604498,5024,4016,4102,922,48968,86,0.1756248978925012,0.0017955570402538835,inverse,factorized,previously_discarded,48968,48968,train,986,checked_out_bounded,clean_parent_train_minocc100
38585,0.5512142857142858,39987,0.5712428571428572,5966,5889,4856,0.8245882153166921,4964,108,0.8429274919341144,5886,4853,4961,925,70000,1402,2.0028571428571427,0.03633536348321887,itemRequiresStatement,factorized,previously_discarded,18424,70000,train,30013,checked_out_bounded,clean_parent_train_minocc100
4767,0.9935389745727387,4768,0.9937473947478116,4798,4798,4767,0.9935389745727387,4768,1,0.9937473947478116,4616,4585,4586,30,4798,1,0.020842017507294707,0.00020977554017201594,oneOf,factorized,previously_discarded,4798,4798,train,30,checked_out_bounded,clean_parent_train_minocc100
73185,0.8732772507606945,73688,0.8792792792792793,76799,46284,46062,0.9952035260565206,46283,221,0.9999783942615159,45779,45558,45779,1,83805,503,0.600202851858481,0.006872993099678896,single,factorized,previously_discarded,83805,83805,train,10117,checked_out_bounded,clean_parent_train_minocc100
20700,0.9842613285150492,20733,0.9858304407778993,21012,21012,20685,0.9844374643061108,20717,32,0.9859604035789072,20989,20662,20694,295,21031,33,0.15691122628500784,0.0015942028985507246,symmetric,factorized,previously_discarded,21031,21031,train,298,checked_out_bounded,clean_parent_train_minocc100
66698,0.9528149597862887,66945,0.956343480807417,1537,639,639,1.0,639,0,1.0,611,611,611,0,70001,247,0.35285210211282697,0.0037032594680500167,type,factorized,previously_discarded,10101,70001,train,3056,checked_out_bounded,clean_parent_train_minocc100
58340,0.8334285714285714,58879,0.8411285714285714,8531,8531,6371,0.7468057672019693,6801,430,0.7972101746571328,8508,6348,6778,1730,70000,539,0.77,0.009238944120671923,valueRequiresStatement,factorized,previously_discarded,40836,70000,train,11121,checked_out_bounded,clean_parent_train_minocc100
67236,0.9605142857142858,67486,0.9640857142857143,20026,1413,1413,1.0,1413,0,1.0,1398,1398,1398,0,70000,250,0.35714285714285715,0.0037182461776429296,valueType,factorized,previously_discarded,24896,70000,train,2514,checked_out_bounded,clean_parent_train_minocc100
14173,0.9391068115557911,14213,0.9417572223694672,14787,8369,8366,0.9996415342334807,8366,0,0.9996415342334807,7414,7414,7414,3,15092,40,0.26504108136761195,0.0028222676920905947,conflictWith,factorized,previously_discarded,14941,15092,val,879,checked_out_bounded,clean_parent_train_minocc100
33200,0.9699661096178567,33201,0.9699953254645319,34222,19746,19470,0.986022485566697,19471,1,0.9860731287349337,19660,19384,19385,275,34228,1,0.002921584667523665,3.0120481927710842e-05,distinct,factorized,previously_discarded,34224,34228,val,1027,checked_out_bounded,clean_parent_train_minocc100
10280,0.979420731707317,10307,0.9819931402439024,10466,1099,889,0.8089171974522293,916,27,0.8334849863512284,1040,830,857,183,10496,27,0.2572408536585366,0.002626459143968872,inverse,factorized,previously_discarded,10496,10496,val,189,checked_out_bounded,clean_parent_train_minocc100
8153,0.5434608718837488,8483,0.5654579389414744,1249,1223,1015,0.8299264104660671,1039,24,0.8495502861815208,1223,1015,1039,184,15002,330,2.1997067057725634,0.04047589844229118,itemRequiresStatement,factorized,previously_discarded,3860,15002,val,6519,checked_out_bounded,clean_parent_train_minocc100
1014,0.9863813229571985,1023,0.995136186770428,1028,1028,1014,0.9863813229571985,1023,9,0.995136186770428,986,972,981,5,1028,9,0.8754863813229572,0.008875739644970414,oneOf,factorized,previously_discarded,1028,1028,val,5,checked_out_bounded,clean_parent_train_minocc100
15603,0.8688122946711955,15708,0.8746589453755778,16472,9910,9843,0.9932391523713421,9904,61,0.9993945509586276,9808,9748,9808,6,17959,105,0.5846650704382204,0.006729475100942127,single,factorized,previously_discarded,17959,17959,val,2251,checked_out_bounded,clean_parent_train_minocc100
4434,0.9844582593250444,4444,0.9866785079928952,4502,4502,4433,0.9846734784540204,4443,10,0.9868947134606841,4495,4426,4436,59,4504,10,0.22202486678507993,0.0022552999548940008,symmetric,factorized,previously_discarded,4504,4504,val,60,checked_out_bounded,clean_parent_train_minocc100
14319,0.9546636442429496,14358,0.9572638175878392,319,128,128,1.0,128,0,1.0,117,117,117,0,14999,39,0.2600173344889659,0.0027236538864445843,type,factorized,previously_discarded,2254,14999,val,641,checked_out_bounded,clean_parent_train_minocc100
12519,0.834544363709086,12646,0.8430104659689354,1836,1836,1418,0.7723311546840959,1504,86,0.8191721132897604,1831,1413,1499,332,15001,127,0.8466102259849343,0.010144580238038181,valueRequiresStatement,factorized,previously_discarded,8636,15001,val,2355,checked_out_bounded,clean_parent_train_minocc100
14400,0.96,14464,0.9642666666666667,4271,321,321,1.0,321,0,1.0,317,317,317,0,15000,64,0.4266666666666667,0.0044444444444444444,valueType,factorized,previously_discarded,5369,15000,val,536,checked_out_bounded,clean_parent_train_minocc100
853621,0.8934800379740608,858573,0.8986632670043302,766002,661534,609611,0.9215112148430769,612297,2686,0.9255714747843649,661534,609611,612297,49237,955389,4952,0.5183229030269346,0.005801169371418932,overall,passive,previously_discarded,847947,955389,overall,96816,audited_v3_bounded,existing_train_val_minocc100
128179,0.8944551443086027,128922,0.8996399263105007,115060,99453,91686,0.9219028083617387,92085,399,0.9259147537027541,99453,91686,92085,7368,143304,743,0.5184782001898063,0.00579658134327776,overall,passive,previously_discarded,127319,143304,test,14382,audited_v3_bounded,existing_train_val_minocc100
597423,0.8933080732562173,600881,0.8984787133509575,535996,462878,426577,0.92157544752613,428460,1883,0.9256434740903651,462878,426577,428460,34418,668776,3458,0.5170640094740242,0.005788193624952504,overall,passive,previously_discarded,593467,668776,train,67895,audited_v3_bounded,existing_train_val_minocc100
128019,0.8933074684772065,128770,0.8985478930143954,114946,99203,91348,0.9208189268469703,91752,404,0.9248913843331351,99203,91348,91752,7451,143309,751,0.5240424537188871,0.005866316718612081,overall,passive,previously_discarded,127161,143309,val,14539,audited_v3_bounded,existing_train_val_minocc100
94588,0.9401170822855893,94845,0.9426714241698388,99308,76892,76505,0.9949669666545284,76595,90,0.9961374395255683,76892,76505,76595,297,100613,257,0.255434188424955,0.002717046559817313,conflictWith,passive,previously_discarded,100605,100613,overall,5768,audited_v3_bounded,existing_train_val_minocc100
221588,0.97102116116932,221599,0.9710693642885001,228152,227191,220591,0.970949553459424,220600,9,0.9709891677047066,227191,220591,220600,6591,228201,11,0.0048203119180021126,4.964167734714876e-05,distinct,passive,previously_discarded,228173,228201,overall,6602,audited_v3_bounded,existing_train_val_minocc100
68467,0.9782677030348059,68605,0.9802394696233641,69778,62229,62222,0.9998875122531296,62225,3,0.9999357212875026,62229,62222,62225,4,69988,138,0.19717665885580385,0.002015569544452072,inverse,passive,previously_discarded,62427,69988,overall,1383,audited_v3_bounded,existing_train_val_minocc100
54149,0.5414845851541484,56259,0.5625843741562584,84052,83141,48669,0.5853790548586136,50578,1909,0.6083400488327059,83141,48669,50578,32563,100001,2110,2.109978900210998,0.03896655524571091,itemRequiresStatement,passive,previously_discarded,99995,100001,overall,43742,audited_v3_bounded,existing_train_val_minocc100
6728,0.9816165742632039,6802,0.9924131893784651,1536,1452,1388,0.9559228650137741,1450,62,0.9986225895316805,1452,1388,1450,2,6854,74,1.0796615115261161,0.010998810939357907,oneOf,passive,previously_discarded,1536,6854,overall,52,audited_v3_bounded,existing_train_val_minocc100
104233,0.8706180099062002,104971,0.8767822390016956,83677,52668,52617,0.9990316700843017,52621,4,0.9991076175286702,52668,52617,52621,47,119723,738,0.6164229095495435,0.0070802912705189335,single,passive,previously_discarded,91032,119723,overall,14752,audited_v3_bounded,existing_train_val_minocc100
29533,0.984105298233922,29591,0.9860379873375541,29986,10393,10392,0.9999037813913211,10393,1,1.0,10393,10392,10393,0,30010,58,0.19326891036321225,0.00196390478447838,symmetric,passive,previously_discarded,10403,30010,overall,419,audited_v3_bounded,existing_train_val_minocc100
95177,0.951779517795178,95551,0.955519555195552,68258,64247,64071,0.9972605724780924,64095,24,0.9976341307765343,64247,64071,64095,152,99999,374,0.3740037400374004,0.003929520787585236,type,passive,previously_discarded,95589,99999,overall,4448,audited_v3_bounded,existing_train_val_minocc100
83191,0.8319183191831918,83984,0.8398483984839848,53931,45774,35657,0.7789793332459475,36232,575,0.7915410495040853,45774,35657,36232,9542,99999,793,0.7930079300793008,0.009532281136180596,valueRequiresStatement,passive,previously_discarded,75722,99999,overall,16015,audited_v3_bounded,existing_train_val_minocc100
95967,0.959660403395966,96366,0.963650363496365,47324,37547,37499,0.9987216022585027,37508,9,0.9989613018350334,37547,37499,37508,39,100001,399,0.3989960100398996,0.004157679202225765,valueType,passive,previously_discarded,82465,100001,overall,3635,audited_v3_bounded,existing_train_val_minocc100
14237,0.9434099794579551,14280,0.9462593598833742,14910,11644,11592,0.9955341806939196,11603,11,0.9964788732394366,11644,11592,11603,41,15091,43,0.2849380425419124,0.0030202992203413642,conflictWith,passive,previously_discarded,15090,15091,test,811,audited_v3_bounded,existing_train_val_minocc100
33240,0.9710780017528484,33242,0.9711364300321356,34220,34086,33097,0.9709851551956815,33099,2,0.9710438303115648,34086,33097,33099,987,34230,2,0.0058428279287175,6.016847172081829e-05,distinct,passive,previously_discarded,34223,34230,test,988,audited_v3_bounded,existing_train_val_minocc100
10319,0.9805207145572026,10336,0.9821360699353858,10499,9388,9387,0.999893481039625,9387,0,0.999893481039625,9388,9387,9387,1,10524,17,0.16153553781832003,0.0016474464579901153,inverse,passive,previously_discarded,9414,10524,test,188,audited_v3_bounded,existing_train_val_minocc100
8120,0.5413694246283085,8435,0.5623708247216481,12628,12490,7305,0.5848678943154524,7597,292,0.6082465972778223,12490,7305,7597,4893,14999,315,2.1001400093339555,0.03879310344827586,itemRequiresStatement,passive,previously_discarded,14999,14999,test,6564,audited_v3_bounded,existing_train_val_minocc100
998,0.9708171206225681,1015,0.9873540856031129,244,227,211,0.9295154185022027,226,15,0.9955947136563876,227,211,226,1,1028,17,1.6536964980544746,0.017034068136272545,oneOf,passive,previously_discarded,244,1028,test,13,audited_v3_bounded,existing_train_val_minocc100
15648,0.8713180021159307,15754,0.8772203352079737,12636,7910,7903,0.9991150442477876,7903,0,0.9991150442477876,7910,7903,7903,7,17959,106,0.5902333092042987,0.00677402862985685,single,passive,previously_discarded,13713,17959,test,2205,audited_v3_bounded,existing_train_val_minocc100
4414,0.9863687150837989,4423,0.9883798882681564,4472,1526,1525,0.9993446920052425,1526,1,1.0,1526,1525,1526,0,4475,9,0.2011173184357542,0.0020389669234254643,symmetric,passive,previously_discarded,1528,4475,test,52,audited_v3_bounded,existing_train_val_minocc100
14282,0.9521968131208747,14344,0.9563304220281352,10284,9654,9625,0.9969960638077481,9626,1,0.9970996478143774,9654,9625,9626,28,14999,62,0.4133608907260484,0.004341128693460299,type,passive,previously_discarded,14360,14999,test,655,audited_v3_bounded,existing_train_val_minocc100
12525,0.8351113481797573,12629,0.8420456060808108,8016,6793,5315,0.782423082585014,5389,74,0.7933166494921242,6793,5315,5389,1404,14998,104,0.6934257901053473,0.008303393213572855,valueRequiresStatement,passive,previously_discarded,11368,14998,test,2369,audited_v3_bounded,existing_train_val_minocc100
14396,0.9596693553763083,14464,0.9642023865075662,7151,5735,5726,0.9984306887532693,5729,3,0.9989537925021796,5735,5726,5729,6,15001,68,0.45330311312579163,0.004723534315087524,valueType,passive,previously_discarded,12380,15001,test,537,audited_v3_bounded,existing_train_val_minocc100
66180,0.9396563964219793,66353,0.9421127360499787,69500,53771,53503,0.9950159007643525,53566,63,0.9961875360324338,53771,53503,53566,205,70430,173,0.2456339627999432,0.00261408280447265,conflictWith,passive,previously_discarded,70424,70430,train,4077,audited_v3_bounded,existing_train_val_minocc100
155149,0.971241306348322,155157,0.9712913867900315,159713,159043,154459,0.9711776060562238,154466,7,0.9712216193105009,159043,154459,154466,4577,159743,8,0.0050080441709495875,5.156333589001541e-05,distinct,passive,previously_discarded,159726,159743,train,4586,audited_v3_bounded,existing_train_val_minocc100
47869,0.9775567717693188,47963,0.9794763927462833,48817,43521,43515,0.9998621355207831,43518,3,0.9999310677603915,43521,43515,43518,3,48968,94,0.19196209769645484,0.0019636925776598635,inverse,passive,previously_discarded,43663,48968,train,1005,audited_v3_bounded,existing_train_val_minocc100
37916,0.5416571428571428,39387,0.5626714285714286,58781,58148,34071,0.5859358877347458,35396,1325,0.6087225699938089,58148,34071,35396,22752,70000,1471,2.1014285714285714,0.03879628652811478,itemRequiresStatement,passive,previously_discarded,69995,70000,train,30613,audited_v3_bounded,existing_train_val_minocc100
4722,0.984160066694456,4765,0.9931221342225928,1069,1011,976,0.9653808110781404,1010,34,0.9990108803165183,1011,976,1010,1,4798,43,0.8962067528136723,0.009106310885218127,oneOf,passive,previously_discarded,1069,4798,train,33,audited_v3_bounded,existing_train_val_minocc100
72990,0.8709504206192948,73518,0.8772507606944693,58503,36853,36816,0.9989960111795512,36819,3,0.9990774156785065,36853,36816,36819,34,83805,528,0.6300340075174512,0.007233867653103165,single,passive,previously_discarded,63666,83805,train,10287,audited_v3_bounded,existing_train_val_minocc100
20688,0.9836907422376492,20725,0.9854500499262993,21012,7330,7330,1.0,7330,0,1.0,7330,7330,7330,0,21031,37,0.1759307688650088,0.001788476411446249,symmetric,passive,previously_discarded,7337,21031,train,306,audited_v3_bounded,existing_train_val_minocc100
66583,0.9511721261124841,66855,0.9550577848887873,47790,44948,44823,0.9972190086321973,44843,20,0.9976639672510457,44948,44823,44843,105,70001,272,0.3885658776303196,0.004085126834176892,type,passive,previously_discarded,66868,70001,train,3146,audited_v3_bounded,existing_train_val_minocc100
58151,0.8307285714285715,58718,0.8388285714285715,37713,32046,24910,0.7773201023528677,25332,422,0.7904886725332335,32046,24910,25332,6714,70000,567,0.81,0.009750477205894998,valueRequiresStatement,passive,previously_discarded,53041,70000,train,11282,audited_v3_bounded,existing_train_val_minocc100
67175,0.9596428571428571,67440,0.9634285714285714,33098,26207,26174,0.9987407944442325,26180,6,0.9989697409089174,26207,26174,26180,27,70000,265,0.37857142857142856,0.00394491998511351,valueType,passive,previously_discarded,57678,70000,train,2560,audited_v3_bounded,existing_train_val_minocc100
14171,0.9389742910151073,14212,0.9416909620991254,14898,11477,11410,0.9941622375185153,11426,16,0.9955563300514072,11477,11410,11426,51,15092,41,0.2716671084018023,0.002893232658245713,conflictWith,passive,previously_discarded,15091,15092,val,880,audited_v3_bounded,existing_train_val_minocc100
33199,0.9699368937711815,33200,0.9699661096178567,34219,34062,33035,0.9698490987023662,33035,0,0.9698490987023662,34062,33035,33035,1027,34228,1,0.002921584667523665,3.0121389198469834e-05,distinct,passive,previously_discarded,34224,34228,val,1028,audited_v3_bounded,existing_train_val_minocc100
10279,0.9793254573170732,10306,0.9818978658536586,10462,9320,9320,1.0,9320,0,1.0,9320,9320,9320,0,10496,27,0.2572408536585366,0.0026267146609592375,inverse,passive,previously_discarded,9350,10496,val,190,audited_v3_bounded,existing_train_val_minocc100
8113,0.5407945607252367,8437,0.5623916811091855,12643,12503,7293,0.5833000079980805,7585,292,0.6066544029432936,12503,7293,7585,4918,15002,324,2.1597120383948805,0.039935905337113276,itemRequiresStatement,passive,previously_discarded,15001,15002,val,6565,audited_v3_bounded,existing_train_val_minocc100
1008,0.980544747081712,1022,0.9941634241245136,223,214,201,0.9392523364485982,214,13,1.0,214,201,214,0,1028,14,1.3618677042801557,0.013888888888888888,oneOf,passive,previously_discarded,223,1028,val,6,audited_v3_bounded,existing_train_val_minocc100
15595,0.8683668355699092,15699,0.8741578038866307,12538,7905,7898,0.9991144845034788,7899,1,0.9992409867172676,7905,7898,7899,6,17959,104,0.5790968316721421,0.006668804103879449,single,passive,previously_discarded,13653,17959,val,2260,audited_v3_bounded,existing_train_val_minocc100
4431,0.9837921847246892,4443,0.9864564831261101,4502,1537,1537,1.0,1537,0,1.0,1537,1537,1537,0,4504,12,0.2664298401420959,0.002708192281651997,symmetric,passive,previously_discarded,1538,4504,val,61,audited_v3_bounded,existing_train_val_minocc100
14312,0.9541969464630975,14352,0.9568637909193947,10184,9645,9623,0.9977190254017626,9626,3,0.9980300673924313,9645,9623,9626,19,14999,40,0.26668444562970867,0.002794857462269424,type,passive,previously_discarded,14361,14999,val,647,audited_v3_bounded,existing_train_val_minocc100
12515,0.834277714819012,12637,0.8424105059662689,8202,6935,5432,0.7832732516222062,5511,79,0.7946647440519106,6935,5432,5511,1424,15001,122,0.8132791147256849,0.009748302037554933,valueRequiresStatement,passive,previously_discarded,11313,15001,val,2364,audited_v3_bounded,existing_train_val_minocc100
14396,0.9597333333333333,14462,0.9641333333333333,7075,5605,5599,0.9989295272078501,5599,0,0.9989295272078501,5605,5599,5599,6,15000,66,0.44,0.004584606835232009,valueType,passive,previously_discarded,12407,15000,val,538,audited_v3_bounded,existing_train_val_minocc100
853621,0.8934800379740608,858717,0.898813990950283,766002,661534,609611,0.9215112148430769,612400,2789,0.9257271735088446,661534,609611,612400,49134,955389,5096,0.533395297622225,0.005969862503382648,overall,factorized,previously_discarded,847947,955389,overall,96672,audited_v3_bounded,existing_train_val_minocc100
128179,0.8944551443086027,128947,0.8998143806174287,115060,99453,91686,0.9219028083617387,92104,418,0.9261057987189929,99453,91686,92104,7349,143304,768,0.5359236308825992,0.005991621092378626,overall,factorized,previously_discarded,127319,143304,test,14357,audited_v3_bounded,existing_train_val_minocc100
597423,0.8933080732562173,600974,0.8986177733650729,535996,462878,426577,0.92157544752613,428530,1953,0.9257947018436824,462878,426577,428530,34348,668776,3551,0.5309700108855581,0.005943862221574998,overall,factorized,previously_discarded,593467,668776,train,67802,audited_v3_bounded,existing_train_val_minocc100
128019,0.8933074684772065,128796,0.8987293191634859,114946,99203,91348,0.9208189268469703,91766,418,0.9250325090975071,99203,91348,91766,7437,143309,777,0.5421850686279298,0.006069411571719823,overall,factorized,previously_discarded,127161,143309,val,14513,audited_v3_bounded,existing_train_val_minocc100
94588,0.9401170822855893,94846,0.9426813632433184,99308,76892,76505,0.9949669666545284,76596,91,0.996150444779691,76892,76505,76596,296,100613,258,0.25642809577291203,0.002727618725419715,conflictWith,factorized,previously_discarded,100605,100613,overall,5767,audited_v3_bounded,existing_train_val_minocc100
221588,0.97102116116932,221599,0.9710693642885001,228152,227191,220591,0.970949553459424,220600,9,0.9709891677047066,227191,220591,220600,6591,228201,11,0.0048203119180021126,4.964167734714876e-05,distinct,factorized,previously_discarded,228173,228201,overall,6602,audited_v3_bounded,existing_train_val_minocc100
68467,0.9782677030348059,68605,0.9802394696233641,69778,62229,62222,0.9998875122531296,62225,3,0.9999357212875026,62229,62222,62225,4,69988,138,0.19717665885580385,0.002015569544452072,inverse,factorized,previously_discarded,62427,69988,overall,1383,audited_v3_bounded,existing_train_val_minocc100
54149,0.5414845851541484,56372,0.5637143628563714,84052,83141,48669,0.5853790548586136,50676,2007,0.6095187693195896,83141,48669,50676,32465,100001,2223,2.2229777702222977,0.041053389720955145,itemRequiresStatement,factorized,previously_discarded,99995,100001,overall,43629,audited_v3_bounded,existing_train_val_minocc100
6728,0.9816165742632039,6802,0.9924131893784651,1536,1452,1388,0.9559228650137741,1450,62,0.9986225895316805,1452,1388,1450,2,6854,74,1.0796615115261161,0.010998810939357907,oneOf,factorized,previously_discarded,1536,6854,overall,52,audited_v3_bounded,existing_train_val_minocc100
104233,0.8706180099062002,104978,0.8768407072993494,83677,52668,52617,0.9990316700843017,52622,5,0.9991266043897623,52668,52617,52622,46,119723,745,0.6222697393149186,0.007147448504792148,single,factorized,previously_discarded,91032,119723,overall,14745,audited_v3_bounded,existing_train_val_minocc100
29533,0.984105298233922,29591,0.9860379873375541,29986,10393,10392,0.9999037813913211,10393,1,1.0,10393,10392,10393,0,30010,58,0.19326891036321225,0.00196390478447838,symmetric,factorized,previously_discarded,10403,30010,overall,419,audited_v3_bounded,existing_train_val_minocc100
95177,0.951779517795178,95562,0.955629556295563,68258,64247,64071,0.9972605724780924,64097,26,0.9976652606347378,64247,64071,64097,150,99999,385,0.3850038500385004,0.004045094928396566,type,factorized,previously_discarded,95589,99999,overall,4437,audited_v3_bounded,existing_train_val_minocc100
83191,0.8319183191831918,83993,0.8399383993839938,53931,45774,35657,0.7789793332459475,36232,575,0.7915410495040853,45774,35657,36232,9542,99999,802,0.8020080200802008,0.00964046591578416,valueRequiresStatement,factorized,previously_discarded,75722,99999,overall,16006,audited_v3_bounded,existing_train_val_minocc100
95967,0.959660403395966,96369,0.9636803631963681,47324,37547,37499,0.9987216022585027,37509,10,0.9989879351213147,37547,37499,37509,38,100001,402,0.4019959800401996,0.004188939948107162,valueType,factorized,previously_discarded,82465,100001,overall,3632,audited_v3_bounded,existing_train_val_minocc100
14237,0.9434099794579551,14281,0.9463256245444305,14910,11644,11592,0.9955341806939196,11604,12,0.9965647543799382,11644,11592,11604,40,15091,44,0.29156450864753825,0.003090538737093489,conflictWith,factorized,previously_discarded,15090,15091,test,810,audited_v3_bounded,existing_train_val_minocc100
33240,0.9710780017528484,33242,0.9711364300321356,34220,34086,33097,0.9709851551956815,33099,2,0.9710438303115648,34086,33097,33099,987,34230,2,0.0058428279287175,6.016847172081829e-05,distinct,factorized,previously_discarded,34223,34230,test,988,audited_v3_bounded,existing_train_val_minocc100
10319,0.9805207145572026,10336,0.9821360699353858,10499,9388,9387,0.999893481039625,9387,0,0.999893481039625,9388,9387,9387,1,10524,17,0.16153553781832003,0.0016474464579901153,inverse,factorized,previously_discarded,9414,10524,test,188,audited_v3_bounded,existing_train_val_minocc100
8120,0.5413694246283085,8453,0.5635709047269818,12628,12490,7305,0.5848678943154524,7614,309,0.6096076861489191,12490,7305,7614,4876,14999,333,2.2201480098673243,0.04100985221674877,itemRequiresStatement,factorized,previously_discarded,14999,14999,test,6546,audited_v3_bounded,existing_train_val_minocc100
998,0.9708171206225681,1015,0.9873540856031129,244,227,211,0.9295154185022027,226,15,0.9955947136563876,227,211,226,1,1028,17,1.6536964980544746,0.017034068136272545,oneOf,factorized,previously_discarded,244,1028,test,13,audited_v3_bounded,existing_train_val_minocc100
15648,0.8713180021159307,15755,0.8772760175956344,12636,7910,7903,0.9991150442477876,7903,0,0.9991150442477876,7910,7903,7903,7,17959,107,0.595801547970377,0.006837934560327198,single,factorized,previously_discarded,13713,17959,test,2204,audited_v3_bounded,existing_train_val_minocc100
4414,0.9863687150837989,4423,0.9883798882681564,4472,1526,1525,0.9993446920052425,1526,1,1.0,1526,1525,1526,0,4475,9,0.2011173184357542,0.0020389669234254643,symmetric,factorized,previously_discarded,1528,4475,test,52,audited_v3_bounded,existing_train_val_minocc100
14282,0.9521968131208747,14347,0.9565304353623575,10284,9654,9625,0.9969960638077481,9627,2,0.9972032318210068,9654,9625,9627,27,14999,65,0.4333622241482766,0.0045511833076599915,type,factorized,previously_discarded,14360,14999,test,652,audited_v3_bounded,existing_train_val_minocc100
12525,0.8351113481797573,12631,0.8421789571942926,8016,6793,5315,0.782423082585014,5389,74,0.7933166494921242,6793,5315,5389,1404,14998,106,0.7067609014535271,0.00846307385229541,valueRequiresStatement,factorized,previously_discarded,11368,14998,test,2367,audited_v3_bounded,existing_train_val_minocc100
14396,0.9596693553763083,14464,0.9642023865075662,7151,5735,5726,0.9984306887532693,5729,3,0.9989537925021796,5735,5726,5729,6,15001,68,0.45330311312579163,0.004723534315087524,valueType,factorized,previously_discarded,12380,15001,test,537,audited_v3_bounded,existing_train_val_minocc100
66180,0.9396563964219793,66353,0.9421127360499787,69500,53771,53503,0.9950159007643525,53566,63,0.9961875360324338,53771,53503,53566,205,70430,173,0.2456339627999432,0.00261408280447265,conflictWith,factorized,previously_discarded,70424,70430,train,4077,audited_v3_bounded,existing_train_val_minocc100
155149,0.971241306348322,155157,0.9712913867900315,159713,159043,154459,0.9711776060562238,154466,7,0.9712216193105009,159043,154459,154466,4577,159743,8,0.0050080441709495875,5.156333589001541e-05,distinct,factorized,previously_discarded,159726,159743,train,4586,audited_v3_bounded,existing_train_val_minocc100
47869,0.9775567717693188,47963,0.9794763927462833,48817,43521,43515,0.9998621355207831,43518,3,0.9999310677603915,43521,43515,43518,3,48968,94,0.19196209769645484,0.0019636925776598635,inverse,factorized,previously_discarded,43663,48968,train,1005,audited_v3_bounded,existing_train_val_minocc100
37916,0.5416571428571428,39464,0.5637714285714286,58781,58148,34071,0.5859358877347458,35463,1392,0.6098748022287955,58148,34071,35463,22685,70000,1548,2.2114285714285713,0.040827091465344446,itemRequiresStatement,factorized,previously_discarded,69995,70000,train,30536,audited_v3_bounded,existing_train_val_minocc100
4722,0.984160066694456,4765,0.9931221342225928,1069,1011,976,0.9653808110781404,1010,34,0.9990108803165183,1011,976,1010,1,4798,43,0.8962067528136723,0.009106310885218127,oneOf,factorized,previously_discarded,1069,4798,train,33,audited_v3_bounded,existing_train_val_minocc100
72990,0.8709504206192948,73521,0.8772865580812601,58503,36853,36816,0.9989960111795512,36820,4,0.9991045505114916,36853,36816,36820,33,83805,531,0.6336137461965277,0.007274969173859433,single,factorized,previously_discarded,63666,83805,train,10284,audited_v3_bounded,existing_train_val_minocc100
20688,0.9836907422376492,20725,0.9854500499262993,21012,7330,7330,1.0,7330,0,1.0,7330,7330,7330,0,21031,37,0.1759307688650088,0.001788476411446249,symmetric,factorized,previously_discarded,7337,21031,train,306,audited_v3_bounded,existing_train_val_minocc100
66583,0.9511721261124841,66862,0.9551577834602363,47790,44948,44823,0.9972190086321973,44844,21,0.9976862151819881,44948,44823,44844,104,70001,279,0.3985657347752175,0.004190258774762327,type,factorized,previously_discarded,66868,70001,train,3139,audited_v3_bounded,existing_train_val_minocc100
58151,0.8307285714285715,58722,0.8388857142857142,37713,32046,24910,0.7773201023528677,25332,422,0.7904886725332335,32046,24910,25332,6714,70000,571,0.8157142857142857,0.009819263641209953,valueRequiresStatement,factorized,previously_discarded,53041,70000,train,11278,audited_v3_bounded,existing_train_val_minocc100
67175,0.9596428571428571,67442,0.9634571428571429,33098,26207,26174,0.9987407944442325,26181,7,0.9990078986530316,26207,26174,26181,26,70000,267,0.38142857142857145,0.003974692966133234,valueType,factorized,previously_discarded,57678,70000,train,2558,audited_v3_bounded,existing_train_val_minocc100
14171,0.9389742910151073,14212,0.9416909620991254,14898,11477,11410,0.9941622375185153,11426,16,0.9955563300514072,11477,11410,11426,51,15092,41,0.2716671084018023,0.002893232658245713,conflictWith,factorized,previously_discarded,15091,15092,val,880,audited_v3_bounded,existing_train_val_minocc100
33199,0.9699368937711815,33200,0.9699661096178567,34219,34062,33035,0.9698490987023662,33035,0,0.9698490987023662,34062,33035,33035,1027,34228,1,0.002921584667523665,3.0121389198469834e-05,distinct,factorized,previously_discarded,34224,34228,val,1028,audited_v3_bounded,existing_train_val_minocc100
10279,0.9793254573170732,10306,0.9818978658536586,10462,9320,9320,1.0,9320,0,1.0,9320,9320,9320,0,10496,27,0.2572408536585366,0.0026267146609592375,inverse,factorized,previously_discarded,9350,10496,val,190,audited_v3_bounded,existing_train_val_minocc100
8113,0.5407945607252367,8455,0.5635915211305159,12643,12503,7293,0.5833000079980805,7599,306,0.6077741342077901,12503,7293,7599,4904,15002,342,2.2796960405279294,0.04215456674473068,itemRequiresStatement,factorized,previously_discarded,15001,15002,val,6547,audited_v3_bounded,existing_train_val_minocc100
1008,0.980544747081712,1022,0.9941634241245136,223,214,201,0.9392523364485982,214,13,1.0,214,201,214,0,1028,14,1.3618677042801557,0.013888888888888888,oneOf,factorized,previously_discarded,223,1028,val,6,audited_v3_bounded,existing_train_val_minocc100
15595,0.8683668355699092,15702,0.874324851049613,12538,7905,7898,0.9991144845034788,7899,1,0.9992409867172676,7905,7898,7899,6,17959,107,0.595801547970377,0.006861173453029818,single,factorized,previously_discarded,13653,17959,val,2257,audited_v3_bounded,existing_train_val_minocc100
4431,0.9837921847246892,4443,0.9864564831261101,4502,1537,1537,1.0,1537,0,1.0,1537,1537,1537,0,4504,12,0.2664298401420959,0.002708192281651997,symmetric,factorized,previously_discarded,1538,4504,val,61,audited_v3_bounded,existing_train_val_minocc100
14312,0.9541969464630975,14353,0.956930462030802,10184,9645,9623,0.9977190254017626,9626,3,0.9980300673924313,9645,9623,9626,19,14999,41,0.27335155677045136,0.0028647288988261597,type,factorized,previously_discarded,14361,14999,val,646,audited_v3_bounded,existing_train_val_minocc100
12515,0.834277714819012,12640,0.8426104926338244,8202,6935,5432,0.7832732516222062,5511,79,0.7946647440519106,6935,5432,5511,1424,15001,125,0.8332777814812345,0.00998801438274071,valueRequiresStatement,factorized,previously_discarded,11313,15001,val,2361,audited_v3_bounded,existing_train_val_minocc100
14396,0.9597333333333333,14463,0.9642,7075,5605,5599,0.9989295272078501,5599,0,0.9989295272078501,5605,5599,5599,6,15000,67,0.44666666666666666,0.004654070575159767,valueType,factorized,previously_discarded,12407,15000,val,537,audited_v3_bounded,existing_train_val_minocc100
855185,0.8951170674981604,859855,0.9000051288009386,766002,661534,610361,0.9226449434193859,612892,2531,0.9264708994549034,661534,610361,612892,48642,955389,4670,0.488806130277824,0.00546080672603004,overall,passive,previously_discarded,847947,955389,overall,95534,audited_v3_bounded,clean_parent_train_minocc100
128276,0.895132027019483,128997,0.9001632892312845,115060,99453,91736,0.9224055584044725,92119,383,0.9262566237318131,99453,91736,92119,7334,143304,721,0.5031262211801485,0.005620692880975397,overall,passive,previously_discarded,127319,143304,test,14307,audited_v3_bounded,clean_parent_train_minocc100
598814,0.8953879923920715,602032,0.900199767934256,535996,462878,427237,0.9230013092002645,428993,1756,0.9267949654120524,462878,427237,428993,33885,668776,3218,0.4811775542184528,0.005373955852735574,overall,passive,previously_discarded,593467,668776,train,66744,audited_v3_bounded,clean_parent_train_minocc100
128095,0.8938377910668556,128826,0.898938657027821,114946,99203,91388,0.9212221404594619,91780,392,0.9251736338618792,99203,91388,91780,7423,143309,731,0.5100865960965466,0.0057067020570670205,overall,passive,previously_discarded,127161,143309,val,14483,audited_v3_bounded,clean_parent_train_minocc100
94672,0.9409519644578732,94902,0.9432379513581743,99308,76892,76554,0.995604224106539,76636,82,0.9966706549445976,76892,76554,76636,256,100613,230,0.2285986900301154,0.0024294405948960623,conflictWith,passive,previously_discarded,100605,100613,overall,5711,audited_v3_bounded,clean_parent_train_minocc100
221592,0.9710386895762946,221603,0.9710868926954747,228152,227191,220595,0.9709671597906607,220604,9,0.9710067740359434,227191,220595,220604,6587,228201,11,0.0048203119180021126,4.9640781255641e-05,distinct,passive,previously_discarded,228173,228201,overall,6598,audited_v3_bounded,clean_parent_train_minocc100
68495,0.9786677716179917,68625,0.980525232897068,69778,62229,62228,0.9999839303218756,62228,0,0.9999839303218756,62229,62228,62228,1,69988,130,0.1857461279076413,0.0018979487553836046,inverse,passive,previously_discarded,62427,69988,overall,1363,audited_v3_bounded,clean_parent_train_minocc100
54900,0.5489945100548994,56924,0.5692343076569234,84052,83141,49197,0.5917297121757015,51038,1841,0.6138728184650173,83141,49197,51038,32103,100001,2024,2.023979760202398,0.03686703096539162,itemRequiresStatement,passive,previously_discarded,99995,100001,overall,43077,audited_v3_bounded,clean_parent_train_minocc100
6782,0.9894951852932594,6806,0.9929967901955062,1536,1452,1431,0.9855371900826446,1451,20,0.9993112947658402,1452,1431,1451,1,6854,24,0.3501604902246863,0.003538779121203185,oneOf,passive,previously_discarded,1536,6854,overall,48,audited_v3_bounded,clean_parent_train_minocc100
104448,0.8724138219055654,105157,0.8783358251964952,83677,52668,52657,0.9997911445279867,52657,0,0.9997911445279867,52668,52657,52657,11,119723,709,0.5922003290929897,0.0067880667892156864,single,passive,previously_discarded,91032,119723,overall,14566,audited_v3_bounded,clean_parent_train_minocc100
29549,0.9846384538487171,29600,0.9863378873708764,29986,10393,10393,1.0,10393,0,1.0,10393,10393,10393,0,30010,51,0.16994335221592802,0.0017259467325459407,symmetric,passive,previously_discarded,10403,30010,overall,410,audited_v3_bounded,clean_parent_train_minocc100
95313,0.9531395313953139,95657,0.956579565795658,68258,64247,64104,0.99777421513845,64117,13,0.9979765592167728,64247,64104,64117,130,99999,344,0.34400344003440037,0.003609161394563176,type,passive,previously_discarded,95589,99999,overall,4342,audited_v3_bounded,clean_parent_train_minocc100
83396,0.8339683396833968,84163,0.8416384163841638,53931,45774,35691,0.7797221129899069,36256,565,0.7920653646174685,45774,35691,36256,9518,99999,767,0.7670076700767008,0.009197083792987674,valueRequiresStatement,passive,previously_discarded,75722,99999,overall,15836,audited_v3_bounded,clean_parent_train_minocc100
96038,0.960370396296037,96418,0.9641703582964171,47324,37547,37511,0.999041201693877,37512,1,0.9990678349801582,37547,37511,37512,35,100001,380,0.3799962000379996,0.0039567671130177635,valueType,passive,previously_discarded,82465,100001,overall,3583,audited_v3_bounded,clean_parent_train_minocc100
14244,0.9438738320853489,14285,0.9465906831886555,14910,11644,11597,0.9959635863964273,11608,11,0.9969082789419443,11644,11597,11608,36,15091,41,0.2716851103306607,0.002878404942431901,conflictWith,passive,previously_discarded,15090,15091,test,806,audited_v3_bounded,clean_parent_train_minocc100
33240,0.9710780017528484,33242,0.9711364300321356,34220,34086,33097,0.9709851551956815,33099,2,0.9710438303115648,34086,33097,33099,987,34230,2,0.0058428279287175,6.016847172081829e-05,distinct,passive,previously_discarded,34223,34230,test,988,audited_v3_bounded,clean_parent_train_minocc100
10319,0.9805207145572026,10336,0.9821360699353858,10499,9388,9387,0.999893481039625,9387,0,0.999893481039625,9388,9387,9387,1,10524,17,0.16153553781832003,0.0016474464579901153,inverse,passive,previously_discarded,9414,10524,test,188,audited_v3_bounded,clean_parent_train_minocc100
8162,0.5441696113074205,8469,0.5646376425095007,12628,12490,7336,0.5873498799039232,7620,284,0.610088070456365,12490,7336,7620,4870,14999,307,2.046803120208014,0.03761333006616026,itemRequiresStatement,passive,previously_discarded,14999,14999,test,6530,audited_v3_bounded,clean_parent_train_minocc100
1001,0.9737354085603113,1015,0.9873540856031129,244,227,214,0.9427312775330396,226,12,0.9955947136563876,227,214,226,1,1028,14,1.3618677042801557,0.013986013986013986,oneOf,passive,previously_discarded,244,1028,test,13,audited_v3_bounded,clean_parent_train_minocc100
15660,0.8719861907678601,15764,0.8777771590845815,12636,7910,7905,0.9993678887484198,7905,0,0.9993678887484198,7910,7905,7905,5,17959,104,0.5790968316721421,0.0066411238825031926,single,passive,previously_discarded,13713,17959,test,2195,audited_v3_bounded,clean_parent_train_minocc100
4415,0.9865921787709497,4423,0.9883798882681564,4472,1526,1526,1.0,1526,0,1.0,1526,1526,1526,0,4475,8,0.1787709497206704,0.001812004530011325,symmetric,passive,previously_discarded,1528,4475,test,52,audited_v3_bounded,clean_parent_train_minocc100
14296,0.9531302086805787,14355,0.9570638042536169,10284,9654,9629,0.9974103998342656,9629,0,0.9974103998342656,9654,9629,9629,25,14999,59,0.3933595573038203,0.004127028539451595,type,passive,previously_discarded,14360,14999,test,644,audited_v3_bounded,clean_parent_train_minocc100
12537,0.8359114548606481,12640,0.8427790372049606,8016,6793,5317,0.7827175033122332,5390,73,0.7934638598557339,6793,5317,5390,1403,14998,103,0.6867582344312575,0.008215681582515753,valueRequiresStatement,passive,previously_discarded,11368,14998,test,2358,audited_v3_bounded,clean_parent_train_minocc100
14402,0.9600693287114193,14468,0.9644690353976402,7151,5735,5728,0.9987794245858762,5729,1,0.9989537925021796,5735,5728,5729,6,15001,66,0.4399706686220919,0.004582696847660047,valueType,passive,previously_discarded,12380,15001,test,533,audited_v3_bounded,clean_parent_train_minocc100
66255,0.9407212835439444,66404,0.9428368592929149,69500,53771,53546,0.9958155883282811,53601,55,0.9968384445147013,53771,53546,53601,170,70430,149,0.21155757489706092,0.002248886876462154,conflictWith,passive,previously_discarded,70424,70430,train,4026,audited_v3_bounded,clean_parent_train_minocc100
155152,0.971260086513963,155160,0.9713101669556725,159713,159043,154462,0.9711964688794854,154469,7,0.9712404821337626,159043,154462,154469,4574,159743,8,0.0050080441709495875,5.156233886769104e-05,distinct,passive,previously_discarded,159726,159743,train,4583,audited_v3_bounded,clean_parent_train_minocc100
47896,0.9781081522627022,47982,0.9798644012416272,48817,43521,43521,1.0,43521,0,1.0,43521,43521,43521,0,48968,86,0.1756248978925012,0.0017955570402538835,inverse,passive,previously_discarded,43663,48968,train,986,audited_v3_bounded,clean_parent_train_minocc100
38585,0.5512142857142858,39987,0.5712428571428572,58781,58148,34537,0.5939499208915182,35810,1273,0.6158423333562634,58148,34537,35810,22338,70000,1402,2.0028571428571427,0.03633536348321887,itemRequiresStatement,passive,previously_discarded,69995,70000,train,30013,audited_v3_bounded,clean_parent_train_minocc100
4767,0.9935389745727387,4768,0.9937473947478116,1069,1011,1011,1.0,1011,0,1.0,1011,1011,1011,0,4798,1,0.020842017507294707,0.00020977554017201594,oneOf,passive,previously_discarded,1069,4798,train,30,audited_v3_bounded,clean_parent_train_minocc100
73185,0.8732772507606945,73688,0.8792792792792793,58503,36853,36852,0.9999728651670149,36852,0,0.9999728651670149,36853,36852,36852,1,83805,503,0.600202851858481,0.006872993099678896,single,passive,previously_discarded,63666,83805,train,10117,audited_v3_bounded,clean_parent_train_minocc100
20700,0.9842613285150492,20733,0.9858304407778993,21012,7330,7330,1.0,7330,0,1.0,7330,7330,7330,0,21031,33,0.15691122628500784,0.0015942028985507246,symmetric,passive,previously_discarded,7337,21031,train,298,audited_v3_bounded,clean_parent_train_minocc100
66698,0.9528149597862887,66945,0.956343480807417,47790,44948,44850,0.9978197027676426,44860,10,0.9980421820770669,44948,44850,44860,88,70001,247,0.35285210211282697,0.0037032594680500167,type,passive,previously_discarded,66868,70001,train,3056,audited_v3_bounded,clean_parent_train_minocc100
58340,0.8334285714285714,58879,0.8411285714285714,37713,32046,24944,0.7783810772015228,25355,411,0.791206390813206,32046,24944,25355,6691,70000,539,0.77,0.009238944120671923,valueRequiresStatement,passive,previously_discarded,53041,70000,train,11121,audited_v3_bounded,clean_parent_train_minocc100
67236,0.9605142857142858,67486,0.9640857142857143,33098,26207,26184,0.9991223718853741,26184,0,0.9991223718853741,26207,26184,26184,23,70000,250,0.35714285714285715,0.0037182461776429296,valueType,passive,previously_discarded,57678,70000,train,2514,audited_v3_bounded,clean_parent_train_minocc100
14173,0.9391068115557911,14213,0.9417572223694672,14898,11477,11411,0.994249368301821,11427,16,0.9956434608347129,11477,11411,11427,50,15092,40,0.26504108136761195,0.0028222676920905947,conflictWith,passive,previously_discarded,15091,15092,val,879,audited_v3_bounded,clean_parent_train_minocc100
33200,0.9699661096178567,33201,0.9699953254645319,34219,34062,33036,0.9698784569314779,33036,0,0.9698784569314779,34062,33036,33036,1026,34228,1,0.002921584667523665,3.0120481927710842e-05,distinct,passive,previously_discarded,34224,34228,val,1027,audited_v3_bounded,clean_parent_train_minocc100
10280,0.979420731707317,10307,0.9819931402439024,10462,9320,9320,1.0,9320,0,1.0,9320,9320,9320,0,10496,27,0.2572408536585366,0.002626459143968872,inverse,passive,previously_discarded,9350,10496,val,189,audited_v3_bounded,clean_parent_train_minocc100
8153,0.5434608718837488,8468,0.5644580722570324,12643,12503,7324,0.5857794129408942,7608,284,0.6084939614492522,12503,7324,7608,4895,15002,315,2.0997200373283564,0.03863608487673249,itemRequiresStatement,passive,previously_discarded,15001,15002,val,6534,audited_v3_bounded,clean_parent_train_minocc100
1014,0.9863813229571985,1023,0.995136186770428,223,214,206,0.9626168224299065,214,8,1.0,214,206,214,0,1028,9,0.8754863813229572,0.008875739644970414,oneOf,passive,previously_discarded,223,1028,val,5,audited_v3_bounded,clean_parent_train_minocc100
15603,0.8688122946711955,15705,0.8744918982125953,12538,7905,7900,0.9993674889310563,7900,0,0.9993674889310563,7905,7900,7900,5,17959,102,0.5679603541399855,0.006537204383772351,single,passive,previously_discarded,13653,17959,val,2254,audited_v3_bounded,clean_parent_train_minocc100
4434,0.9844582593250444,4444,0.9866785079928952,4502,1537,1537,1.0,1537,0,1.0,1537,1537,1537,0,4504,10,0.22202486678507993,0.0022552999548940008,symmetric,passive,previously_discarded,1538,4504,val,60,audited_v3_bounded,clean_parent_train_minocc100
14319,0.9546636442429496,14357,0.9571971464764317,10184,9645,9625,0.997926386728875,9628,3,0.9982374287195438,9645,9625,9628,17,14999,38,0.2533502233482232,0.0026538166073049796,type,passive,previously_discarded,14361,14999,val,642,audited_v3_bounded,clean_parent_train_minocc100
12519,0.834544363709086,12644,0.8428771415238984,8202,6935,5430,0.7829848594087959,5511,81,0.7946647440519106,6935,5430,5511,1424,15001,125,0.8332777814812345,0.009984823068935219,valueRequiresStatement,passive,previously_discarded,11313,15001,val,2357,audited_v3_bounded,clean_parent_train_minocc100
14400,0.96,14464,0.9642666666666667,7075,5605,5599,0.9989295272078501,5599,0,0.9989295272078501,5605,5599,5599,6,15000,64,0.4266666666666667,0.0044444444444444444,valueType,passive,previously_discarded,12407,15000,val,536,audited_v3_bounded,clean_parent_train_minocc100
855185,0.8951170674981604,859900,0.900052230034049,766002,661534,610361,0.9226449434193859,612923,2562,0.9265177602360574,661534,610361,612923,48611,955389,4715,0.4935162535888523,0.00551342691932155,overall,factorized,previously_discarded,847947,955389,overall,95489,audited_v3_bounded,clean_parent_train_minocc100
128276,0.895132027019483,129021,0.9003307653659354,115060,99453,91736,0.9224055584044725,92138,402,0.9264476687480518,99453,91736,92138,7315,143304,745,0.5198738346452297,0.005807789453989834,overall,factorized,previously_discarded,127319,143304,test,14283,audited_v3_bounded,clean_parent_train_minocc100
598814,0.8953879923920715,602032,0.900199767934256,535996,462878,427237,0.9230013092002645,428993,1756,0.9267949654120524,462878,427237,428993,33885,668776,3218,0.4811775542184528,0.005373955852735574,overall,factorized,previously_discarded,593467,668776,train,66744,audited_v3_bounded,clean_parent_train_minocc100
128095,0.8938377910668556,128847,0.8990851935328555,114946,99203,91388,0.9212221404594619,91792,404,0.9252945979456266,99203,91388,91792,7411,143309,752,0.5247402466000042,0.0058706428822358405,overall,factorized,previously_discarded,127161,143309,val,14462,audited_v3_bounded,clean_parent_train_minocc100
94672,0.9409519644578732,94903,0.9432478904316539,99308,76892,76554,0.995604224106539,76636,82,0.9966706549445976,76892,76554,76636,256,100613,231,0.22959259737807242,0.0024400033800912623,conflictWith,factorized,previously_discarded,100605,100613,overall,5710,audited_v3_bounded,clean_parent_train_minocc100
221592,0.9710386895762946,221603,0.9710868926954747,228152,227191,220595,0.9709671597906607,220604,9,0.9710067740359434,227191,220595,220604,6587,228201,11,0.0048203119180021126,4.9640781255641e-05,distinct,factorized,previously_discarded,228173,228201,overall,6598,audited_v3_bounded,clean_parent_train_minocc100
68495,0.9786677716179917,68625,0.980525232897068,69778,62229,62228,0.9999839303218756,62228,0,0.9999839303218756,62229,62228,62228,1,69988,130,0.1857461279076413,0.0018979487553836046,inverse,factorized,previously_discarded,62427,69988,overall,1363,audited_v3_bounded,clean_parent_train_minocc100
54900,0.5489945100548994,56959,0.5695843041569584,84052,83141,49197,0.5917297121757015,51069,1872,0.6142456790271947,83141,49197,51069,32072,100001,2059,2.058979410205898,0.03750455373406193,itemRequiresStatement,factorized,previously_discarded,99995,100001,overall,43042,audited_v3_bounded,clean_parent_train_minocc100
6782,0.9894951852932594,6806,0.9929967901955062,1536,1452,1431,0.9855371900826446,1451,20,0.9993112947658402,1452,1431,1451,1,6854,24,0.3501604902246863,0.003538779121203185,oneOf,factorized,previously_discarded,1536,6854,overall,48,audited_v3_bounded,clean_parent_train_minocc100
104448,0.8724138219055654,105161,0.8783692356522974,83677,52668,52657,0.9997911445279867,52657,0,0.9997911445279867,52668,52657,52657,11,119723,713,0.595541374673204,0.006826363357843137,single,factorized,previously_discarded,91032,119723,overall,14562,audited_v3_bounded,clean_parent_train_minocc100
29549,0.9846384538487171,29600,0.9863378873708764,29986,10393,10393,1.0,10393,0,1.0,10393,10393,10393,0,30010,51,0.16994335221592802,0.0017259467325459407,symmetric,factorized,previously_discarded,10403,30010,overall,410,audited_v3_bounded,clean_parent_train_minocc100
95313,0.9531395313953139,95659,0.95659956599566,68258,64247,64104,0.99777421513845,64117,13,0.9979765592167728,64247,64104,64117,130,99999,346,0.34600346003460036,0.0036301448910431946,type,factorized,previously_discarded,95589,99999,overall,4340,audited_v3_bounded,clean_parent_train_minocc100
83396,0.8339683396833968,84166,0.8416684166841668,53931,45774,35691,0.7797221129899069,36256,565,0.7920653646174685,45774,35691,36256,9518,99999,770,0.7700077000770008,0.00923305674133052,valueRequiresStatement,factorized,previously_discarded,75722,99999,overall,15833,audited_v3_bounded,clean_parent_train_minocc100
96038,0.960370396296037,96418,0.9641703582964171,47324,37547,37511,0.999041201693877,37512,1,0.9990678349801582,37547,37511,37512,35,100001,380,0.3799962000379996,0.0039567671130177635,valueType,factorized,previously_discarded,82465,100001,overall,3583,audited_v3_bounded,clean_parent_train_minocc100
14244,0.9438738320853489,14286,0.9466569478497118,14910,11644,11597,0.9959635863964273,11608,11,0.9969082789419443,11644,11597,11608,36,15091,42,0.2783115764362865,0.0029486099410278013,conflictWith,factorized,previously_discarded,15090,15091,test,805,audited_v3_bounded,clean_parent_train_minocc100
33240,0.9710780017528484,33242,0.9711364300321356,34220,34086,33097,0.9709851551956815,33099,2,0.9710438303115648,34086,33097,33099,987,34230,2,0.0058428279287175,6.016847172081829e-05,distinct,factorized,previously_discarded,34223,34230,test,988,audited_v3_bounded,clean_parent_train_minocc100
10319,0.9805207145572026,10336,0.9821360699353858,10499,9388,9387,0.999893481039625,9387,0,0.999893481039625,9388,9387,9387,1,10524,17,0.16153553781832003,0.0016474464579901153,inverse,factorized,previously_discarded,9414,10524,test,188,audited_v3_bounded,clean_parent_train_minocc100
8162,0.5441696113074205,8489,0.5659710647376491,12628,12490,7336,0.5873498799039232,7639,303,0.6116092874299439,12490,7336,7639,4851,14999,327,2.1801453430228683,0.04006370987503063,itemRequiresStatement,factorized,previously_discarded,14999,14999,test,6510,audited_v3_bounded,clean_parent_train_minocc100
1001,0.9737354085603113,1015,0.9873540856031129,244,227,214,0.9427312775330396,226,12,0.9955947136563876,227,214,226,1,1028,14,1.3618677042801557,0.013986013986013986,oneOf,factorized,previously_discarded,244,1028,test,13,audited_v3_bounded,clean_parent_train_minocc100
15660,0.8719861907678601,15765,0.8778328414722423,12636,7910,7905,0.9993678887484198,7905,0,0.9993678887484198,7910,7905,7905,5,17959,105,0.5846650704382204,0.006704980842911878,single,factorized,previously_discarded,13713,17959,test,2194,audited_v3_bounded,clean_parent_train_minocc100
4415,0.9865921787709497,4423,0.9883798882681564,4472,1526,1526,1.0,1526,0,1.0,1526,1526,1526,0,4475,8,0.1787709497206704,0.001812004530011325,symmetric,factorized,previously_discarded,1528,4475,test,52,audited_v3_bounded,clean_parent_train_minocc100
14296,0.9531302086805787,14356,0.9571304753650244,10284,9654,9629,0.9974103998342656,9629,0,0.9974103998342656,9654,9629,9629,25,14999,60,0.40002666844456297,0.004196978175713486,type,factorized,previously_discarded,14360,14999,test,643,audited_v3_bounded,clean_parent_train_minocc100
12537,0.8359114548606481,12641,0.8428457127617016,8016,6793,5317,0.7827175033122332,5390,73,0.7934638598557339,6793,5317,5390,1403,14998,104,0.6934257901053473,0.00829544548137513,valueRequiresStatement,factorized,previously_discarded,11368,14998,test,2357,audited_v3_bounded,clean_parent_train_minocc100
14402,0.9600693287114193,14468,0.9644690353976402,7151,5735,5728,0.9987794245858762,5729,1,0.9989537925021796,5735,5728,5729,6,15001,66,0.4399706686220919,0.004582696847660047,valueType,factorized,previously_discarded,12380,15001,test,533,audited_v3_bounded,clean_parent_train_minocc100
66255,0.9407212835439444,66404,0.9428368592929149,69500,53771,53546,0.9958155883282811,53601,55,0.9968384445147013,53771,53546,53601,170,70430,149,0.21155757489706092,0.002248886876462154,conflictWith,factorized,previously_discarded,70424,70430,train,4026,audited_v3_bounded,clean_parent_train_minocc100
155152,0.971260086513963,155160,0.9713101669556725,159713,159043,154462,0.9711964688794854,154469,7,0.9712404821337626,159043,154462,154469,4574,159743,8,0.0050080441709495875,5.156233886769104e-05,distinct,factorized,previously_discarded,159726,159743,train,4583,audited_v3_bounded,clean_parent_train_minocc100
47896,0.9781081522627022,47982,0.9798644012416272,48817,43521,43521,1.0,43521,0,1.0,43521,43521,43521,0,48968,86,0.1756248978925012,0.0017955570402538835,inverse,factorized,previously_discarded,43663,48968,train,986,audited_v3_bounded,clean_parent_train_minocc100
38585,0.5512142857142858,39987,0.5712428571428572,58781,58148,34537,0.5939499208915182,35810,1273,0.6158423333562634,58148,34537,35810,22338,70000,1402,2.0028571428571427,0.03633536348321887,itemRequiresStatement,factorized,previously_discarded,69995,70000,train,30013,audited_v3_bounded,clean_parent_train_minocc100
4767,0.9935389745727387,4768,0.9937473947478116,1069,1011,1011,1.0,1011,0,1.0,1011,1011,1011,0,4798,1,0.020842017507294707,0.00020977554017201594,oneOf,factorized,previously_discarded,1069,4798,train,30,audited_v3_bounded,clean_parent_train_minocc100
73185,0.8732772507606945,73688,0.8792792792792793,58503,36853,36852,0.9999728651670149,36852,0,0.9999728651670149,36853,36852,36852,1,83805,503,0.600202851858481,0.006872993099678896,single,factorized,previously_discarded,63666,83805,train,10117,audited_v3_bounded,clean_parent_train_minocc100
20700,0.9842613285150492,20733,0.9858304407778993,21012,7330,7330,1.0,7330,0,1.0,7330,7330,7330,0,21031,33,0.15691122628500784,0.0015942028985507246,symmetric,factorized,previously_discarded,7337,21031,train,298,audited_v3_bounded,clean_parent_train_minocc100
66698,0.9528149597862887,66945,0.956343480807417,47790,44948,44850,0.9978197027676426,44860,10,0.9980421820770669,44948,44850,44860,88,70001,247,0.35285210211282697,0.0037032594680500167,type,factorized,previously_discarded,66868,70001,train,3056,audited_v3_bounded,clean_parent_train_minocc100
58340,0.8334285714285714,58879,0.8411285714285714,37713,32046,24944,0.7783810772015228,25355,411,0.791206390813206,32046,24944,25355,6691,70000,539,0.77,0.009238944120671923,valueRequiresStatement,factorized,previously_discarded,53041,70000,train,11121,audited_v3_bounded,clean_parent_train_minocc100
67236,0.9605142857142858,67486,0.9640857142857143,33098,26207,26184,0.9991223718853741,26184,0,0.9991223718853741,26207,26184,26184,23,70000,250,0.35714285714285715,0.0037182461776429296,valueType,factorized,previously_discarded,57678,70000,train,2514,audited_v3_bounded,clean_parent_train_minocc100
14173,0.9391068115557911,14213,0.9417572223694672,14898,11477,11411,0.994249368301821,11427,16,0.9956434608347129,11477,11411,11427,50,15092,40,0.26504108136761195,0.0028222676920905947,conflictWith,factorized,previously_discarded,15091,15092,val,879,audited_v3_bounded,clean_parent_train_minocc100
33200,0.9699661096178567,33201,0.9699953254645319,34219,34062,33036,0.9698784569314779,33036,0,0.9698784569314779,34062,33036,33036,1026,34228,1,0.002921584667523665,3.0120481927710842e-05,distinct,factorized,previously_discarded,34224,34228,val,1027,audited_v3_bounded,clean_parent_train_minocc100
10280,0.979420731707317,10307,0.9819931402439024,10462,9320,9320,1.0,9320,0,1.0,9320,9320,9320,0,10496,27,0.2572408536585366,0.002626459143968872,inverse,factorized,previously_discarded,9350,10496,val,189,audited_v3_bounded,clean_parent_train_minocc100
8153,0.5434608718837488,8483,0.5654579389414744,12643,12503,7324,0.5857794129408942,7620,296,0.6094537311045349,12503,7324,7620,4883,15002,330,2.1997067057725634,0.04047589844229118,itemRequiresStatement,factorized,previously_discarded,15001,15002,val,6519,audited_v3_bounded,clean_parent_train_minocc100
1014,0.9863813229571985,1023,0.995136186770428,223,214,206,0.9626168224299065,214,8,1.0,214,206,214,0,1028,9,0.8754863813229572,0.008875739644970414,oneOf,factorized,previously_discarded,223,1028,val,5,audited_v3_bounded,clean_parent_train_minocc100
15603,0.8688122946711955,15708,0.8746589453755778,12538,7905,7900,0.9993674889310563,7900,0,0.9993674889310563,7905,7900,7900,5,17959,105,0.5846650704382204,0.006729475100942127,single,factorized,previously_discarded,13653,17959,val,2251,audited_v3_bounded,clean_parent_train_minocc100
4434,0.9844582593250444,4444,0.9866785079928952,4502,1537,1537,1.0,1537,0,1.0,1537,1537,1537,0,4504,10,0.22202486678507993,0.0022552999548940008,symmetric,factorized,previously_discarded,1538,4504,val,60,audited_v3_bounded,clean_parent_train_minocc100
14319,0.9546636442429496,14358,0.9572638175878392,10184,9645,9625,0.997926386728875,9628,3,0.9982374287195438,9645,9625,9628,17,14999,39,0.2600173344889659,0.0027236538864445843,type,factorized,previously_discarded,14361,14999,val,641,audited_v3_bounded,clean_parent_train_minocc100
12519,0.834544363709086,12646,0.8430104659689354,8202,6935,5430,0.7829848594087959,5511,81,0.7946647440519106,6935,5430,5511,1424,15001,127,0.8466102259849343,0.010144580238038181,valueRequiresStatement,factorized,previously_discarded,11313,15001,val,2355,audited_v3_bounded,clean_parent_train_minocc100
14400,0.96,14464,0.9642666666666667,7075,5605,5599,0.9989295272078501,5599,0,0.9989295272078501,5605,5599,5599,6,15000,64,0.4266666666666667,0.0044444444444444444,valueType,factorized,previously_discarded,12407,15000,val,536,audited_v3_bounded,clean_parent_train_minocc100
