index,constraint_id,constraint_type,density_bucket,candidate_count,selected_candidate_index,oracle_candidate_index,non_vacuous_oracle_candidate_index,selected_slots,oracle_slots,non_vacuous_oracle_slots,selected_safe,oracle_safe,selected_non_vacuous_safe,oracle_non_vacuous_safe,selected_events,oracle_events,non_vacuous_oracle_events
1,63621,single,1,42,22,22,23,"[0, 0, 0, 74195, 74214, 74215]","[0, 0, 0, 74195, 74214, 74215]","[0, 0, 0, 74195, 74214, 74197]",1,1,0,1,"{""base_deletion_rate"": {""denominator"": 1, ""numerator"": 1}, ""deletes_base_action_rate"": {""denominator"": 1, ""numerator"": 1}, ""delta_local_satisfaction"": {""denominator"": 26, ""numerator"": 1}, ""disruption"": {""denominator"": 1, ""numerator"": 1}, ""eppf"": {""denominator"": 1, ""numerator"": 0}, ""local_satisfaction"": {""denominator"": 35, ""numerator"": 22}, ""pfr"": {""denominator"": 1, ""numerator"": 1}, ""sir"": {""denominator"": 13, ""numerator"": 0}, ""srr"": {""denominator"": 12, ""numerator"": 0}, ""vacuous_improvement"": {""denominator"": 1, ""numerator"": 1}}","{""base_deletion_rate"": {""denominator"": 1, ""numerator"": 1}, ""deletes_base_action_rate"": {""denominator"": 1, ""numerator"": 1}, ""delta_local_satisfaction"": {""denominator"": 26, ""numerator"": 1}, ""disruption"": {""denominator"": 1, ""numerator"": 1}, ""eppf"": {""denominator"": 1, ""numerator"": 0}, ""local_satisfaction"": {""denominator"": 35, ""numerator"": 22}, ""pfr"": {""denominator"": 1, ""numerator"": 1}, ""sir"": {""denominator"": 13, ""numerator"": 0}, ""srr"": {""denominator"": 12, ""numerator"": 0}, ""vacuous_improvement"": {""denominator"": 1, ""numerator"": 1}}","{""base_deletion_rate"": {""denominator"": 1, ""numerator"": 0}, ""deletes_base_action_rate"": {""denominator"": 1, ""numerator"": 0}, ""delta_local_satisfaction"": {""denominator"": 26, ""numerator"": 1}, ""disruption"": {""denominator"": 1, ""numerator"": 1}, ""eppf"": {""denominator"": 1, ""numerator"": 1}, ""local_satisfaction"": {""denominator"": 26, ""numerator"": 13}, ""pfr"": {""denominator"": 1, ""numerator"": 1}, ""sir"": {""denominator"": 13, ""numerator"": 0}, ""srr"": {""denominator"": 12, ""numerator"": 0}, ""vacuous_improvement"": {""denominator"": 1, ""numerator"": 0}}"
2,71311,type,1,54,14,34,,"[74195, 29762, 98872, 0, 0, 0]","[0, 0, 0, 0, 0, 0]",,0,0,0,0,"{""base_deletion_rate"": {""denominator"": 1, ""numerator"": 0}, ""deletes_base_action_rate"": {""denominator"": 1, ""numerator"": 0}, ""delta_local_satisfaction"": {""denominator"": 99, ""numerator"": 0}, ""disruption"": {""denominator"": 1, ""numerator"": 1}, ""eppf"": {""denominator"": 0, ""numerator"": 0}, ""local_satisfaction"": {""denominator"": 100, ""numerator"": 99}, ""pfr"": {""denominator"": 0, ""numerator"": 0}, ""sir"": {""denominator"": 0, ""numerator"": 0}, ""srr"": {""denominator"": 99, ""numerator"": 0}, ""vacuous_improvement"": {""denominator"": 1, ""numerator"": 0}}","{""base_deletion_rate"": {""denominator"": 1, ""numerator"": 0}, ""deletes_base_action_rate"": {""denominator"": 1, ""numerator"": 0}, ""delta_local_satisfaction"": {""denominator"": 99, ""numerator"": 0}, ""disruption"": {""denominator"": 1, ""numerator"": 0}, ""eppf"": {""denominator"": 0, ""numerator"": 0}, ""local_satisfaction"": {""denominator"": 99, ""numerator"": 99}, ""pfr"": {""denominator"": 0, ""numerator"": 0}, ""sir"": {""denominator"": 0, ""numerator"": 0}, ""srr"": {""denominator"": 99, ""numerator"": 0}, ""vacuous_improvement"": {""denominator"": 1, ""numerator"": 0}}",
3,53610,type,1,44,4,32,,"[74215, 74214, 74195, 0, 0, 0]","[0, 0, 0, 74195, 74214, 74215]",,0,0,0,0,"{""base_deletion_rate"": {""denominator"": 1, ""numerator"": 0}, ""deletes_base_action_rate"": {""denominator"": 1, ""numerator"": 0}, ""delta_local_satisfaction"": {""denominator"": 23, ""numerator"": 0}, ""disruption"": {""denominator"": 1, ""numerator"": 1}, ""eppf"": {""denominator"": 0, ""numerator"": 0}, ""local_satisfaction"": {""denominator"": 23, ""numerator"": 21}, ""pfr"": {""denominator"": 0, ""numerator"": 0}, ""sir"": {""denominator"": 2, ""numerator"": 0}, ""srr"": {""denominator"": 21, ""numerator"": 0}, ""vacuous_improvement"": {""denominator"": 1, ""numerator"": 0}}","{""base_deletion_rate"": {""denominator"": 1, ""numerator"": 1}, ""deletes_base_action_rate"": {""denominator"": 1, ""numerator"": 1}, ""delta_local_satisfaction"": {""denominator"": 23, ""numerator"": 0}, ""disruption"": {""denominator"": 1, ""numerator"": 1}, ""eppf"": {""denominator"": 0, ""numerator"": 0}, ""local_satisfaction"": {""denominator"": 25, ""numerator"": 23}, ""pfr"": {""denominator"": 0, ""numerator"": 0}, ""sir"": {""denominator"": 2, ""numerator"": 0}, ""srr"": {""denominator"": 21, ""numerator"": 0}, ""vacuous_improvement"": {""denominator"": 1, ""numerator"": 0}}",
6,51859,conflictWith,1,42,3,38,38,"[74195, 30990, 31172, 0, 0, 0]","[0, 0, 0, 74195, 74196, 74197]","[0, 0, 0, 74195, 74196, 74197]",0,1,0,1,"{""base_deletion_rate"": {""denominator"": 1, ""numerator"": 0}, ""deletes_base_action_rate"": {""denominator"": 1, ""numerator"": 0}, ""delta_local_satisfaction"": {""denominator"": 30, ""numerator"": 0}, ""disruption"": {""denominator"": 1, ""numerator"": 1}, ""eppf"": {""denominator"": 1, ""numerator"": 0}, ""local_satisfaction"": {""denominator"": 30, ""numerator"": 27}, ""pfr"": {""denominator"": 1, ""numerator"": 0}, ""sir"": {""denominator"": 2, ""numerator"": 0}, ""srr"": {""denominator"": 27, ""numerator"": 0}, ""vacuous_improvement"": {""denominator"": 1, ""numerator"": 0}}","{""base_deletion_rate"": {""denominator"": 1, ""numerator"": 0}, ""deletes_base_action_rate"": {""denominator"": 1, ""numerator"": 0}, ""delta_local_satisfaction"": {""denominator"": 30, ""numerator"": 1}, ""disruption"": {""denominator"": 1, ""numerator"": 1}, ""eppf"": {""denominator"": 1, ""numerator"": 1}, ""local_satisfaction"": {""denominator"": 31, ""numerator"": 29}, ""pfr"": {""denominator"": 1, ""numerator"": 1}, ""sir"": {""denominator"": 2, ""numerator"": 0}, ""srr"": {""denominator"": 27, ""numerator"": 0}, ""vacuous_improvement"": {""denominator"": 1, ""numerator"": 0}}","{""base_deletion_rate"": {""denominator"": 1, ""numerator"": 0}, ""deletes_base_action_rate"": {""denominator"": 1, ""numerator"": 0}, ""delta_local_satisfaction"": {""denominator"": 30, ""numerator"": 1}, ""disruption"": {""denominator"": 1, ""numerator"": 1}, ""eppf"": {""denominator"": 1, ""numerator"": 1}, ""local_satisfaction"": {""denominator"": 31, ""numerator"": 29}, ""pfr"": {""denominator"": 1, ""numerator"": 1}, ""sir"": {""denominator"": 2, ""numerator"": 0}, ""srr"": {""denominator"": 27, ""numerator"": 0}, ""vacuous_improvement"": {""denominator"": 1, ""numerator"": 0}}"
8,60263,valueType,1,54,14,42,,"[74215, 74214, 74195, 0, 0, 0]","[0, 0, 0, 74195, 74214, 74215]",,0,0,0,0,"{""base_deletion_rate"": {""denominator"": 1, ""numerator"": 0}, ""deletes_base_action_rate"": {""denominator"": 1, ""numerator"": 0}, ""delta_local_satisfaction"": {""denominator"": 36, ""numerator"": 0}, ""disruption"": {""denominator"": 1, ""numerator"": 1}, ""eppf"": {""denominator"": 0, ""numerator"": 0}, ""local_satisfaction"": {""denominator"": 36, ""numerator"": 21}, ""pfr"": {""denominator"": 0, ""numerator"": 0}, ""sir"": {""denominator"": 15, ""numerator"": 0}, ""srr"": {""denominator"": 21, ""numerator"": 0}, ""vacuous_improvement"": {""denominator"": 1, ""numerator"": 0}}","{""base_deletion_rate"": {""denominator"": 1, ""numerator"": 1}, ""deletes_base_action_rate"": {""denominator"": 1, ""numerator"": 1}, ""delta_local_satisfaction"": {""denominator"": 36, ""numerator"": 0}, ""disruption"": {""denominator"": 1, ""numerator"": 1}, ""eppf"": {""denominator"": 0, ""numerator"": 0}, ""local_satisfaction"": {""denominator"": 40, ""numerator"": 25}, ""pfr"": {""denominator"": 0, ""numerator"": 0}, ""sir"": {""denominator"": 15, ""numerator"": 0}, ""srr"": {""denominator"": 21, ""numerator"": 0}, ""vacuous_improvement"": {""denominator"": 1, ""numerator"": 0}}",
10,52213,conflictWith,1,43,23,24,,"[0, 0, 0, 74195, 74214, 74197]","[0, 0, 0, 74195, 74214, 74215]",,0,1,0,0,"{""base_deletion_rate"": {""denominator"": 1, ""numerator"": 0}, ""deletes_base_action_rate"": {""denominator"": 1, ""numerator"": 0}, ""delta_local_satisfaction"": {""denominator"": 27, ""numerator"": 0}, ""disruption"": {""denominator"": 1, ""numerator"": 1}, ""eppf"": {""denominator"": 1, ""numerator"": 0}, ""local_satisfaction"": {""denominator"": 27, ""numerator"": 8}, ""pfr"": {""denominator"": 1, ""numerator"": 0}, ""sir"": {""denominator"": 18, ""numerator"": 0}, ""srr"": {""denominator"": 8, ""numerator"": 0}, ""vacuous_improvement"": {""denominator"": 1, ""numerator"": 0}}","{""base_deletion_rate"": {""denominator"": 1, ""numerator"": 1}, ""deletes_base_action_rate"": {""denominator"": 1, ""numerator"": 1}, ""delta_local_satisfaction"": {""denominator"": 27, ""numerator"": 4}, ""disruption"": {""denominator"": 1, ""numerator"": 1}, ""eppf"": {""denominator"": 1, ""numerator"": 0}, ""local_satisfaction"": {""denominator"": 30, ""numerator"": 15}, ""pfr"": {""denominator"": 1, ""numerator"": 1}, ""sir"": {""denominator"": 18, ""numerator"": 3}, ""srr"": {""denominator"": 8, ""numerator"": 0}, ""vacuous_improvement"": {""denominator"": 1, ""numerator"": 1}}",
17,67579,type,1,43,3,30,,"[74195, 74214, 98872, 0, 0, 0]","[0, 0, 0, 74195, 74214, 74215]",,0,0,0,0,"{""base_deletion_rate"": {""denominator"": 1, ""numerator"": 0}, ""deletes_base_action_rate"": {""denominator"": 1, ""numerator"": 0}, ""delta_local_satisfaction"": {""denominator"": 47, ""numerator"": 0}, ""disruption"": {""denominator"": 1, ""numerator"": 1}, ""eppf"": {""denominator"": 0, ""numerator"": 0}, ""local_satisfaction"": {""denominator"": 47, ""numerator"": 17}, ""pfr"": {""denominator"": 0, ""numerator"": 0}, ""sir"": {""denominator"": 30, ""numerator"": 0}, ""srr"": {""denominator"": 17, ""numerator"": 0}, ""vacuous_improvement"": {""denominator"": 1, ""numerator"": 0}}","{""base_deletion_rate"": {""denominator"": 1, ""numerator"": 1}, ""deletes_base_action_rate"": {""denominator"": 1, ""numerator"": 1}, ""delta_local_satisfaction"": {""denominator"": 47, ""numerator"": 0}, ""disruption"": {""denominator"": 1, ""numerator"": 1}, ""eppf"": {""denominator"": 0, ""numerator"": 0}, ""local_satisfaction"": {""denominator"": 59, ""numerator"": 29}, ""pfr"": {""denominator"": 0, ""numerator"": 0}, ""sir"": {""denominator"": 30, ""numerator"": 0}, ""srr"": {""denominator"": 17, ""numerator"": 0}, ""vacuous_improvement"": {""denominator"": 1, ""numerator"": 0}}",
19,51759,type,1,44,4,31,,"[74215, 29762, 74195, 0, 0, 0]","[0, 0, 0, 74195, 74214, 74215]",,0,0,0,0,"{""base_deletion_rate"": {""denominator"": 1, ""numerator"": 0}, ""deletes_base_action_rate"": {""denominator"": 1, ""numerator"": 0}, ""delta_local_satisfaction"": {""denominator"": 100, ""numerator"": 0}, ""disruption"": {""denominator"": 1, ""numerator"": 1}, ""eppf"": {""denominator"": 0, ""numerator"": 0}, ""local_satisfaction"": {""denominator"": 100, ""numerator"": 99}, ""pfr"": {""denominator"": 0, ""numerator"": 0}, ""sir"": {""denominator"": 1, ""numerator"": 0}, ""srr"": {""denominator"": 99, ""numerator"": 0}, ""vacuous_improvement"": {""denominator"": 1, ""numerator"": 0}}","{""base_deletion_rate"": {""denominator"": 1, ""numerator"": 1}, ""deletes_base_action_rate"": {""denominator"": 1, ""numerator"": 1}, ""delta_local_satisfaction"": {""denominator"": 100, ""numerator"": 0}, ""disruption"": {""denominator"": 1, ""numerator"": 1}, ""eppf"": {""denominator"": 0, ""numerator"": 0}, ""local_satisfaction"": {""denominator"": 116, ""numerator"": 115}, ""pfr"": {""denominator"": 0, ""numerator"": 0}, ""sir"": {""denominator"": 1, ""numerator"": 0}, ""srr"": {""denominator"": 99, ""numerator"": 0}, ""vacuous_improvement"": {""denominator"": 1, ""numerator"": 0}}",
22,51435,valueType,1,44,4,32,,"[74215, 29762, 98872, 0, 0, 0]","[0, 0, 0, 74195, 74214, 74215]",,0,0,0,0,"{""base_deletion_rate"": {""denominator"": 1, ""numerator"": 0}, ""deletes_base_action_rate"": {""denominator"": 1, ""numerator"": 0}, ""delta_local_satisfaction"": {""denominator"": 28, ""numerator"": 0}, ""disruption"": {""denominator"": 1, ""numerator"": 1}, ""eppf"": {""denominator"": 0, ""numerator"": 0}, ""local_satisfaction"": {""denominator"": 28, ""numerator"": 10}, ""pfr"": {""denominator"": 0, ""numerator"": 0}, ""sir"": {""denominator"": 18, ""numerator"": 0}, ""srr"": {""denominator"": 10, ""numerator"": 0}, ""vacuous_improvement"": {""denominator"": 1, ""numerator"": 0}}","{""base_deletion_rate"": {""denominator"": 1, ""numerator"": 1}, ""deletes_base_action_rate"": {""denominator"": 1, ""numerator"": 1}, ""delta_local_satisfaction"": {""denominator"": 28, ""numerator"": 2}, ""disruption"": {""denominator"": 1, ""numerator"": 1}, ""eppf"": {""denominator"": 0, ""numerator"": 0}, ""local_satisfaction"": {""denominator"": 35, ""numerator"": 19}, ""pfr"": {""denominator"": 0, ""numerator"": 0}, ""sir"": {""denominator"": 18, ""numerator"": 2}, ""srr"": {""denominator"": 10, ""numerator"": 0}, ""vacuous_improvement"": {""denominator"": 1, ""numerator"": 1}}",
23,50387,inverse,1,42,2,30,,"[74215, 74214, 74195, 0, 0, 0]","[0, 0, 0, 74195, 74214, 74215]",,0,0,0,0,"{""base_deletion_rate"": {""denominator"": 1, ""numerator"": 0}, ""deletes_base_action_rate"": {""denominator"": 1, ""numerator"": 0}, ""delta_local_satisfaction"": {""denominator"": 23, ""numerator"": 0}, ""disruption"": {""denominator"": 1, ""numerator"": 1}, ""eppf"": {""denominator"": 0, ""numerator"": 0}, ""local_satisfaction"": {""denominator"": 23, ""numerator"": 10}, ""pfr"": {""denominator"": 0, ""numerator"": 0}, ""sir"": {""denominator"": 13, ""numerator"": 0}, ""srr"": {""denominator"": 9, ""numerator"": 0}, ""vacuous_improvement"": {""denominator"": 1, ""numerator"": 0}}","{""base_deletion_rate"": {""denominator"": 1, ""numerator"": 1}, ""deletes_base_action_rate"": {""denominator"": 1, ""numerator"": 1}, ""delta_local_satisfaction"": {""denominator"": 23, ""numerator"": 1}, ""disruption"": {""denominator"": 1, ""numerator"": 1}, ""eppf"": {""denominator"": 0, ""numerator"": 0}, ""local_satisfaction"": {""denominator"": 27, ""numerator"": 15}, ""pfr"": {""denominator"": 0, ""numerator"": 0}, ""sir"": {""denominator"": 13, ""numerator"": 1}, ""srr"": {""denominator"": 9, ""numerator"": 0}, ""vacuous_improvement"": {""denominator"": 1, ""numerator"": 1}}",
24,65737,valueRequiresStatement,1,41,1,28,,"[74215, 29762, 98872, 0, 0, 0]","[0, 0, 0, 74195, 74214, 74215]",,0,0,0,0,"{""base_deletion_rate"": {""denominator"": 1, ""numerator"": 0}, ""deletes_base_action_rate"": {""denominator"": 1, ""numerator"": 0}, ""delta_local_satisfaction"": {""denominator"": 56, ""numerator"": 0}, ""disruption"": {""denominator"": 1, ""numerator"": 1}, ""eppf"": {""denominator"": 0, ""numerator"": 0}, ""local_satisfaction"": {""denominator"": 56, ""numerator"": 31}, ""pfr"": {""denominator"": 0, ""numerator"": 0}, ""sir"": {""denominator"": 25, ""numerator"": 0}, ""srr"": {""denominator"": 30, ""numerator"": 0}, ""vacuous_improvement"": {""denominator"": 1, ""numerator"": 0}}","{""base_deletion_rate"": {""denominator"": 1, ""numerator"": 1}, ""deletes_base_action_rate"": {""denominator"": 1, ""numerator"": 1}, ""delta_local_satisfaction"": {""denominator"": 56, ""numerator"": 0}, ""disruption"": {""denominator"": 1, ""numerator"": 1}, ""eppf"": {""denominator"": 0, ""numerator"": 0}, ""local_satisfaction"": {""denominator"": 59, ""numerator"": 34}, ""pfr"": {""denominator"": 0, ""numerator"": 0}, ""sir"": {""denominator"": 25, ""numerator"": 0}, ""srr"": {""denominator"": 30, ""numerator"": 0}, ""vacuous_improvement"": {""denominator"": 1, ""numerator"": 0}}",
26,62202,valueRequiresStatement,1,41,1,29,1,"[74215, 29762, 98872, 0, 0, 0]","[0, 0, 0, 74195, 74214, 74215]","[74215, 29762, 98872, 0, 0, 0]",1,1,1,1,"{""base_deletion_rate"": {""denominator"": 1, ""numerator"": 0}, ""deletes_base_action_rate"": {""denominator"": 1, ""numerator"": 0}, ""delta_local_satisfaction"": {""denominator"": 71, ""numerator"": 1}, ""disruption"": {""denominator"": 1, ""numerator"": 1}, ""eppf"": {""denominator"": 1, ""numerator"": 1}, ""local_satisfaction"": {""denominator"": 71, ""numerator"": 37}, ""pfr"": {""denominator"": 1, ""numerator"": 1}, ""sir"": {""denominator"": 34, ""numerator"": 0}, ""srr"": {""denominator"": 36, ""numerator"": 0}, ""vacuous_improvement"": {""denominator"": 1, ""numerator"": 0}}","{""base_deletion_rate"": {""denominator"": 1, ""numerator"": 1}, ""deletes_base_action_rate"": {""denominator"": 1, ""numerator"": 1}, ""delta_local_satisfaction"": {""denominator"": 71, ""numerator"": 1}, ""disruption"": {""denominator"": 1, ""numerator"": 1}, ""eppf"": {""denominator"": 1, ""numerator"": 0}, ""local_satisfaction"": {""denominator"": 83, ""numerator"": 49}, ""pfr"": {""denominator"": 1, ""numerator"": 1}, ""sir"": {""denominator"": 34, ""numerator"": 0}, ""srr"": {""denominator"": 36, ""numerator"": 0}, ""vacuous_improvement"": {""denominator"": 1, ""numerator"": 1}}","{""base_deletion_rate"": {""denominator"": 1, ""numerator"": 0}, ""deletes_base_action_rate"": {""denominator"": 1, ""numerator"": 0}, ""delta_local_satisfaction"": {""denominator"": 71, ""numerator"": 1}, ""disruption"": {""denominator"": 1, ""numerator"": 1}, ""eppf"": {""denominator"": 1, ""numerator"": 1}, ""local_satisfaction"": {""denominator"": 71, ""numerator"": 37}, ""pfr"": {""denominator"": 1, ""numerator"": 1}, ""sir"": {""denominator"": 34, ""numerator"": 0}, ""srr"": {""denominator"": 36, ""numerator"": 0}, ""vacuous_improvement"": {""denominator"": 1, ""numerator"": 0}}"
28,51756,valueType,1,44,4,31,,"[74215, 29762, 98872, 0, 0, 0]","[0, 0, 0, 74195, 74214, 74215]",,0,0,0,0,"{""base_deletion_rate"": {""denominator"": 1, ""numerator"": 0}, ""deletes_base_action_rate"": {""denominator"": 1, ""numerator"": 0}, ""delta_local_satisfaction"": {""denominator"": 241, ""numerator"": 0}, ""disruption"": {""denominator"": 1, ""numerator"": 1}, ""eppf"": {""denominator"": 0, ""numerator"": 0}, ""local_satisfaction"": {""denominator"": 241, ""numerator"": 217}, ""pfr"": {""denominator"": 0, ""numerator"": 0}, ""sir"": {""denominator"": 24, ""numerator"": 0}, ""srr"": {""denominator"": 217, ""numerator"": 0}, ""vacuous_improvement"": {""denominator"": 1, ""numerator"": 0}}","{""base_deletion_rate"": {""denominator"": 1, ""numerator"": 1}, ""deletes_base_action_rate"": {""denominator"": 1, ""numerator"": 1}, ""delta_local_satisfaction"": {""denominator"": 241, ""numerator"": 0}, ""disruption"": {""denominator"": 1, ""numerator"": 1}, ""eppf"": {""denominator"": 0, ""numerator"": 0}, ""local_satisfaction"": {""denominator"": 297, ""numerator"": 273}, ""pfr"": {""denominator"": 0, ""numerator"": 0}, ""sir"": {""denominator"": 24, ""numerator"": 0}, ""srr"": {""denominator"": 217, ""numerator"": 0}, ""vacuous_improvement"": {""denominator"": 1, ""numerator"": 0}}",
30,65857,type,1,42,2,32,,"[74195, 30006, 30004, 0, 0, 0]","[0, 0, 0, 74195, 74214, 74215]",,0,0,0,0,"{""base_deletion_rate"": {""denominator"": 1, ""numerator"": 0}, ""deletes_base_action_rate"": {""denominator"": 1, ""numerator"": 0}, ""delta_local_satisfaction"": {""denominator"": 0, ""numerator"": 0}, ""disruption"": {""denominator"": 1, ""numerator"": 1}, ""eppf"": {""denominator"": 0, ""numerator"": 0}, ""local_satisfaction"": {""denominator"": 0, ""numerator"": 0}, ""pfr"": {""denominator"": 0, ""numerator"": 0}, ""sir"": {""denominator"": 0, ""numerator"": 0}, ""srr"": {""denominator"": 0, ""numerator"": 0}, ""vacuous_improvement"": {""denominator"": 1, ""numerator"": 0}}","{""base_deletion_rate"": {""denominator"": 1, ""numerator"": 1}, ""deletes_base_action_rate"": {""denominator"": 1, ""numerator"": 1}, ""delta_local_satisfaction"": {""denominator"": 0, ""numerator"": 0}, ""disruption"": {""denominator"": 1, ""numerator"": 1}, ""eppf"": {""denominator"": 0, ""numerator"": 0}, ""local_satisfaction"": {""denominator"": 2, ""numerator"": 2}, ""pfr"": {""denominator"": 0, ""numerator"": 0}, ""sir"": {""denominator"": 0, ""numerator"": 0}, ""srr"": {""denominator"": 0, ""numerator"": 0}, ""vacuous_improvement"": {""denominator"": 1, ""numerator"": 0}}",
33,56980,oneOf,1,65,25,52,,"[74215, 29803, 98872, 0, 0, 0]","[0, 0, 0, 74195, 74214, 74215]",,0,1,0,0,"{""base_deletion_rate"": {""denominator"": 1, ""numerator"": 0}, ""deletes_base_action_rate"": {""denominator"": 1, ""numerator"": 0}, ""delta_local_satisfaction"": {""denominator"": 17, ""numerator"": 0}, ""disruption"": {""denominator"": 1, ""numerator"": 1}, ""eppf"": {""denominator"": 1, ""numerator"": 0}, ""local_satisfaction"": {""denominator"": 17, ""numerator"": 5}, ""pfr"": {""denominator"": 1, ""numerator"": 0}, ""sir"": {""denominator"": 11, ""numerator"": 0}, ""srr"": {""denominator"": 5, ""numerator"": 0}, ""vacuous_improvement"": {""denominator"": 1, ""numerator"": 0}}","{""base_deletion_rate"": {""denominator"": 1, ""numerator"": 1}, ""deletes_base_action_rate"": {""denominator"": 1, ""numerator"": 1}, ""delta_local_satisfaction"": {""denominator"": 17, ""numerator"": 1}, ""disruption"": {""denominator"": 1, ""numerator"": 1}, ""eppf"": {""denominator"": 1, ""numerator"": 0}, ""local_satisfaction"": {""denominator"": 19, ""numerator"": 8}, ""pfr"": {""denominator"": 1, ""numerator"": 1}, ""sir"": {""denominator"": 11, ""numerator"": 0}, ""srr"": {""denominator"": 5, ""numerator"": 0}, ""vacuous_improvement"": {""denominator"": 1, ""numerator"": 1}}",
34,56396,itemRequiresStatement,1,41,1,29,,"[74195, 29762, 74195, 0, 0, 0]","[0, 0, 0, 74195, 74214, 74215]",,0,0,0,0,"{""base_deletion_rate"": {""denominator"": 1, ""numerator"": 0}, ""deletes_base_action_rate"": {""denominator"": 1, ""numerator"": 0}, ""delta_local_satisfaction"": {""denominator"": 19, ""numerator"": 0}, ""disruption"": {""denominator"": 1, ""numerator"": 1}, ""eppf"": {""denominator"": 0, ""numerator"": 0}, ""local_satisfaction"": {""denominator"": 19, ""numerator"": 9}, ""pfr"": {""denominator"": 0, ""numerator"": 0}, ""sir"": {""denominator"": 10, ""numerator"": 0}, ""srr"": {""denominator"": 9, ""numerator"": 0}, ""vacuous_improvement"": {""denominator"": 1, ""numerator"": 0}}","{""base_deletion_rate"": {""denominator"": 1, ""numerator"": 1}, ""deletes_base_action_rate"": {""denominator"": 1, ""numerator"": 1}, ""delta_local_satisfaction"": {""denominator"": 19, ""numerator"": 0}, ""disruption"": {""denominator"": 1, ""numerator"": 1}, ""eppf"": {""denominator"": 0, ""numerator"": 0}, ""local_satisfaction"": {""denominator"": 22, ""numerator"": 12}, ""pfr"": {""denominator"": 0, ""numerator"": 0}, ""sir"": {""denominator"": 10, ""numerator"": 0}, ""srr"": {""denominator"": 9, ""numerator"": 0}, ""vacuous_improvement"": {""denominator"": 1, ""numerator"": 0}}",
41,73199,itemRequiresStatement,1,41,1,32,,"[74215, 30006, 30004, 0, 0, 0]","[0, 0, 0, 74195, 74214, 74215]",,0,0,0,0,"{""base_deletion_rate"": {""denominator"": 1, ""numerator"": 0}, ""deletes_base_action_rate"": {""denominator"": 1, ""numerator"": 0}, ""delta_local_satisfaction"": {""denominator"": 9, ""numerator"": 0}, ""disruption"": {""denominator"": 1, ""numerator"": 1}, ""eppf"": {""denominator"": 0, ""numerator"": 0}, ""local_satisfaction"": {""denominator"": 9, ""numerator"": 3}, ""pfr"": {""denominator"": 0, ""numerator"": 0}, ""sir"": {""denominator"": 6, ""numerator"": 0}, ""srr"": {""denominator"": 3, ""numerator"": 0}, ""vacuous_improvement"": {""denominator"": 1, ""numerator"": 0}}","{""base_deletion_rate"": {""denominator"": 1, ""numerator"": 1}, ""deletes_base_action_rate"": {""denominator"": 1, ""numerator"": 1}, ""delta_local_satisfaction"": {""denominator"": 9, ""numerator"": 1}, ""disruption"": {""denominator"": 1, ""numerator"": 1}, ""eppf"": {""denominator"": 0, ""numerator"": 0}, ""local_satisfaction"": {""denominator"": 11, ""numerator"": 6}, ""pfr"": {""denominator"": 0, ""numerator"": 0}, ""sir"": {""denominator"": 6, ""numerator"": 1}, ""srr"": {""denominator"": 3, ""numerator"": 0}, ""vacuous_improvement"": {""denominator"": 1, ""numerator"": 1}}",
42,56490,valueRequiresStatement,1,41,1,13,,"[74195, 29762, 30002, 0, 0, 0]","[74215, 29762, 35302, 0, 0, 0]",,0,0,0,0,"{""base_deletion_rate"": {""denominator"": 1, ""numerator"": 0}, ""deletes_base_action_rate"": {""denominator"": 1, ""numerator"": 0}, ""delta_local_satisfaction"": {""denominator"": 20, ""numerator"": 0}, ""disruption"": {""denominator"": 1, ""numerator"": 1}, ""eppf"": {""denominator"": 0, ""numerator"": 0}, ""local_satisfaction"": {""denominator"": 20, ""numerator"": 19}, ""pfr"": {""denominator"": 0, ""numerator"": 0}, ""sir"": {""denominator"": 1, ""numerator"": 0}, ""srr"": {""denominator"": 18, ""numerator"": 0}, ""vacuous_improvement"": {""denominator"": 1, ""numerator"": 0}}","{""base_deletion_rate"": {""denominator"": 1, ""numerator"": 0}, ""deletes_base_action_rate"": {""denominator"": 1, ""numerator"": 0}, ""delta_local_satisfaction"": {""denominator"": 20, ""numerator"": 1}, ""disruption"": {""denominator"": 1, ""numerator"": 1}, ""eppf"": {""denominator"": 0, ""numerator"": 0}, ""local_satisfaction"": {""denominator"": 20, ""numerator"": 20}, ""pfr"": {""denominator"": 0, ""numerator"": 0}, ""sir"": {""denominator"": 1, ""numerator"": 1}, ""srr"": {""denominator"": 18, ""numerator"": 0}, ""vacuous_improvement"": {""denominator"": 1, ""numerator"": 0}}",
46,66339,valueRequiresStatement,1,41,1,32,,"[74215, 74214, 95244, 0, 0, 0]","[0, 0, 0, 74195, 74214, 74215]",,0,0,0,0,"{""base_deletion_rate"": {""denominator"": 1, ""numerator"": 0}, ""deletes_base_action_rate"": {""denominator"": 1, ""numerator"": 0}, ""delta_local_satisfaction"": {""denominator"": 46, ""numerator"": 0}, ""disruption"": {""denominator"": 1, ""numerator"": 1}, ""eppf"": {""denominator"": 0, ""numerator"": 0}, ""local_satisfaction"": {""denominator"": 46, ""numerator"": 40}, ""pfr"": {""denominator"": 0, ""numerator"": 0}, ""sir"": {""denominator"": 6, ""numerator"": 0}, ""srr"": {""denominator"": 39, ""numerator"": 0}, ""vacuous_improvement"": {""denominator"": 1, ""numerator"": 0}}","{""base_deletion_rate"": {""denominator"": 1, ""numerator"": 1}, ""deletes_base_action_rate"": {""denominator"": 1, ""numerator"": 1}, ""delta_local_satisfaction"": {""denominator"": 46, ""numerator"": 1}, ""disruption"": {""denominator"": 1, ""numerator"": 1}, ""eppf"": {""denominator"": 0, ""numerator"": 0}, ""local_satisfaction"": {""denominator"": 63, ""numerator"": 58}, ""pfr"": {""denominator"": 0, ""numerator"": 0}, ""sir"": {""denominator"": 6, ""numerator"": 1}, ""srr"": {""denominator"": 39, ""numerator"": 0}, ""vacuous_improvement"": {""denominator"": 1, ""numerator"": 1}}",
47,50362,valueType,1,42,2,32,,"[74195, 29762, 89604, 0, 0, 0]","[0, 0, 0, 74195, 74214, 74215]",,0,0,0,0,"{""base_deletion_rate"": {""denominator"": 1, ""numerator"": 0}, ""deletes_base_action_rate"": {""denominator"": 1, ""numerator"": 0}, ""delta_local_satisfaction"": {""denominator"": 17, ""numerator"": 0}, ""disruption"": {""denominator"": 1, ""numerator"": 1}, ""eppf"": {""denominator"": 0, ""numerator"": 0}, ""local_satisfaction"": {""denominator"": 17, ""numerator"": 8}, ""pfr"": {""denominator"": 0, ""numerator"": 0}, ""sir"": {""denominator"": 9, ""numerator"": 0}, ""srr"": {""denominator"": 8, ""numerator"": 0}, ""vacuous_improvement"": {""denominator"": 1, ""numerator"": 0}}","{""base_deletion_rate"": {""denominator"": 1, ""numerator"": 1}, ""deletes_base_action_rate"": {""denominator"": 1, ""numerator"": 1}, ""delta_local_satisfaction"": {""denominator"": 17, ""numerator"": 0}, ""disruption"": {""denominator"": 1, ""numerator"": 1}, ""eppf"": {""denominator"": 0, ""numerator"": 0}, ""local_satisfaction"": {""denominator"": 20, ""numerator"": 11}, ""pfr"": {""denominator"": 0, ""numerator"": 0}, ""sir"": {""denominator"": 9, ""numerator"": 0}, ""srr"": {""denominator"": 8, ""numerator"": 0}, ""vacuous_improvement"": {""denominator"": 1, ""numerator"": 0}}",
50,56799,conflictWith,1,43,23,25,25,"[0, 0, 0, 74195, 74214, 74197]","[0, 0, 0, 74195, 74196, 74197]","[0, 0, 0, 74195, 74196, 74197]",0,1,0,1,"{""base_deletion_rate"": {""denominator"": 1, ""numerator"": 0}, ""deletes_base_action_rate"": {""denominator"": 1, ""numerator"": 0}, ""delta_local_satisfaction"": {""denominator"": 90, ""numerator"": 0}, ""disruption"": {""denominator"": 1, ""numerator"": 1}, ""eppf"": {""denominator"": 1, ""numerator"": 0}, ""local_satisfaction"": {""denominator"": 90, ""numerator"": 72}, ""pfr"": {""denominator"": 1, ""numerator"": 0}, ""sir"": {""denominator"": 17, ""numerator"": 0}, ""srr"": {""denominator"": 72, ""numerator"": 0}, ""vacuous_improvement"": {""denominator"": 1, ""numerator"": 0}}","{""base_deletion_rate"": {""denominator"": 1, ""numerator"": 0}, ""deletes_base_action_rate"": {""denominator"": 1, ""numerator"": 0}, ""delta_local_satisfaction"": {""denominator"": 90, ""numerator"": 2}, ""disruption"": {""denominator"": 1, ""numerator"": 1}, ""eppf"": {""denominator"": 1, ""numerator"": 1}, ""local_satisfaction"": {""denominator"": 92, ""numerator"": 76}, ""pfr"": {""denominator"": 1, ""numerator"": 1}, ""sir"": {""denominator"": 17, ""numerator"": 1}, ""srr"": {""denominator"": 72, ""numerator"": 0}, ""vacuous_improvement"": {""denominator"": 1, ""numerator"": 0}}","{""base_deletion_rate"": {""denominator"": 1, ""numerator"": 0}, ""deletes_base_action_rate"": {""denominator"": 1, ""numerator"": 0}, ""delta_local_satisfaction"": {""denominator"": 90, ""numerator"": 2}, ""disruption"": {""denominator"": 1, ""numerator"": 1}, ""eppf"": {""denominator"": 1, ""numerator"": 1}, ""local_satisfaction"": {""denominator"": 92, ""numerator"": 76}, ""pfr"": {""denominator"": 1, ""numerator"": 1}, ""sir"": {""denominator"": 17, ""numerator"": 1}, ""srr"": {""denominator"": 72, ""numerator"": 0}, ""vacuous_improvement"": {""denominator"": 1, ""numerator"": 0}}"
51,66339,valueRequiresStatement,1,41,1,31,,"[74215, 74214, 95244, 0, 0, 0]","[0, 0, 0, 74195, 74214, 74215]",,0,0,0,0,"{""base_deletion_rate"": {""denominator"": 1, ""numerator"": 0}, ""deletes_base_action_rate"": {""denominator"": 1, ""numerator"": 0}, ""delta_local_satisfaction"": {""denominator"": 37, ""numerator"": 0}, ""disruption"": {""denominator"": 1, ""numerator"": 1}, ""eppf"": {""denominator"": 0, ""numerator"": 0}, ""local_satisfaction"": {""denominator"": 37, ""numerator"": 36}, ""pfr"": {""denominator"": 0, ""numerator"": 0}, ""sir"": {""denominator"": 1, ""numerator"": 0}, ""srr"": {""denominator"": 35, ""numerator"": 0}, ""vacuous_improvement"": {""denominator"": 1, ""numerator"": 0}}","{""base_deletion_rate"": {""denominator"": 1, ""numerator"": 1}, ""deletes_base_action_rate"": {""denominator"": 1, ""numerator"": 1}, ""delta_local_satisfaction"": {""denominator"": 37, ""numerator"": 1}, ""disruption"": {""denominator"": 1, ""numerator"": 1}, ""eppf"": {""denominator"": 0, ""numerator"": 0}, ""local_satisfaction"": {""denominator"": 54, ""numerator"": 54}, ""pfr"": {""denominator"": 0, ""numerator"": 0}, ""sir"": {""denominator"": 1, ""numerator"": 1}, ""srr"": {""denominator"": 35, ""numerator"": 0}, ""vacuous_improvement"": {""denominator"": 1, ""numerator"": 1}}",
52,52397,valueRequiresStatement,1,41,1,28,,"[74215, 31319, 98872, 0, 0, 0]","[0, 0, 0, 74195, 74214, 74215]",,0,0,0,0,"{""base_deletion_rate"": {""denominator"": 1, ""numerator"": 0}, ""deletes_base_action_rate"": {""denominator"": 1, ""numerator"": 0}, ""delta_local_satisfaction"": {""denominator"": 17, ""numerator"": 0}, ""disruption"": {""denominator"": 1, ""numerator"": 1}, ""eppf"": {""denominator"": 0, ""numerator"": 0}, ""local_satisfaction"": {""denominator"": 17, ""numerator"": 7}, ""pfr"": {""denominator"": 0, ""numerator"": 0}, ""sir"": {""denominator"": 10, ""numerator"": 0}, ""srr"": {""denominator"": 7, ""numerator"": 0}, ""vacuous_improvement"": {""denominator"": 1, ""numerator"": 0}}","{""base_deletion_rate"": {""denominator"": 1, ""numerator"": 1}, ""deletes_base_action_rate"": {""denominator"": 1, ""numerator"": 1}, ""delta_local_satisfaction"": {""denominator"": 17, ""numerator"": 3}, ""disruption"": {""denominator"": 1, ""numerator"": 1}, ""eppf"": {""denominator"": 0, ""numerator"": 0}, ""local_satisfaction"": {""denominator"": 20, ""numerator"": 13}, ""pfr"": {""denominator"": 0, ""numerator"": 0}, ""sir"": {""denominator"": 10, ""numerator"": 3}, ""srr"": {""denominator"": 7, ""numerator"": 0}, ""vacuous_improvement"": {""denominator"": 1, ""numerator"": 1}}",
55,67743,type,1,48,8,36,,"[74215, 74214, 74195, 0, 0, 0]","[0, 0, 0, 74195, 74214, 74215]",,0,0,0,0,"{""base_deletion_rate"": {""denominator"": 1, ""numerator"": 0}, ""deletes_base_action_rate"": {""denominator"": 1, ""numerator"": 0}, ""delta_local_satisfaction"": {""denominator"": 64, ""numerator"": 0}, ""disruption"": {""denominator"": 1, ""numerator"": 1}, ""eppf"": {""denominator"": 0, ""numerator"": 0}, ""local_satisfaction"": {""denominator"": 64, ""numerator"": 40}, ""pfr"": {""denominator"": 0, ""numerator"": 0}, ""sir"": {""denominator"": 24, ""numerator"": 0}, ""srr"": {""denominator"": 40, ""numerator"": 0}, ""vacuous_improvement"": {""denominator"": 1, ""numerator"": 0}}","{""base_deletion_rate"": {""denominator"": 1, ""numerator"": 1}, ""deletes_base_action_rate"": {""denominator"": 1, ""numerator"": 1}, ""delta_local_satisfaction"": {""denominator"": 64, ""numerator"": 2}, ""disruption"": {""denominator"": 1, ""numerator"": 1}, ""eppf"": {""denominator"": 0, ""numerator"": 0}, ""local_satisfaction"": {""denominator"": 76, ""numerator"": 54}, ""pfr"": {""denominator"": 0, ""numerator"": 0}, ""sir"": {""denominator"": 24, ""numerator"": 2}, ""srr"": {""denominator"": 40, ""numerator"": 0}, ""vacuous_improvement"": {""denominator"": 1, ""numerator"": 1}}",
56,65158,valueType,1,42,2,32,,"[74215, 29762, 35471, 0, 0, 0]","[0, 0, 0, 74195, 74214, 74215]",,0,1,0,0,"{""base_deletion_rate"": {""denominator"": 1, ""numerator"": 0}, ""deletes_base_action_rate"": {""denominator"": 1, ""numerator"": 0}, ""delta_local_satisfaction"": {""denominator"": 74, ""numerator"": 0}, ""disruption"": {""denominator"": 1, ""numerator"": 1}, ""eppf"": {""denominator"": 1, ""numerator"": 0}, ""local_satisfaction"": {""denominator"": 74, ""numerator"": 55}, ""pfr"": {""denominator"": 1, ""numerator"": 0}, ""sir"": {""denominator"": 18, ""numerator"": 0}, ""srr"": {""denominator"": 55, ""numerator"": 0}, ""vacuous_improvement"": {""denominator"": 1, ""numerator"": 0}}","{""base_deletion_rate"": {""denominator"": 1, ""numerator"": 1}, ""deletes_base_action_rate"": {""denominator"": 1, ""numerator"": 1}, ""delta_local_satisfaction"": {""denominator"": 74, ""numerator"": 2}, ""disruption"": {""denominator"": 1, ""numerator"": 1}, ""eppf"": {""denominator"": 1, ""numerator"": 0}, ""local_satisfaction"": {""denominator"": 87, ""numerator"": 70}, ""pfr"": {""denominator"": 1, ""numerator"": 1}, ""sir"": {""denominator"": 18, ""numerator"": 1}, ""srr"": {""denominator"": 55, ""numerator"": 0}, ""vacuous_improvement"": {""denominator"": 1, ""numerator"": 1}}",
59,73929,inverse,1,42,2,30,,"[74215, 74214, 74195, 0, 0, 0]","[0, 0, 0, 74195, 74214, 74215]",,0,0,0,0,"{""base_deletion_rate"": {""denominator"": 1, ""numerator"": 0}, ""deletes_base_action_rate"": {""denominator"": 1, ""numerator"": 0}, ""delta_local_satisfaction"": {""denominator"": 16, ""numerator"": 0}, ""disruption"": {""denominator"": 1, ""numerator"": 1}, ""eppf"": {""denominator"": 0, ""numerator"": 0}, ""local_satisfaction"": {""denominator"": 16, ""numerator"": 8}, ""pfr"": {""denominator"": 0, ""numerator"": 0}, ""sir"": {""denominator"": 8, ""numerator"": 0}, ""srr"": {""denominator"": 7, ""numerator"": 0}, ""vacuous_improvement"": {""denominator"": 1, ""numerator"": 0}}","{""base_deletion_rate"": {""denominator"": 1, ""numerator"": 1}, ""deletes_base_action_rate"": {""denominator"": 1, ""numerator"": 1}, ""delta_local_satisfaction"": {""denominator"": 16, ""numerator"": 0}, ""disruption"": {""denominator"": 1, ""numerator"": 1}, ""eppf"": {""denominator"": 0, ""numerator"": 0}, ""local_satisfaction"": {""denominator"": 19, ""numerator"": 11}, ""pfr"": {""denominator"": 0, ""numerator"": 0}, ""sir"": {""denominator"": 8, ""numerator"": 0}, ""srr"": {""denominator"": 7, ""numerator"": 0}, ""vacuous_improvement"": {""denominator"": 1, ""numerator"": 0}}",
61,62202,valueRequiresStatement,1,41,1,30,,"[74215, 29803, 29818, 0, 0, 0]","[0, 0, 0, 74195, 74214, 74215]",,0,0,0,0,"{""base_deletion_rate"": {""denominator"": 1, ""numerator"": 0}, ""deletes_base_action_rate"": {""denominator"": 1, ""numerator"": 0}, ""delta_local_satisfaction"": {""denominator"": 45, ""numerator"": 0}, ""disruption"": {""denominator"": 1, ""numerator"": 1}, ""eppf"": {""denominator"": 0, ""numerator"": 0}, ""local_satisfaction"": {""denominator"": 45, ""numerator"": 31}, ""pfr"": {""denominator"": 0, ""numerator"": 0}, ""sir"": {""denominator"": 14, ""numerator"": 0}, ""srr"": {""denominator"": 30, ""numerator"": 0}, ""vacuous_improvement"": {""denominator"": 1, ""numerator"": 0}}","{""base_deletion_rate"": {""denominator"": 1, ""numerator"": 1}, ""deletes_base_action_rate"": {""denominator"": 1, ""numerator"": 1}, ""delta_local_satisfaction"": {""denominator"": 45, ""numerator"": 3}, ""disruption"": {""denominator"": 1, ""numerator"": 1}, ""eppf"": {""denominator"": 0, ""numerator"": 0}, ""local_satisfaction"": {""denominator"": 52, ""numerator"": 41}, ""pfr"": {""denominator"": 0, ""numerator"": 0}, ""sir"": {""denominator"": 14, ""numerator"": 3}, ""srr"": {""denominator"": 30, ""numerator"": 0}, ""vacuous_improvement"": {""denominator"": 1, ""numerator"": 1}}",
63,52397,valueRequiresStatement,1,41,1,30,,"[74215, 31319, 98872, 0, 0, 0]","[0, 0, 0, 74195, 74214, 74215]",,0,0,0,0,"{""base_deletion_rate"": {""denominator"": 1, ""numerator"": 0}, ""deletes_base_action_rate"": {""denominator"": 1, ""numerator"": 0}, ""delta_local_satisfaction"": {""denominator"": 24, ""numerator"": 0}, ""disruption"": {""denominator"": 1, ""numerator"": 1}, ""eppf"": {""denominator"": 0, ""numerator"": 0}, ""local_satisfaction"": {""denominator"": 24, ""numerator"": 9}, ""pfr"": {""denominator"": 0, ""numerator"": 0}, ""sir"": {""denominator"": 15, ""numerator"": 0}, ""srr"": {""denominator"": 9, ""numerator"": 0}, ""vacuous_improvement"": {""denominator"": 1, ""numerator"": 0}}","{""base_deletion_rate"": {""denominator"": 1, ""numerator"": 1}, ""deletes_base_action_rate"": {""denominator"": 1, ""numerator"": 1}, ""delta_local_satisfaction"": {""denominator"": 24, ""numerator"": 3}, ""disruption"": {""denominator"": 1, ""numerator"": 1}, ""eppf"": {""denominator"": 0, ""numerator"": 0}, ""local_satisfaction"": {""denominator"": 27, ""numerator"": 15}, ""pfr"": {""denominator"": 0, ""numerator"": 0}, ""sir"": {""denominator"": 15, ""numerator"": 3}, ""srr"": {""denominator"": 9, ""numerator"": 0}, ""vacuous_improvement"": {""denominator"": 1, ""numerator"": 1}}",
64,51492,type,1,43,3,23,,"[74195, 29762, 98872, 0, 0, 0]","[0, 0, 0, 74195, 74214, 74215]",,0,0,0,0,"{""base_deletion_rate"": {""denominator"": 1, ""numerator"": 0}, ""deletes_base_action_rate"": {""denominator"": 1, ""numerator"": 0}, ""delta_local_satisfaction"": {""denominator"": 80, ""numerator"": 0}, ""disruption"": {""denominator"": 1, ""numerator"": 1}, ""eppf"": {""denominator"": 0, ""numerator"": 0}, ""local_satisfaction"": {""denominator"": 80, ""numerator"": 36}, ""pfr"": {""denominator"": 0, ""numerator"": 0}, ""sir"": {""denominator"": 44, ""numerator"": 0}, ""srr"": {""denominator"": 36, ""numerator"": 0}, ""vacuous_improvement"": {""denominator"": 1, ""numerator"": 0}}","{""base_deletion_rate"": {""denominator"": 1, ""numerator"": 1}, ""deletes_base_action_rate"": {""denominator"": 1, ""numerator"": 1}, ""delta_local_satisfaction"": {""denominator"": 80, ""numerator"": 1}, ""disruption"": {""denominator"": 1, ""numerator"": 1}, ""eppf"": {""denominator"": 0, ""numerator"": 0}, ""local_satisfaction"": {""denominator"": 100, ""numerator"": 57}, ""pfr"": {""denominator"": 0, ""numerator"": 0}, ""sir"": {""denominator"": 44, ""numerator"": 1}, ""srr"": {""denominator"": 36, ""numerator"": 0}, ""vacuous_improvement"": {""denominator"": 1, ""numerator"": 1}}",
67,52397,valueRequiresStatement,1,41,1,29,,"[74215, 31319, 98872, 0, 0, 0]","[0, 0, 0, 74195, 74214, 74215]",,0,0,0,0,"{""base_deletion_rate"": {""denominator"": 1, ""numerator"": 0}, ""deletes_base_action_rate"": {""denominator"": 1, ""numerator"": 0}, ""delta_local_satisfaction"": {""denominator"": 34, ""numerator"": 0}, ""disruption"": {""denominator"": 1, ""numerator"": 1}, ""eppf"": {""denominator"": 0, ""numerator"": 0}, ""local_satisfaction"": {""denominator"": 34, ""numerator"": 21}, ""pfr"": {""denominator"": 0, ""numerator"": 0}, ""sir"": {""denominator"": 13, ""numerator"": 0}, ""srr"": {""denominator"": 21, ""numerator"": 0}, ""vacuous_improvement"": {""denominator"": 1, ""numerator"": 0}}","{""base_deletion_rate"": {""denominator"": 1, ""numerator"": 1}, ""deletes_base_action_rate"": {""denominator"": 1, ""numerator"": 1}, ""delta_local_satisfaction"": {""denominator"": 34, ""numerator"": 3}, ""disruption"": {""denominator"": 1, ""numerator"": 1}, ""eppf"": {""denominator"": 0, ""numerator"": 0}, ""local_satisfaction"": {""denominator"": 40, ""numerator"": 30}, ""pfr"": {""denominator"": 0, ""numerator"": 0}, ""sir"": {""denominator"": 13, ""numerator"": 3}, ""srr"": {""denominator"": 21, ""numerator"": 0}, ""vacuous_improvement"": {""denominator"": 1, ""numerator"": 1}}",
68,70810,oneOf,1,51,11,38,,"[74215, 74214, 98872, 0, 0, 0]","[0, 0, 0, 74195, 74214, 74215]",,0,1,0,0,"{""base_deletion_rate"": {""denominator"": 1, ""numerator"": 0}, ""deletes_base_action_rate"": {""denominator"": 1, ""numerator"": 0}, ""delta_local_satisfaction"": {""denominator"": 64, ""numerator"": 0}, ""disruption"": {""denominator"": 1, ""numerator"": 1}, ""eppf"": {""denominator"": 1, ""numerator"": 0}, ""local_satisfaction"": {""denominator"": 64, ""numerator"": 36}, ""pfr"": {""denominator"": 1, ""numerator"": 0}, ""sir"": {""denominator"": 27, ""numerator"": 0}, ""srr"": {""denominator"": 36, ""numerator"": 0}, ""vacuous_improvement"": {""denominator"": 1, ""numerator"": 0}}","{""base_deletion_rate"": {""denominator"": 1, ""numerator"": 1}, ""deletes_base_action_rate"": {""denominator"": 1, ""numerator"": 1}, ""delta_local_satisfaction"": {""denominator"": 64, ""numerator"": 1}, ""disruption"": {""denominator"": 1, ""numerator"": 1}, ""eppf"": {""denominator"": 1, ""numerator"": 0}, ""local_satisfaction"": {""denominator"": 81, ""numerator"": 54}, ""pfr"": {""denominator"": 1, ""numerator"": 1}, ""sir"": {""denominator"": 27, ""numerator"": 0}, ""srr"": {""denominator"": 36, ""numerator"": 0}, ""vacuous_improvement"": {""denominator"": 1, ""numerator"": 1}}",
69,64322,valueType,1,45,5,34,,"[74215, 29762, 31362, 0, 0, 0]","[0, 0, 0, 74195, 74214, 74215]",,0,0,0,0,"{""base_deletion_rate"": {""denominator"": 1, ""numerator"": 0}, ""deletes_base_action_rate"": {""denominator"": 1, ""numerator"": 0}, ""delta_local_satisfaction"": {""denominator"": 271, ""numerator"": 0}, ""disruption"": {""denominator"": 1, ""numerator"": 1}, ""eppf"": {""denominator"": 0, ""numerator"": 0}, ""local_satisfaction"": {""denominator"": 271, ""numerator"": 260}, ""pfr"": {""denominator"": 0, ""numerator"": 0}, ""sir"": {""denominator"": 11, ""numerator"": 0}, ""srr"": {""denominator"": 260, ""numerator"": 0}, ""vacuous_improvement"": {""denominator"": 1, ""numerator"": 0}}","{""base_deletion_rate"": {""denominator"": 1, ""numerator"": 1}, ""deletes_base_action_rate"": {""denominator"": 1, ""numerator"": 1}, ""delta_local_satisfaction"": {""denominator"": 271, ""numerator"": 1}, ""disruption"": {""denominator"": 1, ""numerator"": 1}, ""eppf"": {""denominator"": 0, ""numerator"": 0}, ""local_satisfaction"": {""denominator"": 326, ""numerator"": 316}, ""pfr"": {""denominator"": 0, ""numerator"": 0}, ""sir"": {""denominator"": 11, ""numerator"": 1}, ""srr"": {""denominator"": 260, ""numerator"": 0}, ""vacuous_improvement"": {""denominator"": 1, ""numerator"": 1}}",
71,62202,valueRequiresStatement,1,41,1,31,,"[74215, 29762, 29818, 0, 0, 0]","[0, 0, 0, 74195, 74214, 74215]",,0,0,0,0,"{""base_deletion_rate"": {""denominator"": 1, ""numerator"": 0}, ""deletes_base_action_rate"": {""denominator"": 1, ""numerator"": 0}, ""delta_local_satisfaction"": {""denominator"": 56, ""numerator"": 0}, ""disruption"": {""denominator"": 1, ""numerator"": 1}, ""eppf"": {""denominator"": 0, ""numerator"": 0}, ""local_satisfaction"": {""denominator"": 56, ""numerator"": 36}, ""pfr"": {""denominator"": 0, ""numerator"": 0}, ""sir"": {""denominator"": 20, ""numerator"": 0}, ""srr"": {""denominator"": 35, ""numerator"": 0}, ""vacuous_improvement"": {""denominator"": 1, ""numerator"": 0}}","{""base_deletion_rate"": {""denominator"": 1, ""numerator"": 1}, ""deletes_base_action_rate"": {""denominator"": 1, ""numerator"": 1}, ""delta_local_satisfaction"": {""denominator"": 56, ""numerator"": 3}, ""disruption"": {""denominator"": 1, ""numerator"": 1}, ""eppf"": {""denominator"": 0, ""numerator"": 0}, ""local_satisfaction"": {""denominator"": 64, ""numerator"": 47}, ""pfr"": {""denominator"": 0, ""numerator"": 0}, ""sir"": {""denominator"": 20, ""numerator"": 3}, ""srr"": {""denominator"": 35, ""numerator"": 0}, ""vacuous_improvement"": {""denominator"": 1, ""numerator"": 1}}",
72,56958,valueType,1,42,2,33,,"[74215, 29762, 38587, 0, 0, 0]","[0, 0, 0, 74195, 74214, 74215]",,0,1,0,0,"{""base_deletion_rate"": {""denominator"": 1, ""numerator"": 0}, ""deletes_base_action_rate"": {""denominator"": 1, ""numerator"": 0}, ""delta_local_satisfaction"": {""denominator"": 94, ""numerator"": 0}, ""disruption"": {""denominator"": 1, ""numerator"": 1}, ""eppf"": {""denominator"": 1, ""numerator"": 0}, ""local_satisfaction"": {""denominator"": 94, ""numerator"": 76}, ""pfr"": {""denominator"": 1, ""numerator"": 0}, ""sir"": {""denominator"": 17, ""numerator"": 0}, ""srr"": {""denominator"": 76, ""numerator"": 0}, ""vacuous_improvement"": {""denominator"": 1, ""numerator"": 0}}","{""base_deletion_rate"": {""denominator"": 1, ""numerator"": 1}, ""deletes_base_action_rate"": {""denominator"": 1, ""numerator"": 1}, ""delta_local_satisfaction"": {""denominator"": 94, ""numerator"": 3}, ""disruption"": {""denominator"": 1, ""numerator"": 1}, ""eppf"": {""denominator"": 1, ""numerator"": 0}, ""local_satisfaction"": {""denominator"": 115, ""numerator"": 100}, ""pfr"": {""denominator"": 1, ""numerator"": 1}, ""sir"": {""denominator"": 17, ""numerator"": 2}, ""srr"": {""denominator"": 76, ""numerator"": 0}, ""vacuous_improvement"": {""denominator"": 1, ""numerator"": 1}}",
77,52397,valueRequiresStatement,1,41,1,29,,"[74215, 31319, 98872, 0, 0, 0]","[0, 0, 0, 74195, 74214, 74215]",,0,0,0,0,"{""base_deletion_rate"": {""denominator"": 1, ""numerator"": 0}, ""deletes_base_action_rate"": {""denominator"": 1, ""numerator"": 0}, ""delta_local_satisfaction"": {""denominator"": 32, ""numerator"": 0}, ""disruption"": {""denominator"": 1, ""numerator"": 1}, ""eppf"": {""denominator"": 0, ""numerator"": 0}, ""local_satisfaction"": {""denominator"": 32, ""numerator"": 18}, ""pfr"": {""denominator"": 0, ""numerator"": 0}, ""sir"": {""denominator"": 14, ""numerator"": 0}, ""srr"": {""denominator"": 18, ""numerator"": 0}, ""vacuous_improvement"": {""denominator"": 1, ""numerator"": 0}}","{""base_deletion_rate"": {""denominator"": 1, ""numerator"": 1}, ""deletes_base_action_rate"": {""denominator"": 1, ""numerator"": 1}, ""delta_local_satisfaction"": {""denominator"": 32, ""numerator"": 3}, ""disruption"": {""denominator"": 1, ""numerator"": 1}, ""eppf"": {""denominator"": 0, ""numerator"": 0}, ""local_satisfaction"": {""denominator"": 37, ""numerator"": 26}, ""pfr"": {""denominator"": 0, ""numerator"": 0}, ""sir"": {""denominator"": 14, ""numerator"": 3}, ""srr"": {""denominator"": 18, ""numerator"": 0}, ""vacuous_improvement"": {""denominator"": 1, ""numerator"": 1}}",
78,53992,valueType,1,43,3,30,,"[74215, 29762, 98872, 0, 0, 0]","[0, 0, 0, 74195, 74214, 74215]",,0,0,0,0,"{""base_deletion_rate"": {""denominator"": 1, ""numerator"": 0}, ""deletes_base_action_rate"": {""denominator"": 1, ""numerator"": 0}, ""delta_local_satisfaction"": {""denominator"": 204, ""numerator"": 0}, ""disruption"": {""denominator"": 1, ""numerator"": 1}, ""eppf"": {""denominator"": 0, ""numerator"": 0}, ""local_satisfaction"": {""denominator"": 204, ""numerator"": 191}, ""pfr"": {""denominator"": 0, ""numerator"": 0}, ""sir"": {""denominator"": 13, ""numerator"": 0}, ""srr"": {""denominator"": 191, ""numerator"": 0}, ""vacuous_improvement"": {""denominator"": 1, ""numerator"": 0}}","{""base_deletion_rate"": {""denominator"": 1, ""numerator"": 1}, ""deletes_base_action_rate"": {""denominator"": 1, ""numerator"": 1}, ""delta_local_satisfaction"": {""denominator"": 204, ""numerator"": 0}, ""disruption"": {""denominator"": 1, ""numerator"": 1}, ""eppf"": {""denominator"": 0, ""numerator"": 0}, ""local_satisfaction"": {""denominator"": 238, ""numerator"": 225}, ""pfr"": {""denominator"": 0, ""numerator"": 0}, ""sir"": {""denominator"": 13, ""numerator"": 0}, ""srr"": {""denominator"": 191, ""numerator"": 0}, ""vacuous_improvement"": {""denominator"": 1, ""numerator"": 0}}",
79,68693,valueType,1,42,2,29,,"[74215, 31319, 98872, 0, 0, 0]","[0, 0, 0, 74195, 74214, 74215]",,0,0,0,0,"{""base_deletion_rate"": {""denominator"": 1, ""numerator"": 0}, ""deletes_base_action_rate"": {""denominator"": 1, ""numerator"": 0}, ""delta_local_satisfaction"": {""denominator"": 53, ""numerator"": 0}, ""disruption"": {""denominator"": 1, ""numerator"": 1}, ""eppf"": {""denominator"": 0, ""numerator"": 0}, ""local_satisfaction"": {""denominator"": 53, ""numerator"": 32}, ""pfr"": {""denominator"": 0, ""numerator"": 0}, ""sir"": {""denominator"": 21, ""numerator"": 0}, ""srr"": {""denominator"": 32, ""numerator"": 0}, ""vacuous_improvement"": {""denominator"": 1, ""numerator"": 0}}","{""base_deletion_rate"": {""denominator"": 1, ""numerator"": 1}, ""deletes_base_action_rate"": {""denominator"": 1, ""numerator"": 1}, ""delta_local_satisfaction"": {""denominator"": 53, ""numerator"": 0}, ""disruption"": {""denominator"": 1, ""numerator"": 1}, ""eppf"": {""denominator"": 0, ""numerator"": 0}, ""local_satisfaction"": {""denominator"": 62, ""numerator"": 41}, ""pfr"": {""denominator"": 0, ""numerator"": 0}, ""sir"": {""denominator"": 21, ""numerator"": 0}, ""srr"": {""denominator"": 32, ""numerator"": 0}, ""vacuous_improvement"": {""denominator"": 1, ""numerator"": 0}}",
80,58878,conflictWith,1,42,22,22,23,"[0, 0, 0, 74195, 74214, 74197]","[0, 0, 0, 74195, 74214, 74197]","[0, 0, 0, 74195, 74196, 74197]",1,1,0,1,"{""base_deletion_rate"": {""denominator"": 1, ""numerator"": 1}, ""deletes_base_action_rate"": {""denominator"": 1, ""numerator"": 1}, ""delta_local_satisfaction"": {""denominator"": 143, ""numerator"": 3}, ""disruption"": {""denominator"": 1, ""numerator"": 1}, ""eppf"": {""denominator"": 1, ""numerator"": 0}, ""local_satisfaction"": {""denominator"": 182, ""numerator"": 93}, ""pfr"": {""denominator"": 1, ""numerator"": 1}, ""sir"": {""denominator"": 91, ""numerator"": 2}, ""srr"": {""denominator"": 51, ""numerator"": 0}, ""vacuous_improvement"": {""denominator"": 1, ""numerator"": 1}}","{""base_deletion_rate"": {""denominator"": 1, ""numerator"": 1}, ""deletes_base_action_rate"": {""denominator"": 1, ""numerator"": 1}, ""delta_local_satisfaction"": {""denominator"": 143, ""numerator"": 3}, ""disruption"": {""denominator"": 1, ""numerator"": 1}, ""eppf"": {""denominator"": 1, ""numerator"": 0}, ""local_satisfaction"": {""denominator"": 182, ""numerator"": 93}, ""pfr"": {""denominator"": 1, ""numerator"": 1}, ""sir"": {""denominator"": 91, ""numerator"": 2}, ""srr"": {""denominator"": 51, ""numerator"": 0}, ""vacuous_improvement"": {""denominator"": 1, ""numerator"": 1}}","{""base_deletion_rate"": {""denominator"": 1, ""numerator"": 0}, ""deletes_base_action_rate"": {""denominator"": 1, ""numerator"": 0}, ""delta_local_satisfaction"": {""denominator"": 143, ""numerator"": 3}, ""disruption"": {""denominator"": 1, ""numerator"": 1}, ""eppf"": {""denominator"": 1, ""numerator"": 1}, ""local_satisfaction"": {""denominator"": 144, ""numerator"": 55}, ""pfr"": {""denominator"": 1, ""numerator"": 1}, ""sir"": {""denominator"": 91, ""numerator"": 2}, ""srr"": {""denominator"": 51, ""numerator"": 0}, ""vacuous_improvement"": {""denominator"": 1, ""numerator"": 0}}"
85,60094,inverse,1,42,22,22,0,"[0, 0, 0, 74195, 74214, 74215]","[0, 0, 0, 74195, 74214, 74215]","[80080, 30780, 98872, 0, 0, 0]",1,1,0,1,"{""base_deletion_rate"": {""denominator"": 1, ""numerator"": 1}, ""deletes_base_action_rate"": {""denominator"": 1, ""numerator"": 1}, ""delta_local_satisfaction"": {""denominator"": 10, ""numerator"": 2}, ""disruption"": {""denominator"": 1, ""numerator"": 1}, ""eppf"": {""denominator"": 1, ""numerator"": 0}, ""local_satisfaction"": {""denominator"": 11, ""numerator"": 8}, ""pfr"": {""denominator"": 1, ""numerator"": 1}, ""sir"": {""denominator"": 4, ""numerator"": 1}, ""srr"": {""denominator"": 5, ""numerator"": 0}, ""vacuous_improvement"": {""denominator"": 1, ""numerator"": 1}}","{""base_deletion_rate"": {""denominator"": 1, ""numerator"": 1}, ""deletes_base_action_rate"": {""denominator"": 1, ""numerator"": 1}, ""delta_local_satisfaction"": {""denominator"": 10, ""numerator"": 2}, ""disruption"": {""denominator"": 1, ""numerator"": 1}, ""eppf"": {""denominator"": 1, ""numerator"": 0}, ""local_satisfaction"": {""denominator"": 11, ""numerator"": 8}, ""pfr"": {""denominator"": 1, ""numerator"": 1}, ""sir"": {""denominator"": 4, ""numerator"": 1}, ""srr"": {""denominator"": 5, ""numerator"": 0}, ""vacuous_improvement"": {""denominator"": 1, ""numerator"": 1}}","{""base_deletion_rate"": {""denominator"": 1, ""numerator"": 0}, ""deletes_base_action_rate"": {""denominator"": 1, ""numerator"": 0}, ""delta_local_satisfaction"": {""denominator"": 10, ""numerator"": 1}, ""disruption"": {""denominator"": 1, ""numerator"": 1}, ""eppf"": {""denominator"": 1, ""numerator"": 1}, ""local_satisfaction"": {""denominator"": 10, ""numerator"": 6}, ""pfr"": {""denominator"": 1, ""numerator"": 1}, ""sir"": {""denominator"": 4, ""numerator"": 0}, ""srr"": {""denominator"": 5, ""numerator"": 0}, ""vacuous_improvement"": {""denominator"": 1, ""numerator"": 0}}"
87,66550,valueType,1,43,3,30,,"[74215, 29762, 98872, 0, 0, 0]","[0, 0, 0, 74195, 74214, 74215]",,0,0,0,0,"{""base_deletion_rate"": {""denominator"": 1, ""numerator"": 0}, ""deletes_base_action_rate"": {""denominator"": 1, ""numerator"": 0}, ""delta_local_satisfaction"": {""denominator"": 101, ""numerator"": 0}, ""disruption"": {""denominator"": 1, ""numerator"": 1}, ""eppf"": {""denominator"": 0, ""numerator"": 0}, ""local_satisfaction"": {""denominator"": 101, ""numerator"": 84}, ""pfr"": {""denominator"": 0, ""numerator"": 0}, ""sir"": {""denominator"": 17, ""numerator"": 0}, ""srr"": {""denominator"": 84, ""numerator"": 0}, ""vacuous_improvement"": {""denominator"": 1, ""numerator"": 0}}","{""base_deletion_rate"": {""denominator"": 1, ""numerator"": 1}, ""deletes_base_action_rate"": {""denominator"": 1, ""numerator"": 1}, ""delta_local_satisfaction"": {""denominator"": 101, ""numerator"": 0}, ""disruption"": {""denominator"": 1, ""numerator"": 1}, ""eppf"": {""denominator"": 0, ""numerator"": 0}, ""local_satisfaction"": {""denominator"": 116, ""numerator"": 99}, ""pfr"": {""denominator"": 0, ""numerator"": 0}, ""sir"": {""denominator"": 17, ""numerator"": 0}, ""srr"": {""denominator"": 84, ""numerator"": 0}, ""vacuous_improvement"": {""denominator"": 1, ""numerator"": 0}}",
90,66339,valueRequiresStatement,1,41,1,32,,"[74215, 74214, 98365, 0, 0, 0]","[0, 0, 0, 74195, 74214, 74215]",,0,0,0,0,"{""base_deletion_rate"": {""denominator"": 1, ""numerator"": 0}, ""deletes_base_action_rate"": {""denominator"": 1, ""numerator"": 0}, ""delta_local_satisfaction"": {""denominator"": 37, ""numerator"": 0}, ""disruption"": {""denominator"": 1, ""numerator"": 1}, ""eppf"": {""denominator"": 0, ""numerator"": 0}, ""local_satisfaction"": {""denominator"": 37, ""numerator"": 33}, ""pfr"": {""denominator"": 0, ""numerator"": 0}, ""sir"": {""denominator"": 4, ""numerator"": 0}, ""srr"": {""denominator"": 32, ""numerator"": 0}, ""vacuous_improvement"": {""denominator"": 1, ""numerator"": 0}}","{""base_deletion_rate"": {""denominator"": 1, ""numerator"": 1}, ""deletes_base_action_rate"": {""denominator"": 1, ""numerator"": 1}, ""delta_local_satisfaction"": {""denominator"": 37, ""numerator"": 0}, ""disruption"": {""denominator"": 1, ""numerator"": 1}, ""eppf"": {""denominator"": 0, ""numerator"": 0}, ""local_satisfaction"": {""denominator"": 52, ""numerator"": 48}, ""pfr"": {""denominator"": 0, ""numerator"": 0}, ""sir"": {""denominator"": 4, ""numerator"": 0}, ""srr"": {""denominator"": 32, ""numerator"": 0}, ""vacuous_improvement"": {""denominator"": 1, ""numerator"": 0}}",
91,53610,type,1,44,4,32,,"[74195, 29762, 98872, 0, 0, 0]","[0, 0, 0, 74195, 74214, 74215]",,0,0,0,0,"{""base_deletion_rate"": {""denominator"": 1, ""numerator"": 0}, ""deletes_base_action_rate"": {""denominator"": 1, ""numerator"": 0}, ""delta_local_satisfaction"": {""denominator"": 23, ""numerator"": 0}, ""disruption"": {""denominator"": 1, ""numerator"": 1}, ""eppf"": {""denominator"": 0, ""numerator"": 0}, ""local_satisfaction"": {""denominator"": 23, ""numerator"": 11}, ""pfr"": {""denominator"": 0, ""numerator"": 0}, ""sir"": {""denominator"": 12, ""numerator"": 0}, ""srr"": {""denominator"": 11, ""numerator"": 0}, ""vacuous_improvement"": {""denominator"": 1, ""numerator"": 0}}","{""base_deletion_rate"": {""denominator"": 1, ""numerator"": 1}, ""deletes_base_action_rate"": {""denominator"": 1, ""numerator"": 1}, ""delta_local_satisfaction"": {""denominator"": 23, ""numerator"": 0}, ""disruption"": {""denominator"": 1, ""numerator"": 1}, ""eppf"": {""denominator"": 0, ""numerator"": 0}, ""local_satisfaction"": {""denominator"": 25, ""numerator"": 13}, ""pfr"": {""denominator"": 0, ""numerator"": 0}, ""sir"": {""denominator"": 12, ""numerator"": 0}, ""srr"": {""denominator"": 11, ""numerator"": 0}, ""vacuous_improvement"": {""denominator"": 1, ""numerator"": 0}}",
92,57383,inverse,1,42,2,29,,"[74215, 74214, 74195, 0, 0, 0]","[0, 0, 0, 74195, 74214, 74215]",,0,0,0,0,"{""base_deletion_rate"": {""denominator"": 1, ""numerator"": 0}, ""deletes_base_action_rate"": {""denominator"": 1, ""numerator"": 0}, ""delta_local_satisfaction"": {""denominator"": 40, ""numerator"": 0}, ""disruption"": {""denominator"": 1, ""numerator"": 1}, ""eppf"": {""denominator"": 0, ""numerator"": 0}, ""local_satisfaction"": {""denominator"": 40, ""numerator"": 25}, ""pfr"": {""denominator"": 0, ""numerator"": 0}, ""sir"": {""denominator"": 15, ""numerator"": 0}, ""srr"": {""denominator"": 24, ""numerator"": 0}, ""vacuous_improvement"": {""denominator"": 1, ""numerator"": 0}}","{""base_deletion_rate"": {""denominator"": 1, ""numerator"": 1}, ""deletes_base_action_rate"": {""denominator"": 1, ""numerator"": 1}, ""delta_local_satisfaction"": {""denominator"": 40, ""numerator"": 0}, ""disruption"": {""denominator"": 1, ""numerator"": 1}, ""eppf"": {""denominator"": 0, ""numerator"": 0}, ""local_satisfaction"": {""denominator"": 49, ""numerator"": 34}, ""pfr"": {""denominator"": 0, ""numerator"": 0}, ""sir"": {""denominator"": 15, ""numerator"": 0}, ""srr"": {""denominator"": 24, ""numerator"": 0}, ""vacuous_improvement"": {""denominator"": 1, ""numerator"": 0}}",
94,62203,type,1,47,7,35,7,"[74195, 29762, 29900, 0, 0, 0]","[0, 0, 0, 74195, 74214, 74215]","[74195, 29762, 29900, 0, 0, 0]",1,1,1,1,"{""base_deletion_rate"": {""denominator"": 1, ""numerator"": 0}, ""deletes_base_action_rate"": {""denominator"": 1, ""numerator"": 0}, ""delta_local_satisfaction"": {""denominator"": 29, ""numerator"": 1}, ""disruption"": {""denominator"": 1, ""numerator"": 1}, ""eppf"": {""denominator"": 1, ""numerator"": 1}, ""local_satisfaction"": {""denominator"": 29, ""numerator"": 24}, ""pfr"": {""denominator"": 1, ""numerator"": 1}, ""sir"": {""denominator"": 5, ""numerator"": 0}, ""srr"": {""denominator"": 23, ""numerator"": 0}, ""vacuous_improvement"": {""denominator"": 1, ""numerator"": 0}}","{""base_deletion_rate"": {""denominator"": 1, ""numerator"": 1}, ""deletes_base_action_rate"": {""denominator"": 1, ""numerator"": 1}, ""delta_local_satisfaction"": {""denominator"": 29, ""numerator"": 3}, ""disruption"": {""denominator"": 1, ""numerator"": 1}, ""eppf"": {""denominator"": 1, ""numerator"": 0}, ""local_satisfaction"": {""denominator"": 33, ""numerator"": 30}, ""pfr"": {""denominator"": 1, ""numerator"": 1}, ""sir"": {""denominator"": 5, ""numerator"": 2}, ""srr"": {""denominator"": 23, ""numerator"": 0}, ""vacuous_improvement"": {""denominator"": 1, ""numerator"": 1}}","{""base_deletion_rate"": {""denominator"": 1, ""numerator"": 0}, ""deletes_base_action_rate"": {""denominator"": 1, ""numerator"": 0}, ""delta_local_satisfaction"": {""denominator"": 29, ""numerator"": 1}, ""disruption"": {""denominator"": 1, ""numerator"": 1}, ""eppf"": {""denominator"": 1, ""numerator"": 1}, ""local_satisfaction"": {""denominator"": 29, ""numerator"": 24}, ""pfr"": {""denominator"": 1, ""numerator"": 1}, ""sir"": {""denominator"": 5, ""numerator"": 0}, ""srr"": {""denominator"": 23, ""numerator"": 0}, ""vacuous_improvement"": {""denominator"": 1, ""numerator"": 0}}"
95,70736,inverse,1,42,2,30,,"[74215, 74214, 74195, 0, 0, 0]","[0, 0, 0, 74195, 74214, 74215]",,0,0,0,0,"{""base_deletion_rate"": {""denominator"": 1, ""numerator"": 0}, ""deletes_base_action_rate"": {""denominator"": 1, ""numerator"": 0}, ""delta_local_satisfaction"": {""denominator"": 25, ""numerator"": 0}, ""disruption"": {""denominator"": 1, ""numerator"": 1}, ""eppf"": {""denominator"": 0, ""numerator"": 0}, ""local_satisfaction"": {""denominator"": 25, ""numerator"": 20}, ""pfr"": {""denominator"": 0, ""numerator"": 0}, ""sir"": {""denominator"": 5, ""numerator"": 0}, ""srr"": {""denominator"": 19, ""numerator"": 0}, ""vacuous_improvement"": {""denominator"": 1, ""numerator"": 0}}","{""base_deletion_rate"": {""denominator"": 1, ""numerator"": 1}, ""deletes_base_action_rate"": {""denominator"": 1, ""numerator"": 1}, ""delta_local_satisfaction"": {""denominator"": 25, ""numerator"": 0}, ""disruption"": {""denominator"": 1, ""numerator"": 1}, ""eppf"": {""denominator"": 0, ""numerator"": 0}, ""local_satisfaction"": {""denominator"": 32, ""numerator"": 27}, ""pfr"": {""denominator"": 0, ""numerator"": 0}, ""sir"": {""denominator"": 5, ""numerator"": 0}, ""srr"": {""denominator"": 19, ""numerator"": 0}, ""vacuous_improvement"": {""denominator"": 1, ""numerator"": 0}}",
96,62766,itemRequiresStatement,1,41,1,29,,"[74195, 30122, 98872, 0, 0, 0]","[0, 0, 0, 74195, 74214, 74215]",,0,0,0,0,"{""base_deletion_rate"": {""denominator"": 1, ""numerator"": 0}, ""deletes_base_action_rate"": {""denominator"": 1, ""numerator"": 0}, ""delta_local_satisfaction"": {""denominator"": 17, ""numerator"": 0}, ""disruption"": {""denominator"": 1, ""numerator"": 1}, ""eppf"": {""denominator"": 0, ""numerator"": 0}, ""local_satisfaction"": {""denominator"": 17, ""numerator"": 8}, ""pfr"": {""denominator"": 0, ""numerator"": 0}, ""sir"": {""denominator"": 9, ""numerator"": 0}, ""srr"": {""denominator"": 8, ""numerator"": 0}, ""vacuous_improvement"": {""denominator"": 1, ""numerator"": 0}}","{""base_deletion_rate"": {""denominator"": 1, ""numerator"": 1}, ""deletes_base_action_rate"": {""denominator"": 1, ""numerator"": 1}, ""delta_local_satisfaction"": {""denominator"": 17, ""numerator"": 0}, ""disruption"": {""denominator"": 1, ""numerator"": 1}, ""eppf"": {""denominator"": 0, ""numerator"": 0}, ""local_satisfaction"": {""denominator"": 21, ""numerator"": 12}, ""pfr"": {""denominator"": 0, ""numerator"": 0}, ""sir"": {""denominator"": 9, ""numerator"": 0}, ""srr"": {""denominator"": 8, ""numerator"": 0}, ""vacuous_improvement"": {""denominator"": 1, ""numerator"": 0}}",
98,64322,valueType,1,45,5,34,,"[74215, 29762, 29900, 0, 0, 0]","[0, 0, 0, 74195, 74214, 74215]",,0,0,0,0,"{""base_deletion_rate"": {""denominator"": 1, ""numerator"": 0}, ""deletes_base_action_rate"": {""denominator"": 1, ""numerator"": 0}, ""delta_local_satisfaction"": {""denominator"": 0, ""numerator"": 0}, ""disruption"": {""denominator"": 1, ""numerator"": 1}, ""eppf"": {""denominator"": 0, ""numerator"": 0}, ""local_satisfaction"": {""denominator"": 0, ""numerator"": 0}, ""pfr"": {""denominator"": 0, ""numerator"": 0}, ""sir"": {""denominator"": 0, ""numerator"": 0}, ""srr"": {""denominator"": 0, ""numerator"": 0}, ""vacuous_improvement"": {""denominator"": 1, ""numerator"": 0}}","{""base_deletion_rate"": {""denominator"": 1, ""numerator"": 1}, ""deletes_base_action_rate"": {""denominator"": 1, ""numerator"": 1}, ""delta_local_satisfaction"": {""denominator"": 0, ""numerator"": 0}, ""disruption"": {""denominator"": 1, ""numerator"": 1}, ""eppf"": {""denominator"": 0, ""numerator"": 0}, ""local_satisfaction"": {""denominator"": 2, ""numerator"": 2}, ""pfr"": {""denominator"": 0, ""numerator"": 0}, ""sir"": {""denominator"": 0, ""numerator"": 0}, ""srr"": {""denominator"": 0, ""numerator"": 0}, ""vacuous_improvement"": {""denominator"": 1, ""numerator"": 0}}",
99,51877,conflictWith,1,43,23,26,26,"[0, 0, 0, 74195, 74214, 74215]","[0, 0, 0, 74195, 74196, 74197]","[0, 0, 0, 74195, 74196, 74197]",0,1,0,1,"{""base_deletion_rate"": {""denominator"": 1, ""numerator"": 1}, ""deletes_base_action_rate"": {""denominator"": 1, ""numerator"": 1}, ""delta_local_satisfaction"": {""denominator"": 35, ""numerator"": 7}, ""disruption"": {""denominator"": 1, ""numerator"": 1}, ""eppf"": {""denominator"": 1, ""numerator"": 0}, ""local_satisfaction"": {""denominator"": 38, ""numerator"": 20}, ""pfr"": {""denominator"": 1, ""numerator"": 1}, ""sir"": {""denominator"": 24, ""numerator"": 7}, ""srr"": {""denominator"": 10, ""numerator"": 1}, ""vacuous_improvement"": {""denominator"": 1, ""numerator"": 1}}","{""base_deletion_rate"": {""denominator"": 1, ""numerator"": 0}, ""deletes_base_action_rate"": {""denominator"": 1, ""numerator"": 0}, ""delta_local_satisfaction"": {""denominator"": 35, ""numerator"": 6}, ""disruption"": {""denominator"": 1, ""numerator"": 1}, ""eppf"": {""denominator"": 1, ""numerator"": 1}, ""local_satisfaction"": {""denominator"": 35, ""numerator"": 16}, ""pfr"": {""denominator"": 1, ""numerator"": 1}, ""sir"": {""denominator"": 24, ""numerator"": 5}, ""srr"": {""denominator"": 10, ""numerator"": 0}, ""vacuous_improvement"": {""denominator"": 1, ""numerator"": 0}}","{""base_deletion_rate"": {""denominator"": 1, ""numerator"": 0}, ""deletes_base_action_rate"": {""denominator"": 1, ""numerator"": 0}, ""delta_local_satisfaction"": {""denominator"": 35, ""numerator"": 6}, ""disruption"": {""denominator"": 1, ""numerator"": 1}, ""eppf"": {""denominator"": 1, ""numerator"": 1}, ""local_satisfaction"": {""denominator"": 35, ""numerator"": 16}, ""pfr"": {""denominator"": 1, ""numerator"": 1}, ""sir"": {""denominator"": 24, ""numerator"": 5}, ""srr"": {""denominator"": 10, ""numerator"": 0}, ""vacuous_improvement"": {""denominator"": 1, ""numerator"": 0}}"
100,66339,valueRequiresStatement,1,41,1,28,1,"[74215, 74214, 35546, 0, 0, 0]","[0, 0, 0, 74195, 74214, 74215]","[74215, 74214, 35546, 0, 0, 0]",1,1,1,1,"{""base_deletion_rate"": {""denominator"": 1, ""numerator"": 0}, ""deletes_base_action_rate"": {""denominator"": 1, ""numerator"": 0}, ""delta_local_satisfaction"": {""denominator"": 13, ""numerator"": 1}, ""disruption"": {""denominator"": 1, ""numerator"": 1}, ""eppf"": {""denominator"": 1, ""numerator"": 1}, ""local_satisfaction"": {""denominator"": 13, ""numerator"": 11}, ""pfr"": {""denominator"": 1, ""numerator"": 1}, ""sir"": {""denominator"": 2, ""numerator"": 0}, ""srr"": {""denominator"": 10, ""numerator"": 0}, ""vacuous_improvement"": {""denominator"": 1, ""numerator"": 0}}","{""base_deletion_rate"": {""denominator"": 1, ""numerator"": 1}, ""deletes_base_action_rate"": {""denominator"": 1, ""numerator"": 1}, ""delta_local_satisfaction"": {""denominator"": 13, ""numerator"": 1}, ""disruption"": {""denominator"": 1, ""numerator"": 1}, ""eppf"": {""denominator"": 1, ""numerator"": 0}, ""local_satisfaction"": {""denominator"": 15, ""numerator"": 13}, ""pfr"": {""denominator"": 1, ""numerator"": 1}, ""sir"": {""denominator"": 2, ""numerator"": 0}, ""srr"": {""denominator"": 10, ""numerator"": 0}, ""vacuous_improvement"": {""denominator"": 1, ""numerator"": 1}}","{""base_deletion_rate"": {""denominator"": 1, ""numerator"": 0}, ""deletes_base_action_rate"": {""denominator"": 1, ""numerator"": 0}, ""delta_local_satisfaction"": {""denominator"": 13, ""numerator"": 1}, ""disruption"": {""denominator"": 1, ""numerator"": 1}, ""eppf"": {""denominator"": 1, ""numerator"": 1}, ""local_satisfaction"": {""denominator"": 13, ""numerator"": 11}, ""pfr"": {""denominator"": 1, ""numerator"": 1}, ""sir"": {""denominator"": 2, ""numerator"": 0}, ""srr"": {""denominator"": 10, ""numerator"": 0}, ""vacuous_improvement"": {""denominator"": 1, ""numerator"": 0}}"
102,62027,type,1,46,6,33,,"[74215, 74214, 74195, 0, 0, 0]","[0, 0, 0, 74195, 74214, 74215]",,0,0,0,0,"{""base_deletion_rate"": {""denominator"": 1, ""numerator"": 0}, ""deletes_base_action_rate"": {""denominator"": 1, ""numerator"": 0}, ""delta_local_satisfaction"": {""denominator"": 38, ""numerator"": 0}, ""disruption"": {""denominator"": 1, ""numerator"": 1}, ""eppf"": {""denominator"": 0, ""numerator"": 0}, ""local_satisfaction"": {""denominator"": 38, ""numerator"": 23}, ""pfr"": {""denominator"": 0, ""numerator"": 0}, ""sir"": {""denominator"": 15, ""numerator"": 0}, ""srr"": {""denominator"": 23, ""numerator"": 0}, ""vacuous_improvement"": {""denominator"": 1, ""numerator"": 0}}","{""base_deletion_rate"": {""denominator"": 1, ""numerator"": 1}, ""deletes_base_action_rate"": {""denominator"": 1, ""numerator"": 1}, ""delta_local_satisfaction"": {""denominator"": 38, ""numerator"": 0}, ""disruption"": {""denominator"": 1, ""numerator"": 1}, ""eppf"": {""denominator"": 0, ""numerator"": 0}, ""local_satisfaction"": {""denominator"": 43, ""numerator"": 28}, ""pfr"": {""denominator"": 0, ""numerator"": 0}, ""sir"": {""denominator"": 15, ""numerator"": 0}, ""srr"": {""denominator"": 23, ""numerator"": 0}, ""vacuous_improvement"": {""denominator"": 1, ""numerator"": 0}}",
105,52397,valueRequiresStatement,1,41,1,28,,"[74215, 31319, 98872, 0, 0, 0]","[0, 0, 0, 74195, 74214, 74215]",,0,0,0,0,"{""base_deletion_rate"": {""denominator"": 1, ""numerator"": 0}, ""deletes_base_action_rate"": {""denominator"": 1, ""numerator"": 0}, ""delta_local_satisfaction"": {""denominator"": 25, ""numerator"": 0}, ""disruption"": {""denominator"": 1, ""numerator"": 1}, ""eppf"": {""denominator"": 0, ""numerator"": 0}, ""local_satisfaction"": {""denominator"": 25, ""numerator"": 10}, ""pfr"": {""denominator"": 0, ""numerator"": 0}, ""sir"": {""denominator"": 15, ""numerator"": 0}, ""srr"": {""denominator"": 10, ""numerator"": 0}, ""vacuous_improvement"": {""denominator"": 1, ""numerator"": 0}}","{""base_deletion_rate"": {""denominator"": 1, ""numerator"": 1}, ""deletes_base_action_rate"": {""denominator"": 1, ""numerator"": 1}, ""delta_local_satisfaction"": {""denominator"": 25, ""numerator"": 0}, ""disruption"": {""denominator"": 1, ""numerator"": 1}, ""eppf"": {""denominator"": 0, ""numerator"": 0}, ""local_satisfaction"": {""denominator"": 27, ""numerator"": 12}, ""pfr"": {""denominator"": 0, ""numerator"": 0}, ""sir"": {""denominator"": 15, ""numerator"": 0}, ""srr"": {""denominator"": 10, ""numerator"": 0}, ""vacuous_improvement"": {""denominator"": 1, ""numerator"": 0}}",
106,64322,valueType,1,45,5,32,,"[74215, 29762, 98872, 0, 0, 0]","[0, 0, 0, 74195, 74214, 74215]",,0,0,0,0,"{""base_deletion_rate"": {""denominator"": 1, ""numerator"": 0}, ""deletes_base_action_rate"": {""denominator"": 1, ""numerator"": 0}, ""delta_local_satisfaction"": {""denominator"": 241, ""numerator"": 0}, ""disruption"": {""denominator"": 1, ""numerator"": 1}, ""eppf"": {""denominator"": 0, ""numerator"": 0}, ""local_satisfaction"": {""denominator"": 241, ""numerator"": 233}, ""pfr"": {""denominator"": 0, ""numerator"": 0}, ""sir"": {""denominator"": 8, ""numerator"": 0}, ""srr"": {""denominator"": 233, ""numerator"": 0}, ""vacuous_improvement"": {""denominator"": 1, ""numerator"": 0}}","{""base_deletion_rate"": {""denominator"": 1, ""numerator"": 1}, ""deletes_base_action_rate"": {""denominator"": 1, ""numerator"": 1}, ""delta_local_satisfaction"": {""denominator"": 241, ""numerator"": 1}, ""disruption"": {""denominator"": 1, ""numerator"": 1}, ""eppf"": {""denominator"": 0, ""numerator"": 0}, ""local_satisfaction"": {""denominator"": 300, ""numerator"": 293}, ""pfr"": {""denominator"": 0, ""numerator"": 0}, ""sir"": {""denominator"": 8, ""numerator"": 1}, ""srr"": {""denominator"": 233, ""numerator"": 0}, ""vacuous_improvement"": {""denominator"": 1, ""numerator"": 1}}",
109,68746,itemRequiresStatement,1,41,1,28,,"[74195, 74214, 98872, 0, 0, 0]","[0, 0, 0, 74195, 74214, 74215]",,0,0,0,0,"{""base_deletion_rate"": {""denominator"": 1, ""numerator"": 0}, ""deletes_base_action_rate"": {""denominator"": 1, ""numerator"": 0}, ""delta_local_satisfaction"": {""denominator"": 38, ""numerator"": 0}, ""disruption"": {""denominator"": 1, ""numerator"": 1}, ""eppf"": {""denominator"": 0, ""numerator"": 0}, ""local_satisfaction"": {""denominator"": 38, ""numerator"": 20}, ""pfr"": {""denominator"": 0, ""numerator"": 0}, ""sir"": {""denominator"": 18, ""numerator"": 0}, ""srr"": {""denominator"": 19, ""numerator"": 0}, ""vacuous_improvement"": {""denominator"": 1, ""numerator"": 0}}","{""base_deletion_rate"": {""denominator"": 1, ""numerator"": 1}, ""deletes_base_action_rate"": {""denominator"": 1, ""numerator"": 1}, ""delta_local_satisfaction"": {""denominator"": 38, ""numerator"": 0}, ""disruption"": {""denominator"": 1, ""numerator"": 1}, ""eppf"": {""denominator"": 0, ""numerator"": 0}, ""local_satisfaction"": {""denominator"": 48, ""numerator"": 30}, ""pfr"": {""denominator"": 0, ""numerator"": 0}, ""sir"": {""denominator"": 18, ""numerator"": 0}, ""srr"": {""denominator"": 19, ""numerator"": 0}, ""vacuous_improvement"": {""denominator"": 1, ""numerator"": 0}}",
111,51438,type,1,44,4,31,,"[74215, 29762, 98872, 0, 0, 0]","[0, 0, 0, 74195, 74214, 74215]",,0,0,0,0,"{""base_deletion_rate"": {""denominator"": 1, ""numerator"": 0}, ""deletes_base_action_rate"": {""denominator"": 1, ""numerator"": 0}, ""delta_local_satisfaction"": {""denominator"": 88, ""numerator"": 0}, ""disruption"": {""denominator"": 1, ""numerator"": 1}, ""eppf"": {""denominator"": 0, ""numerator"": 0}, ""local_satisfaction"": {""denominator"": 88, ""numerator"": 87}, ""pfr"": {""denominator"": 0, ""numerator"": 0}, ""sir"": {""denominator"": 1, ""numerator"": 0}, ""srr"": {""denominator"": 87, ""numerator"": 0}, ""vacuous_improvement"": {""denominator"": 1, ""numerator"": 0}}","{""base_deletion_rate"": {""denominator"": 1, ""numerator"": 1}, ""deletes_base_action_rate"": {""denominator"": 1, ""numerator"": 1}, ""delta_local_satisfaction"": {""denominator"": 88, ""numerator"": 0}, ""disruption"": {""denominator"": 1, ""numerator"": 1}, ""eppf"": {""denominator"": 0, ""numerator"": 0}, ""local_satisfaction"": {""denominator"": 104, ""numerator"": 103}, ""pfr"": {""denominator"": 0, ""numerator"": 0}, ""sir"": {""denominator"": 1, ""numerator"": 0}, ""srr"": {""denominator"": 87, ""numerator"": 0}, ""vacuous_improvement"": {""denominator"": 1, ""numerator"": 0}}",
112,50362,valueType,1,42,2,30,,"[74215, 74214, 74195, 0, 0, 0]","[0, 0, 0, 74195, 74214, 74215]",,0,0,0,0,"{""base_deletion_rate"": {""denominator"": 1, ""numerator"": 0}, ""deletes_base_action_rate"": {""denominator"": 1, ""numerator"": 0}, ""delta_local_satisfaction"": {""denominator"": 51, ""numerator"": 0}, ""disruption"": {""denominator"": 1, ""numerator"": 1}, ""eppf"": {""denominator"": 0, ""numerator"": 0}, ""local_satisfaction"": {""denominator"": 51, ""numerator"": 29}, ""pfr"": {""denominator"": 0, ""numerator"": 0}, ""sir"": {""denominator"": 22, ""numerator"": 0}, ""srr"": {""denominator"": 29, ""numerator"": 0}, ""vacuous_improvement"": {""denominator"": 1, ""numerator"": 0}}","{""base_deletion_rate"": {""denominator"": 1, ""numerator"": 1}, ""deletes_base_action_rate"": {""denominator"": 1, ""numerator"": 1}, ""delta_local_satisfaction"": {""denominator"": 51, ""numerator"": 0}, ""disruption"": {""denominator"": 1, ""numerator"": 1}, ""eppf"": {""denominator"": 0, ""numerator"": 0}, ""local_satisfaction"": {""denominator"": 61, ""numerator"": 39}, ""pfr"": {""denominator"": 0, ""numerator"": 0}, ""sir"": {""denominator"": 22, ""numerator"": 0}, ""srr"": {""denominator"": 29, ""numerator"": 0}, ""vacuous_improvement"": {""denominator"": 1, ""numerator"": 0}}",
115,71311,type,1,54,14,34,,"[74195, 29762, 30002, 0, 0, 0]","[0, 0, 0, 0, 0, 0]",,0,0,0,0,"{""base_deletion_rate"": {""denominator"": 1, ""numerator"": 0}, ""deletes_base_action_rate"": {""denominator"": 1, ""numerator"": 0}, ""delta_local_satisfaction"": {""denominator"": 24, ""numerator"": -3}, ""disruption"": {""denominator"": 1, ""numerator"": 1}, ""eppf"": {""denominator"": 0, ""numerator"": 0}, ""local_satisfaction"": {""denominator"": 24, ""numerator"": 21}, ""pfr"": {""denominator"": 0, ""numerator"": 0}, ""sir"": {""denominator"": 0, ""numerator"": 0}, ""srr"": {""denominator"": 23, ""numerator"": 3}, ""vacuous_improvement"": {""denominator"": 1, ""numerator"": 0}}","{""base_deletion_rate"": {""denominator"": 1, ""numerator"": 0}, ""deletes_base_action_rate"": {""denominator"": 1, ""numerator"": 0}, ""delta_local_satisfaction"": {""denominator"": 24, ""numerator"": 0}, ""disruption"": {""denominator"": 1, ""numerator"": 0}, ""eppf"": {""denominator"": 0, ""numerator"": 0}, ""local_satisfaction"": {""denominator"": 24, ""numerator"": 24}, ""pfr"": {""denominator"": 0, ""numerator"": 0}, ""sir"": {""denominator"": 0, ""numerator"": 0}, ""srr"": {""denominator"": 23, ""numerator"": 0}, ""vacuous_improvement"": {""denominator"": 1, ""numerator"": 0}}",
116,73156,conflictWith,1,43,23,24,,"[0, 0, 0, 74195, 74214, 74197]","[0, 0, 0, 74195, 74214, 74215]",,0,1,0,0,"{""base_deletion_rate"": {""denominator"": 1, ""numerator"": 0}, ""deletes_base_action_rate"": {""denominator"": 1, ""numerator"": 0}, ""delta_local_satisfaction"": {""denominator"": 32, ""numerator"": 0}, ""disruption"": {""denominator"": 1, ""numerator"": 1}, ""eppf"": {""denominator"": 1, ""numerator"": 0}, ""local_satisfaction"": {""denominator"": 32, ""numerator"": 17}, ""pfr"": {""denominator"": 1, ""numerator"": 0}, ""sir"": {""denominator"": 14, ""numerator"": 0}, ""srr"": {""denominator"": 17, ""numerator"": 0}, ""vacuous_improvement"": {""denominator"": 1, ""numerator"": 0}}","{""base_deletion_rate"": {""denominator"": 1, ""numerator"": 1}, ""deletes_base_action_rate"": {""denominator"": 1, ""numerator"": 1}, ""delta_local_satisfaction"": {""denominator"": 32, ""numerator"": 1}, ""disruption"": {""denominator"": 1, ""numerator"": 1}, ""eppf"": {""denominator"": 1, ""numerator"": 0}, ""local_satisfaction"": {""denominator"": 34, ""numerator"": 20}, ""pfr"": {""denominator"": 1, ""numerator"": 1}, ""sir"": {""denominator"": 14, ""numerator"": 0}, ""srr"": {""denominator"": 17, ""numerator"": 0}, ""vacuous_improvement"": {""denominator"": 1, ""numerator"": 1}}",
117,61520,conflictWith,1,41,22,33,33,"[0, 0, 0, 74195, 74214, 74215]","[0, 0, 0, 74195, 74196, 74215]","[0, 0, 0, 74195, 74196, 74215]",1,1,0,1,"{""base_deletion_rate"": {""denominator"": 1, ""numerator"": 1}, ""deletes_base_action_rate"": {""denominator"": 1, ""numerator"": 1}, ""delta_local_satisfaction"": {""denominator"": 16, ""numerator"": 1}, ""disruption"": {""denominator"": 1, ""numerator"": 1}, ""eppf"": {""denominator"": 1, ""numerator"": 0}, ""local_satisfaction"": {""denominator"": 19, ""numerator"": 9}, ""pfr"": {""denominator"": 1, ""numerator"": 1}, ""sir"": {""denominator"": 10, ""numerator"": 0}, ""srr"": {""denominator"": 5, ""numerator"": 0}, ""vacuous_improvement"": {""denominator"": 1, ""numerator"": 1}}","{""base_deletion_rate"": {""denominator"": 1, ""numerator"": 0}, ""deletes_base_action_rate"": {""denominator"": 1, ""numerator"": 0}, ""delta_local_satisfaction"": {""denominator"": 16, ""numerator"": 4}, ""disruption"": {""denominator"": 1, ""numerator"": 1}, ""eppf"": {""denominator"": 1, ""numerator"": 1}, ""local_satisfaction"": {""denominator"": 16, ""numerator"": 9}, ""pfr"": {""denominator"": 1, ""numerator"": 1}, ""sir"": {""denominator"": 10, ""numerator"": 3}, ""srr"": {""denominator"": 5, ""numerator"": 0}, ""vacuous_improvement"": {""denominator"": 1, ""numerator"": 0}}","{""base_deletion_rate"": {""denominator"": 1, ""numerator"": 0}, ""deletes_base_action_rate"": {""denominator"": 1, ""numerator"": 0}, ""delta_local_satisfaction"": {""denominator"": 16, ""numerator"": 4}, ""disruption"": {""denominator"": 1, ""numerator"": 1}, ""eppf"": {""denominator"": 1, ""numerator"": 1}, ""local_satisfaction"": {""denominator"": 16, ""numerator"": 9}, ""pfr"": {""denominator"": 1, ""numerator"": 1}, ""sir"": {""denominator"": 10, ""numerator"": 3}, ""srr"": {""denominator"": 5, ""numerator"": 0}, ""vacuous_improvement"": {""denominator"": 1, ""numerator"": 0}}"
121,63500,inverse,1,42,2,32,,"[74215, 32015, 74195, 0, 0, 0]","[0, 0, 0, 74195, 74214, 74215]",,0,0,0,0,"{""base_deletion_rate"": {""denominator"": 1, ""numerator"": 0}, ""deletes_base_action_rate"": {""denominator"": 1, ""numerator"": 0}, ""delta_local_satisfaction"": {""denominator"": 5, ""numerator"": 0}, ""disruption"": {""denominator"": 1, ""numerator"": 1}, ""eppf"": {""denominator"": 0, ""numerator"": 0}, ""local_satisfaction"": {""denominator"": 5, ""numerator"": 2}, ""pfr"": {""denominator"": 0, ""numerator"": 0}, ""sir"": {""denominator"": 3, ""numerator"": 0}, ""srr"": {""denominator"": 1, ""numerator"": 0}, ""vacuous_improvement"": {""denominator"": 1, ""numerator"": 0}}","{""base_deletion_rate"": {""denominator"": 1, ""numerator"": 1}, ""deletes_base_action_rate"": {""denominator"": 1, ""numerator"": 1}, ""delta_local_satisfaction"": {""denominator"": 5, ""numerator"": 1}, ""disruption"": {""denominator"": 1, ""numerator"": 1}, ""eppf"": {""denominator"": 0, ""numerator"": 0}, ""local_satisfaction"": {""denominator"": 6, ""numerator"": 4}, ""pfr"": {""denominator"": 0, ""numerator"": 0}, ""sir"": {""denominator"": 3, ""numerator"": 1}, ""srr"": {""denominator"": 1, ""numerator"": 0}, ""vacuous_improvement"": {""denominator"": 1, ""numerator"": 1}}",
122,66339,valueRequiresStatement,1,41,1,30,,"[74215, 74214, 74195, 0, 0, 0]","[0, 0, 0, 74195, 74214, 74215]",,0,0,0,0,"{""base_deletion_rate"": {""denominator"": 1, ""numerator"": 0}, ""deletes_base_action_rate"": {""denominator"": 1, ""numerator"": 0}, ""delta_local_satisfaction"": {""denominator"": 17, ""numerator"": 0}, ""disruption"": {""denominator"": 1, ""numerator"": 1}, ""eppf"": {""denominator"": 0, ""numerator"": 0}, ""local_satisfaction"": {""denominator"": 17, ""numerator"": 10}, ""pfr"": {""denominator"": 0, ""numerator"": 0}, ""sir"": {""denominator"": 7, ""numerator"": 0}, ""srr"": {""denominator"": 9, ""numerator"": 0}, ""vacuous_improvement"": {""denominator"": 1, ""numerator"": 0}}","{""base_deletion_rate"": {""denominator"": 1, ""numerator"": 1}, ""deletes_base_action_rate"": {""denominator"": 1, ""numerator"": 1}, ""delta_local_satisfaction"": {""denominator"": 17, ""numerator"": 1}, ""disruption"": {""denominator"": 1, ""numerator"": 1}, ""eppf"": {""denominator"": 0, ""numerator"": 0}, ""local_satisfaction"": {""denominator"": 26, ""numerator"": 20}, ""pfr"": {""denominator"": 0, ""numerator"": 0}, ""sir"": {""denominator"": 7, ""numerator"": 1}, ""srr"": {""denominator"": 9, ""numerator"": 0}, ""vacuous_improvement"": {""denominator"": 1, ""numerator"": 1}}",
123,71311,type,1,54,14,15,,"[74195, 29762, 30002, 0, 0, 0]","[74215, 29762, 30002, 0, 0, 0]",,0,0,0,0,"{""base_deletion_rate"": {""denominator"": 1, ""numerator"": 0}, ""deletes_base_action_rate"": {""denominator"": 1, ""numerator"": 0}, ""delta_local_satisfaction"": {""denominator"": 23, ""numerator"": -3}, ""disruption"": {""denominator"": 1, ""numerator"": 1}, ""eppf"": {""denominator"": 0, ""numerator"": 0}, ""local_satisfaction"": {""denominator"": 23, ""numerator"": 19}, ""pfr"": {""denominator"": 0, ""numerator"": 0}, ""sir"": {""denominator"": 1, ""numerator"": 0}, ""srr"": {""denominator"": 21, ""numerator"": 3}, ""vacuous_improvement"": {""denominator"": 1, ""numerator"": 0}}","{""base_deletion_rate"": {""denominator"": 1, ""numerator"": 0}, ""deletes_base_action_rate"": {""denominator"": 1, ""numerator"": 0}, ""delta_local_satisfaction"": {""denominator"": 23, ""numerator"": 1}, ""disruption"": {""denominator"": 1, ""numerator"": 1}, ""eppf"": {""denominator"": 0, ""numerator"": 0}, ""local_satisfaction"": {""denominator"": 23, ""numerator"": 23}, ""pfr"": {""denominator"": 0, ""numerator"": 0}, ""sir"": {""denominator"": 1, ""numerator"": 1}, ""srr"": {""denominator"": 21, ""numerator"": 0}, ""vacuous_improvement"": {""denominator"": 1, ""numerator"": 0}}",
127,52410,valueType,1,42,2,29,,"[74195, 74214, 98872, 0, 0, 0]","[0, 0, 0, 74195, 74214, 74215]",,0,0,0,0,"{""base_deletion_rate"": {""denominator"": 1, ""numerator"": 0}, ""deletes_base_action_rate"": {""denominator"": 1, ""numerator"": 0}, ""delta_local_satisfaction"": {""denominator"": 20, ""numerator"": 0}, ""disruption"": {""denominator"": 1, ""numerator"": 1}, ""eppf"": {""denominator"": 0, ""numerator"": 0}, ""local_satisfaction"": {""denominator"": 20, ""numerator"": 6}, ""pfr"": {""denominator"": 0, ""numerator"": 0}, ""sir"": {""denominator"": 14, ""numerator"": 0}, ""srr"": {""denominator"": 6, ""numerator"": 0}, ""vacuous_improvement"": {""denominator"": 1, ""numerator"": 0}}","{""base_deletion_rate"": {""denominator"": 1, ""numerator"": 1}, ""deletes_base_action_rate"": {""denominator"": 1, ""numerator"": 1}, ""delta_local_satisfaction"": {""denominator"": 20, ""numerator"": 3}, ""disruption"": {""denominator"": 1, ""numerator"": 1}, ""eppf"": {""denominator"": 0, ""numerator"": 0}, ""local_satisfaction"": {""denominator"": 25, ""numerator"": 14}, ""pfr"": {""denominator"": 0, ""numerator"": 0}, ""sir"": {""denominator"": 14, ""numerator"": 3}, ""srr"": {""denominator"": 6, ""numerator"": 0}, ""vacuous_improvement"": {""denominator"": 1, ""numerator"": 1}}",
132,66339,valueRequiresStatement,1,41,1,28,,"[74215, 74214, 35546, 0, 0, 0]","[0, 0, 0, 74195, 74214, 74215]",,0,0,0,0,"{""base_deletion_rate"": {""denominator"": 1, ""numerator"": 0}, ""deletes_base_action_rate"": {""denominator"": 1, ""numerator"": 0}, ""delta_local_satisfaction"": {""denominator"": 14, ""numerator"": 0}, ""disruption"": {""denominator"": 1, ""numerator"": 1}, ""eppf"": {""denominator"": 0, ""numerator"": 0}, ""local_satisfaction"": {""denominator"": 14, ""numerator"": 10}, ""pfr"": {""denominator"": 0, ""numerator"": 0}, ""sir"": {""denominator"": 4, ""numerator"": 0}, ""srr"": {""denominator"": 9, ""numerator"": 0}, ""vacuous_improvement"": {""denominator"": 1, ""numerator"": 0}}","{""base_deletion_rate"": {""denominator"": 1, ""numerator"": 1}, ""deletes_base_action_rate"": {""denominator"": 1, ""numerator"": 1}, ""delta_local_satisfaction"": {""denominator"": 14, ""numerator"": 0}, ""disruption"": {""denominator"": 1, ""numerator"": 1}, ""eppf"": {""denominator"": 0, ""numerator"": 0}, ""local_satisfaction"": {""denominator"": 16, ""numerator"": 12}, ""pfr"": {""denominator"": 0, ""numerator"": 0}, ""sir"": {""denominator"": 4, ""numerator"": 0}, ""srr"": {""denominator"": 9, ""numerator"": 0}, ""vacuous_improvement"": {""denominator"": 1, ""numerator"": 0}}",
133,62207,valueType,1,43,3,32,14,"[74215, 29762, 29818, 0, 0, 0]","[0, 0, 0, 74195, 74214, 74215]","[74215, 29762, 32464, 0, 0, 0]",0,1,0,1,"{""base_deletion_rate"": {""denominator"": 1, ""numerator"": 0}, ""deletes_base_action_rate"": {""denominator"": 1, ""numerator"": 0}, ""delta_local_satisfaction"": {""denominator"": 70, ""numerator"": 0}, ""disruption"": {""denominator"": 1, ""numerator"": 1}, ""eppf"": {""denominator"": 1, ""numerator"": 0}, ""local_satisfaction"": {""denominator"": 70, ""numerator"": 51}, ""pfr"": {""denominator"": 1, ""numerator"": 0}, ""sir"": {""denominator"": 18, ""numerator"": 0}, ""srr"": {""denominator"": 51, ""numerator"": 0}, ""vacuous_improvement"": {""denominator"": 1, ""numerator"": 0}}","{""base_deletion_rate"": {""denominator"": 1, ""numerator"": 1}, ""deletes_base_action_rate"": {""denominator"": 1, ""numerator"": 1}, ""delta_local_satisfaction"": {""denominator"": 70, ""numerator"": 3}, ""disruption"": {""denominator"": 1, ""numerator"": 1}, ""eppf"": {""denominator"": 1, ""numerator"": 0}, ""local_satisfaction"": {""denominator"": 85, ""numerator"": 69}, ""pfr"": {""denominator"": 1, ""numerator"": 1}, ""sir"": {""denominator"": 18, ""numerator"": 2}, ""srr"": {""denominator"": 51, ""numerator"": 0}, ""vacuous_improvement"": {""denominator"": 1, ""numerator"": 1}}","{""base_deletion_rate"": {""denominator"": 1, ""numerator"": 0}, ""deletes_base_action_rate"": {""denominator"": 1, ""numerator"": 0}, ""delta_local_satisfaction"": {""denominator"": 70, ""numerator"": 1}, ""disruption"": {""denominator"": 1, ""numerator"": 1}, ""eppf"": {""denominator"": 1, ""numerator"": 1}, ""local_satisfaction"": {""denominator"": 70, ""numerator"": 52}, ""pfr"": {""denominator"": 1, ""numerator"": 1}, ""sir"": {""denominator"": 18, ""numerator"": 0}, ""srr"": {""denominator"": 51, ""numerator"": 0}, ""vacuous_improvement"": {""denominator"": 1, ""numerator"": 0}}"
136,62202,valueRequiresStatement,1,41,1,30,1,"[74215, 29762, 29818, 0, 0, 0]","[0, 0, 0, 74195, 74214, 74215]","[74215, 29762, 29818, 0, 0, 0]",1,1,1,1,"{""base_deletion_rate"": {""denominator"": 1, ""numerator"": 0}, ""deletes_base_action_rate"": {""denominator"": 1, ""numerator"": 0}, ""delta_local_satisfaction"": {""denominator"": 47, ""numerator"": 1}, ""disruption"": {""denominator"": 1, ""numerator"": 1}, ""eppf"": {""denominator"": 1, ""numerator"": 1}, ""local_satisfaction"": {""denominator"": 47, ""numerator"": 28}, ""pfr"": {""denominator"": 1, ""numerator"": 1}, ""sir"": {""denominator"": 19, ""numerator"": 0}, ""srr"": {""denominator"": 27, ""numerator"": 0}, ""vacuous_improvement"": {""denominator"": 1, ""numerator"": 0}}","{""base_deletion_rate"": {""denominator"": 1, ""numerator"": 1}, ""deletes_base_action_rate"": {""denominator"": 1, ""numerator"": 1}, ""delta_local_satisfaction"": {""denominator"": 47, ""numerator"": 4}, ""disruption"": {""denominator"": 1, ""numerator"": 1}, ""eppf"": {""denominator"": 1, ""numerator"": 0}, ""local_satisfaction"": {""denominator"": 53, ""numerator"": 37}, ""pfr"": {""denominator"": 1, ""numerator"": 1}, ""sir"": {""denominator"": 19, ""numerator"": 3}, ""srr"": {""denominator"": 27, ""numerator"": 0}, ""vacuous_improvement"": {""denominator"": 1, ""numerator"": 1}}","{""base_deletion_rate"": {""denominator"": 1, ""numerator"": 0}, ""deletes_base_action_rate"": {""denominator"": 1, ""numerator"": 0}, ""delta_local_satisfaction"": {""denominator"": 47, ""numerator"": 1}, ""disruption"": {""denominator"": 1, ""numerator"": 1}, ""eppf"": {""denominator"": 1, ""numerator"": 1}, ""local_satisfaction"": {""denominator"": 47, ""numerator"": 28}, ""pfr"": {""denominator"": 1, ""numerator"": 1}, ""sir"": {""denominator"": 19, ""numerator"": 0}, ""srr"": {""denominator"": 27, ""numerator"": 0}, ""vacuous_improvement"": {""denominator"": 1, ""numerator"": 0}}"
137,62202,valueRequiresStatement,1,41,1,30,,"[74215, 29803, 29818, 0, 0, 0]","[0, 0, 0, 74195, 74214, 74215]",,0,0,0,0,"{""base_deletion_rate"": {""denominator"": 1, ""numerator"": 0}, ""deletes_base_action_rate"": {""denominator"": 1, ""numerator"": 0}, ""delta_local_satisfaction"": {""denominator"": 55, ""numerator"": 0}, ""disruption"": {""denominator"": 1, ""numerator"": 1}, ""eppf"": {""denominator"": 0, ""numerator"": 0}, ""local_satisfaction"": {""denominator"": 55, ""numerator"": 33}, ""pfr"": {""denominator"": 0, ""numerator"": 0}, ""sir"": {""denominator"": 22, ""numerator"": 0}, ""srr"": {""denominator"": 32, ""numerator"": 0}, ""vacuous_improvement"": {""denominator"": 1, ""numerator"": 0}}","{""base_deletion_rate"": {""denominator"": 1, ""numerator"": 1}, ""deletes_base_action_rate"": {""denominator"": 1, ""numerator"": 1}, ""delta_local_satisfaction"": {""denominator"": 55, ""numerator"": 3}, ""disruption"": {""denominator"": 1, ""numerator"": 1}, ""eppf"": {""denominator"": 0, ""numerator"": 0}, ""local_satisfaction"": {""denominator"": 62, ""numerator"": 43}, ""pfr"": {""denominator"": 0, ""numerator"": 0}, ""sir"": {""denominator"": 22, ""numerator"": 3}, ""srr"": {""denominator"": 32, ""numerator"": 0}, ""vacuous_improvement"": {""denominator"": 1, ""numerator"": 1}}",
138,52830,single,1,42,22,22,23,"[0, 0, 0, 74195, 74214, 74215]","[0, 0, 0, 74195, 74214, 74215]","[0, 0, 0, 74195, 74214, 74197]",1,1,0,1,"{""base_deletion_rate"": {""denominator"": 1, ""numerator"": 1}, ""deletes_base_action_rate"": {""denominator"": 1, ""numerator"": 1}, ""delta_local_satisfaction"": {""denominator"": 15, ""numerator"": 1}, ""disruption"": {""denominator"": 1, ""numerator"": 1}, ""eppf"": {""denominator"": 1, ""numerator"": 0}, ""local_satisfaction"": {""denominator"": 18, ""numerator"": 10}, ""pfr"": {""denominator"": 1, ""numerator"": 1}, ""sir"": {""denominator"": 8, ""numerator"": 0}, ""srr"": {""denominator"": 6, ""numerator"": 0}, ""vacuous_improvement"": {""denominator"": 1, ""numerator"": 1}}","{""base_deletion_rate"": {""denominator"": 1, ""numerator"": 1}, ""deletes_base_action_rate"": {""denominator"": 1, ""numerator"": 1}, ""delta_local_satisfaction"": {""denominator"": 15, ""numerator"": 1}, ""disruption"": {""denominator"": 1, ""numerator"": 1}, ""eppf"": {""denominator"": 1, ""numerator"": 0}, ""local_satisfaction"": {""denominator"": 18, ""numerator"": 10}, ""pfr"": {""denominator"": 1, ""numerator"": 1}, ""sir"": {""denominator"": 8, ""numerator"": 0}, ""srr"": {""denominator"": 6, ""numerator"": 0}, ""vacuous_improvement"": {""denominator"": 1, ""numerator"": 1}}","{""base_deletion_rate"": {""denominator"": 1, ""numerator"": 0}, ""deletes_base_action_rate"": {""denominator"": 1, ""numerator"": 0}, ""delta_local_satisfaction"": {""denominator"": 15, ""numerator"": 1}, ""disruption"": {""denominator"": 1, ""numerator"": 1}, ""eppf"": {""denominator"": 1, ""numerator"": 1}, ""local_satisfaction"": {""denominator"": 15, ""numerator"": 7}, ""pfr"": {""denominator"": 1, ""numerator"": 1}, ""sir"": {""denominator"": 8, ""numerator"": 0}, ""srr"": {""denominator"": 6, ""numerator"": 0}, ""vacuous_improvement"": {""denominator"": 1, ""numerator"": 0}}"
140,59402,inverse,1,41,2,12,12,"[74215, 30780, 74195, 0, 0, 0]","[74215, 74214, 74195, 0, 0, 0]","[74215, 74214, 74195, 0, 0, 0]",0,1,0,1,"{""base_deletion_rate"": {""denominator"": 1, ""numerator"": 0}, ""deletes_base_action_rate"": {""denominator"": 1, ""numerator"": 0}, ""delta_local_satisfaction"": {""denominator"": 11, ""numerator"": 0}, ""disruption"": {""denominator"": 1, ""numerator"": 1}, ""eppf"": {""denominator"": 1, ""numerator"": 0}, ""local_satisfaction"": {""denominator"": 11, ""numerator"": 10}, ""pfr"": {""denominator"": 1, ""numerator"": 0}, ""sir"": {""denominator"": 0, ""numerator"": 0}, ""srr"": {""denominator"": 10, ""numerator"": 0}, ""vacuous_improvement"": {""denominator"": 1, ""numerator"": 0}}","{""base_deletion_rate"": {""denominator"": 1, ""numerator"": 0}, ""deletes_base_action_rate"": {""denominator"": 1, ""numerator"": 0}, ""delta_local_satisfaction"": {""denominator"": 11, ""numerator"": 1}, ""disruption"": {""denominator"": 1, ""numerator"": 1}, ""eppf"": {""denominator"": 1, ""numerator"": 1}, ""local_satisfaction"": {""denominator"": 11, ""numerator"": 11}, ""pfr"": {""denominator"": 1, ""numerator"": 1}, ""sir"": {""denominator"": 0, ""numerator"": 0}, ""srr"": {""denominator"": 10, ""numerator"": 0}, ""vacuous_improvement"": {""denominator"": 1, ""numerator"": 0}}","{""base_deletion_rate"": {""denominator"": 1, ""numerator"": 0}, ""deletes_base_action_rate"": {""denominator"": 1, ""numerator"": 0}, ""delta_local_satisfaction"": {""denominator"": 11, ""numerator"": 1}, ""disruption"": {""denominator"": 1, ""numerator"": 1}, ""eppf"": {""denominator"": 1, ""numerator"": 1}, ""local_satisfaction"": {""denominator"": 11, ""numerator"": 11}, ""pfr"": {""denominator"": 1, ""numerator"": 1}, ""sir"": {""denominator"": 0, ""numerator"": 0}, ""srr"": {""denominator"": 10, ""numerator"": 0}, ""vacuous_improvement"": {""denominator"": 1, ""numerator"": 0}}"
141,52397,valueRequiresStatement,1,41,1,28,,"[74215, 74214, 98872, 0, 0, 0]","[0, 0, 0, 74195, 74214, 74215]",,0,0,0,0,"{""base_deletion_rate"": {""denominator"": 1, ""numerator"": 0}, ""deletes_base_action_rate"": {""denominator"": 1, ""numerator"": 0}, ""delta_local_satisfaction"": {""denominator"": 9, ""numerator"": 0}, ""disruption"": {""denominator"": 1, ""numerator"": 1}, ""eppf"": {""denominator"": 0, ""numerator"": 0}, ""local_satisfaction"": {""denominator"": 9, ""numerator"": 2}, ""pfr"": {""denominator"": 0, ""numerator"": 0}, ""sir"": {""denominator"": 7, ""numerator"": 0}, ""srr"": {""denominator"": 2, ""numerator"": 0}, ""vacuous_improvement"": {""denominator"": 1, ""numerator"": 0}}","{""base_deletion_rate"": {""denominator"": 1, ""numerator"": 1}, ""deletes_base_action_rate"": {""denominator"": 1, ""numerator"": 1}, ""delta_local_satisfaction"": {""denominator"": 9, ""numerator"": 3}, ""disruption"": {""denominator"": 1, ""numerator"": 1}, ""eppf"": {""denominator"": 0, ""numerator"": 0}, ""local_satisfaction"": {""denominator"": 13, ""numerator"": 9}, ""pfr"": {""denominator"": 0, ""numerator"": 0}, ""sir"": {""denominator"": 7, ""numerator"": 3}, ""srr"": {""denominator"": 2, ""numerator"": 0}, ""vacuous_improvement"": {""denominator"": 1, ""numerator"": 1}}",
142,51435,valueType,1,44,4,31,,"[74215, 29762, 98872, 0, 0, 0]","[0, 0, 0, 74195, 74214, 74215]",,0,0,0,0,"{""base_deletion_rate"": {""denominator"": 1, ""numerator"": 0}, ""deletes_base_action_rate"": {""denominator"": 1, ""numerator"": 0}, ""delta_local_satisfaction"": {""denominator"": 204, ""numerator"": 0}, ""disruption"": {""denominator"": 1, ""numerator"": 1}, ""eppf"": {""denominator"": 0, ""numerator"": 0}, ""local_satisfaction"": {""denominator"": 204, ""numerator"": 191}, ""pfr"": {""denominator"": 0, ""numerator"": 0}, ""sir"": {""denominator"": 13, ""numerator"": 0}, ""srr"": {""denominator"": 191, ""numerator"": 0}, ""vacuous_improvement"": {""denominator"": 1, ""numerator"": 0}}","{""base_deletion_rate"": {""denominator"": 1, ""numerator"": 1}, ""deletes_base_action_rate"": {""denominator"": 1, ""numerator"": 1}, ""delta_local_satisfaction"": {""denominator"": 204, ""numerator"": 2}, ""disruption"": {""denominator"": 1, ""numerator"": 1}, ""eppf"": {""denominator"": 0, ""numerator"": 0}, ""local_satisfaction"": {""denominator"": 246, ""numerator"": 235}, ""pfr"": {""denominator"": 0, ""numerator"": 0}, ""sir"": {""denominator"": 13, ""numerator"": 2}, ""srr"": {""denominator"": 191, ""numerator"": 0}, ""vacuous_improvement"": {""denominator"": 1, ""numerator"": 1}}",
144,67492,valueType,1,44,4,31,,"[74195, 74214, 98872, 0, 0, 0]","[0, 0, 0, 74195, 74214, 74215]",,0,0,0,0,"{""base_deletion_rate"": {""denominator"": 1, ""numerator"": 0}, ""deletes_base_action_rate"": {""denominator"": 1, ""numerator"": 0}, ""delta_local_satisfaction"": {""denominator"": 54, ""numerator"": 0}, ""disruption"": {""denominator"": 1, ""numerator"": 1}, ""eppf"": {""denominator"": 1, ""numerator"": 0}, ""local_satisfaction"": {""denominator"": 54, ""numerator"": 22}, ""pfr"": {""denominator"": 1, ""numerator"": 0}, ""sir"": {""denominator"": 31, ""numerator"": 0}, ""srr"": {""denominator"": 22, ""numerator"": 0}, ""vacuous_improvement"": {""denominator"": 1, ""numerator"": 0}}","{""base_deletion_rate"": {""denominator"": 1, ""numerator"": 1}, ""deletes_base_action_rate"": {""denominator"": 1, ""numerator"": 1}, ""delta_local_satisfaction"": {""denominator"": 54, ""numerator"": 0}, ""disruption"": {""denominator"": 1, ""numerator"": 1}, ""eppf"": {""denominator"": 1, ""numerator"": 0}, ""local_satisfaction"": {""denominator"": 58, ""numerator"": 26}, ""pfr"": {""denominator"": 1, ""numerator"": 0}, ""sir"": {""denominator"": 31, ""numerator"": 0}, ""srr"": {""denominator"": 22, ""numerator"": 0}, ""vacuous_improvement"": {""denominator"": 1, ""numerator"": 0}}",
146,55764,itemRequiresStatement,1,41,1,30,,"[74215, 74214, 74195, 0, 0, 0]","[0, 0, 0, 74195, 74214, 74215]",,0,0,0,0,"{""base_deletion_rate"": {""denominator"": 1, ""numerator"": 0}, ""deletes_base_action_rate"": {""denominator"": 1, ""numerator"": 0}, ""delta_local_satisfaction"": {""denominator"": 22, ""numerator"": 0}, ""disruption"": {""denominator"": 1, ""numerator"": 1}, ""eppf"": {""denominator"": 0, ""numerator"": 0}, ""local_satisfaction"": {""denominator"": 22, ""numerator"": 5}, ""pfr"": {""denominator"": 0, ""numerator"": 0}, ""sir"": {""denominator"": 17, ""numerator"": 0}, ""srr"": {""denominator"": 5, ""numerator"": 0}, ""vacuous_improvement"": {""denominator"": 1, ""numerator"": 0}}","{""base_deletion_rate"": {""denominator"": 1, ""numerator"": 1}, ""deletes_base_action_rate"": {""denominator"": 1, ""numerator"": 1}, ""delta_local_satisfaction"": {""denominator"": 22, ""numerator"": 2}, ""disruption"": {""denominator"": 1, ""numerator"": 1}, ""eppf"": {""denominator"": 0, ""numerator"": 0}, ""local_satisfaction"": {""denominator"": 24, ""numerator"": 9}, ""pfr"": {""denominator"": 0, ""numerator"": 0}, ""sir"": {""denominator"": 17, ""numerator"": 2}, ""srr"": {""denominator"": 5, ""numerator"": 0}, ""vacuous_improvement"": {""denominator"": 1, ""numerator"": 1}}",
147,52216,conflictWith,1,42,22,22,24,"[0, 0, 0, 74195, 74214, 74197]","[0, 0, 0, 74195, 74214, 74197]","[0, 0, 0, 74195, 74196, 74197]",1,1,0,1,"{""base_deletion_rate"": {""denominator"": 1, ""numerator"": 1}, ""deletes_base_action_rate"": {""denominator"": 1, ""numerator"": 1}, ""delta_local_satisfaction"": {""denominator"": 14, ""numerator"": 2}, ""disruption"": {""denominator"": 1, ""numerator"": 1}, ""eppf"": {""denominator"": 1, ""numerator"": 0}, ""local_satisfaction"": {""denominator"": 17, ""numerator"": 11}, ""pfr"": {""denominator"": 1, ""numerator"": 1}, ""sir"": {""denominator"": 7, ""numerator"": 1}, ""srr"": {""denominator"": 6, ""numerator"": 0}, ""vacuous_improvement"": {""denominator"": 1, ""numerator"": 1}}","{""base_deletion_rate"": {""denominator"": 1, ""numerator"": 1}, ""deletes_base_action_rate"": {""denominator"": 1, ""numerator"": 1}, ""delta_local_satisfaction"": {""denominator"": 14, ""numerator"": 2}, ""disruption"": {""denominator"": 1, ""numerator"": 1}, ""eppf"": {""denominator"": 1, ""numerator"": 0}, ""local_satisfaction"": {""denominator"": 17, ""numerator"": 11}, ""pfr"": {""denominator"": 1, ""numerator"": 1}, ""sir"": {""denominator"": 7, ""numerator"": 1}, ""srr"": {""denominator"": 6, ""numerator"": 0}, ""vacuous_improvement"": {""denominator"": 1, ""numerator"": 1}}","{""base_deletion_rate"": {""denominator"": 1, ""numerator"": 0}, ""deletes_base_action_rate"": {""denominator"": 1, ""numerator"": 0}, ""delta_local_satisfaction"": {""denominator"": 14, ""numerator"": 2}, ""disruption"": {""denominator"": 1, ""numerator"": 1}, ""eppf"": {""denominator"": 1, ""numerator"": 1}, ""local_satisfaction"": {""denominator"": 14, ""numerator"": 8}, ""pfr"": {""denominator"": 1, ""numerator"": 1}, ""sir"": {""denominator"": 7, ""numerator"": 1}, ""srr"": {""denominator"": 6, ""numerator"": 0}, ""vacuous_improvement"": {""denominator"": 1, ""numerator"": 0}}"
148,66337,conflictWith,1,43,23,32,,"[0, 0, 0, 74195, 74214, 74215]","[0, 0, 0, 74195, 74196, 74197]",,0,0,0,0,"{""base_deletion_rate"": {""denominator"": 1, ""numerator"": 1}, ""deletes_base_action_rate"": {""denominator"": 1, ""numerator"": 1}, ""delta_local_satisfaction"": {""denominator"": 62, ""numerator"": 0}, ""disruption"": {""denominator"": 1, ""numerator"": 1}, ""eppf"": {""denominator"": 1, ""numerator"": 0}, ""local_satisfaction"": {""denominator"": 85, ""numerator"": 78}, ""pfr"": {""denominator"": 1, ""numerator"": 0}, ""sir"": {""denominator"": 6, ""numerator"": 0}, ""srr"": {""denominator"": 55, ""numerator"": 0}, ""vacuous_improvement"": {""denominator"": 1, ""numerator"": 0}}","{""base_deletion_rate"": {""denominator"": 1, ""numerator"": 0}, ""deletes_base_action_rate"": {""denominator"": 1, ""numerator"": 0}, ""delta_local_satisfaction"": {""denominator"": 62, ""numerator"": 3}, ""disruption"": {""denominator"": 1, ""numerator"": 1}, ""eppf"": {""denominator"": 1, ""numerator"": 1}, ""local_satisfaction"": {""denominator"": 62, ""numerator"": 58}, ""pfr"": {""denominator"": 1, ""numerator"": 1}, ""sir"": {""denominator"": 6, ""numerator"": 3}, ""srr"": {""denominator"": 55, ""numerator"": 1}, ""vacuous_improvement"": {""denominator"": 1, ""numerator"": 0}}",
149,72933,inverse,1,42,2,31,,"[74215, 31319, 98872, 0, 0, 0]","[0, 0, 0, 74195, 74214, 74215]",,0,0,0,0,"{""base_deletion_rate"": {""denominator"": 1, ""numerator"": 0}, ""deletes_base_action_rate"": {""denominator"": 1, ""numerator"": 0}, ""delta_local_satisfaction"": {""denominator"": 6, ""numerator"": 0}, ""disruption"": {""denominator"": 1, ""numerator"": 1}, ""eppf"": {""denominator"": 0, ""numerator"": 0}, ""local_satisfaction"": {""denominator"": 6, ""numerator"": 1}, ""pfr"": {""denominator"": 0, ""numerator"": 0}, ""sir"": {""denominator"": 5, ""numerator"": 0}, ""srr"": {""denominator"": 0, ""numerator"": 0}, ""vacuous_improvement"": {""denominator"": 1, ""numerator"": 0}}","{""base_deletion_rate"": {""denominator"": 1, ""numerator"": 1}, ""deletes_base_action_rate"": {""denominator"": 1, ""numerator"": 1}, ""delta_local_satisfaction"": {""denominator"": 6, ""numerator"": 0}, ""disruption"": {""denominator"": 1, ""numerator"": 1}, ""eppf"": {""denominator"": 0, ""numerator"": 0}, ""local_satisfaction"": {""denominator"": 8, ""numerator"": 3}, ""pfr"": {""denominator"": 0, ""numerator"": 0}, ""sir"": {""denominator"": 5, ""numerator"": 0}, ""srr"": {""denominator"": 0, ""numerator"": 0}, ""vacuous_improvement"": {""denominator"": 1, ""numerator"": 0}}",
152,57013,inverse,1,42,2,30,,"[74215, 42801, 74195, 0, 0, 0]","[0, 0, 0, 74195, 74214, 74215]",,0,0,0,0,"{""base_deletion_rate"": {""denominator"": 1, ""numerator"": 0}, ""deletes_base_action_rate"": {""denominator"": 1, ""numerator"": 0}, ""delta_local_satisfaction"": {""denominator"": 11, ""numerator"": 0}, ""disruption"": {""denominator"": 1, ""numerator"": 1}, ""eppf"": {""denominator"": 0, ""numerator"": 0}, ""local_satisfaction"": {""denominator"": 11, ""numerator"": 7}, ""pfr"": {""denominator"": 0, ""numerator"": 0}, ""sir"": {""denominator"": 4, ""numerator"": 0}, ""srr"": {""denominator"": 6, ""numerator"": 0}, ""vacuous_improvement"": {""denominator"": 1, ""numerator"": 0}}","{""base_deletion_rate"": {""denominator"": 1, ""numerator"": 1}, ""deletes_base_action_rate"": {""denominator"": 1, ""numerator"": 1}, ""delta_local_satisfaction"": {""denominator"": 11, ""numerator"": 0}, ""disruption"": {""denominator"": 1, ""numerator"": 1}, ""eppf"": {""denominator"": 0, ""numerator"": 0}, ""local_satisfaction"": {""denominator"": 13, ""numerator"": 9}, ""pfr"": {""denominator"": 0, ""numerator"": 0}, ""sir"": {""denominator"": 4, ""numerator"": 0}, ""srr"": {""denominator"": 6, ""numerator"": 0}, ""vacuous_improvement"": {""denominator"": 1, ""numerator"": 0}}",
154,53992,valueType,1,43,3,30,,"[74215, 29762, 98872, 0, 0, 0]","[0, 0, 0, 74195, 74214, 74215]",,0,0,0,0,"{""base_deletion_rate"": {""denominator"": 1, ""numerator"": 0}, ""deletes_base_action_rate"": {""denominator"": 1, ""numerator"": 0}, ""delta_local_satisfaction"": {""denominator"": 185, ""numerator"": 0}, ""disruption"": {""denominator"": 1, ""numerator"": 1}, ""eppf"": {""denominator"": 0, ""numerator"": 0}, ""local_satisfaction"": {""denominator"": 185, ""numerator"": 169}, ""pfr"": {""denominator"": 0, ""numerator"": 0}, ""sir"": {""denominator"": 16, ""numerator"": 0}, ""srr"": {""denominator"": 169, ""numerator"": 0}, ""vacuous_improvement"": {""denominator"": 1, ""numerator"": 0}}","{""base_deletion_rate"": {""denominator"": 1, ""numerator"": 1}, ""deletes_base_action_rate"": {""denominator"": 1, ""numerator"": 1}, ""delta_local_satisfaction"": {""denominator"": 185, ""numerator"": 0}, ""disruption"": {""denominator"": 1, ""numerator"": 1}, ""eppf"": {""denominator"": 0, ""numerator"": 0}, ""local_satisfaction"": {""denominator"": 217, ""numerator"": 201}, ""pfr"": {""denominator"": 0, ""numerator"": 0}, ""sir"": {""denominator"": 16, ""numerator"": 0}, ""srr"": {""denominator"": 169, ""numerator"": 0}, ""vacuous_improvement"": {""denominator"": 1, ""numerator"": 0}}",
156,67492,valueType,1,44,4,31,,"[74215, 74214, 98872, 0, 0, 0]","[0, 0, 0, 74195, 74214, 74215]",,0,0,0,0,"{""base_deletion_rate"": {""denominator"": 1, ""numerator"": 0}, ""deletes_base_action_rate"": {""denominator"": 1, ""numerator"": 0}, ""delta_local_satisfaction"": {""denominator"": 35, ""numerator"": 0}, ""disruption"": {""denominator"": 1, ""numerator"": 1}, ""eppf"": {""denominator"": 0, ""numerator"": 0}, ""local_satisfaction"": {""denominator"": 35, ""numerator"": 25}, ""pfr"": {""denominator"": 0, ""numerator"": 0}, ""sir"": {""denominator"": 10, ""numerator"": 0}, ""srr"": {""denominator"": 24, ""numerator"": 0}, ""vacuous_improvement"": {""denominator"": 1, ""numerator"": 0}}","{""base_deletion_rate"": {""denominator"": 1, ""numerator"": 1}, ""deletes_base_action_rate"": {""denominator"": 1, ""numerator"": 1}, ""delta_local_satisfaction"": {""denominator"": 35, ""numerator"": 0}, ""disruption"": {""denominator"": 1, ""numerator"": 1}, ""eppf"": {""denominator"": 0, ""numerator"": 0}, ""local_satisfaction"": {""denominator"": 39, ""numerator"": 29}, ""pfr"": {""denominator"": 0, ""numerator"": 0}, ""sir"": {""denominator"": 10, ""numerator"": 0}, ""srr"": {""denominator"": 24, ""numerator"": 0}, ""vacuous_improvement"": {""denominator"": 1, ""numerator"": 0}}",
158,66339,valueRequiresStatement,1,41,1,32,,"[74215, 74214, 98365, 0, 0, 0]","[0, 0, 0, 74195, 74214, 74215]",,0,0,0,0,"{""base_deletion_rate"": {""denominator"": 1, ""numerator"": 0}, ""deletes_base_action_rate"": {""denominator"": 1, ""numerator"": 0}, ""delta_local_satisfaction"": {""denominator"": 37, ""numerator"": 0}, ""disruption"": {""denominator"": 1, ""numerator"": 1}, ""eppf"": {""denominator"": 0, ""numerator"": 0}, ""local_satisfaction"": {""denominator"": 37, ""numerator"": 33}, ""pfr"": {""denominator"": 0, ""numerator"": 0}, ""sir"": {""denominator"": 4, ""numerator"": 0}, ""srr"": {""denominator"": 32, ""numerator"": 0}, ""vacuous_improvement"": {""denominator"": 1, ""numerator"": 0}}","{""base_deletion_rate"": {""denominator"": 1, ""numerator"": 1}, ""deletes_base_action_rate"": {""denominator"": 1, ""numerator"": 1}, ""delta_local_satisfaction"": {""denominator"": 37, ""numerator"": 0}, ""disruption"": {""denominator"": 1, ""numerator"": 1}, ""eppf"": {""denominator"": 0, ""numerator"": 0}, ""local_satisfaction"": {""denominator"": 52, ""numerator"": 48}, ""pfr"": {""denominator"": 0, ""numerator"": 0}, ""sir"": {""denominator"": 4, ""numerator"": 0}, ""srr"": {""denominator"": 32, ""numerator"": 0}, ""vacuous_improvement"": {""denominator"": 1, ""numerator"": 0}}",
160,55082,single,1,42,22,22,23,"[0, 0, 0, 74195, 74214, 74215]","[0, 0, 0, 74195, 74214, 74215]","[0, 0, 0, 74195, 74214, 74197]",1,1,0,1,"{""base_deletion_rate"": {""denominator"": 1, ""numerator"": 1}, ""deletes_base_action_rate"": {""denominator"": 1, ""numerator"": 1}, ""delta_local_satisfaction"": {""denominator"": 16, ""numerator"": 1}, ""disruption"": {""denominator"": 1, ""numerator"": 1}, ""eppf"": {""denominator"": 1, ""numerator"": 0}, ""local_satisfaction"": {""denominator"": 16, ""numerator"": 4}, ""pfr"": {""denominator"": 1, ""numerator"": 1}, ""sir"": {""denominator"": 12, ""numerator"": 0}, ""srr"": {""denominator"": 3, ""numerator"": 0}, ""vacuous_improvement"": {""denominator"": 1, ""numerator"": 1}}","{""base_deletion_rate"": {""denominator"": 1, ""numerator"": 1}, ""deletes_base_action_rate"": {""denominator"": 1, ""numerator"": 1}, ""delta_local_satisfaction"": {""denominator"": 16, ""numerator"": 1}, ""disruption"": {""denominator"": 1, ""numerator"": 1}, ""eppf"": {""denominator"": 1, ""numerator"": 0}, ""local_satisfaction"": {""denominator"": 16, ""numerator"": 4}, ""pfr"": {""denominator"": 1, ""numerator"": 1}, ""sir"": {""denominator"": 12, ""numerator"": 0}, ""srr"": {""denominator"": 3, ""numerator"": 0}, ""vacuous_improvement"": {""denominator"": 1, ""numerator"": 1}}","{""base_deletion_rate"": {""denominator"": 1, ""numerator"": 0}, ""deletes_base_action_rate"": {""denominator"": 1, ""numerator"": 0}, ""delta_local_satisfaction"": {""denominator"": 16, ""numerator"": 1}, ""disruption"": {""denominator"": 1, ""numerator"": 1}, ""eppf"": {""denominator"": 1, ""numerator"": 1}, ""local_satisfaction"": {""denominator"": 16, ""numerator"": 4}, ""pfr"": {""denominator"": 1, ""numerator"": 1}, ""sir"": {""denominator"": 12, ""numerator"": 0}, ""srr"": {""denominator"": 3, ""numerator"": 0}, ""vacuous_improvement"": {""denominator"": 1, ""numerator"": 0}}"
162,73459,valueType,1,42,2,32,,"[74215, 29762, 35288, 0, 0, 0]","[0, 0, 0, 74195, 74214, 74215]",,0,1,0,0,"{""base_deletion_rate"": {""denominator"": 1, ""numerator"": 0}, ""deletes_base_action_rate"": {""denominator"": 1, ""numerator"": 0}, ""delta_local_satisfaction"": {""denominator"": 113, ""numerator"": 0}, ""disruption"": {""denominator"": 1, ""numerator"": 1}, ""eppf"": {""denominator"": 1, ""numerator"": 0}, ""local_satisfaction"": {""denominator"": 113, ""numerator"": 106}, ""pfr"": {""denominator"": 1, ""numerator"": 0}, ""sir"": {""denominator"": 6, ""numerator"": 0}, ""srr"": {""denominator"": 106, ""numerator"": 0}, ""vacuous_improvement"": {""denominator"": 1, ""numerator"": 0}}","{""base_deletion_rate"": {""denominator"": 1, ""numerator"": 1}, ""deletes_base_action_rate"": {""denominator"": 1, ""numerator"": 1}, ""delta_local_satisfaction"": {""denominator"": 113, ""numerator"": 2}, ""disruption"": {""denominator"": 1, ""numerator"": 1}, ""eppf"": {""denominator"": 1, ""numerator"": 0}, ""local_satisfaction"": {""denominator"": 147, ""numerator"": 142}, ""pfr"": {""denominator"": 1, ""numerator"": 1}, ""sir"": {""denominator"": 6, ""numerator"": 1}, ""srr"": {""denominator"": 106, ""numerator"": 0}, ""vacuous_improvement"": {""denominator"": 1, ""numerator"": 1}}",
167,65158,valueType,1,42,2,31,,"[74215, 29762, 35471, 0, 0, 0]","[0, 0, 0, 74195, 74214, 74215]",,0,0,0,0,"{""base_deletion_rate"": {""denominator"": 1, ""numerator"": 0}, ""deletes_base_action_rate"": {""denominator"": 1, ""numerator"": 0}, ""delta_local_satisfaction"": {""denominator"": 172, ""numerator"": 0}, ""disruption"": {""denominator"": 1, ""numerator"": 1}, ""eppf"": {""denominator"": 1, ""numerator"": 0}, ""local_satisfaction"": {""denominator"": 172, ""numerator"": 124}, ""pfr"": {""denominator"": 1, ""numerator"": 0}, ""sir"": {""denominator"": 47, ""numerator"": 0}, ""srr"": {""denominator"": 124, ""numerator"": 0}, ""vacuous_improvement"": {""denominator"": 1, ""numerator"": 0}}","{""base_deletion_rate"": {""denominator"": 1, ""numerator"": 1}, ""deletes_base_action_rate"": {""denominator"": 1, ""numerator"": 1}, ""delta_local_satisfaction"": {""denominator"": 172, ""numerator"": 1}, ""disruption"": {""denominator"": 1, ""numerator"": 1}, ""eppf"": {""denominator"": 1, ""numerator"": 0}, ""local_satisfaction"": {""denominator"": 214, ""numerator"": 167}, ""pfr"": {""denominator"": 1, ""numerator"": 1}, ""sir"": {""denominator"": 47, ""numerator"": 1}, ""srr"": {""denominator"": 124, ""numerator"": 1}, ""vacuous_improvement"": {""denominator"": 1, ""numerator"": 1}}",
169,52397,valueRequiresStatement,1,41,1,29,,"[74215, 31319, 98872, 0, 0, 0]","[0, 0, 0, 74195, 74214, 74215]",,0,0,0,0,"{""base_deletion_rate"": {""denominator"": 1, ""numerator"": 0}, ""deletes_base_action_rate"": {""denominator"": 1, ""numerator"": 0}, ""delta_local_satisfaction"": {""denominator"": 42, ""numerator"": 0}, ""disruption"": {""denominator"": 1, ""numerator"": 1}, ""eppf"": {""denominator"": 0, ""numerator"": 0}, ""local_satisfaction"": {""denominator"": 42, ""numerator"": 32}, ""pfr"": {""denominator"": 0, ""numerator"": 0}, ""sir"": {""denominator"": 10, ""numerator"": 0}, ""srr"": {""denominator"": 32, ""numerator"": 0}, ""vacuous_improvement"": {""denominator"": 1, ""numerator"": 0}}","{""base_deletion_rate"": {""denominator"": 1, ""numerator"": 1}, ""deletes_base_action_rate"": {""denominator"": 1, ""numerator"": 1}, ""delta_local_satisfaction"": {""denominator"": 42, ""numerator"": 3}, ""disruption"": {""denominator"": 1, ""numerator"": 1}, ""eppf"": {""denominator"": 0, ""numerator"": 0}, ""local_satisfaction"": {""denominator"": 52, ""numerator"": 45}, ""pfr"": {""denominator"": 0, ""numerator"": 0}, ""sir"": {""denominator"": 10, ""numerator"": 3}, ""srr"": {""denominator"": 32, ""numerator"": 0}, ""vacuous_improvement"": {""denominator"": 1, ""numerator"": 1}}",
170,56805,itemRequiresStatement,1,41,1,29,,"[74215, 74214, 74195, 0, 0, 0]","[0, 0, 0, 74195, 74214, 74215]",,0,0,0,0,"{""base_deletion_rate"": {""denominator"": 1, ""numerator"": 0}, ""deletes_base_action_rate"": {""denominator"": 1, ""numerator"": 0}, ""delta_local_satisfaction"": {""denominator"": 34, ""numerator"": 0}, ""disruption"": {""denominator"": 1, ""numerator"": 1}, ""eppf"": {""denominator"": 0, ""numerator"": 0}, ""local_satisfaction"": {""denominator"": 34, ""numerator"": 17}, ""pfr"": {""denominator"": 0, ""numerator"": 0}, ""sir"": {""denominator"": 17, ""numerator"": 0}, ""srr"": {""denominator"": 16, ""numerator"": 0}, ""vacuous_improvement"": {""denominator"": 1, ""numerator"": 0}}","{""base_deletion_rate"": {""denominator"": 1, ""numerator"": 1}, ""deletes_base_action_rate"": {""denominator"": 1, ""numerator"": 1}, ""delta_local_satisfaction"": {""denominator"": 34, ""numerator"": 0}, ""disruption"": {""denominator"": 1, ""numerator"": 1}, ""eppf"": {""denominator"": 0, ""numerator"": 0}, ""local_satisfaction"": {""denominator"": 41, ""numerator"": 24}, ""pfr"": {""denominator"": 0, ""numerator"": 0}, ""sir"": {""denominator"": 17, ""numerator"": 0}, ""srr"": {""denominator"": 16, ""numerator"": 0}, ""vacuous_improvement"": {""denominator"": 1, ""numerator"": 0}}",
171,62586,itemRequiresStatement,1,41,1,28,,"[74195, 31319, 98872, 0, 0, 0]","[0, 0, 0, 74195, 74214, 74215]",,0,0,0,0,"{""base_deletion_rate"": {""denominator"": 1, ""numerator"": 0}, ""deletes_base_action_rate"": {""denominator"": 1, ""numerator"": 0}, ""delta_local_satisfaction"": {""denominator"": 25, ""numerator"": 0}, ""disruption"": {""denominator"": 1, ""numerator"": 1}, ""eppf"": {""denominator"": 0, ""numerator"": 0}, ""local_satisfaction"": {""denominator"": 25, ""numerator"": 14}, ""pfr"": {""denominator"": 0, ""numerator"": 0}, ""sir"": {""denominator"": 11, ""numerator"": 0}, ""srr"": {""denominator"": 14, ""numerator"": 0}, ""vacuous_improvement"": {""denominator"": 1, ""numerator"": 0}}","{""base_deletion_rate"": {""denominator"": 1, ""numerator"": 1}, ""deletes_base_action_rate"": {""denominator"": 1, ""numerator"": 1}, ""delta_local_satisfaction"": {""denominator"": 25, ""numerator"": 1}, ""disruption"": {""denominator"": 1, ""numerator"": 1}, ""eppf"": {""denominator"": 0, ""numerator"": 0}, ""local_satisfaction"": {""denominator"": 28, ""numerator"": 18}, ""pfr"": {""denominator"": 0, ""numerator"": 0}, ""sir"": {""denominator"": 11, ""numerator"": 1}, ""srr"": {""denominator"": 14, ""numerator"": 0}, ""vacuous_improvement"": {""denominator"": 1, ""numerator"": 1}}",
174,64245,valueType,1,47,7,36,,"[74215, 29762, 29900, 0, 0, 0]","[0, 0, 0, 74195, 74214, 74215]",,0,0,0,0,"{""base_deletion_rate"": {""denominator"": 1, ""numerator"": 0}, ""deletes_base_action_rate"": {""denominator"": 1, ""numerator"": 0}, ""delta_local_satisfaction"": {""denominator"": 7, ""numerator"": 0}, ""disruption"": {""denominator"": 1, ""numerator"": 1}, ""eppf"": {""denominator"": 0, ""numerator"": 0}, ""local_satisfaction"": {""denominator"": 7, ""numerator"": 2}, ""pfr"": {""denominator"": 0, ""numerator"": 0}, ""sir"": {""denominator"": 5, ""numerator"": 0}, ""srr"": {""denominator"": 2, ""numerator"": 0}, ""vacuous_improvement"": {""denominator"": 1, ""numerator"": 0}}","{""base_deletion_rate"": {""denominator"": 1, ""numerator"": 1}, ""deletes_base_action_rate"": {""denominator"": 1, ""numerator"": 1}, ""delta_local_satisfaction"": {""denominator"": 7, ""numerator"": 2}, ""disruption"": {""denominator"": 1, ""numerator"": 1}, ""eppf"": {""denominator"": 0, ""numerator"": 0}, ""local_satisfaction"": {""denominator"": 9, ""numerator"": 6}, ""pfr"": {""denominator"": 0, ""numerator"": 0}, ""sir"": {""denominator"": 5, ""numerator"": 2}, ""srr"": {""denominator"": 2, ""numerator"": 0}, ""vacuous_improvement"": {""denominator"": 1, ""numerator"": 1}}",
175,62202,valueRequiresStatement,1,41,1,30,,"[74215, 29762, 29818, 0, 0, 0]","[0, 0, 0, 74195, 74214, 74215]",,0,0,0,0,"{""base_deletion_rate"": {""denominator"": 1, ""numerator"": 0}, ""deletes_base_action_rate"": {""denominator"": 1, ""numerator"": 0}, ""delta_local_satisfaction"": {""denominator"": 46, ""numerator"": 0}, ""disruption"": {""denominator"": 1, ""numerator"": 1}, ""eppf"": {""denominator"": 0, ""numerator"": 0}, ""local_satisfaction"": {""denominator"": 46, ""numerator"": 34}, ""pfr"": {""denominator"": 0, ""numerator"": 0}, ""sir"": {""denominator"": 12, ""numerator"": 0}, ""srr"": {""denominator"": 33, ""numerator"": 0}, ""vacuous_improvement"": {""denominator"": 1, ""numerator"": 0}}","{""base_deletion_rate"": {""denominator"": 1, ""numerator"": 1}, ""deletes_base_action_rate"": {""denominator"": 1, ""numerator"": 1}, ""delta_local_satisfaction"": {""denominator"": 46, ""numerator"": 0}, ""disruption"": {""denominator"": 1, ""numerator"": 1}, ""eppf"": {""denominator"": 0, ""numerator"": 0}, ""local_satisfaction"": {""denominator"": 55, ""numerator"": 43}, ""pfr"": {""denominator"": 0, ""numerator"": 0}, ""sir"": {""denominator"": 12, ""numerator"": 0}, ""srr"": {""denominator"": 33, ""numerator"": 0}, ""vacuous_improvement"": {""denominator"": 1, ""numerator"": 0}}",
176,56490,valueRequiresStatement,1,41,1,30,,"[74215, 29803, 29818, 0, 0, 0]","[0, 0, 0, 74195, 74214, 74215]",,0,0,0,0,"{""base_deletion_rate"": {""denominator"": 1, ""numerator"": 0}, ""deletes_base_action_rate"": {""denominator"": 1, ""numerator"": 0}, ""delta_local_satisfaction"": {""denominator"": 8, ""numerator"": 0}, ""disruption"": {""denominator"": 1, ""numerator"": 1}, ""eppf"": {""denominator"": 0, ""numerator"": 0}, ""local_satisfaction"": {""denominator"": 8, ""numerator"": 1}, ""pfr"": {""denominator"": 0, ""numerator"": 0}, ""sir"": {""denominator"": 7, ""numerator"": 0}, ""srr"": {""denominator"": 1, ""numerator"": 0}, ""vacuous_improvement"": {""denominator"": 1, ""numerator"": 0}}","{""base_deletion_rate"": {""denominator"": 1, ""numerator"": 1}, ""deletes_base_action_rate"": {""denominator"": 1, ""numerator"": 1}, ""delta_local_satisfaction"": {""denominator"": 8, ""numerator"": 7}, ""disruption"": {""denominator"": 1, ""numerator"": 1}, ""eppf"": {""denominator"": 0, ""numerator"": 0}, ""local_satisfaction"": {""denominator"": 9, ""numerator"": 9}, ""pfr"": {""denominator"": 0, ""numerator"": 0}, ""sir"": {""denominator"": 7, ""numerator"": 7}, ""srr"": {""denominator"": 1, ""numerator"": 0}, ""vacuous_improvement"": {""denominator"": 1, ""numerator"": 1}}",
183,53611,valueType,1,42,2,30,,"[74195, 29762, 74195, 0, 0, 0]","[0, 0, 0, 74195, 74214, 74215]",,0,0,0,0,"{""base_deletion_rate"": {""denominator"": 1, ""numerator"": 0}, ""deletes_base_action_rate"": {""denominator"": 1, ""numerator"": 0}, ""delta_local_satisfaction"": {""denominator"": 29, ""numerator"": 0}, ""disruption"": {""denominator"": 1, ""numerator"": 1}, ""eppf"": {""denominator"": 0, ""numerator"": 0}, ""local_satisfaction"": {""denominator"": 29, ""numerator"": 17}, ""pfr"": {""denominator"": 0, ""numerator"": 0}, ""sir"": {""denominator"": 12, ""numerator"": 0}, ""srr"": {""denominator"": 17, ""numerator"": 0}, ""vacuous_improvement"": {""denominator"": 1, ""numerator"": 0}}","{""base_deletion_rate"": {""denominator"": 1, ""numerator"": 1}, ""deletes_base_action_rate"": {""denominator"": 1, ""numerator"": 1}, ""delta_local_satisfaction"": {""denominator"": 29, ""numerator"": 0}, ""disruption"": {""denominator"": 1, ""numerator"": 1}, ""eppf"": {""denominator"": 0, ""numerator"": 0}, ""local_satisfaction"": {""denominator"": 32, ""numerator"": 20}, ""pfr"": {""denominator"": 0, ""numerator"": 0}, ""sir"": {""denominator"": 12, ""numerator"": 0}, ""srr"": {""denominator"": 17, ""numerator"": 0}, ""vacuous_improvement"": {""denominator"": 1, ""numerator"": 0}}",
184,53040,type,1,47,8,34,,"[74215, 74214, 0, 0, 0, 0]","[0, 0, 0, 74195, 74214, 74215]",,0,0,0,0,"{""base_deletion_rate"": {""denominator"": 1, ""numerator"": 0}, ""deletes_base_action_rate"": {""denominator"": 1, ""numerator"": 0}, ""delta_local_satisfaction"": {""denominator"": 2, ""numerator"": 0}, ""disruption"": {""denominator"": 1, ""numerator"": 0}, ""eppf"": {""denominator"": 0, ""numerator"": 0}, ""local_satisfaction"": {""denominator"": 2, ""numerator"": 1}, ""pfr"": {""denominator"": 0, ""numerator"": 0}, ""sir"": {""denominator"": 1, ""numerator"": 0}, ""srr"": {""denominator"": 1, ""numerator"": 0}, ""vacuous_improvement"": {""denominator"": 1, ""numerator"": 0}}","{""base_deletion_rate"": {""denominator"": 1, ""numerator"": 1}, ""deletes_base_action_rate"": {""denominator"": 1, ""numerator"": 1}, ""delta_local_satisfaction"": {""denominator"": 2, ""numerator"": 0}, ""disruption"": {""denominator"": 1, ""numerator"": 1}, ""eppf"": {""denominator"": 0, ""numerator"": 0}, ""local_satisfaction"": {""denominator"": 4, ""numerator"": 3}, ""pfr"": {""denominator"": 0, ""numerator"": 0}, ""sir"": {""denominator"": 1, ""numerator"": 0}, ""srr"": {""denominator"": 1, ""numerator"": 0}, ""vacuous_improvement"": {""denominator"": 1, ""numerator"": 0}}",
185,51431,single,1,42,22,22,23,"[0, 0, 0, 74195, 74214, 74215]","[0, 0, 0, 74195, 74214, 74215]","[0, 0, 0, 74195, 74214, 74197]",1,1,0,1,"{""base_deletion_rate"": {""denominator"": 1, ""numerator"": 1}, ""deletes_base_action_rate"": {""denominator"": 1, ""numerator"": 1}, ""delta_local_satisfaction"": {""denominator"": 116, ""numerator"": 1}, ""disruption"": {""denominator"": 1, ""numerator"": 1}, ""eppf"": {""denominator"": 1, ""numerator"": 0}, ""local_satisfaction"": {""denominator"": 141, ""numerator"": 79}, ""pfr"": {""denominator"": 1, ""numerator"": 1}, ""sir"": {""denominator"": 62, ""numerator"": 0}, ""srr"": {""denominator"": 53, ""numerator"": 0}, ""vacuous_improvement"": {""denominator"": 1, ""numerator"": 1}}","{""base_deletion_rate"": {""denominator"": 1, ""numerator"": 1}, ""deletes_base_action_rate"": {""denominator"": 1, ""numerator"": 1}, ""delta_local_satisfaction"": {""denominator"": 116, ""numerator"": 1}, ""disruption"": {""denominator"": 1, ""numerator"": 1}, ""eppf"": {""denominator"": 1, ""numerator"": 0}, ""local_satisfaction"": {""denominator"": 141, ""numerator"": 79}, ""pfr"": {""denominator"": 1, ""numerator"": 1}, ""sir"": {""denominator"": 62, ""numerator"": 0}, ""srr"": {""denominator"": 53, ""numerator"": 0}, ""vacuous_improvement"": {""denominator"": 1, ""numerator"": 1}}","{""base_deletion_rate"": {""denominator"": 1, ""numerator"": 0}, ""deletes_base_action_rate"": {""denominator"": 1, ""numerator"": 0}, ""delta_local_satisfaction"": {""denominator"": 116, ""numerator"": 1}, ""disruption"": {""denominator"": 1, ""numerator"": 1}, ""eppf"": {""denominator"": 1, ""numerator"": 1}, ""local_satisfaction"": {""denominator"": 116, ""numerator"": 54}, ""pfr"": {""denominator"": 1, ""numerator"": 1}, ""sir"": {""denominator"": 62, ""numerator"": 0}, ""srr"": {""denominator"": 53, ""numerator"": 0}, ""vacuous_improvement"": {""denominator"": 1, ""numerator"": 0}}"
187,60924,single,1,41,1,29,,"[74215, 74214, 74195, 0, 0, 0]","[0, 0, 0, 74195, 74214, 74215]",,0,0,0,0,"{""base_deletion_rate"": {""denominator"": 1, ""numerator"": 0}, ""deletes_base_action_rate"": {""denominator"": 1, ""numerator"": 0}, ""delta_local_satisfaction"": {""denominator"": 24, ""numerator"": 0}, ""disruption"": {""denominator"": 1, ""numerator"": 1}, ""eppf"": {""denominator"": 0, ""numerator"": 0}, ""local_satisfaction"": {""denominator"": 24, ""numerator"": 12}, ""pfr"": {""denominator"": 0, ""numerator"": 0}, ""sir"": {""denominator"": 12, ""numerator"": 0}, ""srr"": {""denominator"": 11, ""numerator"": 0}, ""vacuous_improvement"": {""denominator"": 1, ""numerator"": 0}}","{""base_deletion_rate"": {""denominator"": 1, ""numerator"": 1}, ""deletes_base_action_rate"": {""denominator"": 1, ""numerator"": 1}, ""delta_local_satisfaction"": {""denominator"": 24, ""numerator"": 1}, ""disruption"": {""denominator"": 1, ""numerator"": 1}, ""eppf"": {""denominator"": 0, ""numerator"": 0}, ""local_satisfaction"": {""denominator"": 27, ""numerator"": 16}, ""pfr"": {""denominator"": 0, ""numerator"": 0}, ""sir"": {""denominator"": 12, ""numerator"": 1}, ""srr"": {""denominator"": 11, ""numerator"": 0}, ""vacuous_improvement"": {""denominator"": 1, ""numerator"": 1}}",
188,61220,type,1,44,4,31,,"[74195, 29762, 98872, 0, 0, 0]","[0, 0, 0, 74195, 74214, 74215]",,0,0,0,0,"{""base_deletion_rate"": {""denominator"": 1, ""numerator"": 0}, ""deletes_base_action_rate"": {""denominator"": 1, ""numerator"": 0}, ""delta_local_satisfaction"": {""denominator"": 18, ""numerator"": 0}, ""disruption"": {""denominator"": 1, ""numerator"": 1}, ""eppf"": {""denominator"": 0, ""numerator"": 0}, ""local_satisfaction"": {""denominator"": 18, ""numerator"": 17}, ""pfr"": {""denominator"": 0, ""numerator"": 0}, ""sir"": {""denominator"": 1, ""numerator"": 0}, ""srr"": {""denominator"": 17, ""numerator"": 0}, ""vacuous_improvement"": {""denominator"": 1, ""numerator"": 0}}","{""base_deletion_rate"": {""denominator"": 1, ""numerator"": 1}, ""deletes_base_action_rate"": {""denominator"": 1, ""numerator"": 1}, ""delta_local_satisfaction"": {""denominator"": 18, ""numerator"": 0}, ""disruption"": {""denominator"": 1, ""numerator"": 1}, ""eppf"": {""denominator"": 0, ""numerator"": 0}, ""local_satisfaction"": {""denominator"": 26, ""numerator"": 25}, ""pfr"": {""denominator"": 0, ""numerator"": 0}, ""sir"": {""denominator"": 1, ""numerator"": 0}, ""srr"": {""denominator"": 17, ""numerator"": 0}, ""vacuous_improvement"": {""denominator"": 1, ""numerator"": 0}}",
191,56490,valueRequiresStatement,1,41,1,13,,"[74195, 29762, 30002, 0, 0, 0]","[74215, 29762, 35302, 0, 0, 0]",,0,0,0,0,"{""base_deletion_rate"": {""denominator"": 1, ""numerator"": 0}, ""deletes_base_action_rate"": {""denominator"": 1, ""numerator"": 0}, ""delta_local_satisfaction"": {""denominator"": 20, ""numerator"": 0}, ""disruption"": {""denominator"": 1, ""numerator"": 1}, ""eppf"": {""denominator"": 0, ""numerator"": 0}, ""local_satisfaction"": {""denominator"": 20, ""numerator"": 19}, ""pfr"": {""denominator"": 0, ""numerator"": 0}, ""sir"": {""denominator"": 1, ""numerator"": 0}, ""srr"": {""denominator"": 18, ""numerator"": 0}, ""vacuous_improvement"": {""denominator"": 1, ""numerator"": 0}}","{""base_deletion_rate"": {""denominator"": 1, ""numerator"": 0}, ""deletes_base_action_rate"": {""denominator"": 1, ""numerator"": 0}, ""delta_local_satisfaction"": {""denominator"": 20, ""numerator"": 1}, ""disruption"": {""denominator"": 1, ""numerator"": 1}, ""eppf"": {""denominator"": 0, ""numerator"": 0}, ""local_satisfaction"": {""denominator"": 20, ""numerator"": 20}, ""pfr"": {""denominator"": 0, ""numerator"": 0}, ""sir"": {""denominator"": 1, ""numerator"": 1}, ""srr"": {""denominator"": 18, ""numerator"": 0}, ""vacuous_improvement"": {""denominator"": 1, ""numerator"": 0}}",
192,56490,valueRequiresStatement,1,41,1,30,,"[74215, 29803, 29818, 0, 0, 0]","[0, 0, 0, 74195, 74214, 74215]",,0,0,0,0,"{""base_deletion_rate"": {""denominator"": 1, ""numerator"": 0}, ""deletes_base_action_rate"": {""denominator"": 1, ""numerator"": 0}, ""delta_local_satisfaction"": {""denominator"": 11, ""numerator"": 0}, ""disruption"": {""denominator"": 1, ""numerator"": 1}, ""eppf"": {""denominator"": 0, ""numerator"": 0}, ""local_satisfaction"": {""denominator"": 11, ""numerator"": 4}, ""pfr"": {""denominator"": 0, ""numerator"": 0}, ""sir"": {""denominator"": 7, ""numerator"": 0}, ""srr"": {""denominator"": 4, ""numerator"": 0}, ""vacuous_improvement"": {""denominator"": 1, ""numerator"": 0}}","{""base_deletion_rate"": {""denominator"": 1, ""numerator"": 1}, ""deletes_base_action_rate"": {""denominator"": 1, ""numerator"": 1}, ""delta_local_satisfaction"": {""denominator"": 11, ""numerator"": 7}, ""disruption"": {""denominator"": 1, ""numerator"": 1}, ""eppf"": {""denominator"": 0, ""numerator"": 0}, ""local_satisfaction"": {""denominator"": 12, ""numerator"": 12}, ""pfr"": {""denominator"": 0, ""numerator"": 0}, ""sir"": {""denominator"": 7, ""numerator"": 7}, ""srr"": {""denominator"": 4, ""numerator"": 0}, ""vacuous_improvement"": {""denominator"": 1, ""numerator"": 1}}",
193,57013,inverse,1,42,2,30,,"[74215, 42801, 74195, 0, 0, 0]","[0, 0, 0, 74195, 74214, 74215]",,0,0,0,0,"{""base_deletion_rate"": {""denominator"": 1, ""numerator"": 0}, ""deletes_base_action_rate"": {""denominator"": 1, ""numerator"": 0}, ""delta_local_satisfaction"": {""denominator"": 14, ""numerator"": 0}, ""disruption"": {""denominator"": 1, ""numerator"": 1}, ""eppf"": {""denominator"": 0, ""numerator"": 0}, ""local_satisfaction"": {""denominator"": 14, ""numerator"": 10}, ""pfr"": {""denominator"": 0, ""numerator"": 0}, ""sir"": {""denominator"": 4, ""numerator"": 0}, ""srr"": {""denominator"": 9, ""numerator"": 0}, ""vacuous_improvement"": {""denominator"": 1, ""numerator"": 0}}","{""base_deletion_rate"": {""denominator"": 1, ""numerator"": 1}, ""deletes_base_action_rate"": {""denominator"": 1, ""numerator"": 1}, ""delta_local_satisfaction"": {""denominator"": 14, ""numerator"": 0}, ""disruption"": {""denominator"": 1, ""numerator"": 1}, ""eppf"": {""denominator"": 0, ""numerator"": 0}, ""local_satisfaction"": {""denominator"": 17, ""numerator"": 13}, ""pfr"": {""denominator"": 0, ""numerator"": 0}, ""sir"": {""denominator"": 4, ""numerator"": 0}, ""srr"": {""denominator"": 9, ""numerator"": 0}, ""vacuous_improvement"": {""denominator"": 1, ""numerator"": 0}}",
197,63258,itemRequiresStatement,1,41,1,29,,"[74215, 29762, 98872, 0, 0, 0]","[0, 0, 0, 74195, 74214, 74215]",,0,1,0,0,"{""base_deletion_rate"": {""denominator"": 1, ""numerator"": 0}, ""deletes_base_action_rate"": {""denominator"": 1, ""numerator"": 0}, ""delta_local_satisfaction"": {""denominator"": 28, ""numerator"": 0}, ""disruption"": {""denominator"": 1, ""numerator"": 1}, ""eppf"": {""denominator"": 1, ""numerator"": 0}, ""local_satisfaction"": {""denominator"": 28, ""numerator"": 27}, ""pfr"": {""denominator"": 1, ""numerator"": 0}, ""sir"": {""denominator"": 0, ""numerator"": 0}, ""srr"": {""denominator"": 27, ""numerator"": 0}, ""vacuous_improvement"": {""denominator"": 1, ""numerator"": 0}}","{""base_deletion_rate"": {""denominator"": 1, ""numerator"": 1}, ""deletes_base_action_rate"": {""denominator"": 1, ""numerator"": 1}, ""delta_local_satisfaction"": {""denominator"": 28, ""numerator"": 1}, ""disruption"": {""denominator"": 1, ""numerator"": 1}, ""eppf"": {""denominator"": 1, ""numerator"": 0}, ""local_satisfaction"": {""denominator"": 37, ""numerator"": 37}, ""pfr"": {""denominator"": 1, ""numerator"": 1}, ""sir"": {""denominator"": 0, ""numerator"": 0}, ""srr"": {""denominator"": 27, ""numerator"": 0}, ""vacuous_improvement"": {""denominator"": 1, ""numerator"": 1}}",
198,52397,valueRequiresStatement,1,41,1,30,,"[74215, 31319, 98872, 0, 0, 0]","[0, 0, 0, 74195, 74214, 74215]",,0,0,0,0,"{""base_deletion_rate"": {""denominator"": 1, ""numerator"": 0}, ""deletes_base_action_rate"": {""denominator"": 1, ""numerator"": 0}, ""delta_local_satisfaction"": {""denominator"": 28, ""numerator"": 0}, ""disruption"": {""denominator"": 1, ""numerator"": 1}, ""eppf"": {""denominator"": 0, ""numerator"": 0}, ""local_satisfaction"": {""denominator"": 28, ""numerator"": 19}, ""pfr"": {""denominator"": 0, ""numerator"": 0}, ""sir"": {""denominator"": 9, ""numerator"": 0}, ""srr"": {""denominator"": 18, ""numerator"": 0}, ""vacuous_improvement"": {""denominator"": 1, ""numerator"": 0}}","{""base_deletion_rate"": {""denominator"": 1, ""numerator"": 1}, ""deletes_base_action_rate"": {""denominator"": 1, ""numerator"": 1}, ""delta_local_satisfaction"": {""denominator"": 28, ""numerator"": 3}, ""disruption"": {""denominator"": 1, ""numerator"": 1}, ""eppf"": {""denominator"": 0, ""numerator"": 0}, ""local_satisfaction"": {""denominator"": 32, ""numerator"": 26}, ""pfr"": {""denominator"": 0, ""numerator"": 0}, ""sir"": {""denominator"": 9, ""numerator"": 3}, ""srr"": {""denominator"": 18, ""numerator"": 0}, ""vacuous_improvement"": {""denominator"": 1, ""numerator"": 1}}",
199,71312,valueType,1,42,2,33,,"[74215, 29803, 74195, 0, 0, 0]","[0, 0, 0, 74195, 74214, 74215]",,0,0,0,0,"{""base_deletion_rate"": {""denominator"": 1, ""numerator"": 0}, ""deletes_base_action_rate"": {""denominator"": 1, ""numerator"": 0}, ""delta_local_satisfaction"": {""denominator"": 13, ""numerator"": 0}, ""disruption"": {""denominator"": 1, ""numerator"": 1}, ""eppf"": {""denominator"": 1, ""numerator"": 0}, ""local_satisfaction"": {""denominator"": 13, ""numerator"": 12}, ""pfr"": {""denominator"": 1, ""numerator"": 0}, ""sir"": {""denominator"": 0, ""numerator"": 0}, ""srr"": {""denominator"": 12, ""numerator"": 0}, ""vacuous_improvement"": {""denominator"": 1, ""numerator"": 0}}","{""base_deletion_rate"": {""denominator"": 1, ""numerator"": 1}, ""deletes_base_action_rate"": {""denominator"": 1, ""numerator"": 1}, ""delta_local_satisfaction"": {""denominator"": 13, ""numerator"": 0}, ""disruption"": {""denominator"": 1, ""numerator"": 1}, ""eppf"": {""denominator"": 1, ""numerator"": 0}, ""local_satisfaction"": {""denominator"": 16, ""numerator"": 15}, ""pfr"": {""denominator"": 1, ""numerator"": 1}, ""sir"": {""denominator"": 0, ""numerator"": 0}, ""srr"": {""denominator"": 12, ""numerator"": 1}, ""vacuous_improvement"": {""denominator"": 1, ""numerator"": 0}}",
200,64245,valueType,1,47,7,36,,"[74215, 29762, 29900, 0, 0, 0]","[0, 0, 0, 74195, 74214, 74215]",,0,0,0,0,"{""base_deletion_rate"": {""denominator"": 1, ""numerator"": 0}, ""deletes_base_action_rate"": {""denominator"": 1, ""numerator"": 0}, ""delta_local_satisfaction"": {""denominator"": 75, ""numerator"": 0}, ""disruption"": {""denominator"": 1, ""numerator"": 1}, ""eppf"": {""denominator"": 0, ""numerator"": 0}, ""local_satisfaction"": {""denominator"": 75, ""numerator"": 69}, ""pfr"": {""denominator"": 0, ""numerator"": 0}, ""sir"": {""denominator"": 6, ""numerator"": 0}, ""srr"": {""denominator"": 69, ""numerator"": 0}, ""vacuous_improvement"": {""denominator"": 1, ""numerator"": 0}}","{""base_deletion_rate"": {""denominator"": 1, ""numerator"": 1}, ""deletes_base_action_rate"": {""denominator"": 1, ""numerator"": 1}, ""delta_local_satisfaction"": {""denominator"": 75, ""numerator"": 2}, ""disruption"": {""denominator"": 1, ""numerator"": 1}, ""eppf"": {""denominator"": 0, ""numerator"": 0}, ""local_satisfaction"": {""denominator"": 88, ""numerator"": 84}, ""pfr"": {""denominator"": 0, ""numerator"": 0}, ""sir"": {""denominator"": 6, ""numerator"": 2}, ""srr"": {""denominator"": 69, ""numerator"": 0}, ""vacuous_improvement"": {""denominator"": 1, ""numerator"": 1}}",
203,51435,valueType,1,44,4,31,,"[74215, 29762, 98872, 0, 0, 0]","[0, 0, 0, 74195, 74214, 74215]",,0,0,0,0,"{""base_deletion_rate"": {""denominator"": 1, ""numerator"": 0}, ""deletes_base_action_rate"": {""denominator"": 1, ""numerator"": 0}, ""delta_local_satisfaction"": {""denominator"": 95, ""numerator"": 0}, ""disruption"": {""denominator"": 1, ""numerator"": 1}, ""eppf"": {""denominator"": 0, ""numerator"": 0}, ""local_satisfaction"": {""denominator"": 95, ""numerator"": 81}, ""pfr"": {""denominator"": 0, ""numerator"": 0}, ""sir"": {""denominator"": 14, ""numerator"": 0}, ""srr"": {""denominator"": 81, ""numerator"": 0}, ""vacuous_improvement"": {""denominator"": 1, ""numerator"": 0}}","{""base_deletion_rate"": {""denominator"": 1, ""numerator"": 1}, ""deletes_base_action_rate"": {""denominator"": 1, ""numerator"": 1}, ""delta_local_satisfaction"": {""denominator"": 95, ""numerator"": 2}, ""disruption"": {""denominator"": 1, ""numerator"": 1}, ""eppf"": {""denominator"": 0, ""numerator"": 0}, ""local_satisfaction"": {""denominator"": 111, ""numerator"": 99}, ""pfr"": {""denominator"": 0, ""numerator"": 0}, ""sir"": {""denominator"": 14, ""numerator"": 2}, ""srr"": {""denominator"": 81, ""numerator"": 0}, ""vacuous_improvement"": {""denominator"": 1, ""numerator"": 1}}",
204,58452,conflictWith,1,42,23,36,36,"[0, 0, 0, 74195, 74214, 74215]","[0, 0, 0, 74195, 74196, 74197]","[0, 0, 0, 74195, 74196, 74197]",1,1,0,1,"{""base_deletion_rate"": {""denominator"": 1, ""numerator"": 1}, ""deletes_base_action_rate"": {""denominator"": 1, ""numerator"": 1}, ""delta_local_satisfaction"": {""denominator"": 27, ""numerator"": 1}, ""disruption"": {""denominator"": 1, ""numerator"": 1}, ""eppf"": {""denominator"": 1, ""numerator"": 0}, ""local_satisfaction"": {""denominator"": 28, ""numerator"": 11}, ""pfr"": {""denominator"": 1, ""numerator"": 1}, ""sir"": {""denominator"": 17, ""numerator"": 0}, ""srr"": {""denominator"": 9, ""numerator"": 0}, ""vacuous_improvement"": {""denominator"": 1, ""numerator"": 1}}","{""base_deletion_rate"": {""denominator"": 1, ""numerator"": 0}, ""deletes_base_action_rate"": {""denominator"": 1, ""numerator"": 0}, ""delta_local_satisfaction"": {""denominator"": 27, ""numerator"": 17}, ""disruption"": {""denominator"": 1, ""numerator"": 1}, ""eppf"": {""denominator"": 1, ""numerator"": 1}, ""local_satisfaction"": {""denominator"": 27, ""numerator"": 26}, ""pfr"": {""denominator"": 1, ""numerator"": 1}, ""sir"": {""denominator"": 17, ""numerator"": 16}, ""srr"": {""denominator"": 9, ""numerator"": 0}, ""vacuous_improvement"": {""denominator"": 1, ""numerator"": 0}}","{""base_deletion_rate"": {""denominator"": 1, ""numerator"": 0}, ""deletes_base_action_rate"": {""denominator"": 1, ""numerator"": 0}, ""delta_local_satisfaction"": {""denominator"": 27, ""numerator"": 17}, ""disruption"": {""denominator"": 1, ""numerator"": 1}, ""eppf"": {""denominator"": 1, ""numerator"": 1}, ""local_satisfaction"": {""denominator"": 27, ""numerator"": 26}, ""pfr"": {""denominator"": 1, ""numerator"": 1}, ""sir"": {""denominator"": 17, ""numerator"": 16}, ""srr"": {""denominator"": 9, ""numerator"": 0}, ""vacuous_improvement"": {""denominator"": 1, ""numerator"": 0}}"
205,68647,inverse,1,42,2,30,,"[74215, 74214, 74195, 0, 0, 0]","[0, 0, 0, 74195, 74214, 74215]",,0,0,0,0,"{""base_deletion_rate"": {""denominator"": 1, ""numerator"": 0}, ""deletes_base_action_rate"": {""denominator"": 1, ""numerator"": 0}, ""delta_local_satisfaction"": {""denominator"": 16, ""numerator"": 0}, ""disruption"": {""denominator"": 1, ""numerator"": 1}, ""eppf"": {""denominator"": 0, ""numerator"": 0}, ""local_satisfaction"": {""denominator"": 16, ""numerator"": 4}, ""pfr"": {""denominator"": 0, ""numerator"": 0}, ""sir"": {""denominator"": 12, ""numerator"": 0}, ""srr"": {""denominator"": 3, ""numerator"": 0}, ""vacuous_improvement"": {""denominator"": 1, ""numerator"": 0}}","{""base_deletion_rate"": {""denominator"": 1, ""numerator"": 1}, ""deletes_base_action_rate"": {""denominator"": 1, ""numerator"": 1}, ""delta_local_satisfaction"": {""denominator"": 16, ""numerator"": 0}, ""disruption"": {""denominator"": 1, ""numerator"": 1}, ""eppf"": {""denominator"": 0, ""numerator"": 0}, ""local_satisfaction"": {""denominator"": 17, ""numerator"": 5}, ""pfr"": {""denominator"": 0, ""numerator"": 0}, ""sir"": {""denominator"": 12, ""numerator"": 0}, ""srr"": {""denominator"": 3, ""numerator"": 0}, ""vacuous_improvement"": {""denominator"": 1, ""numerator"": 0}}",
206,50387,inverse,1,42,2,29,,"[74215, 74214, 74195, 0, 0, 0]","[0, 0, 0, 74195, 74214, 74215]",,0,0,0,0,"{""base_deletion_rate"": {""denominator"": 1, ""numerator"": 0}, ""deletes_base_action_rate"": {""denominator"": 1, ""numerator"": 0}, ""delta_local_satisfaction"": {""denominator"": 15, ""numerator"": 0}, ""disruption"": {""denominator"": 1, ""numerator"": 1}, ""eppf"": {""denominator"": 0, ""numerator"": 0}, ""local_satisfaction"": {""denominator"": 15, ""numerator"": 7}, ""pfr"": {""denominator"": 0, ""numerator"": 0}, ""sir"": {""denominator"": 8, ""numerator"": 0}, ""srr"": {""denominator"": 6, ""numerator"": 0}, ""vacuous_improvement"": {""denominator"": 1, ""numerator"": 0}}","{""base_deletion_rate"": {""denominator"": 1, ""numerator"": 1}, ""deletes_base_action_rate"": {""denominator"": 1, ""numerator"": 1}, ""delta_local_satisfaction"": {""denominator"": 15, ""numerator"": 1}, ""disruption"": {""denominator"": 1, ""numerator"": 1}, ""eppf"": {""denominator"": 0, ""numerator"": 0}, ""local_satisfaction"": {""denominator"": 17, ""numerator"": 10}, ""pfr"": {""denominator"": 0, ""numerator"": 0}, ""sir"": {""denominator"": 8, ""numerator"": 1}, ""srr"": {""denominator"": 6, ""numerator"": 0}, ""vacuous_improvement"": {""denominator"": 1, ""numerator"": 1}}",
208,52144,conflictWith,1,43,23,24,,"[0, 0, 0, 74195, 74214, 74197]","[0, 0, 0, 74195, 74214, 74215]",,0,1,0,0,"{""base_deletion_rate"": {""denominator"": 1, ""numerator"": 0}, ""deletes_base_action_rate"": {""denominator"": 1, ""numerator"": 0}, ""delta_local_satisfaction"": {""denominator"": 18, ""numerator"": 0}, ""disruption"": {""denominator"": 1, ""numerator"": 1}, ""eppf"": {""denominator"": 1, ""numerator"": 0}, ""local_satisfaction"": {""denominator"": 18, ""numerator"": 5}, ""pfr"": {""denominator"": 1, ""numerator"": 0}, ""sir"": {""denominator"": 12, ""numerator"": 0}, ""srr"": {""denominator"": 5, ""numerator"": 0}, ""vacuous_improvement"": {""denominator"": 1, ""numerator"": 0}}","{""base_deletion_rate"": {""denominator"": 1, ""numerator"": 1}, ""deletes_base_action_rate"": {""denominator"": 1, ""numerator"": 1}, ""delta_local_satisfaction"": {""denominator"": 18, ""numerator"": 2}, ""disruption"": {""denominator"": 1, ""numerator"": 1}, ""eppf"": {""denominator"": 1, ""numerator"": 0}, ""local_satisfaction"": {""denominator"": 19, ""numerator"": 8}, ""pfr"": {""denominator"": 1, ""numerator"": 1}, ""sir"": {""denominator"": 12, ""numerator"": 1}, ""srr"": {""denominator"": 5, ""numerator"": 0}, ""vacuous_improvement"": {""denominator"": 1, ""numerator"": 1}}",
210,73973,valueType,1,46,6,35,,"[74215, 29803, 29818, 0, 0, 0]","[0, 0, 0, 74195, 74214, 74215]",,0,0,0,0,"{""base_deletion_rate"": {""denominator"": 1, ""numerator"": 0}, ""deletes_base_action_rate"": {""denominator"": 1, ""numerator"": 0}, ""delta_local_satisfaction"": {""denominator"": 81, ""numerator"": 0}, ""disruption"": {""denominator"": 1, ""numerator"": 1}, ""eppf"": {""denominator"": 0, ""numerator"": 0}, ""local_satisfaction"": {""denominator"": 81, ""numerator"": 55}, ""pfr"": {""denominator"": 0, ""numerator"": 0}, ""sir"": {""denominator"": 26, ""numerator"": 0}, ""srr"": {""denominator"": 54, ""numerator"": 0}, ""vacuous_improvement"": {""denominator"": 1, ""numerator"": 0}}","{""base_deletion_rate"": {""denominator"": 1, ""numerator"": 1}, ""deletes_base_action_rate"": {""denominator"": 1, ""numerator"": 1}, ""delta_local_satisfaction"": {""denominator"": 81, ""numerator"": 0}, ""disruption"": {""denominator"": 1, ""numerator"": 1}, ""eppf"": {""denominator"": 0, ""numerator"": 0}, ""local_satisfaction"": {""denominator"": 98, ""numerator"": 72}, ""pfr"": {""denominator"": 0, ""numerator"": 0}, ""sir"": {""denominator"": 26, ""numerator"": 0}, ""srr"": {""denominator"": 54, ""numerator"": 0}, ""vacuous_improvement"": {""denominator"": 1, ""numerator"": 0}}",
211,52701,conflictWith,1,41,22,22,24,"[0, 0, 0, 74195, 74214, 74215]","[0, 0, 0, 74195, 74214, 74215]","[0, 0, 0, 74195, 74196, 74215]",1,1,0,1,"{""base_deletion_rate"": {""denominator"": 1, ""numerator"": 1}, ""deletes_base_action_rate"": {""denominator"": 1, ""numerator"": 1}, ""delta_local_satisfaction"": {""denominator"": 25, ""numerator"": 3}, ""disruption"": {""denominator"": 1, ""numerator"": 1}, ""eppf"": {""denominator"": 1, ""numerator"": 0}, ""local_satisfaction"": {""denominator"": 30, ""numerator"": 18}, ""pfr"": {""denominator"": 1, ""numerator"": 1}, ""sir"": {""denominator"": 14, ""numerator"": 2}, ""srr"": {""denominator"": 10, ""numerator"": 0}, ""vacuous_improvement"": {""denominator"": 1, ""numerator"": 1}}","{""base_deletion_rate"": {""denominator"": 1, ""numerator"": 1}, ""deletes_base_action_rate"": {""denominator"": 1, ""numerator"": 1}, ""delta_local_satisfaction"": {""denominator"": 25, ""numerator"": 3}, ""disruption"": {""denominator"": 1, ""numerator"": 1}, ""eppf"": {""denominator"": 1, ""numerator"": 0}, ""local_satisfaction"": {""denominator"": 30, ""numerator"": 18}, ""pfr"": {""denominator"": 1, ""numerator"": 1}, ""sir"": {""denominator"": 14, ""numerator"": 2}, ""srr"": {""denominator"": 10, ""numerator"": 0}, ""vacuous_improvement"": {""denominator"": 1, ""numerator"": 1}}","{""base_deletion_rate"": {""denominator"": 1, ""numerator"": 0}, ""deletes_base_action_rate"": {""denominator"": 1, ""numerator"": 0}, ""delta_local_satisfaction"": {""denominator"": 25, ""numerator"": 3}, ""disruption"": {""denominator"": 1, ""numerator"": 1}, ""eppf"": {""denominator"": 1, ""numerator"": 1}, ""local_satisfaction"": {""denominator"": 26, ""numerator"": 14}, ""pfr"": {""denominator"": 1, ""numerator"": 1}, ""sir"": {""denominator"": 14, ""numerator"": 2}, ""srr"": {""denominator"": 10, ""numerator"": 0}, ""vacuous_improvement"": {""denominator"": 1, ""numerator"": 0}}"
215,71311,type,1,54,14,15,,"[74195, 29762, 30002, 0, 0, 0]","[74215, 29762, 30002, 0, 0, 0]",,0,0,0,0,"{""base_deletion_rate"": {""denominator"": 1, ""numerator"": 0}, ""deletes_base_action_rate"": {""denominator"": 1, ""numerator"": 0}, ""delta_local_satisfaction"": {""denominator"": 19, ""numerator"": -3}, ""disruption"": {""denominator"": 1, ""numerator"": 1}, ""eppf"": {""denominator"": 0, ""numerator"": 0}, ""local_satisfaction"": {""denominator"": 19, ""numerator"": 15}, ""pfr"": {""denominator"": 0, ""numerator"": 0}, ""sir"": {""denominator"": 1, ""numerator"": 0}, ""srr"": {""denominator"": 17, ""numerator"": 3}, ""vacuous_improvement"": {""denominator"": 1, ""numerator"": 0}}","{""base_deletion_rate"": {""denominator"": 1, ""numerator"": 0}, ""deletes_base_action_rate"": {""denominator"": 1, ""numerator"": 0}, ""delta_local_satisfaction"": {""denominator"": 19, ""numerator"": 1}, ""disruption"": {""denominator"": 1, ""numerator"": 1}, ""eppf"": {""denominator"": 0, ""numerator"": 0}, ""local_satisfaction"": {""denominator"": 19, ""numerator"": 19}, ""pfr"": {""denominator"": 0, ""numerator"": 0}, ""sir"": {""denominator"": 1, ""numerator"": 1}, ""srr"": {""denominator"": 17, ""numerator"": 0}, ""vacuous_improvement"": {""denominator"": 1, ""numerator"": 0}}",
216,52410,valueType,1,42,2,29,,"[74215, 31319, 98872, 0, 0, 0]","[0, 0, 0, 74195, 74214, 74215]",,0,0,0,0,"{""base_deletion_rate"": {""denominator"": 1, ""numerator"": 0}, ""deletes_base_action_rate"": {""denominator"": 1, ""numerator"": 0}, ""delta_local_satisfaction"": {""denominator"": 15, ""numerator"": 0}, ""disruption"": {""denominator"": 1, ""numerator"": 1}, ""eppf"": {""denominator"": 0, ""numerator"": 0}, ""local_satisfaction"": {""denominator"": 15, ""numerator"": 4}, ""pfr"": {""denominator"": 0, ""numerator"": 0}, ""sir"": {""denominator"": 11, ""numerator"": 0}, ""srr"": {""denominator"": 4, ""numerator"": 0}, ""vacuous_improvement"": {""denominator"": 1, ""numerator"": 0}}","{""base_deletion_rate"": {""denominator"": 1, ""numerator"": 1}, ""deletes_base_action_rate"": {""denominator"": 1, ""numerator"": 1}, ""delta_local_satisfaction"": {""denominator"": 15, ""numerator"": 3}, ""disruption"": {""denominator"": 1, ""numerator"": 1}, ""eppf"": {""denominator"": 0, ""numerator"": 0}, ""local_satisfaction"": {""denominator"": 18, ""numerator"": 10}, ""pfr"": {""denominator"": 0, ""numerator"": 0}, ""sir"": {""denominator"": 11, ""numerator"": 3}, ""srr"": {""denominator"": 4, ""numerator"": 0}, ""vacuous_improvement"": {""denominator"": 1, ""numerator"": 1}}",
218,56958,valueType,1,42,2,33,,"[74215, 29762, 38587, 0, 0, 0]","[0, 0, 0, 74195, 74214, 74215]",,0,1,0,0,"{""base_deletion_rate"": {""denominator"": 1, ""numerator"": 0}, ""deletes_base_action_rate"": {""denominator"": 1, ""numerator"": 0}, ""delta_local_satisfaction"": {""denominator"": 90, ""numerator"": 0}, ""disruption"": {""denominator"": 1, ""numerator"": 1}, ""eppf"": {""denominator"": 1, ""numerator"": 0}, ""local_satisfaction"": {""denominator"": 90, ""numerator"": 74}, ""pfr"": {""denominator"": 1, ""numerator"": 0}, ""sir"": {""denominator"": 15, ""numerator"": 0}, ""srr"": {""denominator"": 74, ""numerator"": 0}, ""vacuous_improvement"": {""denominator"": 1, ""numerator"": 0}}","{""base_deletion_rate"": {""denominator"": 1, ""numerator"": 1}, ""deletes_base_action_rate"": {""denominator"": 1, ""numerator"": 1}, ""delta_local_satisfaction"": {""denominator"": 90, ""numerator"": 3}, ""disruption"": {""denominator"": 1, ""numerator"": 1}, ""eppf"": {""denominator"": 1, ""numerator"": 0}, ""local_satisfaction"": {""denominator"": 110, ""numerator"": 97}, ""pfr"": {""denominator"": 1, ""numerator"": 1}, ""sir"": {""denominator"": 15, ""numerator"": 2}, ""srr"": {""denominator"": 74, ""numerator"": 0}, ""vacuous_improvement"": {""denominator"": 1, ""numerator"": 1}}",
219,71311,type,1,54,14,34,,"[74195, 29762, 98872, 0, 0, 0]","[0, 0, 0, 0, 0, 0]",,0,0,0,0,"{""base_deletion_rate"": {""denominator"": 1, ""numerator"": 0}, ""deletes_base_action_rate"": {""denominator"": 1, ""numerator"": 0}, ""delta_local_satisfaction"": {""denominator"": 93, ""numerator"": -2}, ""disruption"": {""denominator"": 1, ""numerator"": 1}, ""eppf"": {""denominator"": 0, ""numerator"": 0}, ""local_satisfaction"": {""denominator"": 93, ""numerator"": 91}, ""pfr"": {""denominator"": 0, ""numerator"": 0}, ""sir"": {""denominator"": 0, ""numerator"": 0}, ""srr"": {""denominator"": 92, ""numerator"": 2}, ""vacuous_improvement"": {""denominator"": 1, ""numerator"": 0}}","{""base_deletion_rate"": {""denominator"": 1, ""numerator"": 0}, ""deletes_base_action_rate"": {""denominator"": 1, ""numerator"": 0}, ""delta_local_satisfaction"": {""denominator"": 93, ""numerator"": 0}, ""disruption"": {""denominator"": 1, ""numerator"": 0}, ""eppf"": {""denominator"": 0, ""numerator"": 0}, ""local_satisfaction"": {""denominator"": 93, ""numerator"": 93}, ""pfr"": {""denominator"": 0, ""numerator"": 0}, ""sir"": {""denominator"": 0, ""numerator"": 0}, ""srr"": {""denominator"": 92, ""numerator"": 0}, ""vacuous_improvement"": {""denominator"": 1, ""numerator"": 0}}",
221,64245,valueType,1,47,7,36,,"[74215, 29762, 29900, 0, 0, 0]","[0, 0, 0, 74195, 74214, 74215]",,0,0,0,0,"{""base_deletion_rate"": {""denominator"": 1, ""numerator"": 0}, ""deletes_base_action_rate"": {""denominator"": 1, ""numerator"": 0}, ""delta_local_satisfaction"": {""denominator"": 13, ""numerator"": 0}, ""disruption"": {""denominator"": 1, ""numerator"": 1}, ""eppf"": {""denominator"": 0, ""numerator"": 0}, ""local_satisfaction"": {""denominator"": 13, ""numerator"": 2}, ""pfr"": {""denominator"": 0, ""numerator"": 0}, ""sir"": {""denominator"": 11, ""numerator"": 0}, ""srr"": {""denominator"": 2, ""numerator"": 0}, ""vacuous_improvement"": {""denominator"": 1, ""numerator"": 0}}","{""base_deletion_rate"": {""denominator"": 1, ""numerator"": 1}, ""deletes_base_action_rate"": {""denominator"": 1, ""numerator"": 1}, ""delta_local_satisfaction"": {""denominator"": 13, ""numerator"": 2}, ""disruption"": {""denominator"": 1, ""numerator"": 1}, ""eppf"": {""denominator"": 0, ""numerator"": 0}, ""local_satisfaction"": {""denominator"": 15, ""numerator"": 6}, ""pfr"": {""denominator"": 0, ""numerator"": 0}, ""sir"": {""denominator"": 11, ""numerator"": 2}, ""srr"": {""denominator"": 2, ""numerator"": 0}, ""vacuous_improvement"": {""denominator"": 1, ""numerator"": 1}}",
225,64322,valueType,1,45,5,32,,"[74215, 29762, 98872, 0, 0, 0]","[0, 0, 0, 74195, 74214, 74215]",,0,0,0,0,"{""base_deletion_rate"": {""denominator"": 1, ""numerator"": 0}, ""deletes_base_action_rate"": {""denominator"": 1, ""numerator"": 0}, ""delta_local_satisfaction"": {""denominator"": 180, ""numerator"": 0}, ""disruption"": {""denominator"": 1, ""numerator"": 1}, ""eppf"": {""denominator"": 0, ""numerator"": 0}, ""local_satisfaction"": {""denominator"": 180, ""numerator"": 166}, ""pfr"": {""denominator"": 0, ""numerator"": 0}, ""sir"": {""denominator"": 14, ""numerator"": 0}, ""srr"": {""denominator"": 166, ""numerator"": 0}, ""vacuous_improvement"": {""denominator"": 1, ""numerator"": 0}}","{""base_deletion_rate"": {""denominator"": 1, ""numerator"": 1}, ""deletes_base_action_rate"": {""denominator"": 1, ""numerator"": 1}, ""delta_local_satisfaction"": {""denominator"": 180, ""numerator"": 0}, ""disruption"": {""denominator"": 1, ""numerator"": 1}, ""eppf"": {""denominator"": 0, ""numerator"": 0}, ""local_satisfaction"": {""denominator"": 217, ""numerator"": 203}, ""pfr"": {""denominator"": 0, ""numerator"": 0}, ""sir"": {""denominator"": 14, ""numerator"": 0}, ""srr"": {""denominator"": 166, ""numerator"": 0}, ""vacuous_improvement"": {""denominator"": 1, ""numerator"": 0}}",
226,71311,type,1,54,14,46,,"[74195, 29762, 30002, 0, 0, 0]","[0, 0, 0, 74195, 74214, 74215]",,0,0,0,0,"{""base_deletion_rate"": {""denominator"": 1, ""numerator"": 0}, ""deletes_base_action_rate"": {""denominator"": 1, ""numerator"": 0}, ""delta_local_satisfaction"": {""denominator"": 25, ""numerator"": -2}, ""disruption"": {""denominator"": 1, ""numerator"": 1}, ""eppf"": {""denominator"": 0, ""numerator"": 0}, ""local_satisfaction"": {""denominator"": 25, ""numerator"": 22}, ""pfr"": {""denominator"": 0, ""numerator"": 0}, ""sir"": {""denominator"": 1, ""numerator"": 0}, ""srr"": {""denominator"": 23, ""numerator"": 2}, ""vacuous_improvement"": {""denominator"": 1, ""numerator"": 0}}","{""base_deletion_rate"": {""denominator"": 1, ""numerator"": 1}, ""deletes_base_action_rate"": {""denominator"": 1, ""numerator"": 1}, ""delta_local_satisfaction"": {""denominator"": 25, ""numerator"": 0}, ""disruption"": {""denominator"": 1, ""numerator"": 1}, ""eppf"": {""denominator"": 0, ""numerator"": 0}, ""local_satisfaction"": {""denominator"": 29, ""numerator"": 28}, ""pfr"": {""denominator"": 0, ""numerator"": 0}, ""sir"": {""denominator"": 1, ""numerator"": 0}, ""srr"": {""denominator"": 23, ""numerator"": 0}, ""vacuous_improvement"": {""denominator"": 1, ""numerator"": 0}}",
227,58453,inverse,1,42,2,32,,"[74215, 32015, 74195, 0, 0, 0]","[0, 0, 0, 74195, 74214, 74215]",,0,0,0,0,"{""base_deletion_rate"": {""denominator"": 1, ""numerator"": 0}, ""deletes_base_action_rate"": {""denominator"": 1, ""numerator"": 0}, ""delta_local_satisfaction"": {""denominator"": 3, ""numerator"": 0}, ""disruption"": {""denominator"": 1, ""numerator"": 1}, ""eppf"": {""denominator"": 0, ""numerator"": 0}, ""local_satisfaction"": {""denominator"": 3, ""numerator"": 1}, ""pfr"": {""denominator"": 0, ""numerator"": 0}, ""sir"": {""denominator"": 2, ""numerator"": 0}, ""srr"": {""denominator"": 0, ""numerator"": 0}, ""vacuous_improvement"": {""denominator"": 1, ""numerator"": 0}}","{""base_deletion_rate"": {""denominator"": 1, ""numerator"": 1}, ""deletes_base_action_rate"": {""denominator"": 1, ""numerator"": 1}, ""delta_local_satisfaction"": {""denominator"": 3, ""numerator"": 1}, ""disruption"": {""denominator"": 1, ""numerator"": 1}, ""eppf"": {""denominator"": 0, ""numerator"": 0}, ""local_satisfaction"": {""denominator"": 3, ""numerator"": 2}, ""pfr"": {""denominator"": 0, ""numerator"": 0}, ""sir"": {""denominator"": 2, ""numerator"": 1}, ""srr"": {""denominator"": 0, ""numerator"": 0}, ""vacuous_improvement"": {""denominator"": 1, ""numerator"": 1}}",
228,51433,valueRequiresStatement,1,41,1,29,,"[74215, 29762, 98872, 0, 0, 0]","[0, 0, 0, 74195, 74214, 74215]",,0,0,0,0,"{""base_deletion_rate"": {""denominator"": 1, ""numerator"": 0}, ""deletes_base_action_rate"": {""denominator"": 1, ""numerator"": 0}, ""delta_local_satisfaction"": {""denominator"": 76, ""numerator"": 0}, ""disruption"": {""denominator"": 1, ""numerator"": 1}, ""eppf"": {""denominator"": 0, ""numerator"": 0}, ""local_satisfaction"": {""denominator"": 76, ""numerator"": 66}, ""pfr"": {""denominator"": 0, ""numerator"": 0}, ""sir"": {""denominator"": 10, ""numerator"": 0}, ""srr"": {""denominator"": 65, ""numerator"": 0}, ""vacuous_improvement"": {""denominator"": 1, ""numerator"": 0}}","{""base_deletion_rate"": {""denominator"": 1, ""numerator"": 1}, ""deletes_base_action_rate"": {""denominator"": 1, ""numerator"": 1}, ""delta_local_satisfaction"": {""denominator"": 76, ""numerator"": 2}, ""disruption"": {""denominator"": 1, ""numerator"": 1}, ""eppf"": {""denominator"": 0, ""numerator"": 0}, ""local_satisfaction"": {""denominator"": 84, ""numerator"": 76}, ""pfr"": {""denominator"": 0, ""numerator"": 0}, ""sir"": {""denominator"": 10, ""numerator"": 2}, ""srr"": {""denominator"": 65, ""numerator"": 0}, ""vacuous_improvement"": {""denominator"": 1, ""numerator"": 1}}",
229,56958,valueType,1,42,2,31,,"[74215, 29762, 29900, 0, 0, 0]","[0, 0, 0, 74195, 74214, 74215]",,0,0,0,0,"{""base_deletion_rate"": {""denominator"": 1, ""numerator"": 0}, ""deletes_base_action_rate"": {""denominator"": 1, ""numerator"": 0}, ""delta_local_satisfaction"": {""denominator"": 14, ""numerator"": 0}, ""disruption"": {""denominator"": 1, ""numerator"": 1}, ""eppf"": {""denominator"": 0, ""numerator"": 0}, ""local_satisfaction"": {""denominator"": 14, ""numerator"": 3}, ""pfr"": {""denominator"": 0, ""numerator"": 0}, ""sir"": {""denominator"": 11, ""numerator"": 0}, ""srr"": {""denominator"": 3, ""numerator"": 0}, ""vacuous_improvement"": {""denominator"": 1, ""numerator"": 0}}","{""base_deletion_rate"": {""denominator"": 1, ""numerator"": 1}, ""deletes_base_action_rate"": {""denominator"": 1, ""numerator"": 1}, ""delta_local_satisfaction"": {""denominator"": 14, ""numerator"": 1}, ""disruption"": {""denominator"": 1, ""numerator"": 1}, ""eppf"": {""denominator"": 0, ""numerator"": 0}, ""local_satisfaction"": {""denominator"": 18, ""numerator"": 8}, ""pfr"": {""denominator"": 0, ""numerator"": 0}, ""sir"": {""denominator"": 11, ""numerator"": 1}, ""srr"": {""denominator"": 3, ""numerator"": 0}, ""vacuous_improvement"": {""denominator"": 1, ""numerator"": 1}}",
231,65737,valueRequiresStatement,1,41,1,28,,"[74215, 31319, 98872, 0, 0, 0]","[0, 0, 0, 74195, 74214, 74215]",,0,0,0,0,"{""base_deletion_rate"": {""denominator"": 1, ""numerator"": 0}, ""deletes_base_action_rate"": {""denominator"": 1, ""numerator"": 0}, ""delta_local_satisfaction"": {""denominator"": 45, ""numerator"": 0}, ""disruption"": {""denominator"": 1, ""numerator"": 1}, ""eppf"": {""denominator"": 0, ""numerator"": 0}, ""local_satisfaction"": {""denominator"": 45, ""numerator"": 29}, ""pfr"": {""denominator"": 0, ""numerator"": 0}, ""sir"": {""denominator"": 16, ""numerator"": 0}, ""srr"": {""denominator"": 28, ""numerator"": 0}, ""vacuous_improvement"": {""denominator"": 1, ""numerator"": 0}}","{""base_deletion_rate"": {""denominator"": 1, ""numerator"": 1}, ""deletes_base_action_rate"": {""denominator"": 1, ""numerator"": 1}, ""delta_local_satisfaction"": {""denominator"": 45, ""numerator"": 0}, ""disruption"": {""denominator"": 1, ""numerator"": 1}, ""eppf"": {""denominator"": 0, ""numerator"": 0}, ""local_satisfaction"": {""denominator"": 48, ""numerator"": 32}, ""pfr"": {""denominator"": 0, ""numerator"": 0}, ""sir"": {""denominator"": 16, ""numerator"": 0}, ""srr"": {""denominator"": 28, ""numerator"": 0}, ""vacuous_improvement"": {""denominator"": 1, ""numerator"": 0}}",
233,53442,conflictWith,1,42,22,22,24,"[0, 0, 0, 74195, 74214, 74215]","[0, 0, 0, 74195, 74214, 74215]","[0, 0, 0, 74195, 74196, 74215]",1,1,0,1,"{""base_deletion_rate"": {""denominator"": 1, ""numerator"": 1}, ""deletes_base_action_rate"": {""denominator"": 1, ""numerator"": 1}, ""delta_local_satisfaction"": {""denominator"": 51, ""numerator"": 3}, ""disruption"": {""denominator"": 1, ""numerator"": 1}, ""eppf"": {""denominator"": 1, ""numerator"": 0}, ""local_satisfaction"": {""denominator"": 64, ""numerator"": 35}, ""pfr"": {""denominator"": 1, ""numerator"": 1}, ""sir"": {""denominator"": 31, ""numerator"": 2}, ""srr"": {""denominator"": 19, ""numerator"": 0}, ""vacuous_improvement"": {""denominator"": 1, ""numerator"": 1}}","{""base_deletion_rate"": {""denominator"": 1, ""numerator"": 1}, ""deletes_base_action_rate"": {""denominator"": 1, ""numerator"": 1}, ""delta_local_satisfaction"": {""denominator"": 51, ""numerator"": 3}, ""disruption"": {""denominator"": 1, ""numerator"": 1}, ""eppf"": {""denominator"": 1, ""numerator"": 0}, ""local_satisfaction"": {""denominator"": 64, ""numerator"": 35}, ""pfr"": {""denominator"": 1, ""numerator"": 1}, ""sir"": {""denominator"": 31, ""numerator"": 2}, ""srr"": {""denominator"": 19, ""numerator"": 0}, ""vacuous_improvement"": {""denominator"": 1, ""numerator"": 1}}","{""base_deletion_rate"": {""denominator"": 1, ""numerator"": 0}, ""deletes_base_action_rate"": {""denominator"": 1, ""numerator"": 0}, ""delta_local_satisfaction"": {""denominator"": 51, ""numerator"": 3}, ""disruption"": {""denominator"": 1, ""numerator"": 1}, ""eppf"": {""denominator"": 1, ""numerator"": 1}, ""local_satisfaction"": {""denominator"": 52, ""numerator"": 23}, ""pfr"": {""denominator"": 1, ""numerator"": 1}, ""sir"": {""denominator"": 31, ""numerator"": 2}, ""srr"": {""denominator"": 19, ""numerator"": 0}, ""vacuous_improvement"": {""denominator"": 1, ""numerator"": 0}}"
237,52397,valueRequiresStatement,1,41,1,29,,"[74215, 31319, 98872, 0, 0, 0]","[0, 0, 0, 74195, 74214, 74215]",,0,0,0,0,"{""base_deletion_rate"": {""denominator"": 1, ""numerator"": 0}, ""deletes_base_action_rate"": {""denominator"": 1, ""numerator"": 0}, ""delta_local_satisfaction"": {""denominator"": 37, ""numerator"": 0}, ""disruption"": {""denominator"": 1, ""numerator"": 1}, ""eppf"": {""denominator"": 0, ""numerator"": 0}, ""local_satisfaction"": {""denominator"": 37, ""numerator"": 24}, ""pfr"": {""denominator"": 0, ""numerator"": 0}, ""sir"": {""denominator"": 13, ""numerator"": 0}, ""srr"": {""denominator"": 24, ""numerator"": 0}, ""vacuous_improvement"": {""denominator"": 1, ""numerator"": 0}}","{""base_deletion_rate"": {""denominator"": 1, ""numerator"": 1}, ""deletes_base_action_rate"": {""denominator"": 1, ""numerator"": 1}, ""delta_local_satisfaction"": {""denominator"": 37, ""numerator"": 3}, ""disruption"": {""denominator"": 1, ""numerator"": 1}, ""eppf"": {""denominator"": 0, ""numerator"": 0}, ""local_satisfaction"": {""denominator"": 44, ""numerator"": 34}, ""pfr"": {""denominator"": 0, ""numerator"": 0}, ""sir"": {""denominator"": 13, ""numerator"": 3}, ""srr"": {""denominator"": 24, ""numerator"": 0}, ""vacuous_improvement"": {""denominator"": 1, ""numerator"": 1}}",
238,63734,itemRequiresStatement,1,41,1,28,,"[74195, 31319, 98872, 0, 0, 0]","[0, 0, 0, 74195, 74214, 74215]",,0,0,0,0,"{""base_deletion_rate"": {""denominator"": 1, ""numerator"": 0}, ""deletes_base_action_rate"": {""denominator"": 1, ""numerator"": 0}, ""delta_local_satisfaction"": {""denominator"": 34, ""numerator"": 0}, ""disruption"": {""denominator"": 1, ""numerator"": 1}, ""eppf"": {""denominator"": 0, ""numerator"": 0}, ""local_satisfaction"": {""denominator"": 34, ""numerator"": 20}, ""pfr"": {""denominator"": 0, ""numerator"": 0}, ""sir"": {""denominator"": 14, ""numerator"": 0}, ""srr"": {""denominator"": 19, ""numerator"": 0}, ""vacuous_improvement"": {""denominator"": 1, ""numerator"": 0}}","{""base_deletion_rate"": {""denominator"": 1, ""numerator"": 1}, ""deletes_base_action_rate"": {""denominator"": 1, ""numerator"": 1}, ""delta_local_satisfaction"": {""denominator"": 34, ""numerator"": 1}, ""disruption"": {""denominator"": 1, ""numerator"": 1}, ""eppf"": {""denominator"": 0, ""numerator"": 0}, ""local_satisfaction"": {""denominator"": 40, ""numerator"": 27}, ""pfr"": {""denominator"": 0, ""numerator"": 0}, ""sir"": {""denominator"": 14, ""numerator"": 1}, ""srr"": {""denominator"": 19, ""numerator"": 0}, ""vacuous_improvement"": {""denominator"": 1, ""numerator"": 1}}",
240,68987,itemRequiresStatement,1,41,1,28,,"[74195, 29762, 98872, 0, 0, 0]","[0, 0, 0, 74195, 74214, 74215]",,0,0,0,0,"{""base_deletion_rate"": {""denominator"": 1, ""numerator"": 0}, ""deletes_base_action_rate"": {""denominator"": 1, ""numerator"": 0}, ""delta_local_satisfaction"": {""denominator"": 10, ""numerator"": 0}, ""disruption"": {""denominator"": 1, ""numerator"": 1}, ""eppf"": {""denominator"": 0, ""numerator"": 0}, ""local_satisfaction"": {""denominator"": 10, ""numerator"": 6}, ""pfr"": {""denominator"": 0, ""numerator"": 0}, ""sir"": {""denominator"": 4, ""numerator"": 0}, ""srr"": {""denominator"": 6, ""numerator"": 0}, ""vacuous_improvement"": {""denominator"": 1, ""numerator"": 0}}","{""base_deletion_rate"": {""denominator"": 1, ""numerator"": 1}, ""deletes_base_action_rate"": {""denominator"": 1, ""numerator"": 1}, ""delta_local_satisfaction"": {""denominator"": 10, ""numerator"": 0}, ""disruption"": {""denominator"": 1, ""numerator"": 1}, ""eppf"": {""denominator"": 0, ""numerator"": 0}, ""local_satisfaction"": {""denominator"": 14, ""numerator"": 10}, ""pfr"": {""denominator"": 0, ""numerator"": 0}, ""sir"": {""denominator"": 4, ""numerator"": 0}, ""srr"": {""denominator"": 6, ""numerator"": 0}, ""vacuous_improvement"": {""denominator"": 1, ""numerator"": 0}}",
242,68753,itemRequiresStatement,1,41,1,28,,"[74215, 74214, 98872, 0, 0, 0]","[0, 0, 0, 74195, 74214, 74215]",,0,0,0,0,"{""base_deletion_rate"": {""denominator"": 1, ""numerator"": 0}, ""deletes_base_action_rate"": {""denominator"": 1, ""numerator"": 0}, ""delta_local_satisfaction"": {""denominator"": 15, ""numerator"": 0}, ""disruption"": {""denominator"": 1, ""numerator"": 1}, ""eppf"": {""denominator"": 0, ""numerator"": 0}, ""local_satisfaction"": {""denominator"": 15, ""numerator"": 6}, ""pfr"": {""denominator"": 0, ""numerator"": 0}, ""sir"": {""denominator"": 9, ""numerator"": 0}, ""srr"": {""denominator"": 6, ""numerator"": 0}, ""vacuous_improvement"": {""denominator"": 1, ""numerator"": 0}}","{""base_deletion_rate"": {""denominator"": 1, ""numerator"": 1}, ""deletes_base_action_rate"": {""denominator"": 1, ""numerator"": 1}, ""delta_local_satisfaction"": {""denominator"": 15, ""numerator"": 0}, ""disruption"": {""denominator"": 1, ""numerator"": 1}, ""eppf"": {""denominator"": 0, ""numerator"": 0}, ""local_satisfaction"": {""denominator"": 19, ""numerator"": 10}, ""pfr"": {""denominator"": 0, ""numerator"": 0}, ""sir"": {""denominator"": 9, ""numerator"": 0}, ""srr"": {""denominator"": 6, ""numerator"": 0}, ""vacuous_improvement"": {""denominator"": 1, ""numerator"": 0}}",
251,73060,inverse,1,42,2,31,,"[74195, 29762, 98872, 0, 0, 0]","[0, 0, 0, 74195, 74214, 74215]",,0,0,0,0,"{""base_deletion_rate"": {""denominator"": 1, ""numerator"": 0}, ""deletes_base_action_rate"": {""denominator"": 1, ""numerator"": 0}, ""delta_local_satisfaction"": {""denominator"": 23, ""numerator"": 0}, ""disruption"": {""denominator"": 1, ""numerator"": 1}, ""eppf"": {""denominator"": 0, ""numerator"": 0}, ""local_satisfaction"": {""denominator"": 23, ""numerator"": 12}, ""pfr"": {""denominator"": 0, ""numerator"": 0}, ""sir"": {""denominator"": 11, ""numerator"": 0}, ""srr"": {""denominator"": 11, ""numerator"": 0}, ""vacuous_improvement"": {""denominator"": 1, ""numerator"": 0}}","{""base_deletion_rate"": {""denominator"": 1, ""numerator"": 1}, ""deletes_base_action_rate"": {""denominator"": 1, ""numerator"": 1}, ""delta_local_satisfaction"": {""denominator"": 23, ""numerator"": 0}, ""disruption"": {""denominator"": 1, ""numerator"": 1}, ""eppf"": {""denominator"": 0, ""numerator"": 0}, ""local_satisfaction"": {""denominator"": 24, ""numerator"": 13}, ""pfr"": {""denominator"": 0, ""numerator"": 0}, ""sir"": {""denominator"": 11, ""numerator"": 0}, ""srr"": {""denominator"": 11, ""numerator"": 0}, ""vacuous_improvement"": {""denominator"": 1, ""numerator"": 0}}",
254,73973,valueType,1,46,6,35,,"[74215, 29803, 29818, 0, 0, 0]","[0, 0, 0, 74195, 74214, 74215]",,0,0,0,0,"{""base_deletion_rate"": {""denominator"": 1, ""numerator"": 0}, ""deletes_base_action_rate"": {""denominator"": 1, ""numerator"": 0}, ""delta_local_satisfaction"": {""denominator"": 51, ""numerator"": 0}, ""disruption"": {""denominator"": 1, ""numerator"": 1}, ""eppf"": {""denominator"": 0, ""numerator"": 0}, ""local_satisfaction"": {""denominator"": 51, ""numerator"": 44}, ""pfr"": {""denominator"": 0, ""numerator"": 0}, ""sir"": {""denominator"": 7, ""numerator"": 0}, ""srr"": {""denominator"": 43, ""numerator"": 0}, ""vacuous_improvement"": {""denominator"": 1, ""numerator"": 0}}","{""base_deletion_rate"": {""denominator"": 1, ""numerator"": 1}, ""deletes_base_action_rate"": {""denominator"": 1, ""numerator"": 1}, ""delta_local_satisfaction"": {""denominator"": 51, ""numerator"": 0}, ""disruption"": {""denominator"": 1, ""numerator"": 1}, ""eppf"": {""denominator"": 0, ""numerator"": 0}, ""local_satisfaction"": {""denominator"": 72, ""numerator"": 65}, ""pfr"": {""denominator"": 0, ""numerator"": 0}, ""sir"": {""denominator"": 7, ""numerator"": 0}, ""srr"": {""denominator"": 43, ""numerator"": 0}, ""vacuous_improvement"": {""denominator"": 1, ""numerator"": 0}}",
257,53442,conflictWith,1,42,22,22,24,"[0, 0, 0, 74195, 74214, 74215]","[0, 0, 0, 74195, 74214, 74215]","[0, 0, 0, 74195, 74196, 74215]",1,1,0,1,"{""base_deletion_rate"": {""denominator"": 1, ""numerator"": 1}, ""deletes_base_action_rate"": {""denominator"": 1, ""numerator"": 1}, ""delta_local_satisfaction"": {""denominator"": 44, ""numerator"": 3}, ""disruption"": {""denominator"": 1, ""numerator"": 1}, ""eppf"": {""denominator"": 1, ""numerator"": 0}, ""local_satisfaction"": {""denominator"": 56, ""numerator"": 31}, ""pfr"": {""denominator"": 1, ""numerator"": 1}, ""sir"": {""denominator"": 27, ""numerator"": 2}, ""srr"": {""denominator"": 16, ""numerator"": 0}, ""vacuous_improvement"": {""denominator"": 1, ""numerator"": 1}}","{""base_deletion_rate"": {""denominator"": 1, ""numerator"": 1}, ""deletes_base_action_rate"": {""denominator"": 1, ""numerator"": 1}, ""delta_local_satisfaction"": {""denominator"": 44, ""numerator"": 3}, ""disruption"": {""denominator"": 1, ""numerator"": 1}, ""eppf"": {""denominator"": 1, ""numerator"": 0}, ""local_satisfaction"": {""denominator"": 56, ""numerator"": 31}, ""pfr"": {""denominator"": 1, ""numerator"": 1}, ""sir"": {""denominator"": 27, ""numerator"": 2}, ""srr"": {""denominator"": 16, ""numerator"": 0}, ""vacuous_improvement"": {""denominator"": 1, ""numerator"": 1}}","{""base_deletion_rate"": {""denominator"": 1, ""numerator"": 0}, ""deletes_base_action_rate"": {""denominator"": 1, ""numerator"": 0}, ""delta_local_satisfaction"": {""denominator"": 44, ""numerator"": 3}, ""disruption"": {""denominator"": 1, ""numerator"": 1}, ""eppf"": {""denominator"": 1, ""numerator"": 1}, ""local_satisfaction"": {""denominator"": 45, ""numerator"": 20}, ""pfr"": {""denominator"": 1, ""numerator"": 1}, ""sir"": {""denominator"": 27, ""numerator"": 2}, ""srr"": {""denominator"": 16, ""numerator"": 0}, ""vacuous_improvement"": {""denominator"": 1, ""numerator"": 0}}"
258,52830,single,1,42,22,22,23,"[0, 0, 0, 74195, 74214, 74215]","[0, 0, 0, 74195, 74214, 74215]","[0, 0, 0, 74195, 74214, 74197]",1,1,0,1,"{""base_deletion_rate"": {""denominator"": 1, ""numerator"": 1}, ""deletes_base_action_rate"": {""denominator"": 1, ""numerator"": 1}, ""delta_local_satisfaction"": {""denominator"": 32, ""numerator"": 1}, ""disruption"": {""denominator"": 1, ""numerator"": 1}, ""eppf"": {""denominator"": 1, ""numerator"": 0}, ""local_satisfaction"": {""denominator"": 44, ""numerator"": 36}, ""pfr"": {""denominator"": 1, ""numerator"": 1}, ""sir"": {""denominator"": 8, ""numerator"": 0}, ""srr"": {""denominator"": 23, ""numerator"": 0}, ""vacuous_improvement"": {""denominator"": 1, ""numerator"": 1}}","{""base_deletion_rate"": {""denominator"": 1, ""numerator"": 1}, ""deletes_base_action_rate"": {""denominator"": 1, ""numerator"": 1}, ""delta_local_satisfaction"": {""denominator"": 32, ""numerator"": 1}, ""disruption"": {""denominator"": 1, ""numerator"": 1}, ""eppf"": {""denominator"": 1, ""numerator"": 0}, ""local_satisfaction"": {""denominator"": 44, ""numerator"": 36}, ""pfr"": {""denominator"": 1, ""numerator"": 1}, ""sir"": {""denominator"": 8, ""numerator"": 0}, ""srr"": {""denominator"": 23, ""numerator"": 0}, ""vacuous_improvement"": {""denominator"": 1, ""numerator"": 1}}","{""base_deletion_rate"": {""denominator"": 1, ""numerator"": 0}, ""deletes_base_action_rate"": {""denominator"": 1, ""numerator"": 0}, ""delta_local_satisfaction"": {""denominator"": 32, ""numerator"": 1}, ""disruption"": {""denominator"": 1, ""numerator"": 1}, ""eppf"": {""denominator"": 1, ""numerator"": 1}, ""local_satisfaction"": {""denominator"": 32, ""numerator"": 24}, ""pfr"": {""denominator"": 1, ""numerator"": 1}, ""sir"": {""denominator"": 8, ""numerator"": 0}, ""srr"": {""denominator"": 23, ""numerator"": 0}, ""vacuous_improvement"": {""denominator"": 1, ""numerator"": 0}}"
260,52397,valueRequiresStatement,1,41,1,30,,"[74215, 74214, 29818, 0, 0, 0]","[0, 0, 0, 74195, 74214, 74215]",,0,0,0,0,"{""base_deletion_rate"": {""denominator"": 1, ""numerator"": 0}, ""deletes_base_action_rate"": {""denominator"": 1, ""numerator"": 0}, ""delta_local_satisfaction"": {""denominator"": 15, ""numerator"": 0}, ""disruption"": {""denominator"": 1, ""numerator"": 1}, ""eppf"": {""denominator"": 0, ""numerator"": 0}, ""local_satisfaction"": {""denominator"": 15, ""numerator"": 6}, ""pfr"": {""denominator"": 0, ""numerator"": 0}, ""sir"": {""denominator"": 9, ""numerator"": 0}, ""srr"": {""denominator"": 5, ""numerator"": 0}, ""vacuous_improvement"": {""denominator"": 1, ""numerator"": 0}}","{""base_deletion_rate"": {""denominator"": 1, ""numerator"": 1}, ""deletes_base_action_rate"": {""denominator"": 1, ""numerator"": 1}, ""delta_local_satisfaction"": {""denominator"": 15, ""numerator"": 3}, ""disruption"": {""denominator"": 1, ""numerator"": 1}, ""eppf"": {""denominator"": 0, ""numerator"": 0}, ""local_satisfaction"": {""denominator"": 17, ""numerator"": 11}, ""pfr"": {""denominator"": 0, ""numerator"": 0}, ""sir"": {""denominator"": 9, ""numerator"": 3}, ""srr"": {""denominator"": 5, ""numerator"": 0}, ""vacuous_improvement"": {""denominator"": 1, ""numerator"": 1}}",
261,58878,conflictWith,1,42,22,23,22,"[0, 0, 0, 74195, 74196, 74197]","[0, 0, 0, 74195, 74214, 74197]","[0, 0, 0, 74195, 74196, 74197]",1,1,1,1,"{""base_deletion_rate"": {""denominator"": 1, ""numerator"": 0}, ""deletes_base_action_rate"": {""denominator"": 1, ""numerator"": 0}, ""delta_local_satisfaction"": {""denominator"": 81, ""numerator"": 3}, ""disruption"": {""denominator"": 1, ""numerator"": 1}, ""eppf"": {""denominator"": 1, ""numerator"": 1}, ""local_satisfaction"": {""denominator"": 82, ""numerator"": 34}, ""pfr"": {""denominator"": 1, ""numerator"": 1}, ""sir"": {""denominator"": 50, ""numerator"": 2}, ""srr"": {""denominator"": 30, ""numerator"": 0}, ""vacuous_improvement"": {""denominator"": 1, ""numerator"": 0}}","{""base_deletion_rate"": {""denominator"": 1, ""numerator"": 1}, ""deletes_base_action_rate"": {""denominator"": 1, ""numerator"": 1}, ""delta_local_satisfaction"": {""denominator"": 81, ""numerator"": 3}, ""disruption"": {""denominator"": 1, ""numerator"": 1}, ""eppf"": {""denominator"": 1, ""numerator"": 0}, ""local_satisfaction"": {""denominator"": 105, ""numerator"": 57}, ""pfr"": {""denominator"": 1, ""numerator"": 1}, ""sir"": {""denominator"": 50, ""numerator"": 2}, ""srr"": {""denominator"": 30, ""numerator"": 0}, ""vacuous_improvement"": {""denominator"": 1, ""numerator"": 1}}","{""base_deletion_rate"": {""denominator"": 1, ""numerator"": 0}, ""deletes_base_action_rate"": {""denominator"": 1, ""numerator"": 0}, ""delta_local_satisfaction"": {""denominator"": 81, ""numerator"": 3}, ""disruption"": {""denominator"": 1, ""numerator"": 1}, ""eppf"": {""denominator"": 1, ""numerator"": 1}, ""local_satisfaction"": {""denominator"": 82, ""numerator"": 34}, ""pfr"": {""denominator"": 1, ""numerator"": 1}, ""sir"": {""denominator"": 50, ""numerator"": 2}, ""srr"": {""denominator"": 30, ""numerator"": 0}, ""vacuous_improvement"": {""denominator"": 1, ""numerator"": 0}}"
262,55133,itemRequiresStatement,1,41,1,29,,"[74215, 74214, 74195, 0, 0, 0]","[0, 0, 0, 74195, 74214, 74215]",,0,0,0,0,"{""base_deletion_rate"": {""denominator"": 1, ""numerator"": 0}, ""deletes_base_action_rate"": {""denominator"": 1, ""numerator"": 0}, ""delta_local_satisfaction"": {""denominator"": 21, ""numerator"": 0}, ""disruption"": {""denominator"": 1, ""numerator"": 1}, ""eppf"": {""denominator"": 0, ""numerator"": 0}, ""local_satisfaction"": {""denominator"": 21, ""numerator"": 9}, ""pfr"": {""denominator"": 0, ""numerator"": 0}, ""sir"": {""denominator"": 12, ""numerator"": 0}, ""srr"": {""denominator"": 8, ""numerator"": 0}, ""vacuous_improvement"": {""denominator"": 1, ""numerator"": 0}}","{""base_deletion_rate"": {""denominator"": 1, ""numerator"": 1}, ""deletes_base_action_rate"": {""denominator"": 1, ""numerator"": 1}, ""delta_local_satisfaction"": {""denominator"": 21, ""numerator"": 1}, ""disruption"": {""denominator"": 1, ""numerator"": 1}, ""eppf"": {""denominator"": 0, ""numerator"": 0}, ""local_satisfaction"": {""denominator"": 23, ""numerator"": 12}, ""pfr"": {""denominator"": 0, ""numerator"": 0}, ""sir"": {""denominator"": 12, ""numerator"": 1}, ""srr"": {""denominator"": 8, ""numerator"": 0}, ""vacuous_improvement"": {""denominator"": 1, ""numerator"": 1}}",
263,56805,itemRequiresStatement,1,41,1,29,,"[74215, 74214, 74195, 0, 0, 0]","[0, 0, 0, 74195, 74214, 74215]",,0,0,0,0,"{""base_deletion_rate"": {""denominator"": 1, ""numerator"": 0}, ""deletes_base_action_rate"": {""denominator"": 1, ""numerator"": 0}, ""delta_local_satisfaction"": {""denominator"": 42, ""numerator"": 0}, ""disruption"": {""denominator"": 1, ""numerator"": 1}, ""eppf"": {""denominator"": 0, ""numerator"": 0}, ""local_satisfaction"": {""denominator"": 42, ""numerator"": 24}, ""pfr"": {""denominator"": 0, ""numerator"": 0}, ""sir"": {""denominator"": 18, ""numerator"": 0}, ""srr"": {""denominator"": 23, ""numerator"": 0}, ""vacuous_improvement"": {""denominator"": 1, ""numerator"": 0}}","{""base_deletion_rate"": {""denominator"": 1, ""numerator"": 1}, ""deletes_base_action_rate"": {""denominator"": 1, ""numerator"": 1}, ""delta_local_satisfaction"": {""denominator"": 42, ""numerator"": 0}, ""disruption"": {""denominator"": 1, ""numerator"": 1}, ""eppf"": {""denominator"": 0, ""numerator"": 0}, ""local_satisfaction"": {""denominator"": 50, ""numerator"": 32}, ""pfr"": {""denominator"": 0, ""numerator"": 0}, ""sir"": {""denominator"": 18, ""numerator"": 0}, ""srr"": {""denominator"": 23, ""numerator"": 0}, ""vacuous_improvement"": {""denominator"": 1, ""numerator"": 0}}",
266,64245,valueType,1,47,7,36,,"[74215, 29762, 29900, 0, 0, 0]","[0, 0, 0, 74195, 74214, 74215]",,0,0,0,0,"{""base_deletion_rate"": {""denominator"": 1, ""numerator"": 0}, ""deletes_base_action_rate"": {""denominator"": 1, ""numerator"": 0}, ""delta_local_satisfaction"": {""denominator"": 73, ""numerator"": 0}, ""disruption"": {""denominator"": 1, ""numerator"": 1}, ""eppf"": {""denominator"": 0, ""numerator"": 0}, ""local_satisfaction"": {""denominator"": 73, ""numerator"": 69}, ""pfr"": {""denominator"": 0, ""numerator"": 0}, ""sir"": {""denominator"": 4, ""numerator"": 0}, ""srr"": {""denominator"": 69, ""numerator"": 0}, ""vacuous_improvement"": {""denominator"": 1, ""numerator"": 0}}","{""base_deletion_rate"": {""denominator"": 1, ""numerator"": 1}, ""deletes_base_action_rate"": {""denominator"": 1, ""numerator"": 1}, ""delta_local_satisfaction"": {""denominator"": 73, ""numerator"": 2}, ""disruption"": {""denominator"": 1, ""numerator"": 1}, ""eppf"": {""denominator"": 0, ""numerator"": 0}, ""local_satisfaction"": {""denominator"": 86, ""numerator"": 84}, ""pfr"": {""denominator"": 0, ""numerator"": 0}, ""sir"": {""denominator"": 4, ""numerator"": 2}, ""srr"": {""denominator"": 69, ""numerator"": 0}, ""vacuous_improvement"": {""denominator"": 1, ""numerator"": 1}}",
267,51431,single,1,42,22,22,23,"[0, 0, 0, 74195, 74214, 74215]","[0, 0, 0, 74195, 74214, 74215]","[0, 0, 0, 74195, 74214, 74197]",1,1,0,1,"{""base_deletion_rate"": {""denominator"": 1, ""numerator"": 1}, ""deletes_base_action_rate"": {""denominator"": 1, ""numerator"": 1}, ""delta_local_satisfaction"": {""denominator"": 122, ""numerator"": 1}, ""disruption"": {""denominator"": 1, ""numerator"": 1}, ""eppf"": {""denominator"": 1, ""numerator"": 0}, ""local_satisfaction"": {""denominator"": 141, ""numerator"": 124}, ""pfr"": {""denominator"": 1, ""numerator"": 1}, ""sir"": {""denominator"": 17, ""numerator"": 0}, ""srr"": {""denominator"": 104, ""numerator"": 0}, ""vacuous_improvement"": {""denominator"": 1, ""numerator"": 1}}","{""base_deletion_rate"": {""denominator"": 1, ""numerator"": 1}, ""deletes_base_action_rate"": {""denominator"": 1, ""numerator"": 1}, ""delta_local_satisfaction"": {""denominator"": 122, ""numerator"": 1}, ""disruption"": {""denominator"": 1, ""numerator"": 1}, ""eppf"": {""denominator"": 1, ""numerator"": 0}, ""local_satisfaction"": {""denominator"": 141, ""numerator"": 124}, ""pfr"": {""denominator"": 1, ""numerator"": 1}, ""sir"": {""denominator"": 17, ""numerator"": 0}, ""srr"": {""denominator"": 104, ""numerator"": 0}, ""vacuous_improvement"": {""denominator"": 1, ""numerator"": 1}}","{""base_deletion_rate"": {""denominator"": 1, ""numerator"": 0}, ""deletes_base_action_rate"": {""denominator"": 1, ""numerator"": 0}, ""delta_local_satisfaction"": {""denominator"": 122, ""numerator"": 1}, ""disruption"": {""denominator"": 1, ""numerator"": 1}, ""eppf"": {""denominator"": 1, ""numerator"": 1}, ""local_satisfaction"": {""denominator"": 122, ""numerator"": 105}, ""pfr"": {""denominator"": 1, ""numerator"": 1}, ""sir"": {""denominator"": 17, ""numerator"": 0}, ""srr"": {""denominator"": 104, ""numerator"": 0}, ""vacuous_improvement"": {""denominator"": 1, ""numerator"": 0}}"
268,53332,type,1,45,5,33,,"[74215, 31319, 74195, 0, 0, 0]","[0, 0, 0, 74195, 74214, 74215]",,0,0,0,0,"{""base_deletion_rate"": {""denominator"": 1, ""numerator"": 0}, ""deletes_base_action_rate"": {""denominator"": 1, ""numerator"": 0}, ""delta_local_satisfaction"": {""denominator"": 12, ""numerator"": 0}, ""disruption"": {""denominator"": 1, ""numerator"": 1}, ""eppf"": {""denominator"": 0, ""numerator"": 0}, ""local_satisfaction"": {""denominator"": 12, ""numerator"": 5}, ""pfr"": {""denominator"": 0, ""numerator"": 0}, ""sir"": {""denominator"": 7, ""numerator"": 0}, ""srr"": {""denominator"": 5, ""numerator"": 0}, ""vacuous_improvement"": {""denominator"": 1, ""numerator"": 0}}","{""base_deletion_rate"": {""denominator"": 1, ""numerator"": 1}, ""deletes_base_action_rate"": {""denominator"": 1, ""numerator"": 1}, ""delta_local_satisfaction"": {""denominator"": 12, ""numerator"": 0}, ""disruption"": {""denominator"": 1, ""numerator"": 1}, ""eppf"": {""denominator"": 0, ""numerator"": 0}, ""local_satisfaction"": {""denominator"": 17, ""numerator"": 10}, ""pfr"": {""denominator"": 0, ""numerator"": 0}, ""sir"": {""denominator"": 7, ""numerator"": 0}, ""srr"": {""denominator"": 5, ""numerator"": 0}, ""vacuous_improvement"": {""denominator"": 1, ""numerator"": 0}}",
269,65743,itemRequiresStatement,1,41,1,7,7,"[74215, 74214, 74195, 0, 0, 0]","[74195, 29762, 74195, 0, 0, 0]","[74195, 29762, 74195, 0, 0, 0]",0,1,0,1,"{""base_deletion_rate"": {""denominator"": 1, ""numerator"": 0}, ""deletes_base_action_rate"": {""denominator"": 1, ""numerator"": 0}, ""delta_local_satisfaction"": {""denominator"": 8, ""numerator"": 0}, ""disruption"": {""denominator"": 1, ""numerator"": 1}, ""eppf"": {""denominator"": 1, ""numerator"": 0}, ""local_satisfaction"": {""denominator"": 8, ""numerator"": 7}, ""pfr"": {""denominator"": 1, ""numerator"": 0}, ""sir"": {""denominator"": 0, ""numerator"": 0}, ""srr"": {""denominator"": 7, ""numerator"": 0}, ""vacuous_improvement"": {""denominator"": 1, ""numerator"": 0}}","{""base_deletion_rate"": {""denominator"": 1, ""numerator"": 0}, ""deletes_base_action_rate"": {""denominator"": 1, ""numerator"": 0}, ""delta_local_satisfaction"": {""denominator"": 8, ""numerator"": 1}, ""disruption"": {""denominator"": 1, ""numerator"": 1}, ""eppf"": {""denominator"": 1, ""numerator"": 1}, ""local_satisfaction"": {""denominator"": 8, ""numerator"": 8}, ""pfr"": {""denominator"": 1, ""numerator"": 1}, ""sir"": {""denominator"": 0, ""numerator"": 0}, ""srr"": {""denominator"": 7, ""numerator"": 0}, ""vacuous_improvement"": {""denominator"": 1, ""numerator"": 0}}","{""base_deletion_rate"": {""denominator"": 1, ""numerator"": 0}, ""deletes_base_action_rate"": {""denominator"": 1, ""numerator"": 0}, ""delta_local_satisfaction"": {""denominator"": 8, ""numerator"": 1}, ""disruption"": {""denominator"": 1, ""numerator"": 1}, ""eppf"": {""denominator"": 1, ""numerator"": 1}, ""local_satisfaction"": {""denominator"": 8, ""numerator"": 8}, ""pfr"": {""denominator"": 1, ""numerator"": 1}, ""sir"": {""denominator"": 0, ""numerator"": 0}, ""srr"": {""denominator"": 7, ""numerator"": 0}, ""vacuous_improvement"": {""denominator"": 1, ""numerator"": 0}}"
270,64245,valueType,1,47,7,36,,"[74215, 29762, 29900, 0, 0, 0]","[0, 0, 0, 74195, 74214, 74215]",,0,0,0,0,"{""base_deletion_rate"": {""denominator"": 1, ""numerator"": 0}, ""deletes_base_action_rate"": {""denominator"": 1, ""numerator"": 0}, ""delta_local_satisfaction"": {""denominator"": 45, ""numerator"": 0}, ""disruption"": {""denominator"": 1, ""numerator"": 1}, ""eppf"": {""denominator"": 0, ""numerator"": 0}, ""local_satisfaction"": {""denominator"": 45, ""numerator"": 14}, ""pfr"": {""denominator"": 0, ""numerator"": 0}, ""sir"": {""denominator"": 31, ""numerator"": 0}, ""srr"": {""denominator"": 14, ""numerator"": 0}, ""vacuous_improvement"": {""denominator"": 1, ""numerator"": 0}}","{""base_deletion_rate"": {""denominator"": 1, ""numerator"": 1}, ""deletes_base_action_rate"": {""denominator"": 1, ""numerator"": 1}, ""delta_local_satisfaction"": {""denominator"": 45, ""numerator"": 2}, ""disruption"": {""denominator"": 1, ""numerator"": 1}, ""eppf"": {""denominator"": 0, ""numerator"": 0}, ""local_satisfaction"": {""denominator"": 56, ""numerator"": 27}, ""pfr"": {""denominator"": 0, ""numerator"": 0}, ""sir"": {""denominator"": 31, ""numerator"": 2}, ""srr"": {""denominator"": 14, ""numerator"": 0}, ""vacuous_improvement"": {""denominator"": 1, ""numerator"": 1}}",
271,59402,inverse,1,42,2,31,,"[74215, 30780, 74195, 0, 0, 0]","[0, 0, 0, 74195, 74214, 74215]",,0,0,0,0,"{""base_deletion_rate"": {""denominator"": 1, ""numerator"": 0}, ""deletes_base_action_rate"": {""denominator"": 1, ""numerator"": 0}, ""delta_local_satisfaction"": {""denominator"": 3, ""numerator"": 0}, ""disruption"": {""denominator"": 1, ""numerator"": 1}, ""eppf"": {""denominator"": 0, ""numerator"": 0}, ""local_satisfaction"": {""denominator"": 3, ""numerator"": 2}, ""pfr"": {""denominator"": 0, ""numerator"": 0}, ""sir"": {""denominator"": 1, ""numerator"": 0}, ""srr"": {""denominator"": 1, ""numerator"": 0}, ""vacuous_improvement"": {""denominator"": 1, ""numerator"": 0}}","{""base_deletion_rate"": {""denominator"": 1, ""numerator"": 1}, ""deletes_base_action_rate"": {""denominator"": 1, ""numerator"": 1}, ""delta_local_satisfaction"": {""denominator"": 3, ""numerator"": 0}, ""disruption"": {""denominator"": 1, ""numerator"": 1}, ""eppf"": {""denominator"": 0, ""numerator"": 0}, ""local_satisfaction"": {""denominator"": 5, ""numerator"": 4}, ""pfr"": {""denominator"": 0, ""numerator"": 0}, ""sir"": {""denominator"": 1, ""numerator"": 0}, ""srr"": {""denominator"": 1, ""numerator"": 0}, ""vacuous_improvement"": {""denominator"": 1, ""numerator"": 0}}",
275,52410,valueType,1,42,2,31,,"[74215, 31319, 98872, 0, 0, 0]","[0, 0, 0, 74195, 74214, 74215]",,0,0,0,0,"{""base_deletion_rate"": {""denominator"": 1, ""numerator"": 0}, ""deletes_base_action_rate"": {""denominator"": 1, ""numerator"": 0}, ""delta_local_satisfaction"": {""denominator"": 26, ""numerator"": 0}, ""disruption"": {""denominator"": 1, ""numerator"": 1}, ""eppf"": {""denominator"": 0, ""numerator"": 0}, ""local_satisfaction"": {""denominator"": 26, ""numerator"": 15}, ""pfr"": {""denominator"": 0, ""numerator"": 0}, ""sir"": {""denominator"": 11, ""numerator"": 0}, ""srr"": {""denominator"": 15, ""numerator"": 0}, ""vacuous_improvement"": {""denominator"": 1, ""numerator"": 0}}","{""base_deletion_rate"": {""denominator"": 1, ""numerator"": 1}, ""deletes_base_action_rate"": {""denominator"": 1, ""numerator"": 1}, ""delta_local_satisfaction"": {""denominator"": 26, ""numerator"": 3}, ""disruption"": {""denominator"": 1, ""numerator"": 1}, ""eppf"": {""denominator"": 0, ""numerator"": 0}, ""local_satisfaction"": {""denominator"": 30, ""numerator"": 22}, ""pfr"": {""denominator"": 0, ""numerator"": 0}, ""sir"": {""denominator"": 11, ""numerator"": 3}, ""srr"": {""denominator"": 15, ""numerator"": 0}, ""vacuous_improvement"": {""denominator"": 1, ""numerator"": 1}}",
276,56805,itemRequiresStatement,1,41,1,29,,"[74195, 29762, 74195, 0, 0, 0]","[0, 0, 0, 74195, 74214, 74215]",,0,0,0,0,"{""base_deletion_rate"": {""denominator"": 1, ""numerator"": 0}, ""deletes_base_action_rate"": {""denominator"": 1, ""numerator"": 0}, ""delta_local_satisfaction"": {""denominator"": 59, ""numerator"": 0}, ""disruption"": {""denominator"": 1, ""numerator"": 1}, ""eppf"": {""denominator"": 0, ""numerator"": 0}, ""local_satisfaction"": {""denominator"": 59, ""numerator"": 38}, ""pfr"": {""denominator"": 0, ""numerator"": 0}, ""sir"": {""denominator"": 21, ""numerator"": 0}, ""srr"": {""denominator"": 37, ""numerator"": 0}, ""vacuous_improvement"": {""denominator"": 1, ""numerator"": 0}}","{""base_deletion_rate"": {""denominator"": 1, ""numerator"": 1}, ""deletes_base_action_rate"": {""denominator"": 1, ""numerator"": 1}, ""delta_local_satisfaction"": {""denominator"": 59, ""numerator"": 0}, ""disruption"": {""denominator"": 1, ""numerator"": 1}, ""eppf"": {""denominator"": 0, ""numerator"": 0}, ""local_satisfaction"": {""denominator"": 71, ""numerator"": 50}, ""pfr"": {""denominator"": 0, ""numerator"": 0}, ""sir"": {""denominator"": 21, ""numerator"": 0}, ""srr"": {""denominator"": 37, ""numerator"": 0}, ""vacuous_improvement"": {""denominator"": 1, ""numerator"": 0}}",
277,56490,valueRequiresStatement,1,41,1,30,,"[74215, 29803, 29818, 0, 0, 0]","[0, 0, 0, 74195, 74214, 74215]",,0,0,0,0,"{""base_deletion_rate"": {""denominator"": 1, ""numerator"": 0}, ""deletes_base_action_rate"": {""denominator"": 1, ""numerator"": 0}, ""delta_local_satisfaction"": {""denominator"": 7, ""numerator"": 0}, ""disruption"": {""denominator"": 1, ""numerator"": 1}, ""eppf"": {""denominator"": 0, ""numerator"": 0}, ""local_satisfaction"": {""denominator"": 7, ""numerator"": 2}, ""pfr"": {""denominator"": 0, ""numerator"": 0}, ""sir"": {""denominator"": 5, ""numerator"": 0}, ""srr"": {""denominator"": 2, ""numerator"": 0}, ""vacuous_improvement"": {""denominator"": 1, ""numerator"": 0}}","{""base_deletion_rate"": {""denominator"": 1, ""numerator"": 1}, ""deletes_base_action_rate"": {""denominator"": 1, ""numerator"": 1}, ""delta_local_satisfaction"": {""denominator"": 7, ""numerator"": 5}, ""disruption"": {""denominator"": 1, ""numerator"": 1}, ""eppf"": {""denominator"": 0, ""numerator"": 0}, ""local_satisfaction"": {""denominator"": 9, ""numerator"": 9}, ""pfr"": {""denominator"": 0, ""numerator"": 0}, ""sir"": {""denominator"": 5, ""numerator"": 5}, ""srr"": {""denominator"": 2, ""numerator"": 0}, ""vacuous_improvement"": {""denominator"": 1, ""numerator"": 1}}",
278,59401,single,1,41,1,33,,"[74195, 30990, 31172, 0, 0, 0]","[0, 0, 0, 74195, 74214, 74215]",,0,0,0,0,"{""base_deletion_rate"": {""denominator"": 1, ""numerator"": 0}, ""deletes_base_action_rate"": {""denominator"": 1, ""numerator"": 0}, ""delta_local_satisfaction"": {""denominator"": 27, ""numerator"": -1}, ""disruption"": {""denominator"": 1, ""numerator"": 1}, ""eppf"": {""denominator"": 0, ""numerator"": 0}, ""local_satisfaction"": {""denominator"": 27, ""numerator"": 24}, ""pfr"": {""denominator"": 0, ""numerator"": 0}, ""sir"": {""denominator"": 2, ""numerator"": 0}, ""srr"": {""denominator"": 24, ""numerator"": 1}, ""vacuous_improvement"": {""denominator"": 1, ""numerator"": 0}}","{""base_deletion_rate"": {""denominator"": 1, ""numerator"": 1}, ""deletes_base_action_rate"": {""denominator"": 1, ""numerator"": 1}, ""delta_local_satisfaction"": {""denominator"": 27, ""numerator"": 0}, ""disruption"": {""denominator"": 1, ""numerator"": 1}, ""eppf"": {""denominator"": 0, ""numerator"": 0}, ""local_satisfaction"": {""denominator"": 36, ""numerator"": 34}, ""pfr"": {""denominator"": 0, ""numerator"": 0}, ""sir"": {""denominator"": 2, ""numerator"": 0}, ""srr"": {""denominator"": 24, ""numerator"": 0}, ""vacuous_improvement"": {""denominator"": 1, ""numerator"": 0}}",
283,55697,single,1,41,1,28,,"[74215, 74214, 74195, 0, 0, 0]","[0, 0, 0, 74195, 74214, 74215]",,0,0,0,0,"{""base_deletion_rate"": {""denominator"": 1, ""numerator"": 0}, ""deletes_base_action_rate"": {""denominator"": 1, ""numerator"": 0}, ""delta_local_satisfaction"": {""denominator"": 22, ""numerator"": 0}, ""disruption"": {""denominator"": 1, ""numerator"": 1}, ""eppf"": {""denominator"": 0, ""numerator"": 0}, ""local_satisfaction"": {""denominator"": 22, ""numerator"": 10}, ""pfr"": {""denominator"": 0, ""numerator"": 0}, ""sir"": {""denominator"": 12, ""numerator"": 0}, ""srr"": {""denominator"": 9, ""numerator"": 0}, ""vacuous_improvement"": {""denominator"": 1, ""numerator"": 0}}","{""base_deletion_rate"": {""denominator"": 1, ""numerator"": 1}, ""deletes_base_action_rate"": {""denominator"": 1, ""numerator"": 1}, ""delta_local_satisfaction"": {""denominator"": 22, ""numerator"": 1}, ""disruption"": {""denominator"": 1, ""numerator"": 1}, ""eppf"": {""denominator"": 0, ""numerator"": 0}, ""local_satisfaction"": {""denominator"": 24, ""numerator"": 13}, ""pfr"": {""denominator"": 0, ""numerator"": 0}, ""sir"": {""denominator"": 12, ""numerator"": 1}, ""srr"": {""denominator"": 9, ""numerator"": 0}, ""vacuous_improvement"": {""denominator"": 1, ""numerator"": 1}}",
284,70736,inverse,1,42,2,30,,"[74215, 74214, 74195, 0, 0, 0]","[0, 0, 0, 74195, 74214, 74215]",,0,0,0,0,"{""base_deletion_rate"": {""denominator"": 1, ""numerator"": 0}, ""deletes_base_action_rate"": {""denominator"": 1, ""numerator"": 0}, ""delta_local_satisfaction"": {""denominator"": 22, ""numerator"": 0}, ""disruption"": {""denominator"": 1, ""numerator"": 1}, ""eppf"": {""denominator"": 0, ""numerator"": 0}, ""local_satisfaction"": {""denominator"": 22, ""numerator"": 17}, ""pfr"": {""denominator"": 0, ""numerator"": 0}, ""sir"": {""denominator"": 5, ""numerator"": 0}, ""srr"": {""denominator"": 16, ""numerator"": 0}, ""vacuous_improvement"": {""denominator"": 1, ""numerator"": 0}}","{""base_deletion_rate"": {""denominator"": 1, ""numerator"": 1}, ""deletes_base_action_rate"": {""denominator"": 1, ""numerator"": 1}, ""delta_local_satisfaction"": {""denominator"": 22, ""numerator"": 0}, ""disruption"": {""denominator"": 1, ""numerator"": 1}, ""eppf"": {""denominator"": 0, ""numerator"": 0}, ""local_satisfaction"": {""denominator"": 28, ""numerator"": 23}, ""pfr"": {""denominator"": 0, ""numerator"": 0}, ""sir"": {""denominator"": 5, ""numerator"": 0}, ""srr"": {""denominator"": 16, ""numerator"": 0}, ""vacuous_improvement"": {""denominator"": 1, ""numerator"": 0}}",
285,51759,type,1,44,4,31,,"[74215, 74214, 98872, 0, 0, 0]","[0, 0, 0, 74195, 74214, 74215]",,0,0,0,0,"{""base_deletion_rate"": {""denominator"": 1, ""numerator"": 0}, ""deletes_base_action_rate"": {""denominator"": 1, ""numerator"": 0}, ""delta_local_satisfaction"": {""denominator"": 41, ""numerator"": 0}, ""disruption"": {""denominator"": 1, ""numerator"": 1}, ""eppf"": {""denominator"": 0, ""numerator"": 0}, ""local_satisfaction"": {""denominator"": 41, ""numerator"": 36}, ""pfr"": {""denominator"": 0, ""numerator"": 0}, ""sir"": {""denominator"": 5, ""numerator"": 0}, ""srr"": {""denominator"": 36, ""numerator"": 0}, ""vacuous_improvement"": {""denominator"": 1, ""numerator"": 0}}","{""base_deletion_rate"": {""denominator"": 1, ""numerator"": 1}, ""deletes_base_action_rate"": {""denominator"": 1, ""numerator"": 1}, ""delta_local_satisfaction"": {""denominator"": 41, ""numerator"": 0}, ""disruption"": {""denominator"": 1, ""numerator"": 1}, ""eppf"": {""denominator"": 0, ""numerator"": 0}, ""local_satisfaction"": {""denominator"": 50, ""numerator"": 45}, ""pfr"": {""denominator"": 0, ""numerator"": 0}, ""sir"": {""denominator"": 5, ""numerator"": 0}, ""srr"": {""denominator"": 36, ""numerator"": 0}, ""vacuous_improvement"": {""denominator"": 1, ""numerator"": 0}}",
286,66337,conflictWith,1,43,23,30,,"[0, 0, 0, 74195, 74214, 74215]","[0, 0, 0, 74195, 74196, 74197]",,0,0,0,0,"{""base_deletion_rate"": {""denominator"": 1, ""numerator"": 1}, ""deletes_base_action_rate"": {""denominator"": 1, ""numerator"": 1}, ""delta_local_satisfaction"": {""denominator"": 12, ""numerator"": 0}, ""disruption"": {""denominator"": 1, ""numerator"": 1}, ""eppf"": {""denominator"": 1, ""numerator"": 0}, ""local_satisfaction"": {""denominator"": 13, ""numerator"": 6}, ""pfr"": {""denominator"": 1, ""numerator"": 0}, ""sir"": {""denominator"": 6, ""numerator"": 0}, ""srr"": {""denominator"": 5, ""numerator"": 0}, ""vacuous_improvement"": {""denominator"": 1, ""numerator"": 0}}","{""base_deletion_rate"": {""denominator"": 1, ""numerator"": 0}, ""deletes_base_action_rate"": {""denominator"": 1, ""numerator"": 0}, ""delta_local_satisfaction"": {""denominator"": 12, ""numerator"": 3}, ""disruption"": {""denominator"": 1, ""numerator"": 1}, ""eppf"": {""denominator"": 1, ""numerator"": 1}, ""local_satisfaction"": {""denominator"": 12, ""numerator"": 8}, ""pfr"": {""denominator"": 1, ""numerator"": 1}, ""sir"": {""denominator"": 6, ""numerator"": 3}, ""srr"": {""denominator"": 5, ""numerator"": 1}, ""vacuous_improvement"": {""denominator"": 1, ""numerator"": 0}}",
289,61222,valueType,1,43,3,30,,"[74195, 31319, 98872, 0, 0, 0]","[0, 0, 0, 74195, 74214, 74215]",,0,0,0,0,"{""base_deletion_rate"": {""denominator"": 1, ""numerator"": 0}, ""deletes_base_action_rate"": {""denominator"": 1, ""numerator"": 0}, ""delta_local_satisfaction"": {""denominator"": 69, ""numerator"": 0}, ""disruption"": {""denominator"": 1, ""numerator"": 1}, ""eppf"": {""denominator"": 1, ""numerator"": 0}, ""local_satisfaction"": {""denominator"": 69, ""numerator"": 35}, ""pfr"": {""denominator"": 1, ""numerator"": 0}, ""sir"": {""denominator"": 33, ""numerator"": 0}, ""srr"": {""denominator"": 35, ""numerator"": 0}, ""vacuous_improvement"": {""denominator"": 1, ""numerator"": 0}}","{""base_deletion_rate"": {""denominator"": 1, ""numerator"": 1}, ""deletes_base_action_rate"": {""denominator"": 1, ""numerator"": 1}, ""delta_local_satisfaction"": {""denominator"": 69, ""numerator"": 0}, ""disruption"": {""denominator"": 1, ""numerator"": 1}, ""eppf"": {""denominator"": 1, ""numerator"": 0}, ""local_satisfaction"": {""denominator"": 76, ""numerator"": 42}, ""pfr"": {""denominator"": 1, ""numerator"": 0}, ""sir"": {""denominator"": 33, ""numerator"": 0}, ""srr"": {""denominator"": 35, ""numerator"": 0}, ""vacuous_improvement"": {""denominator"": 1, ""numerator"": 0}}",
290,65087,valueType,1,46,6,33,,"[74195, 29762, 29900, 0, 0, 0]","[0, 0, 0, 74195, 74214, 74215]",,0,0,0,0,"{""base_deletion_rate"": {""denominator"": 1, ""numerator"": 0}, ""deletes_base_action_rate"": {""denominator"": 1, ""numerator"": 0}, ""delta_local_satisfaction"": {""denominator"": 35, ""numerator"": 0}, ""disruption"": {""denominator"": 1, ""numerator"": 1}, ""eppf"": {""denominator"": 0, ""numerator"": 0}, ""local_satisfaction"": {""denominator"": 35, ""numerator"": 11}, ""pfr"": {""denominator"": 0, ""numerator"": 0}, ""sir"": {""denominator"": 24, ""numerator"": 0}, ""srr"": {""denominator"": 11, ""numerator"": 0}, ""vacuous_improvement"": {""denominator"": 1, ""numerator"": 0}}","{""base_deletion_rate"": {""denominator"": 1, ""numerator"": 1}, ""deletes_base_action_rate"": {""denominator"": 1, ""numerator"": 1}, ""delta_local_satisfaction"": {""denominator"": 35, ""numerator"": 1}, ""disruption"": {""denominator"": 1, ""numerator"": 1}, ""eppf"": {""denominator"": 0, ""numerator"": 0}, ""local_satisfaction"": {""denominator"": 45, ""numerator"": 22}, ""pfr"": {""denominator"": 0, ""numerator"": 0}, ""sir"": {""denominator"": 24, ""numerator"": 1}, ""srr"": {""denominator"": 11, ""numerator"": 0}, ""vacuous_improvement"": {""denominator"": 1, ""numerator"": 1}}",
292,70436,inverse,1,42,2,30,,"[74215, 74214, 74195, 0, 0, 0]","[0, 0, 0, 74195, 74214, 74215]",,0,0,0,0,"{""base_deletion_rate"": {""denominator"": 1, ""numerator"": 0}, ""deletes_base_action_rate"": {""denominator"": 1, ""numerator"": 0}, ""delta_local_satisfaction"": {""denominator"": 37, ""numerator"": 0}, ""disruption"": {""denominator"": 1, ""numerator"": 1}, ""eppf"": {""denominator"": 0, ""numerator"": 0}, ""local_satisfaction"": {""denominator"": 37, ""numerator"": 20}, ""pfr"": {""denominator"": 0, ""numerator"": 0}, ""sir"": {""denominator"": 17, ""numerator"": 0}, ""srr"": {""denominator"": 19, ""numerator"": 0}, ""vacuous_improvement"": {""denominator"": 1, ""numerator"": 0}}","{""base_deletion_rate"": {""denominator"": 1, ""numerator"": 1}, ""deletes_base_action_rate"": {""denominator"": 1, ""numerator"": 1}, ""delta_local_satisfaction"": {""denominator"": 37, ""numerator"": 0}, ""disruption"": {""denominator"": 1, ""numerator"": 1}, ""eppf"": {""denominator"": 0, ""numerator"": 0}, ""local_satisfaction"": {""denominator"": 43, ""numerator"": 26}, ""pfr"": {""denominator"": 0, ""numerator"": 0}, ""sir"": {""denominator"": 17, ""numerator"": 0}, ""srr"": {""denominator"": 19, ""numerator"": 0}, ""vacuous_improvement"": {""denominator"": 1, ""numerator"": 0}}",
293,51881,conflictWith,1,43,23,24,25,"[0, 0, 0, 74195, 74214, 74197]","[0, 0, 0, 74195, 74214, 74215]","[0, 0, 0, 74195, 74196, 74197]",0,1,0,1,"{""base_deletion_rate"": {""denominator"": 1, ""numerator"": 0}, ""deletes_base_action_rate"": {""denominator"": 1, ""numerator"": 0}, ""delta_local_satisfaction"": {""denominator"": 54, ""numerator"": 0}, ""disruption"": {""denominator"": 1, ""numerator"": 1}, ""eppf"": {""denominator"": 1, ""numerator"": 0}, ""local_satisfaction"": {""denominator"": 54, ""numerator"": 18}, ""pfr"": {""denominator"": 1, ""numerator"": 0}, ""sir"": {""denominator"": 35, ""numerator"": 0}, ""srr"": {""denominator"": 18, ""numerator"": 0}, ""vacuous_improvement"": {""denominator"": 1, ""numerator"": 0}}","{""base_deletion_rate"": {""denominator"": 1, ""numerator"": 1}, ""deletes_base_action_rate"": {""denominator"": 1, ""numerator"": 1}, ""delta_local_satisfaction"": {""denominator"": 54, ""numerator"": 10}, ""disruption"": {""denominator"": 1, ""numerator"": 1}, ""eppf"": {""denominator"": 1, ""numerator"": 0}, ""local_satisfaction"": {""denominator"": 59, ""numerator"": 33}, ""pfr"": {""denominator"": 1, ""numerator"": 1}, ""sir"": {""denominator"": 35, ""numerator"": 9}, ""srr"": {""denominator"": 18, ""numerator"": 0}, ""vacuous_improvement"": {""denominator"": 1, ""numerator"": 1}}","{""base_deletion_rate"": {""denominator"": 1, ""numerator"": 0}, ""deletes_base_action_rate"": {""denominator"": 1, ""numerator"": 0}, ""delta_local_satisfaction"": {""denominator"": 54, ""numerator"": 7}, ""disruption"": {""denominator"": 1, ""numerator"": 1}, ""eppf"": {""denominator"": 1, ""numerator"": 1}, ""local_satisfaction"": {""denominator"": 54, ""numerator"": 25}, ""pfr"": {""denominator"": 1, ""numerator"": 1}, ""sir"": {""denominator"": 35, ""numerator"": 6}, ""srr"": {""denominator"": 18, ""numerator"": 0}, ""vacuous_improvement"": {""denominator"": 1, ""numerator"": 0}}"
302,60875,single,1,41,1,22,,"[74195, 74214, 98872, 0, 0, 0]","[0, 0, 0, 74195, 74214, 74215]",,0,0,0,0,"{""base_deletion_rate"": {""denominator"": 1, ""numerator"": 0}, ""deletes_base_action_rate"": {""denominator"": 1, ""numerator"": 0}, ""delta_local_satisfaction"": {""denominator"": 24, ""numerator"": -1}, ""disruption"": {""denominator"": 1, ""numerator"": 1}, ""eppf"": {""denominator"": 0, ""numerator"": 0}, ""local_satisfaction"": {""denominator"": 24, ""numerator"": 7}, ""pfr"": {""denominator"": 0, ""numerator"": 0}, ""sir"": {""denominator"": 16, ""numerator"": 0}, ""srr"": {""denominator"": 7, ""numerator"": 0}, ""vacuous_improvement"": {""denominator"": 1, ""numerator"": 0}}","{""base_deletion_rate"": {""denominator"": 1, ""numerator"": 1}, ""deletes_base_action_rate"": {""denominator"": 1, ""numerator"": 1}, ""delta_local_satisfaction"": {""denominator"": 24, ""numerator"": 1}, ""disruption"": {""denominator"": 1, ""numerator"": 1}, ""eppf"": {""denominator"": 0, ""numerator"": 0}, ""local_satisfaction"": {""denominator"": 24, ""numerator"": 9}, ""pfr"": {""denominator"": 0, ""numerator"": 0}, ""sir"": {""denominator"": 16, ""numerator"": 1}, ""srr"": {""denominator"": 7, ""numerator"": 0}, ""vacuous_improvement"": {""denominator"": 1, ""numerator"": 1}}",
306,56096,single,1,42,2,34,38,"[74195, 30990, 30002, 0, 0, 0]","[0, 0, 0, 74195, 74214, 74215]","[0, 0, 0, 74195, 74214, 74197]",0,1,0,1,"{""base_deletion_rate"": {""denominator"": 1, ""numerator"": 0}, ""deletes_base_action_rate"": {""denominator"": 1, ""numerator"": 0}, ""delta_local_satisfaction"": {""denominator"": 96, ""numerator"": 0}, ""disruption"": {""denominator"": 1, ""numerator"": 1}, ""eppf"": {""denominator"": 1, ""numerator"": 0}, ""local_satisfaction"": {""denominator"": 96, ""numerator"": 90}, ""pfr"": {""denominator"": 1, ""numerator"": 0}, ""sir"": {""denominator"": 5, ""numerator"": 0}, ""srr"": {""denominator"": 90, ""numerator"": 0}, ""vacuous_improvement"": {""denominator"": 1, ""numerator"": 0}}","{""base_deletion_rate"": {""denominator"": 1, ""numerator"": 1}, ""deletes_base_action_rate"": {""denominator"": 1, ""numerator"": 1}, ""delta_local_satisfaction"": {""denominator"": 96, ""numerator"": 1}, ""disruption"": {""denominator"": 1, ""numerator"": 1}, ""eppf"": {""denominator"": 1, ""numerator"": 0}, ""local_satisfaction"": {""denominator"": 113, ""numerator"": 108}, ""pfr"": {""denominator"": 1, ""numerator"": 1}, ""sir"": {""denominator"": 5, ""numerator"": 0}, ""srr"": {""denominator"": 90, ""numerator"": 0}, ""vacuous_improvement"": {""denominator"": 1, ""numerator"": 1}}","{""base_deletion_rate"": {""denominator"": 1, ""numerator"": 0}, ""deletes_base_action_rate"": {""denominator"": 1, ""numerator"": 0}, ""delta_local_satisfaction"": {""denominator"": 96, ""numerator"": 1}, ""disruption"": {""denominator"": 1, ""numerator"": 1}, ""eppf"": {""denominator"": 1, ""numerator"": 1}, ""local_satisfaction"": {""denominator"": 96, ""numerator"": 91}, ""pfr"": {""denominator"": 1, ""numerator"": 1}, ""sir"": {""denominator"": 5, ""numerator"": 0}, ""srr"": {""denominator"": 90, ""numerator"": 0}, ""vacuous_improvement"": {""denominator"": 1, ""numerator"": 0}}"
310,51756,valueType,1,44,4,31,,"[74215, 29762, 98872, 0, 0, 0]","[0, 0, 0, 74195, 74214, 74215]",,0,0,0,0,"{""base_deletion_rate"": {""denominator"": 1, ""numerator"": 0}, ""deletes_base_action_rate"": {""denominator"": 1, ""numerator"": 0}, ""delta_local_satisfaction"": {""denominator"": 147, ""numerator"": 0}, ""disruption"": {""denominator"": 1, ""numerator"": 1}, ""eppf"": {""denominator"": 0, ""numerator"": 0}, ""local_satisfaction"": {""denominator"": 147, ""numerator"": 137}, ""pfr"": {""denominator"": 0, ""numerator"": 0}, ""sir"": {""denominator"": 10, ""numerator"": 0}, ""srr"": {""denominator"": 137, ""numerator"": 0}, ""vacuous_improvement"": {""denominator"": 1, ""numerator"": 0}}","{""base_deletion_rate"": {""denominator"": 1, ""numerator"": 1}, ""deletes_base_action_rate"": {""denominator"": 1, ""numerator"": 1}, ""delta_local_satisfaction"": {""denominator"": 147, ""numerator"": 0}, ""disruption"": {""denominator"": 1, ""numerator"": 1}, ""eppf"": {""denominator"": 0, ""numerator"": 0}, ""local_satisfaction"": {""denominator"": 181, ""numerator"": 171}, ""pfr"": {""denominator"": 0, ""numerator"": 0}, ""sir"": {""denominator"": 10, ""numerator"": 0}, ""srr"": {""denominator"": 137, ""numerator"": 0}, ""vacuous_improvement"": {""denominator"": 1, ""numerator"": 0}}",
316,73060,inverse,1,42,2,30,,"[74215, 74214, 74195, 0, 0, 0]","[0, 0, 0, 74195, 74214, 74215]",,0,0,0,0,"{""base_deletion_rate"": {""denominator"": 1, ""numerator"": 0}, ""deletes_base_action_rate"": {""denominator"": 1, ""numerator"": 0}, ""delta_local_satisfaction"": {""denominator"": 38, ""numerator"": 0}, ""disruption"": {""denominator"": 1, ""numerator"": 1}, ""eppf"": {""denominator"": 0, ""numerator"": 0}, ""local_satisfaction"": {""denominator"": 38, ""numerator"": 24}, ""pfr"": {""denominator"": 0, ""numerator"": 0}, ""sir"": {""denominator"": 14, ""numerator"": 0}, ""srr"": {""denominator"": 23, ""numerator"": 0}, ""vacuous_improvement"": {""denominator"": 1, ""numerator"": 0}}","{""base_deletion_rate"": {""denominator"": 1, ""numerator"": 1}, ""deletes_base_action_rate"": {""denominator"": 1, ""numerator"": 1}, ""delta_local_satisfaction"": {""denominator"": 38, ""numerator"": 0}, ""disruption"": {""denominator"": 1, ""numerator"": 1}, ""eppf"": {""denominator"": 0, ""numerator"": 0}, ""local_satisfaction"": {""denominator"": 45, ""numerator"": 31}, ""pfr"": {""denominator"": 0, ""numerator"": 0}, ""sir"": {""denominator"": 14, ""numerator"": 0}, ""srr"": {""denominator"": 23, ""numerator"": 0}, ""vacuous_improvement"": {""denominator"": 1, ""numerator"": 0}}",
318,53992,valueType,1,43,3,32,,"[74215, 74214, 29818, 0, 0, 0]","[0, 0, 0, 74195, 74214, 74215]",,0,0,0,0,"{""base_deletion_rate"": {""denominator"": 1, ""numerator"": 0}, ""deletes_base_action_rate"": {""denominator"": 1, ""numerator"": 0}, ""delta_local_satisfaction"": {""denominator"": 66, ""numerator"": 0}, ""disruption"": {""denominator"": 1, ""numerator"": 1}, ""eppf"": {""denominator"": 0, ""numerator"": 0}, ""local_satisfaction"": {""denominator"": 66, ""numerator"": 42}, ""pfr"": {""denominator"": 0, ""numerator"": 0}, ""sir"": {""denominator"": 24, ""numerator"": 0}, ""srr"": {""denominator"": 42, ""numerator"": 0}, ""vacuous_improvement"": {""denominator"": 1, ""numerator"": 0}}","{""base_deletion_rate"": {""denominator"": 1, ""numerator"": 1}, ""deletes_base_action_rate"": {""denominator"": 1, ""numerator"": 1}, ""delta_local_satisfaction"": {""denominator"": 66, ""numerator"": 0}, ""disruption"": {""denominator"": 1, ""numerator"": 1}, ""eppf"": {""denominator"": 0, ""numerator"": 0}, ""local_satisfaction"": {""denominator"": 85, ""numerator"": 61}, ""pfr"": {""denominator"": 0, ""numerator"": 0}, ""sir"": {""denominator"": 24, ""numerator"": 0}, ""srr"": {""denominator"": 42, ""numerator"": 0}, ""vacuous_improvement"": {""denominator"": 1, ""numerator"": 0}}",
319,51761,itemRequiresStatement,1,41,1,30,,"[74215, 29803, 29818, 0, 0, 0]","[0, 0, 0, 74195, 74214, 74215]",,0,0,0,0,"{""base_deletion_rate"": {""denominator"": 1, ""numerator"": 0}, ""deletes_base_action_rate"": {""denominator"": 1, ""numerator"": 0}, ""delta_local_satisfaction"": {""denominator"": 9, ""numerator"": 0}, ""disruption"": {""denominator"": 1, ""numerator"": 1}, ""eppf"": {""denominator"": 0, ""numerator"": 0}, ""local_satisfaction"": {""denominator"": 9, ""numerator"": 8}, ""pfr"": {""denominator"": 0, ""numerator"": 0}, ""sir"": {""denominator"": 1, ""numerator"": 0}, ""srr"": {""denominator"": 8, ""numerator"": 0}, ""vacuous_improvement"": {""denominator"": 1, ""numerator"": 0}}","{""base_deletion_rate"": {""denominator"": 1, ""numerator"": 1}, ""deletes_base_action_rate"": {""denominator"": 1, ""numerator"": 1}, ""delta_local_satisfaction"": {""denominator"": 9, ""numerator"": 0}, ""disruption"": {""denominator"": 1, ""numerator"": 1}, ""eppf"": {""denominator"": 0, ""numerator"": 0}, ""local_satisfaction"": {""denominator"": 16, ""numerator"": 15}, ""pfr"": {""denominator"": 0, ""numerator"": 0}, ""sir"": {""denominator"": 1, ""numerator"": 0}, ""srr"": {""denominator"": 8, ""numerator"": 0}, ""vacuous_improvement"": {""denominator"": 1, ""numerator"": 0}}",
322,64322,valueType,1,45,5,32,,"[74195, 74214, 98872, 0, 0, 0]","[0, 0, 0, 74195, 74214, 74215]",,0,0,0,0,"{""base_deletion_rate"": {""denominator"": 1, ""numerator"": 0}, ""deletes_base_action_rate"": {""denominator"": 1, ""numerator"": 0}, ""delta_local_satisfaction"": {""denominator"": 44, ""numerator"": 0}, ""disruption"": {""denominator"": 1, ""numerator"": 1}, ""eppf"": {""denominator"": 0, ""numerator"": 0}, ""local_satisfaction"": {""denominator"": 44, ""numerator"": 21}, ""pfr"": {""denominator"": 0, ""numerator"": 0}, ""sir"": {""denominator"": 23, ""numerator"": 0}, ""srr"": {""denominator"": 21, ""numerator"": 0}, ""vacuous_improvement"": {""denominator"": 1, ""numerator"": 0}}","{""base_deletion_rate"": {""denominator"": 1, ""numerator"": 1}, ""deletes_base_action_rate"": {""denominator"": 1, ""numerator"": 1}, ""delta_local_satisfaction"": {""denominator"": 44, ""numerator"": 1}, ""disruption"": {""denominator"": 1, ""numerator"": 1}, ""eppf"": {""denominator"": 0, ""numerator"": 0}, ""local_satisfaction"": {""denominator"": 57, ""numerator"": 35}, ""pfr"": {""denominator"": 0, ""numerator"": 0}, ""sir"": {""denominator"": 23, ""numerator"": 1}, ""srr"": {""denominator"": 21, ""numerator"": 0}, ""vacuous_improvement"": {""denominator"": 1, ""numerator"": 1}}",
325,56798,itemRequiresStatement,1,41,1,29,,"[74215, 74214, 74195, 0, 0, 0]","[0, 0, 0, 74195, 74214, 74215]",,0,0,0,0,"{""base_deletion_rate"": {""denominator"": 1, ""numerator"": 0}, ""deletes_base_action_rate"": {""denominator"": 1, ""numerator"": 0}, ""delta_local_satisfaction"": {""denominator"": 49, ""numerator"": 0}, ""disruption"": {""denominator"": 1, ""numerator"": 1}, ""eppf"": {""denominator"": 0, ""numerator"": 0}, ""local_satisfaction"": {""denominator"": 49, ""numerator"": 28}, ""pfr"": {""denominator"": 0, ""numerator"": 0}, ""sir"": {""denominator"": 21, ""numerator"": 0}, ""srr"": {""denominator"": 27, ""numerator"": 0}, ""vacuous_improvement"": {""denominator"": 1, ""numerator"": 0}}","{""base_deletion_rate"": {""denominator"": 1, ""numerator"": 1}, ""deletes_base_action_rate"": {""denominator"": 1, ""numerator"": 1}, ""delta_local_satisfaction"": {""denominator"": 49, ""numerator"": 0}, ""disruption"": {""denominator"": 1, ""numerator"": 1}, ""eppf"": {""denominator"": 0, ""numerator"": 0}, ""local_satisfaction"": {""denominator"": 60, ""numerator"": 39}, ""pfr"": {""denominator"": 0, ""numerator"": 0}, ""sir"": {""denominator"": 21, ""numerator"": 0}, ""srr"": {""denominator"": 27, ""numerator"": 0}, ""vacuous_improvement"": {""denominator"": 1, ""numerator"": 0}}",
327,53611,valueType,1,42,2,30,,"[74195, 29762, 98872, 0, 0, 0]","[0, 0, 0, 74195, 74214, 74215]",,0,0,0,0,"{""base_deletion_rate"": {""denominator"": 1, ""numerator"": 0}, ""deletes_base_action_rate"": {""denominator"": 1, ""numerator"": 0}, ""delta_local_satisfaction"": {""denominator"": 18, ""numerator"": 0}, ""disruption"": {""denominator"": 1, ""numerator"": 1}, ""eppf"": {""denominator"": 0, ""numerator"": 0}, ""local_satisfaction"": {""denominator"": 18, ""numerator"": 11}, ""pfr"": {""denominator"": 0, ""numerator"": 0}, ""sir"": {""denominator"": 7, ""numerator"": 0}, ""srr"": {""denominator"": 11, ""numerator"": 0}, ""vacuous_improvement"": {""denominator"": 1, ""numerator"": 0}}","{""base_deletion_rate"": {""denominator"": 1, ""numerator"": 1}, ""deletes_base_action_rate"": {""denominator"": 1, ""numerator"": 1}, ""delta_local_satisfaction"": {""denominator"": 18, ""numerator"": 0}, ""disruption"": {""denominator"": 1, ""numerator"": 1}, ""eppf"": {""denominator"": 0, ""numerator"": 0}, ""local_satisfaction"": {""denominator"": 20, ""numerator"": 13}, ""pfr"": {""denominator"": 0, ""numerator"": 0}, ""sir"": {""denominator"": 7, ""numerator"": 0}, ""srr"": {""denominator"": 11, ""numerator"": 0}, ""vacuous_improvement"": {""denominator"": 1, ""numerator"": 0}}",
328,58878,conflictWith,1,42,22,22,23,"[0, 0, 0, 74195, 74214, 74197]","[0, 0, 0, 74195, 74214, 74197]","[0, 0, 0, 74195, 74196, 74197]",1,1,0,1,"{""base_deletion_rate"": {""denominator"": 1, ""numerator"": 1}, ""deletes_base_action_rate"": {""denominator"": 1, ""numerator"": 1}, ""delta_local_satisfaction"": {""denominator"": 96, ""numerator"": 3}, ""disruption"": {""denominator"": 1, ""numerator"": 1}, ""eppf"": {""denominator"": 1, ""numerator"": 0}, ""local_satisfaction"": {""denominator"": 125, ""numerator"": 70}, ""pfr"": {""denominator"": 1, ""numerator"": 1}, ""sir"": {""denominator"": 57, ""numerator"": 2}, ""srr"": {""denominator"": 38, ""numerator"": 0}, ""vacuous_improvement"": {""denominator"": 1, ""numerator"": 1}}","{""base_deletion_rate"": {""denominator"": 1, ""numerator"": 1}, ""deletes_base_action_rate"": {""denominator"": 1, ""numerator"": 1}, ""delta_local_satisfaction"": {""denominator"": 96, ""numerator"": 3}, ""disruption"": {""denominator"": 1, ""numerator"": 1}, ""eppf"": {""denominator"": 1, ""numerator"": 0}, ""local_satisfaction"": {""denominator"": 125, ""numerator"": 70}, ""pfr"": {""denominator"": 1, ""numerator"": 1}, ""sir"": {""denominator"": 57, ""numerator"": 2}, ""srr"": {""denominator"": 38, ""numerator"": 0}, ""vacuous_improvement"": {""denominator"": 1, ""numerator"": 1}}","{""base_deletion_rate"": {""denominator"": 1, ""numerator"": 0}, ""deletes_base_action_rate"": {""denominator"": 1, ""numerator"": 0}, ""delta_local_satisfaction"": {""denominator"": 96, ""numerator"": 3}, ""disruption"": {""denominator"": 1, ""numerator"": 1}, ""eppf"": {""denominator"": 1, ""numerator"": 1}, ""local_satisfaction"": {""denominator"": 97, ""numerator"": 42}, ""pfr"": {""denominator"": 1, ""numerator"": 1}, ""sir"": {""denominator"": 57, ""numerator"": 2}, ""srr"": {""denominator"": 38, ""numerator"": 0}, ""vacuous_improvement"": {""denominator"": 1, ""numerator"": 0}}"
329,53442,conflictWith,1,42,22,22,24,"[0, 0, 0, 74195, 74214, 74215]","[0, 0, 0, 74195, 74214, 74215]","[0, 0, 0, 74195, 74196, 74215]",1,1,0,1,"{""base_deletion_rate"": {""denominator"": 1, ""numerator"": 1}, ""deletes_base_action_rate"": {""denominator"": 1, ""numerator"": 1}, ""delta_local_satisfaction"": {""denominator"": 96, ""numerator"": 3}, ""disruption"": {""denominator"": 1, ""numerator"": 1}, ""eppf"": {""denominator"": 1, ""numerator"": 0}, ""local_satisfaction"": {""denominator"": 123, ""numerator"": 63}, ""pfr"": {""denominator"": 1, ""numerator"": 1}, ""sir"": {""denominator"": 62, ""numerator"": 2}, ""srr"": {""denominator"": 33, ""numerator"": 0}, ""vacuous_improvement"": {""denominator"": 1, ""numerator"": 1}}","{""base_deletion_rate"": {""denominator"": 1, ""numerator"": 1}, ""deletes_base_action_rate"": {""denominator"": 1, ""numerator"": 1}, ""delta_local_satisfaction"": {""denominator"": 96, ""numerator"": 3}, ""disruption"": {""denominator"": 1, ""numerator"": 1}, ""eppf"": {""denominator"": 1, ""numerator"": 0}, ""local_satisfaction"": {""denominator"": 123, ""numerator"": 63}, ""pfr"": {""denominator"": 1, ""numerator"": 1}, ""sir"": {""denominator"": 62, ""numerator"": 2}, ""srr"": {""denominator"": 33, ""numerator"": 0}, ""vacuous_improvement"": {""denominator"": 1, ""numerator"": 1}}","{""base_deletion_rate"": {""denominator"": 1, ""numerator"": 0}, ""deletes_base_action_rate"": {""denominator"": 1, ""numerator"": 0}, ""delta_local_satisfaction"": {""denominator"": 96, ""numerator"": 3}, ""disruption"": {""denominator"": 1, ""numerator"": 1}, ""eppf"": {""denominator"": 1, ""numerator"": 1}, ""local_satisfaction"": {""denominator"": 97, ""numerator"": 37}, ""pfr"": {""denominator"": 1, ""numerator"": 1}, ""sir"": {""denominator"": 62, ""numerator"": 2}, ""srr"": {""denominator"": 33, ""numerator"": 0}, ""vacuous_improvement"": {""denominator"": 1, ""numerator"": 0}}"
332,53442,conflictWith,1,42,22,22,24,"[0, 0, 0, 74195, 74214, 74215]","[0, 0, 0, 74195, 74214, 74215]","[0, 0, 0, 74195, 74196, 74215]",1,1,0,1,"{""base_deletion_rate"": {""denominator"": 1, ""numerator"": 1}, ""deletes_base_action_rate"": {""denominator"": 1, ""numerator"": 1}, ""delta_local_satisfaction"": {""denominator"": 37, ""numerator"": 3}, ""disruption"": {""denominator"": 1, ""numerator"": 1}, ""eppf"": {""denominator"": 1, ""numerator"": 0}, ""local_satisfaction"": {""denominator"": 45, ""numerator"": 23}, ""pfr"": {""denominator"": 1, ""numerator"": 1}, ""sir"": {""denominator"": 24, ""numerator"": 2}, ""srr"": {""denominator"": 12, ""numerator"": 0}, ""vacuous_improvement"": {""denominator"": 1, ""numerator"": 1}}","{""base_deletion_rate"": {""denominator"": 1, ""numerator"": 1}, ""deletes_base_action_rate"": {""denominator"": 1, ""numerator"": 1}, ""delta_local_satisfaction"": {""denominator"": 37, ""numerator"": 3}, ""disruption"": {""denominator"": 1, ""numerator"": 1}, ""eppf"": {""denominator"": 1, ""numerator"": 0}, ""local_satisfaction"": {""denominator"": 45, ""numerator"": 23}, ""pfr"": {""denominator"": 1, ""numerator"": 1}, ""sir"": {""denominator"": 24, ""numerator"": 2}, ""srr"": {""denominator"": 12, ""numerator"": 0}, ""vacuous_improvement"": {""denominator"": 1, ""numerator"": 1}}","{""base_deletion_rate"": {""denominator"": 1, ""numerator"": 0}, ""deletes_base_action_rate"": {""denominator"": 1, ""numerator"": 0}, ""delta_local_satisfaction"": {""denominator"": 37, ""numerator"": 3}, ""disruption"": {""denominator"": 1, ""numerator"": 1}, ""eppf"": {""denominator"": 1, ""numerator"": 1}, ""local_satisfaction"": {""denominator"": 38, ""numerator"": 16}, ""pfr"": {""denominator"": 1, ""numerator"": 1}, ""sir"": {""denominator"": 24, ""numerator"": 2}, ""srr"": {""denominator"": 12, ""numerator"": 0}, ""vacuous_improvement"": {""denominator"": 1, ""numerator"": 0}}"
333,56490,valueRequiresStatement,1,41,1,29,,"[74215, 74214, 29818, 0, 0, 0]","[0, 0, 0, 74195, 74214, 74215]",,0,0,0,0,"{""base_deletion_rate"": {""denominator"": 1, ""numerator"": 0}, ""deletes_base_action_rate"": {""denominator"": 1, ""numerator"": 0}, ""delta_local_satisfaction"": {""denominator"": 21, ""numerator"": 0}, ""disruption"": {""denominator"": 1, ""numerator"": 1}, ""eppf"": {""denominator"": 0, ""numerator"": 0}, ""local_satisfaction"": {""denominator"": 21, ""numerator"": 9}, ""pfr"": {""denominator"": 0, ""numerator"": 0}, ""sir"": {""denominator"": 12, ""numerator"": 0}, ""srr"": {""denominator"": 9, ""numerator"": 0}, ""vacuous_improvement"": {""denominator"": 1, ""numerator"": 0}}","{""base_deletion_rate"": {""denominator"": 1, ""numerator"": 1}, ""deletes_base_action_rate"": {""denominator"": 1, ""numerator"": 1}, ""delta_local_satisfaction"": {""denominator"": 21, ""numerator"": 12}, ""disruption"": {""denominator"": 1, ""numerator"": 1}, ""eppf"": {""denominator"": 0, ""numerator"": 0}, ""local_satisfaction"": {""denominator"": 25, ""numerator"": 25}, ""pfr"": {""denominator"": 0, ""numerator"": 0}, ""sir"": {""denominator"": 12, ""numerator"": 12}, ""srr"": {""denominator"": 9, ""numerator"": 0}, ""vacuous_improvement"": {""denominator"": 1, ""numerator"": 1}}",
334,50360,inverse,1,42,2,30,,"[74215, 74214, 74195, 0, 0, 0]","[0, 0, 0, 74195, 74214, 74215]",,0,0,0,0,"{""base_deletion_rate"": {""denominator"": 1, ""numerator"": 0}, ""deletes_base_action_rate"": {""denominator"": 1, ""numerator"": 0}, ""delta_local_satisfaction"": {""denominator"": 36, ""numerator"": 0}, ""disruption"": {""denominator"": 1, ""numerator"": 1}, ""eppf"": {""denominator"": 0, ""numerator"": 0}, ""local_satisfaction"": {""denominator"": 36, ""numerator"": 18}, ""pfr"": {""denominator"": 0, ""numerator"": 0}, ""sir"": {""denominator"": 18, ""numerator"": 0}, ""srr"": {""denominator"": 17, ""numerator"": 0}, ""vacuous_improvement"": {""denominator"": 1, ""numerator"": 0}}","{""base_deletion_rate"": {""denominator"": 1, ""numerator"": 1}, ""deletes_base_action_rate"": {""denominator"": 1, ""numerator"": 1}, ""delta_local_satisfaction"": {""denominator"": 36, ""numerator"": 0}, ""disruption"": {""denominator"": 1, ""numerator"": 1}, ""eppf"": {""denominator"": 0, ""numerator"": 0}, ""local_satisfaction"": {""denominator"": 45, ""numerator"": 27}, ""pfr"": {""denominator"": 0, ""numerator"": 0}, ""sir"": {""denominator"": 18, ""numerator"": 0}, ""srr"": {""denominator"": 17, ""numerator"": 0}, ""vacuous_improvement"": {""denominator"": 1, ""numerator"": 0}}",
335,72906,valueRequiresStatement,1,41,1,34,,"[74195, 29762, 30002, 0, 0, 0]","[0, 0, 0, 74195, 74214, 74215]",,0,0,0,0,"{""base_deletion_rate"": {""denominator"": 1, ""numerator"": 0}, ""deletes_base_action_rate"": {""denominator"": 1, ""numerator"": 0}, ""delta_local_satisfaction"": {""denominator"": 35, ""numerator"": 0}, ""disruption"": {""denominator"": 1, ""numerator"": 1}, ""eppf"": {""denominator"": 0, ""numerator"": 0}, ""local_satisfaction"": {""denominator"": 35, ""numerator"": 28}, ""pfr"": {""denominator"": 0, ""numerator"": 0}, ""sir"": {""denominator"": 7, ""numerator"": 0}, ""srr"": {""denominator"": 27, ""numerator"": 0}, ""vacuous_improvement"": {""denominator"": 1, ""numerator"": 0}}","{""base_deletion_rate"": {""denominator"": 1, ""numerator"": 1}, ""deletes_base_action_rate"": {""denominator"": 1, ""numerator"": 1}, ""delta_local_satisfaction"": {""denominator"": 35, ""numerator"": 0}, ""disruption"": {""denominator"": 1, ""numerator"": 1}, ""eppf"": {""denominator"": 0, ""numerator"": 0}, ""local_satisfaction"": {""denominator"": 46, ""numerator"": 39}, ""pfr"": {""denominator"": 0, ""numerator"": 0}, ""sir"": {""denominator"": 7, ""numerator"": 0}, ""srr"": {""denominator"": 27, ""numerator"": 0}, ""vacuous_improvement"": {""denominator"": 1, ""numerator"": 0}}",
336,52215,itemRequiresStatement,1,41,1,28,,"[74195, 74214, 98872, 0, 0, 0]","[0, 0, 0, 74195, 74214, 74215]",,0,0,0,0,"{""base_deletion_rate"": {""denominator"": 1, ""numerator"": 0}, ""deletes_base_action_rate"": {""denominator"": 1, ""numerator"": 0}, ""delta_local_satisfaction"": {""denominator"": 24, ""numerator"": 0}, ""disruption"": {""denominator"": 1, ""numerator"": 1}, ""eppf"": {""denominator"": 0, ""numerator"": 0}, ""local_satisfaction"": {""denominator"": 24, ""numerator"": 8}, ""pfr"": {""denominator"": 0, ""numerator"": 0}, ""sir"": {""denominator"": 16, ""numerator"": 0}, ""srr"": {""denominator"": 7, ""numerator"": 0}, ""vacuous_improvement"": {""denominator"": 1, ""numerator"": 0}}","{""base_deletion_rate"": {""denominator"": 1, ""numerator"": 1}, ""deletes_base_action_rate"": {""denominator"": 1, ""numerator"": 1}, ""delta_local_satisfaction"": {""denominator"": 24, ""numerator"": 2}, ""disruption"": {""denominator"": 1, ""numerator"": 1}, ""eppf"": {""denominator"": 0, ""numerator"": 0}, ""local_satisfaction"": {""denominator"": 26, ""numerator"": 12}, ""pfr"": {""denominator"": 0, ""numerator"": 0}, ""sir"": {""denominator"": 16, ""numerator"": 2}, ""srr"": {""denominator"": 7, ""numerator"": 0}, ""vacuous_improvement"": {""denominator"": 1, ""numerator"": 1}}",
338,52397,valueRequiresStatement,1,41,1,28,,"[74215, 74214, 98872, 0, 0, 0]","[0, 0, 0, 74195, 74214, 74215]",,0,0,0,0,"{""base_deletion_rate"": {""denominator"": 1, ""numerator"": 0}, ""deletes_base_action_rate"": {""denominator"": 1, ""numerator"": 0}, ""delta_local_satisfaction"": {""denominator"": 13, ""numerator"": 0}, ""disruption"": {""denominator"": 1, ""numerator"": 1}, ""eppf"": {""denominator"": 0, ""numerator"": 0}, ""local_satisfaction"": {""denominator"": 13, ""numerator"": 3}, ""pfr"": {""denominator"": 0, ""numerator"": 0}, ""sir"": {""denominator"": 10, ""numerator"": 0}, ""srr"": {""denominator"": 3, ""numerator"": 0}, ""vacuous_improvement"": {""denominator"": 1, ""numerator"": 0}}","{""base_deletion_rate"": {""denominator"": 1, ""numerator"": 1}, ""deletes_base_action_rate"": {""denominator"": 1, ""numerator"": 1}, ""delta_local_satisfaction"": {""denominator"": 13, ""numerator"": 3}, ""disruption"": {""denominator"": 1, ""numerator"": 1}, ""eppf"": {""denominator"": 0, ""numerator"": 0}, ""local_satisfaction"": {""denominator"": 16, ""numerator"": 9}, ""pfr"": {""denominator"": 0, ""numerator"": 0}, ""sir"": {""denominator"": 10, ""numerator"": 3}, ""srr"": {""denominator"": 3, ""numerator"": 0}, ""vacuous_improvement"": {""denominator"": 1, ""numerator"": 1}}",
341,58453,inverse,1,42,2,32,,"[74215, 32015, 74195, 0, 0, 0]","[0, 0, 0, 74195, 74214, 74215]",,0,0,0,0,"{""base_deletion_rate"": {""denominator"": 1, ""numerator"": 0}, ""deletes_base_action_rate"": {""denominator"": 1, ""numerator"": 0}, ""delta_local_satisfaction"": {""denominator"": 5, ""numerator"": 0}, ""disruption"": {""denominator"": 1, ""numerator"": 1}, ""eppf"": {""denominator"": 0, ""numerator"": 0}, ""local_satisfaction"": {""denominator"": 5, ""numerator"": 1}, ""pfr"": {""denominator"": 0, ""numerator"": 0}, ""sir"": {""denominator"": 4, ""numerator"": 0}, ""srr"": {""denominator"": 0, ""numerator"": 0}, ""vacuous_improvement"": {""denominator"": 1, ""numerator"": 0}}","{""base_deletion_rate"": {""denominator"": 1, ""numerator"": 1}, ""deletes_base_action_rate"": {""denominator"": 1, ""numerator"": 1}, ""delta_local_satisfaction"": {""denominator"": 5, ""numerator"": 1}, ""disruption"": {""denominator"": 1, ""numerator"": 1}, ""eppf"": {""denominator"": 0, ""numerator"": 0}, ""local_satisfaction"": {""denominator"": 5, ""numerator"": 2}, ""pfr"": {""denominator"": 0, ""numerator"": 0}, ""sir"": {""denominator"": 4, ""numerator"": 1}, ""srr"": {""denominator"": 0, ""numerator"": 0}, ""vacuous_improvement"": {""denominator"": 1, ""numerator"": 1}}",
344,51868,conflictWith,1,42,2,41,41,"[74195, 30990, 31172, 0, 0, 0]","[0, 0, 0, 74195, 74196, 74215]","[0, 0, 0, 74195, 74196, 74215]",0,1,0,1,"{""base_deletion_rate"": {""denominator"": 1, ""numerator"": 0}, ""deletes_base_action_rate"": {""denominator"": 1, ""numerator"": 0}, ""delta_local_satisfaction"": {""denominator"": 12, ""numerator"": 0}, ""disruption"": {""denominator"": 1, ""numerator"": 1}, ""eppf"": {""denominator"": 1, ""numerator"": 0}, ""local_satisfaction"": {""denominator"": 12, ""numerator"": 10}, ""pfr"": {""denominator"": 1, ""numerator"": 0}, ""sir"": {""denominator"": 1, ""numerator"": 0}, ""srr"": {""denominator"": 10, ""numerator"": 0}, ""vacuous_improvement"": {""denominator"": 1, ""numerator"": 0}}","{""base_deletion_rate"": {""denominator"": 1, ""numerator"": 0}, ""deletes_base_action_rate"": {""denominator"": 1, ""numerator"": 0}, ""delta_local_satisfaction"": {""denominator"": 12, ""numerator"": 1}, ""disruption"": {""denominator"": 1, ""numerator"": 1}, ""eppf"": {""denominator"": 1, ""numerator"": 1}, ""local_satisfaction"": {""denominator"": 15, ""numerator"": 14}, ""pfr"": {""denominator"": 1, ""numerator"": 1}, ""sir"": {""denominator"": 1, ""numerator"": 0}, ""srr"": {""denominator"": 10, ""numerator"": 0}, ""vacuous_improvement"": {""denominator"": 1, ""numerator"": 0}}","{""base_deletion_rate"": {""denominator"": 1, ""numerator"": 0}, ""deletes_base_action_rate"": {""denominator"": 1, ""numerator"": 0}, ""delta_local_satisfaction"": {""denominator"": 12, ""numerator"": 1}, ""disruption"": {""denominator"": 1, ""numerator"": 1}, ""eppf"": {""denominator"": 1, ""numerator"": 1}, ""local_satisfaction"": {""denominator"": 15, ""numerator"": 14}, ""pfr"": {""denominator"": 1, ""numerator"": 1}, ""sir"": {""denominator"": 1, ""numerator"": 0}, ""srr"": {""denominator"": 10, ""numerator"": 0}, ""vacuous_improvement"": {""denominator"": 1, ""numerator"": 0}}"
346,70810,oneOf,1,51,11,32,,"[74195, 74214, 98872, 0, 0, 0]","[0, 0, 0, 74195, 74214, 74215]",,0,1,0,0,"{""base_deletion_rate"": {""denominator"": 1, ""numerator"": 0}, ""deletes_base_action_rate"": {""denominator"": 1, ""numerator"": 0}, ""delta_local_satisfaction"": {""denominator"": 63, ""numerator"": 0}, ""disruption"": {""denominator"": 1, ""numerator"": 1}, ""eppf"": {""denominator"": 1, ""numerator"": 0}, ""local_satisfaction"": {""denominator"": 63, ""numerator"": 29}, ""pfr"": {""denominator"": 1, ""numerator"": 0}, ""sir"": {""denominator"": 33, ""numerator"": 0}, ""srr"": {""denominator"": 29, ""numerator"": 0}, ""vacuous_improvement"": {""denominator"": 1, ""numerator"": 0}}","{""base_deletion_rate"": {""denominator"": 1, ""numerator"": 1}, ""deletes_base_action_rate"": {""denominator"": 1, ""numerator"": 1}, ""delta_local_satisfaction"": {""denominator"": 63, ""numerator"": 2}, ""disruption"": {""denominator"": 1, ""numerator"": 1}, ""eppf"": {""denominator"": 1, ""numerator"": 0}, ""local_satisfaction"": {""denominator"": 67, ""numerator"": 35}, ""pfr"": {""denominator"": 1, ""numerator"": 1}, ""sir"": {""denominator"": 33, ""numerator"": 1}, ""srr"": {""denominator"": 29, ""numerator"": 0}, ""vacuous_improvement"": {""denominator"": 1, ""numerator"": 1}}",
347,66339,valueRequiresStatement,1,41,1,32,,"[74215, 74214, 98365, 0, 0, 0]","[0, 0, 0, 74195, 74214, 74215]",,0,0,0,0,"{""base_deletion_rate"": {""denominator"": 1, ""numerator"": 0}, ""deletes_base_action_rate"": {""denominator"": 1, ""numerator"": 0}, ""delta_local_satisfaction"": {""denominator"": 37, ""numerator"": 0}, ""disruption"": {""denominator"": 1, ""numerator"": 1}, ""eppf"": {""denominator"": 0, ""numerator"": 0}, ""local_satisfaction"": {""denominator"": 37, ""numerator"": 33}, ""pfr"": {""denominator"": 0, ""numerator"": 0}, ""sir"": {""denominator"": 4, ""numerator"": 0}, ""srr"": {""denominator"": 32, ""numerator"": 0}, ""vacuous_improvement"": {""denominator"": 1, ""numerator"": 0}}","{""base_deletion_rate"": {""denominator"": 1, ""numerator"": 1}, ""deletes_base_action_rate"": {""denominator"": 1, ""numerator"": 1}, ""delta_local_satisfaction"": {""denominator"": 37, ""numerator"": 0}, ""disruption"": {""denominator"": 1, ""numerator"": 1}, ""eppf"": {""denominator"": 0, ""numerator"": 0}, ""local_satisfaction"": {""denominator"": 52, ""numerator"": 48}, ""pfr"": {""denominator"": 0, ""numerator"": 0}, ""sir"": {""denominator"": 4, ""numerator"": 0}, ""srr"": {""denominator"": 32, ""numerator"": 0}, ""vacuous_improvement"": {""denominator"": 1, ""numerator"": 0}}",
349,64245,valueType,1,47,7,36,,"[74215, 29762, 29900, 0, 0, 0]","[0, 0, 0, 74195, 74214, 74215]",,0,0,0,0,"{""base_deletion_rate"": {""denominator"": 1, ""numerator"": 0}, ""deletes_base_action_rate"": {""denominator"": 1, ""numerator"": 0}, ""delta_local_satisfaction"": {""denominator"": 56, ""numerator"": 0}, ""disruption"": {""denominator"": 1, ""numerator"": 1}, ""eppf"": {""denominator"": 0, ""numerator"": 0}, ""local_satisfaction"": {""denominator"": 56, ""numerator"": 51}, ""pfr"": {""denominator"": 0, ""numerator"": 0}, ""sir"": {""denominator"": 5, ""numerator"": 0}, ""srr"": {""denominator"": 51, ""numerator"": 0}, ""vacuous_improvement"": {""denominator"": 1, ""numerator"": 0}}","{""base_deletion_rate"": {""denominator"": 1, ""numerator"": 1}, ""deletes_base_action_rate"": {""denominator"": 1, ""numerator"": 1}, ""delta_local_satisfaction"": {""denominator"": 56, ""numerator"": 2}, ""disruption"": {""denominator"": 1, ""numerator"": 1}, ""eppf"": {""denominator"": 0, ""numerator"": 0}, ""local_satisfaction"": {""denominator"": 64, ""numerator"": 61}, ""pfr"": {""denominator"": 0, ""numerator"": 0}, ""sir"": {""denominator"": 5, ""numerator"": 2}, ""srr"": {""denominator"": 51, ""numerator"": 0}, ""vacuous_improvement"": {""denominator"": 1, ""numerator"": 1}}",
350,51438,type,1,44,4,32,,"[74215, 29762, 98872, 0, 0, 0]","[0, 0, 0, 74195, 74214, 74215]",,0,0,0,0,"{""base_deletion_rate"": {""denominator"": 1, ""numerator"": 0}, ""deletes_base_action_rate"": {""denominator"": 1, ""numerator"": 0}, ""delta_local_satisfaction"": {""denominator"": 60, ""numerator"": 0}, ""disruption"": {""denominator"": 1, ""numerator"": 1}, ""eppf"": {""denominator"": 0, ""numerator"": 0}, ""local_satisfaction"": {""denominator"": 60, ""numerator"": 57}, ""pfr"": {""denominator"": 0, ""numerator"": 0}, ""sir"": {""denominator"": 3, ""numerator"": 0}, ""srr"": {""denominator"": 57, ""numerator"": 0}, ""vacuous_improvement"": {""denominator"": 1, ""numerator"": 0}}","{""base_deletion_rate"": {""denominator"": 1, ""numerator"": 1}, ""deletes_base_action_rate"": {""denominator"": 1, ""numerator"": 1}, ""delta_local_satisfaction"": {""denominator"": 60, ""numerator"": 0}, ""disruption"": {""denominator"": 1, ""numerator"": 1}, ""eppf"": {""denominator"": 0, ""numerator"": 0}, ""local_satisfaction"": {""denominator"": 68, ""numerator"": 65}, ""pfr"": {""denominator"": 0, ""numerator"": 0}, ""sir"": {""denominator"": 3, ""numerator"": 0}, ""srr"": {""denominator"": 57, ""numerator"": 0}, ""vacuous_improvement"": {""denominator"": 1, ""numerator"": 0}}",
353,52216,conflictWith,1,43,23,24,25,"[0, 0, 0, 74195, 74214, 74197]","[0, 0, 0, 74195, 74214, 74215]","[0, 0, 0, 74195, 74196, 74197]",0,1,0,1,"{""base_deletion_rate"": {""denominator"": 1, ""numerator"": 0}, ""deletes_base_action_rate"": {""denominator"": 1, ""numerator"": 0}, ""delta_local_satisfaction"": {""denominator"": 27, ""numerator"": 0}, ""disruption"": {""denominator"": 1, ""numerator"": 1}, ""eppf"": {""denominator"": 1, ""numerator"": 0}, ""local_satisfaction"": {""denominator"": 27, ""numerator"": 15}, ""pfr"": {""denominator"": 1, ""numerator"": 0}, ""sir"": {""denominator"": 11, ""numerator"": 0}, ""srr"": {""denominator"": 15, ""numerator"": 0}, ""vacuous_improvement"": {""denominator"": 1, ""numerator"": 0}}","{""base_deletion_rate"": {""denominator"": 1, ""numerator"": 1}, ""deletes_base_action_rate"": {""denominator"": 1, ""numerator"": 1}, ""delta_local_satisfaction"": {""denominator"": 27, ""numerator"": 3}, ""disruption"": {""denominator"": 1, ""numerator"": 1}, ""eppf"": {""denominator"": 1, ""numerator"": 0}, ""local_satisfaction"": {""denominator"": 29, ""numerator"": 20}, ""pfr"": {""denominator"": 1, ""numerator"": 1}, ""sir"": {""denominator"": 11, ""numerator"": 2}, ""srr"": {""denominator"": 15, ""numerator"": 0}, ""vacuous_improvement"": {""denominator"": 1, ""numerator"": 1}}","{""base_deletion_rate"": {""denominator"": 1, ""numerator"": 0}, ""deletes_base_action_rate"": {""denominator"": 1, ""numerator"": 0}, ""delta_local_satisfaction"": {""denominator"": 27, ""numerator"": 2}, ""disruption"": {""denominator"": 1, ""numerator"": 1}, ""eppf"": {""denominator"": 1, ""numerator"": 1}, ""local_satisfaction"": {""denominator"": 27, ""numerator"": 17}, ""pfr"": {""denominator"": 1, ""numerator"": 1}, ""sir"": {""denominator"": 11, ""numerator"": 1}, ""srr"": {""denominator"": 15, ""numerator"": 0}, ""vacuous_improvement"": {""denominator"": 1, ""numerator"": 0}}"
355,62765,itemRequiresStatement,1,41,1,29,,"[74195, 74214, 98872, 0, 0, 0]","[0, 0, 0, 74195, 74214, 74215]",,0,0,0,0,"{""base_deletion_rate"": {""denominator"": 1, ""numerator"": 0}, ""deletes_base_action_rate"": {""denominator"": 1, ""numerator"": 0}, ""delta_local_satisfaction"": {""denominator"": 11, ""numerator"": 0}, ""disruption"": {""denominator"": 1, ""numerator"": 1}, ""eppf"": {""denominator"": 0, ""numerator"": 0}, ""local_satisfaction"": {""denominator"": 11, ""numerator"": 5}, ""pfr"": {""denominator"": 0, ""numerator"": 0}, ""sir"": {""denominator"": 6, ""numerator"": 0}, ""srr"": {""denominator"": 5, ""numerator"": 0}, ""vacuous_improvement"": {""denominator"": 1, ""numerator"": 0}}","{""base_deletion_rate"": {""denominator"": 1, ""numerator"": 1}, ""deletes_base_action_rate"": {""denominator"": 1, ""numerator"": 1}, ""delta_local_satisfaction"": {""denominator"": 11, ""numerator"": 0}, ""disruption"": {""denominator"": 1, ""numerator"": 1}, ""eppf"": {""denominator"": 0, ""numerator"": 0}, ""local_satisfaction"": {""denominator"": 15, ""numerator"": 9}, ""pfr"": {""denominator"": 0, ""numerator"": 0}, ""sir"": {""denominator"": 6, ""numerator"": 0}, ""srr"": {""denominator"": 5, ""numerator"": 0}, ""vacuous_improvement"": {""denominator"": 1, ""numerator"": 0}}",
358,56099,itemRequiresStatement,1,41,1,19,19,"[74195, 29923, 30002, 0, 0, 0]","[74195, 29963, 30002, 0, 0, 0]","[74195, 29963, 30002, 0, 0, 0]",0,1,0,1,"{""base_deletion_rate"": {""denominator"": 1, ""numerator"": 0}, ""deletes_base_action_rate"": {""denominator"": 1, ""numerator"": 0}, ""delta_local_satisfaction"": {""denominator"": 9, ""numerator"": 0}, ""disruption"": {""denominator"": 1, ""numerator"": 1}, ""eppf"": {""denominator"": 1, ""numerator"": 0}, ""local_satisfaction"": {""denominator"": 9, ""numerator"": 8}, ""pfr"": {""denominator"": 1, ""numerator"": 0}, ""sir"": {""denominator"": 0, ""numerator"": 0}, ""srr"": {""denominator"": 8, ""numerator"": 0}, ""vacuous_improvement"": {""denominator"": 1, ""numerator"": 0}}","{""base_deletion_rate"": {""denominator"": 1, ""numerator"": 0}, ""deletes_base_action_rate"": {""denominator"": 1, ""numerator"": 0}, ""delta_local_satisfaction"": {""denominator"": 8, ""numerator"": 1}, ""disruption"": {""denominator"": 1, ""numerator"": 1}, ""eppf"": {""denominator"": 1, ""numerator"": 1}, ""local_satisfaction"": {""denominator"": 8, ""numerator"": 8}, ""pfr"": {""denominator"": 1, ""numerator"": 1}, ""sir"": {""denominator"": 0, ""numerator"": 0}, ""srr"": {""denominator"": 7, ""numerator"": 0}, ""vacuous_improvement"": {""denominator"": 1, ""numerator"": 0}}","{""base_deletion_rate"": {""denominator"": 1, ""numerator"": 0}, ""deletes_base_action_rate"": {""denominator"": 1, ""numerator"": 0}, ""delta_local_satisfaction"": {""denominator"": 8, ""numerator"": 1}, ""disruption"": {""denominator"": 1, ""numerator"": 1}, ""eppf"": {""denominator"": 1, ""numerator"": 1}, ""local_satisfaction"": {""denominator"": 8, ""numerator"": 8}, ""pfr"": {""denominator"": 1, ""numerator"": 1}, ""sir"": {""denominator"": 0, ""numerator"": 0}, ""srr"": {""denominator"": 7, ""numerator"": 0}, ""vacuous_improvement"": {""denominator"": 1, ""numerator"": 0}}"
359,56490,valueRequiresStatement,1,41,1,30,,"[74215, 29803, 29818, 0, 0, 0]","[0, 0, 0, 74195, 74214, 74215]",,0,0,0,0,"{""base_deletion_rate"": {""denominator"": 1, ""numerator"": 0}, ""deletes_base_action_rate"": {""denominator"": 1, ""numerator"": 0}, ""delta_local_satisfaction"": {""denominator"": 11, ""numerator"": 0}, ""disruption"": {""denominator"": 1, ""numerator"": 1}, ""eppf"": {""denominator"": 0, ""numerator"": 0}, ""local_satisfaction"": {""denominator"": 11, ""numerator"": 2}, ""pfr"": {""denominator"": 0, ""numerator"": 0}, ""sir"": {""denominator"": 9, ""numerator"": 0}, ""srr"": {""denominator"": 2, ""numerator"": 0}, ""vacuous_improvement"": {""denominator"": 1, ""numerator"": 0}}","{""base_deletion_rate"": {""denominator"": 1, ""numerator"": 1}, ""deletes_base_action_rate"": {""denominator"": 1, ""numerator"": 1}, ""delta_local_satisfaction"": {""denominator"": 11, ""numerator"": 8}, ""disruption"": {""denominator"": 1, ""numerator"": 1}, ""eppf"": {""denominator"": 0, ""numerator"": 0}, ""local_satisfaction"": {""denominator"": 12, ""numerator"": 11}, ""pfr"": {""denominator"": 0, ""numerator"": 0}, ""sir"": {""denominator"": 9, ""numerator"": 8}, ""srr"": {""denominator"": 2, ""numerator"": 0}, ""vacuous_improvement"": {""denominator"": 1, ""numerator"": 1}}",
360,56490,valueRequiresStatement,1,41,1,30,,"[74215, 29803, 29818, 0, 0, 0]","[0, 0, 0, 74195, 74214, 74215]",,0,0,0,0,"{""base_deletion_rate"": {""denominator"": 1, ""numerator"": 0}, ""deletes_base_action_rate"": {""denominator"": 1, ""numerator"": 0}, ""delta_local_satisfaction"": {""denominator"": 8, ""numerator"": 0}, ""disruption"": {""denominator"": 1, ""numerator"": 1}, ""eppf"": {""denominator"": 0, ""numerator"": 0}, ""local_satisfaction"": {""denominator"": 8, ""numerator"": 1}, ""pfr"": {""denominator"": 0, ""numerator"": 0}, ""sir"": {""denominator"": 7, ""numerator"": 0}, ""srr"": {""denominator"": 1, ""numerator"": 0}, ""vacuous_improvement"": {""denominator"": 1, ""numerator"": 0}}","{""base_deletion_rate"": {""denominator"": 1, ""numerator"": 1}, ""deletes_base_action_rate"": {""denominator"": 1, ""numerator"": 1}, ""delta_local_satisfaction"": {""denominator"": 8, ""numerator"": 7}, ""disruption"": {""denominator"": 1, ""numerator"": 1}, ""eppf"": {""denominator"": 0, ""numerator"": 0}, ""local_satisfaction"": {""denominator"": 9, ""numerator"": 9}, ""pfr"": {""denominator"": 0, ""numerator"": 0}, ""sir"": {""denominator"": 7, ""numerator"": 7}, ""srr"": {""denominator"": 1, ""numerator"": 0}, ""vacuous_improvement"": {""denominator"": 1, ""numerator"": 1}}",
361,65152,single,1,41,1,33,,"[74195, 30990, 31172, 0, 0, 0]","[0, 0, 0, 74195, 74214, 74215]",,0,0,0,0,"{""base_deletion_rate"": {""denominator"": 1, ""numerator"": 0}, ""deletes_base_action_rate"": {""denominator"": 1, ""numerator"": 0}, ""delta_local_satisfaction"": {""denominator"": 46, ""numerator"": 0}, ""disruption"": {""denominator"": 1, ""numerator"": 1}, ""eppf"": {""denominator"": 0, ""numerator"": 0}, ""local_satisfaction"": {""denominator"": 46, ""numerator"": 41}, ""pfr"": {""denominator"": 0, ""numerator"": 0}, ""sir"": {""denominator"": 5, ""numerator"": 0}, ""srr"": {""denominator"": 40, ""numerator"": 0}, ""vacuous_improvement"": {""denominator"": 1, ""numerator"": 0}}","{""base_deletion_rate"": {""denominator"": 1, ""numerator"": 1}, ""deletes_base_action_rate"": {""denominator"": 1, ""numerator"": 1}, ""delta_local_satisfaction"": {""denominator"": 46, ""numerator"": 0}, ""disruption"": {""denominator"": 1, ""numerator"": 1}, ""eppf"": {""denominator"": 0, ""numerator"": 0}, ""local_satisfaction"": {""denominator"": 59, ""numerator"": 54}, ""pfr"": {""denominator"": 0, ""numerator"": 0}, ""sir"": {""denominator"": 5, ""numerator"": 0}, ""srr"": {""denominator"": 40, ""numerator"": 0}, ""vacuous_improvement"": {""denominator"": 1, ""numerator"": 0}}",
364,66337,conflictWith,1,43,23,30,,"[0, 0, 0, 74195, 74214, 74215]","[0, 0, 0, 74195, 74196, 74197]",,0,0,0,0,"{""base_deletion_rate"": {""denominator"": 1, ""numerator"": 1}, ""deletes_base_action_rate"": {""denominator"": 1, ""numerator"": 1}, ""delta_local_satisfaction"": {""denominator"": 12, ""numerator"": 0}, ""disruption"": {""denominator"": 1, ""numerator"": 1}, ""eppf"": {""denominator"": 1, ""numerator"": 0}, ""local_satisfaction"": {""denominator"": 13, ""numerator"": 6}, ""pfr"": {""denominator"": 1, ""numerator"": 0}, ""sir"": {""denominator"": 6, ""numerator"": 0}, ""srr"": {""denominator"": 5, ""numerator"": 0}, ""vacuous_improvement"": {""denominator"": 1, ""numerator"": 0}}","{""base_deletion_rate"": {""denominator"": 1, ""numerator"": 0}, ""deletes_base_action_rate"": {""denominator"": 1, ""numerator"": 0}, ""delta_local_satisfaction"": {""denominator"": 12, ""numerator"": 3}, ""disruption"": {""denominator"": 1, ""numerator"": 1}, ""eppf"": {""denominator"": 1, ""numerator"": 1}, ""local_satisfaction"": {""denominator"": 12, ""numerator"": 8}, ""pfr"": {""denominator"": 1, ""numerator"": 1}, ""sir"": {""denominator"": 6, ""numerator"": 3}, ""srr"": {""denominator"": 5, ""numerator"": 1}, ""vacuous_improvement"": {""denominator"": 1, ""numerator"": 0}}",
365,58453,inverse,1,42,2,32,,"[74215, 32015, 74195, 0, 0, 0]","[0, 0, 0, 74195, 74214, 74215]",,0,0,0,0,"{""base_deletion_rate"": {""denominator"": 1, ""numerator"": 0}, ""deletes_base_action_rate"": {""denominator"": 1, ""numerator"": 0}, ""delta_local_satisfaction"": {""denominator"": 3, ""numerator"": 0}, ""disruption"": {""denominator"": 1, ""numerator"": 1}, ""eppf"": {""denominator"": 0, ""numerator"": 0}, ""local_satisfaction"": {""denominator"": 3, ""numerator"": 1}, ""pfr"": {""denominator"": 0, ""numerator"": 0}, ""sir"": {""denominator"": 2, ""numerator"": 0}, ""srr"": {""denominator"": 0, ""numerator"": 0}, ""vacuous_improvement"": {""denominator"": 1, ""numerator"": 0}}","{""base_deletion_rate"": {""denominator"": 1, ""numerator"": 1}, ""deletes_base_action_rate"": {""denominator"": 1, ""numerator"": 1}, ""delta_local_satisfaction"": {""denominator"": 3, ""numerator"": 1}, ""disruption"": {""denominator"": 1, ""numerator"": 1}, ""eppf"": {""denominator"": 0, ""numerator"": 0}, ""local_satisfaction"": {""denominator"": 3, ""numerator"": 2}, ""pfr"": {""denominator"": 0, ""numerator"": 0}, ""sir"": {""denominator"": 2, ""numerator"": 1}, ""srr"": {""denominator"": 0, ""numerator"": 0}, ""vacuous_improvement"": {""denominator"": 1, ""numerator"": 1}}",
370,63621,single,1,42,22,22,23,"[0, 0, 0, 74195, 74214, 74215]","[0, 0, 0, 74195, 74214, 74215]","[0, 0, 0, 74195, 74214, 74197]",1,1,0,1,"{""base_deletion_rate"": {""denominator"": 1, ""numerator"": 1}, ""deletes_base_action_rate"": {""denominator"": 1, ""numerator"": 1}, ""delta_local_satisfaction"": {""denominator"": 47, ""numerator"": 1}, ""disruption"": {""denominator"": 1, ""numerator"": 1}, ""eppf"": {""denominator"": 1, ""numerator"": 0}, ""local_satisfaction"": {""denominator"": 59, ""numerator"": 38}, ""pfr"": {""denominator"": 1, ""numerator"": 1}, ""sir"": {""denominator"": 21, ""numerator"": 0}, ""srr"": {""denominator"": 25, ""numerator"": 0}, ""vacuous_improvement"": {""denominator"": 1, ""numerator"": 1}}","{""base_deletion_rate"": {""denominator"": 1, ""numerator"": 1}, ""deletes_base_action_rate"": {""denominator"": 1, ""numerator"": 1}, ""delta_local_satisfaction"": {""denominator"": 47, ""numerator"": 1}, ""disruption"": {""denominator"": 1, ""numerator"": 1}, ""eppf"": {""denominator"": 1, ""numerator"": 0}, ""local_satisfaction"": {""denominator"": 59, ""numerator"": 38}, ""pfr"": {""denominator"": 1, ""numerator"": 1}, ""sir"": {""denominator"": 21, ""numerator"": 0}, ""srr"": {""denominator"": 25, ""numerator"": 0}, ""vacuous_improvement"": {""denominator"": 1, ""numerator"": 1}}","{""base_deletion_rate"": {""denominator"": 1, ""numerator"": 0}, ""deletes_base_action_rate"": {""denominator"": 1, ""numerator"": 0}, ""delta_local_satisfaction"": {""denominator"": 47, ""numerator"": 1}, ""disruption"": {""denominator"": 1, ""numerator"": 1}, ""eppf"": {""denominator"": 1, ""numerator"": 1}, ""local_satisfaction"": {""denominator"": 47, ""numerator"": 26}, ""pfr"": {""denominator"": 1, ""numerator"": 1}, ""sir"": {""denominator"": 21, ""numerator"": 0}, ""srr"": {""denominator"": 25, ""numerator"": 0}, ""vacuous_improvement"": {""denominator"": 1, ""numerator"": 0}}"
372,65737,valueRequiresStatement,1,41,1,28,,"[74215, 31319, 98872, 0, 0, 0]","[0, 0, 0, 74195, 74214, 74215]",,0,0,0,0,"{""base_deletion_rate"": {""denominator"": 1, ""numerator"": 0}, ""deletes_base_action_rate"": {""denominator"": 1, ""numerator"": 0}, ""delta_local_satisfaction"": {""denominator"": 36, ""numerator"": 0}, ""disruption"": {""denominator"": 1, ""numerator"": 1}, ""eppf"": {""denominator"": 0, ""numerator"": 0}, ""local_satisfaction"": {""denominator"": 36, ""numerator"": 25}, ""pfr"": {""denominator"": 0, ""numerator"": 0}, ""sir"": {""denominator"": 11, ""numerator"": 0}, ""srr"": {""denominator"": 24, ""numerator"": 0}, ""vacuous_improvement"": {""denominator"": 1, ""numerator"": 0}}","{""base_deletion_rate"": {""denominator"": 1, ""numerator"": 1}, ""deletes_base_action_rate"": {""denominator"": 1, ""numerator"": 1}, ""delta_local_satisfaction"": {""denominator"": 36, ""numerator"": 0}, ""disruption"": {""denominator"": 1, ""numerator"": 1}, ""eppf"": {""denominator"": 0, ""numerator"": 0}, ""local_satisfaction"": {""denominator"": 39, ""numerator"": 28}, ""pfr"": {""denominator"": 0, ""numerator"": 0}, ""sir"": {""denominator"": 11, ""numerator"": 0}, ""srr"": {""denominator"": 24, ""numerator"": 0}, ""vacuous_improvement"": {""denominator"": 1, ""numerator"": 0}}",
375,52410,valueType,1,42,2,29,,"[74215, 74214, 74195, 0, 0, 0]","[0, 0, 0, 74195, 74214, 74215]",,0,0,0,0,"{""base_deletion_rate"": {""denominator"": 1, ""numerator"": 0}, ""deletes_base_action_rate"": {""denominator"": 1, ""numerator"": 0}, ""delta_local_satisfaction"": {""denominator"": 6, ""numerator"": 0}, ""disruption"": {""denominator"": 1, ""numerator"": 1}, ""eppf"": {""denominator"": 0, ""numerator"": 0}, ""local_satisfaction"": {""denominator"": 6, ""numerator"": 2}, ""pfr"": {""denominator"": 0, ""numerator"": 0}, ""sir"": {""denominator"": 4, ""numerator"": 0}, ""srr"": {""denominator"": 2, ""numerator"": 0}, ""vacuous_improvement"": {""denominator"": 1, ""numerator"": 0}}","{""base_deletion_rate"": {""denominator"": 1, ""numerator"": 1}, ""deletes_base_action_rate"": {""denominator"": 1, ""numerator"": 1}, ""delta_local_satisfaction"": {""denominator"": 6, ""numerator"": 3}, ""disruption"": {""denominator"": 1, ""numerator"": 1}, ""eppf"": {""denominator"": 0, ""numerator"": 0}, ""local_satisfaction"": {""denominator"": 10, ""numerator"": 9}, ""pfr"": {""denominator"": 0, ""numerator"": 0}, ""sir"": {""denominator"": 4, ""numerator"": 3}, ""srr"": {""denominator"": 2, ""numerator"": 0}, ""vacuous_improvement"": {""denominator"": 1, ""numerator"": 1}}",
376,60094,inverse,1,42,2,35,,"[74195, 29762, 30002, 0, 0, 0]","[0, 0, 0, 74195, 74214, 74215]",,0,0,0,0,"{""base_deletion_rate"": {""denominator"": 1, ""numerator"": 0}, ""deletes_base_action_rate"": {""denominator"": 1, ""numerator"": 0}, ""delta_local_satisfaction"": {""denominator"": 12, ""numerator"": 0}, ""disruption"": {""denominator"": 1, ""numerator"": 1}, ""eppf"": {""denominator"": 0, ""numerator"": 0}, ""local_satisfaction"": {""denominator"": 12, ""numerator"": 11}, ""pfr"": {""denominator"": 0, ""numerator"": 0}, ""sir"": {""denominator"": 1, ""numerator"": 0}, ""srr"": {""denominator"": 10, ""numerator"": 0}, ""vacuous_improvement"": {""denominator"": 1, ""numerator"": 0}}","{""base_deletion_rate"": {""denominator"": 1, ""numerator"": 1}, ""deletes_base_action_rate"": {""denominator"": 1, ""numerator"": 1}, ""delta_local_satisfaction"": {""denominator"": 12, ""numerator"": 1}, ""disruption"": {""denominator"": 1, ""numerator"": 1}, ""eppf"": {""denominator"": 0, ""numerator"": 0}, ""local_satisfaction"": {""denominator"": 16, ""numerator"": 16}, ""pfr"": {""denominator"": 0, ""numerator"": 0}, ""sir"": {""denominator"": 1, ""numerator"": 1}, ""srr"": {""denominator"": 10, ""numerator"": 0}, ""vacuous_improvement"": {""denominator"": 1, ""numerator"": 1}}",
381,52216,conflictWith,1,42,22,22,24,"[0, 0, 0, 74195, 74214, 74197]","[0, 0, 0, 74195, 74214, 74197]","[0, 0, 0, 74195, 74196, 74197]",1,1,0,1,"{""base_deletion_rate"": {""denominator"": 1, ""numerator"": 1}, ""deletes_base_action_rate"": {""denominator"": 1, ""numerator"": 1}, ""delta_local_satisfaction"": {""denominator"": 22, ""numerator"": 3}, ""disruption"": {""denominator"": 1, ""numerator"": 1}, ""eppf"": {""denominator"": 1, ""numerator"": 0}, ""local_satisfaction"": {""denominator"": 24, ""numerator"": 12}, ""pfr"": {""denominator"": 1, ""numerator"": 1}, ""sir"": {""denominator"": 14, ""numerator"": 2}, ""srr"": {""denominator"": 7, ""numerator"": 0}, ""vacuous_improvement"": {""denominator"": 1, ""numerator"": 1}}","{""base_deletion_rate"": {""denominator"": 1, ""numerator"": 1}, ""deletes_base_action_rate"": {""denominator"": 1, ""numerator"": 1}, ""delta_local_satisfaction"": {""denominator"": 22, ""numerator"": 3}, ""disruption"": {""denominator"": 1, ""numerator"": 1}, ""eppf"": {""denominator"": 1, ""numerator"": 0}, ""local_satisfaction"": {""denominator"": 24, ""numerator"": 12}, ""pfr"": {""denominator"": 1, ""numerator"": 1}, ""sir"": {""denominator"": 14, ""numerator"": 2}, ""srr"": {""denominator"": 7, ""numerator"": 0}, ""vacuous_improvement"": {""denominator"": 1, ""numerator"": 1}}","{""base_deletion_rate"": {""denominator"": 1, ""numerator"": 0}, ""deletes_base_action_rate"": {""denominator"": 1, ""numerator"": 0}, ""delta_local_satisfaction"": {""denominator"": 22, ""numerator"": 2}, ""disruption"": {""denominator"": 1, ""numerator"": 1}, ""eppf"": {""denominator"": 1, ""numerator"": 1}, ""local_satisfaction"": {""denominator"": 22, ""numerator"": 9}, ""pfr"": {""denominator"": 1, ""numerator"": 1}, ""sir"": {""denominator"": 14, ""numerator"": 1}, ""srr"": {""denominator"": 7, ""numerator"": 0}, ""vacuous_improvement"": {""denominator"": 1, ""numerator"": 0}}"
384,58878,conflictWith,1,42,22,22,23,"[0, 0, 0, 74195, 74214, 74197]","[0, 0, 0, 74195, 74214, 74197]","[0, 0, 0, 74195, 74196, 74197]",1,1,0,1,"{""base_deletion_rate"": {""denominator"": 1, ""numerator"": 1}, ""deletes_base_action_rate"": {""denominator"": 1, ""numerator"": 1}, ""delta_local_satisfaction"": {""denominator"": 72, ""numerator"": 3}, ""disruption"": {""denominator"": 1, ""numerator"": 1}, ""eppf"": {""denominator"": 1, ""numerator"": 0}, ""local_satisfaction"": {""denominator"": 91, ""numerator"": 49}, ""pfr"": {""denominator"": 1, ""numerator"": 1}, ""sir"": {""denominator"": 44, ""numerator"": 2}, ""srr"": {""denominator"": 27, ""numerator"": 0}, ""vacuous_improvement"": {""denominator"": 1, ""numerator"": 1}}","{""base_deletion_rate"": {""denominator"": 1, ""numerator"": 1}, ""deletes_base_action_rate"": {""denominator"": 1, ""numerator"": 1}, ""delta_local_satisfaction"": {""denominator"": 72, ""numerator"": 3}, ""disruption"": {""denominator"": 1, ""numerator"": 1}, ""eppf"": {""denominator"": 1, ""numerator"": 0}, ""local_satisfaction"": {""denominator"": 91, ""numerator"": 49}, ""pfr"": {""denominator"": 1, ""numerator"": 1}, ""sir"": {""denominator"": 44, ""numerator"": 2}, ""srr"": {""denominator"": 27, ""numerator"": 0}, ""vacuous_improvement"": {""denominator"": 1, ""numerator"": 1}}","{""base_deletion_rate"": {""denominator"": 1, ""numerator"": 0}, ""deletes_base_action_rate"": {""denominator"": 1, ""numerator"": 0}, ""delta_local_satisfaction"": {""denominator"": 72, ""numerator"": 3}, ""disruption"": {""denominator"": 1, ""numerator"": 1}, ""eppf"": {""denominator"": 1, ""numerator"": 1}, ""local_satisfaction"": {""denominator"": 73, ""numerator"": 31}, ""pfr"": {""denominator"": 1, ""numerator"": 1}, ""sir"": {""denominator"": 44, ""numerator"": 2}, ""srr"": {""denominator"": 27, ""numerator"": 0}, ""vacuous_improvement"": {""denominator"": 1, ""numerator"": 0}}"
387,56958,valueType,1,42,2,33,,"[74215, 29762, 38587, 0, 0, 0]","[0, 0, 0, 74195, 74214, 74215]",,0,1,0,0,"{""base_deletion_rate"": {""denominator"": 1, ""numerator"": 0}, ""deletes_base_action_rate"": {""denominator"": 1, ""numerator"": 0}, ""delta_local_satisfaction"": {""denominator"": 90, ""numerator"": 0}, ""disruption"": {""denominator"": 1, ""numerator"": 1}, ""eppf"": {""denominator"": 1, ""numerator"": 0}, ""local_satisfaction"": {""denominator"": 90, ""numerator"": 76}, ""pfr"": {""denominator"": 1, ""numerator"": 0}, ""sir"": {""denominator"": 13, ""numerator"": 0}, ""srr"": {""denominator"": 76, ""numerator"": 0}, ""vacuous_improvement"": {""denominator"": 1, ""numerator"": 0}}","{""base_deletion_rate"": {""denominator"": 1, ""numerator"": 1}, ""deletes_base_action_rate"": {""denominator"": 1, ""numerator"": 1}, ""delta_local_satisfaction"": {""denominator"": 90, ""numerator"": 3}, ""disruption"": {""denominator"": 1, ""numerator"": 1}, ""eppf"": {""denominator"": 1, ""numerator"": 0}, ""local_satisfaction"": {""denominator"": 111, ""numerator"": 100}, ""pfr"": {""denominator"": 1, ""numerator"": 1}, ""sir"": {""denominator"": 13, ""numerator"": 2}, ""srr"": {""denominator"": 76, ""numerator"": 0}, ""vacuous_improvement"": {""denominator"": 1, ""numerator"": 1}}",
389,57383,inverse,1,42,2,29,,"[74215, 74214, 74195, 0, 0, 0]","[0, 0, 0, 74195, 74214, 74215]",,0,0,0,0,"{""base_deletion_rate"": {""denominator"": 1, ""numerator"": 0}, ""deletes_base_action_rate"": {""denominator"": 1, ""numerator"": 0}, ""delta_local_satisfaction"": {""denominator"": 29, ""numerator"": 0}, ""disruption"": {""denominator"": 1, ""numerator"": 1}, ""eppf"": {""denominator"": 0, ""numerator"": 0}, ""local_satisfaction"": {""denominator"": 29, ""numerator"": 13}, ""pfr"": {""denominator"": 0, ""numerator"": 0}, ""sir"": {""denominator"": 16, ""numerator"": 0}, ""srr"": {""denominator"": 12, ""numerator"": 0}, ""vacuous_improvement"": {""denominator"": 1, ""numerator"": 0}}","{""base_deletion_rate"": {""denominator"": 1, ""numerator"": 1}, ""deletes_base_action_rate"": {""denominator"": 1, ""numerator"": 1}, ""delta_local_satisfaction"": {""denominator"": 29, ""numerator"": 0}, ""disruption"": {""denominator"": 1, ""numerator"": 1}, ""eppf"": {""denominator"": 0, ""numerator"": 0}, ""local_satisfaction"": {""denominator"": 32, ""numerator"": 16}, ""pfr"": {""denominator"": 0, ""numerator"": 0}, ""sir"": {""denominator"": 16, ""numerator"": 0}, ""srr"": {""denominator"": 12, ""numerator"": 0}, ""vacuous_improvement"": {""denominator"": 1, ""numerator"": 0}}",
396,62202,valueRequiresStatement,1,41,1,31,,"[74215, 29762, 35471, 0, 0, 0]","[0, 0, 0, 74195, 74214, 74215]",,0,0,0,0,"{""base_deletion_rate"": {""denominator"": 1, ""numerator"": 0}, ""deletes_base_action_rate"": {""denominator"": 1, ""numerator"": 0}, ""delta_local_satisfaction"": {""denominator"": 10, ""numerator"": 0}, ""disruption"": {""denominator"": 1, ""numerator"": 1}, ""eppf"": {""denominator"": 0, ""numerator"": 0}, ""local_satisfaction"": {""denominator"": 10, ""numerator"": 8}, ""pfr"": {""denominator"": 0, ""numerator"": 0}, ""sir"": {""denominator"": 2, ""numerator"": 0}, ""srr"": {""denominator"": 8, ""numerator"": 0}, ""vacuous_improvement"": {""denominator"": 1, ""numerator"": 0}}","{""base_deletion_rate"": {""denominator"": 1, ""numerator"": 1}, ""deletes_base_action_rate"": {""denominator"": 1, ""numerator"": 1}, ""delta_local_satisfaction"": {""denominator"": 10, ""numerator"": 1}, ""disruption"": {""denominator"": 1, ""numerator"": 1}, ""eppf"": {""denominator"": 0, ""numerator"": 0}, ""local_satisfaction"": {""denominator"": 16, ""numerator"": 15}, ""pfr"": {""denominator"": 0, ""numerator"": 0}, ""sir"": {""denominator"": 2, ""numerator"": 1}, ""srr"": {""denominator"": 8, ""numerator"": 0}, ""vacuous_improvement"": {""denominator"": 1, ""numerator"": 1}}",
397,63734,itemRequiresStatement,1,41,1,28,,"[74195, 31319, 98872, 0, 0, 0]","[0, 0, 0, 74195, 74214, 74215]",,0,0,0,0,"{""base_deletion_rate"": {""denominator"": 1, ""numerator"": 0}, ""deletes_base_action_rate"": {""denominator"": 1, ""numerator"": 0}, ""delta_local_satisfaction"": {""denominator"": 48, ""numerator"": 0}, ""disruption"": {""denominator"": 1, ""numerator"": 1}, ""eppf"": {""denominator"": 0, ""numerator"": 0}, ""local_satisfaction"": {""denominator"": 48, ""numerator"": 27}, ""pfr"": {""denominator"": 0, ""numerator"": 0}, ""sir"": {""denominator"": 21, ""numerator"": 0}, ""srr"": {""denominator"": 26, ""numerator"": 0}, ""vacuous_improvement"": {""denominator"": 1, ""numerator"": 0}}","{""base_deletion_rate"": {""denominator"": 1, ""numerator"": 1}, ""deletes_base_action_rate"": {""denominator"": 1, ""numerator"": 1}, ""delta_local_satisfaction"": {""denominator"": 48, ""numerator"": 2}, ""disruption"": {""denominator"": 1, ""numerator"": 1}, ""eppf"": {""denominator"": 0, ""numerator"": 0}, ""local_satisfaction"": {""denominator"": 52, ""numerator"": 33}, ""pfr"": {""denominator"": 0, ""numerator"": 0}, ""sir"": {""denominator"": 21, ""numerator"": 2}, ""srr"": {""denominator"": 26, ""numerator"": 0}, ""vacuous_improvement"": {""denominator"": 1, ""numerator"": 1}}",
399,52553,itemRequiresStatement,1,41,1,29,,"[74195, 29787, 98872, 0, 0, 0]","[0, 0, 0, 74195, 74214, 74215]",,0,0,0,0,"{""base_deletion_rate"": {""denominator"": 1, ""numerator"": 0}, ""deletes_base_action_rate"": {""denominator"": 1, ""numerator"": 0}, ""delta_local_satisfaction"": {""denominator"": 17, ""numerator"": 0}, ""disruption"": {""denominator"": 1, ""numerator"": 1}, ""eppf"": {""denominator"": 0, ""numerator"": 0}, ""local_satisfaction"": {""denominator"": 17, ""numerator"": 10}, ""pfr"": {""denominator"": 0, ""numerator"": 0}, ""sir"": {""denominator"": 7, ""numerator"": 0}, ""srr"": {""denominator"": 9, ""numerator"": 0}, ""vacuous_improvement"": {""denominator"": 1, ""numerator"": 0}}","{""base_deletion_rate"": {""denominator"": 1, ""numerator"": 1}, ""deletes_base_action_rate"": {""denominator"": 1, ""numerator"": 1}, ""delta_local_satisfaction"": {""denominator"": 17, ""numerator"": 1}, ""disruption"": {""denominator"": 1, ""numerator"": 1}, ""eppf"": {""denominator"": 0, ""numerator"": 0}, ""local_satisfaction"": {""denominator"": 21, ""numerator"": 15}, ""pfr"": {""denominator"": 0, ""numerator"": 0}, ""sir"": {""denominator"": 7, ""numerator"": 1}, ""srr"": {""denominator"": 9, ""numerator"": 0}, ""vacuous_improvement"": {""denominator"": 1, ""numerator"": 1}}",
400,60307,type,1,43,3,33,,"[74195, 29762, 38401, 0, 0, 0]","[0, 0, 0, 74195, 74214, 74215]",,0,0,0,0,"{""base_deletion_rate"": {""denominator"": 1, ""numerator"": 0}, ""deletes_base_action_rate"": {""denominator"": 1, ""numerator"": 0}, ""delta_local_satisfaction"": {""denominator"": 0, ""numerator"": 0}, ""disruption"": {""denominator"": 1, ""numerator"": 1}, ""eppf"": {""denominator"": 0, ""numerator"": 0}, ""local_satisfaction"": {""denominator"": 0, ""numerator"": 0}, ""pfr"": {""denominator"": 0, ""numerator"": 0}, ""sir"": {""denominator"": 0, ""numerator"": 0}, ""srr"": {""denominator"": 0, ""numerator"": 0}, ""vacuous_improvement"": {""denominator"": 1, ""numerator"": 0}}","{""base_deletion_rate"": {""denominator"": 1, ""numerator"": 1}, ""deletes_base_action_rate"": {""denominator"": 1, ""numerator"": 1}, ""delta_local_satisfaction"": {""denominator"": 0, ""numerator"": 0}, ""disruption"": {""denominator"": 1, ""numerator"": 1}, ""eppf"": {""denominator"": 0, ""numerator"": 0}, ""local_satisfaction"": {""denominator"": 2, ""numerator"": 2}, ""pfr"": {""denominator"": 0, ""numerator"": 0}, ""sir"": {""denominator"": 0, ""numerator"": 0}, ""srr"": {""denominator"": 0, ""numerator"": 0}, ""vacuous_improvement"": {""denominator"": 1, ""numerator"": 0}}",
402,55082,single,1,42,22,22,23,"[0, 0, 0, 74195, 74214, 74215]","[0, 0, 0, 74195, 74214, 74215]","[0, 0, 0, 74195, 74214, 74197]",1,1,0,1,"{""base_deletion_rate"": {""denominator"": 1, ""numerator"": 1}, ""deletes_base_action_rate"": {""denominator"": 1, ""numerator"": 1}, ""delta_local_satisfaction"": {""denominator"": 24, ""numerator"": 1}, ""disruption"": {""denominator"": 1, ""numerator"": 1}, ""eppf"": {""denominator"": 1, ""numerator"": 0}, ""local_satisfaction"": {""denominator"": 26, ""numerator"": 7}, ""pfr"": {""denominator"": 1, ""numerator"": 1}, ""sir"": {""denominator"": 19, ""numerator"": 0}, ""srr"": {""denominator"": 4, ""numerator"": 0}, ""vacuous_improvement"": {""denominator"": 1, ""numerator"": 1}}","{""base_deletion_rate"": {""denominator"": 1, ""numerator"": 1}, ""deletes_base_action_rate"": {""denominator"": 1, ""numerator"": 1}, ""delta_local_satisfaction"": {""denominator"": 24, ""numerator"": 1}, ""disruption"": {""denominator"": 1, ""numerator"": 1}, ""eppf"": {""denominator"": 1, ""numerator"": 0}, ""local_satisfaction"": {""denominator"": 26, ""numerator"": 7}, ""pfr"": {""denominator"": 1, ""numerator"": 1}, ""sir"": {""denominator"": 19, ""numerator"": 0}, ""srr"": {""denominator"": 4, ""numerator"": 0}, ""vacuous_improvement"": {""denominator"": 1, ""numerator"": 1}}","{""base_deletion_rate"": {""denominator"": 1, ""numerator"": 0}, ""deletes_base_action_rate"": {""denominator"": 1, ""numerator"": 0}, ""delta_local_satisfaction"": {""denominator"": 24, ""numerator"": 1}, ""disruption"": {""denominator"": 1, ""numerator"": 1}, ""eppf"": {""denominator"": 1, ""numerator"": 1}, ""local_satisfaction"": {""denominator"": 24, ""numerator"": 5}, ""pfr"": {""denominator"": 1, ""numerator"": 1}, ""sir"": {""denominator"": 19, ""numerator"": 0}, ""srr"": {""denominator"": 4, ""numerator"": 0}, ""vacuous_improvement"": {""denominator"": 1, ""numerator"": 0}}"
403,53992,valueType,1,43,3,30,,"[74215, 29762, 98872, 0, 0, 0]","[0, 0, 0, 74195, 74214, 74215]",,0,0,0,0,"{""base_deletion_rate"": {""denominator"": 1, ""numerator"": 0}, ""deletes_base_action_rate"": {""denominator"": 1, ""numerator"": 0}, ""delta_local_satisfaction"": {""denominator"": 208, ""numerator"": 0}, ""disruption"": {""denominator"": 1, ""numerator"": 1}, ""eppf"": {""denominator"": 0, ""numerator"": 0}, ""local_satisfaction"": {""denominator"": 208, ""numerator"": 194}, ""pfr"": {""denominator"": 0, ""numerator"": 0}, ""sir"": {""denominator"": 14, ""numerator"": 0}, ""srr"": {""denominator"": 194, ""numerator"": 0}, ""vacuous_improvement"": {""denominator"": 1, ""numerator"": 0}}","{""base_deletion_rate"": {""denominator"": 1, ""numerator"": 1}, ""deletes_base_action_rate"": {""denominator"": 1, ""numerator"": 1}, ""delta_local_satisfaction"": {""denominator"": 208, ""numerator"": 0}, ""disruption"": {""denominator"": 1, ""numerator"": 1}, ""eppf"": {""denominator"": 0, ""numerator"": 0}, ""local_satisfaction"": {""denominator"": 242, ""numerator"": 228}, ""pfr"": {""denominator"": 0, ""numerator"": 0}, ""sir"": {""denominator"": 14, ""numerator"": 0}, ""srr"": {""denominator"": 194, ""numerator"": 0}, ""vacuous_improvement"": {""denominator"": 1, ""numerator"": 0}}",
405,52315,itemRequiresStatement,1,41,1,28,,"[74195, 31319, 98872, 0, 0, 0]","[0, 0, 0, 74195, 74214, 74215]",,0,0,0,0,"{""base_deletion_rate"": {""denominator"": 1, ""numerator"": 0}, ""deletes_base_action_rate"": {""denominator"": 1, ""numerator"": 0}, ""delta_local_satisfaction"": {""denominator"": 10, ""numerator"": 0}, ""disruption"": {""denominator"": 1, ""numerator"": 1}, ""eppf"": {""denominator"": 0, ""numerator"": 0}, ""local_satisfaction"": {""denominator"": 10, ""numerator"": 5}, ""pfr"": {""denominator"": 0, ""numerator"": 0}, ""sir"": {""denominator"": 5, ""numerator"": 0}, ""srr"": {""denominator"": 5, ""numerator"": 0}, ""vacuous_improvement"": {""denominator"": 1, ""numerator"": 0}}","{""base_deletion_rate"": {""denominator"": 1, ""numerator"": 1}, ""deletes_base_action_rate"": {""denominator"": 1, ""numerator"": 1}, ""delta_local_satisfaction"": {""denominator"": 10, ""numerator"": 0}, ""disruption"": {""denominator"": 1, ""numerator"": 1}, ""eppf"": {""denominator"": 0, ""numerator"": 0}, ""local_satisfaction"": {""denominator"": 12, ""numerator"": 7}, ""pfr"": {""denominator"": 0, ""numerator"": 0}, ""sir"": {""denominator"": 5, ""numerator"": 0}, ""srr"": {""denominator"": 5, ""numerator"": 0}, ""vacuous_improvement"": {""denominator"": 1, ""numerator"": 0}}",
408,51884,single,1,42,22,22,23,"[0, 0, 0, 74195, 74214, 74215]","[0, 0, 0, 74195, 74214, 74215]","[0, 0, 0, 74195, 74214, 74197]",1,1,0,1,"{""base_deletion_rate"": {""denominator"": 1, ""numerator"": 1}, ""deletes_base_action_rate"": {""denominator"": 1, ""numerator"": 1}, ""delta_local_satisfaction"": {""denominator"": 44, ""numerator"": 1}, ""disruption"": {""denominator"": 1, ""numerator"": 1}, ""eppf"": {""denominator"": 1, ""numerator"": 0}, ""local_satisfaction"": {""denominator"": 46, ""numerator"": 16}, ""pfr"": {""denominator"": 1, ""numerator"": 1}, ""sir"": {""denominator"": 30, ""numerator"": 0}, ""srr"": {""denominator"": 13, ""numerator"": 0}, ""vacuous_improvement"": {""denominator"": 1, ""numerator"": 1}}","{""base_deletion_rate"": {""denominator"": 1, ""numerator"": 1}, ""deletes_base_action_rate"": {""denominator"": 1, ""numerator"": 1}, ""delta_local_satisfaction"": {""denominator"": 44, ""numerator"": 1}, ""disruption"": {""denominator"": 1, ""numerator"": 1}, ""eppf"": {""denominator"": 1, ""numerator"": 0}, ""local_satisfaction"": {""denominator"": 46, ""numerator"": 16}, ""pfr"": {""denominator"": 1, ""numerator"": 1}, ""sir"": {""denominator"": 30, ""numerator"": 0}, ""srr"": {""denominator"": 13, ""numerator"": 0}, ""vacuous_improvement"": {""denominator"": 1, ""numerator"": 1}}","{""base_deletion_rate"": {""denominator"": 1, ""numerator"": 0}, ""deletes_base_action_rate"": {""denominator"": 1, ""numerator"": 0}, ""delta_local_satisfaction"": {""denominator"": 44, ""numerator"": 1}, ""disruption"": {""denominator"": 1, ""numerator"": 1}, ""eppf"": {""denominator"": 1, ""numerator"": 1}, ""local_satisfaction"": {""denominator"": 44, ""numerator"": 14}, ""pfr"": {""denominator"": 1, ""numerator"": 1}, ""sir"": {""denominator"": 30, ""numerator"": 0}, ""srr"": {""denominator"": 13, ""numerator"": 0}, ""vacuous_improvement"": {""denominator"": 1, ""numerator"": 0}}"
411,53442,conflictWith,1,42,22,22,24,"[0, 0, 0, 74195, 74214, 74215]","[0, 0, 0, 74195, 74214, 74215]","[0, 0, 0, 74195, 74196, 74215]",1,1,0,1,"{""base_deletion_rate"": {""denominator"": 1, ""numerator"": 1}, ""deletes_base_action_rate"": {""denominator"": 1, ""numerator"": 1}, ""delta_local_satisfaction"": {""denominator"": 129, ""numerator"": 3}, ""disruption"": {""denominator"": 1, ""numerator"": 1}, ""eppf"": {""denominator"": 1, ""numerator"": 0}, ""local_satisfaction"": {""denominator"": 164, ""numerator"": 83}, ""pfr"": {""denominator"": 1, ""numerator"": 1}, ""sir"": {""denominator"": 83, ""numerator"": 2}, ""srr"": {""denominator"": 45, ""numerator"": 0}, ""vacuous_improvement"": {""denominator"": 1, ""numerator"": 1}}","{""base_deletion_rate"": {""denominator"": 1, ""numerator"": 1}, ""deletes_base_action_rate"": {""denominator"": 1, ""numerator"": 1}, ""delta_local_satisfaction"": {""denominator"": 129, ""numerator"": 3}, ""disruption"": {""denominator"": 1, ""numerator"": 1}, ""eppf"": {""denominator"": 1, ""numerator"": 0}, ""local_satisfaction"": {""denominator"": 164, ""numerator"": 83}, ""pfr"": {""denominator"": 1, ""numerator"": 1}, ""sir"": {""denominator"": 83, ""numerator"": 2}, ""srr"": {""denominator"": 45, ""numerator"": 0}, ""vacuous_improvement"": {""denominator"": 1, ""numerator"": 1}}","{""base_deletion_rate"": {""denominator"": 1, ""numerator"": 0}, ""deletes_base_action_rate"": {""denominator"": 1, ""numerator"": 0}, ""delta_local_satisfaction"": {""denominator"": 129, ""numerator"": 3}, ""disruption"": {""denominator"": 1, ""numerator"": 1}, ""eppf"": {""denominator"": 1, ""numerator"": 1}, ""local_satisfaction"": {""denominator"": 130, ""numerator"": 49}, ""pfr"": {""denominator"": 1, ""numerator"": 1}, ""sir"": {""denominator"": 83, ""numerator"": 2}, ""srr"": {""denominator"": 45, ""numerator"": 0}, ""vacuous_improvement"": {""denominator"": 1, ""numerator"": 0}}"
413,55763,valueType,1,43,3,31,,"[74195, 29762, 98872, 0, 0, 0]","[0, 0, 0, 74195, 74214, 74215]",,0,0,0,0,"{""base_deletion_rate"": {""denominator"": 1, ""numerator"": 0}, ""deletes_base_action_rate"": {""denominator"": 1, ""numerator"": 0}, ""delta_local_satisfaction"": {""denominator"": 26, ""numerator"": 0}, ""disruption"": {""denominator"": 1, ""numerator"": 1}, ""eppf"": {""denominator"": 1, ""numerator"": 0}, ""local_satisfaction"": {""denominator"": 26, ""numerator"": 12}, ""pfr"": {""denominator"": 1, ""numerator"": 0}, ""sir"": {""denominator"": 13, ""numerator"": 0}, ""srr"": {""denominator"": 12, ""numerator"": 0}, ""vacuous_improvement"": {""denominator"": 1, ""numerator"": 0}}","{""base_deletion_rate"": {""denominator"": 1, ""numerator"": 1}, ""deletes_base_action_rate"": {""denominator"": 1, ""numerator"": 1}, ""delta_local_satisfaction"": {""denominator"": 26, ""numerator"": 1}, ""disruption"": {""denominator"": 1, ""numerator"": 1}, ""eppf"": {""denominator"": 1, ""numerator"": 0}, ""local_satisfaction"": {""denominator"": 27, ""numerator"": 14}, ""pfr"": {""denominator"": 1, ""numerator"": 1}, ""sir"": {""denominator"": 13, ""numerator"": 1}, ""srr"": {""denominator"": 12, ""numerator"": 1}, ""vacuous_improvement"": {""denominator"": 1, ""numerator"": 1}}",
414,60094,inverse,1,42,2,34,,"[74195, 29762, 30002, 0, 0, 0]","[0, 0, 0, 74195, 74214, 74215]",,0,0,0,0,"{""base_deletion_rate"": {""denominator"": 1, ""numerator"": 0}, ""deletes_base_action_rate"": {""denominator"": 1, ""numerator"": 0}, ""delta_local_satisfaction"": {""denominator"": 10, ""numerator"": 0}, ""disruption"": {""denominator"": 1, ""numerator"": 1}, ""eppf"": {""denominator"": 0, ""numerator"": 0}, ""local_satisfaction"": {""denominator"": 10, ""numerator"": 9}, ""pfr"": {""denominator"": 0, ""numerator"": 0}, ""sir"": {""denominator"": 1, ""numerator"": 0}, ""srr"": {""denominator"": 8, ""numerator"": 0}, ""vacuous_improvement"": {""denominator"": 1, ""numerator"": 0}}","{""base_deletion_rate"": {""denominator"": 1, ""numerator"": 1}, ""deletes_base_action_rate"": {""denominator"": 1, ""numerator"": 1}, ""delta_local_satisfaction"": {""denominator"": 10, ""numerator"": 1}, ""disruption"": {""denominator"": 1, ""numerator"": 1}, ""eppf"": {""denominator"": 0, ""numerator"": 0}, ""local_satisfaction"": {""denominator"": 13, ""numerator"": 13}, ""pfr"": {""denominator"": 0, ""numerator"": 0}, ""sir"": {""denominator"": 1, ""numerator"": 1}, ""srr"": {""denominator"": 8, ""numerator"": 0}, ""vacuous_improvement"": {""denominator"": 1, ""numerator"": 1}}",
416,52123,type,1,42,2,33,,"[74195, 29762, 98872, 0, 0, 0]","[0, 0, 0, 74195, 74214, 74215]",,0,0,0,0,"{""base_deletion_rate"": {""denominator"": 1, ""numerator"": 0}, ""deletes_base_action_rate"": {""denominator"": 1, ""numerator"": 0}, ""delta_local_satisfaction"": {""denominator"": 50, ""numerator"": 0}, ""disruption"": {""denominator"": 1, ""numerator"": 1}, ""eppf"": {""denominator"": 0, ""numerator"": 0}, ""local_satisfaction"": {""denominator"": 50, ""numerator"": 49}, ""pfr"": {""denominator"": 0, ""numerator"": 0}, ""sir"": {""denominator"": 1, ""numerator"": 0}, ""srr"": {""denominator"": 49, ""numerator"": 0}, ""vacuous_improvement"": {""denominator"": 1, ""numerator"": 0}}","{""base_deletion_rate"": {""denominator"": 1, ""numerator"": 1}, ""deletes_base_action_rate"": {""denominator"": 1, ""numerator"": 1}, ""delta_local_satisfaction"": {""denominator"": 50, ""numerator"": 1}, ""disruption"": {""denominator"": 1, ""numerator"": 1}, ""eppf"": {""denominator"": 0, ""numerator"": 0}, ""local_satisfaction"": {""denominator"": 62, ""numerator"": 62}, ""pfr"": {""denominator"": 0, ""numerator"": 0}, ""sir"": {""denominator"": 1, ""numerator"": 1}, ""srr"": {""denominator"": 49, ""numerator"": 0}, ""vacuous_improvement"": {""denominator"": 1, ""numerator"": 1}}",
